time stamp,face id,anger,contempt,disgust,fear,joy,sadness,surprise,sentimentality,confusion,neutral,engagement,valence,attention,inner brow raise,brow raise,brow furrow,eye widen,cheek raise,lid tighten,nose wrinkle,upper lip raise,dimpler,lip corner depressor,chin raise,lip pucker,lip stretch,lip press,mouth open,jaw drop,lip suck,eye closure,smile,smirk,blink,blink rate,pitch,yaw,roll,brightness,interocular distance,topleft_x,topleft_y,bottomright_x,bottomright_y,outer_right_eye_X,outer_right_eye_Y,outer_left_eye_X,outer_left_eye_Y,nose_top_X,nose_top_Y,chin_top_X,chin_top_Y
0.082,0,0.38,0.33,1.71,0.69,1.76,0.09,1.30,1.85,1.86,94.98,49.25,-0.08,92.22,2.9262083340901883,3.4924735941924157,4.1179233383527025,2.718730786405504,5.390485718771815,34.170384952332824,6.572802247572691,0.22841281590983264,7.021542269736528,2.46522957008332,0.4796178387477994,0,2.7313936692662537,4.2339010978396985,9.901664804052562,1.5494456336647273,0,3.4308709874749184,8.295623955819757,5.135006422875449,2.3038343160878867,,5.33,8.69,3.25,86.41,122.57,899.99,139.26,1014.99,269.26,959.99,167.26,1036.99,167.26,994.99,195.26,999.99,264.26
0.188,0,1.50,0.50,2.10,1.78,0.71,0.74,0.15,1.29,1.75,95.32,48.05,-7.72,87.76,2.6676308644050732,1.9529619320994245,1.1544909616699446,1.158652709303424,4.848520728410222,46.4407779504545,6.195770264137536,1.953752689342946,5.731320969993249,0.9728409579209982,3.211477192584425,0,5.968992202542722,1.4737853339966387,12.210413727294654,2.5769620039546863,2.145835774950683,4.573728572111577,5.022601756150834,3.1088373449165374,0.7568693656940013,,1.52,10.17,0.70,83.29,117.38,900.66,141.27,1015.66,271.27,960.66,169.27,1037.66,169.27,995.66,197.27,1000.66,266.27
0.283,0,0.99,0.95,1.98,0.52,1.27,1.65,1.14,1.91,1.63,95.00,42.84,-0.53,91.48,0.5486568349367009,5.130596021586098,5.334401204045862,3.6745625150296837,3.4241068405611443,44.62312216730788,2.5260481037665157,2.1114967045001687,4.2540680090896785,1.7251111456565562,3.6331712077371776,5.391149192117155,4.623197189066559,1.0292734025418757,8.247239015195518,0.44468328995164486,2.944545563776046,2.1004272690042853,6.074884687815793,1.3805900739971548,69.89665617793798,,2.18,6.21,1.39,84.12,120.22,900.55,140.44,1015.55,270.44,960.55,168.44,1037.55,168.44,995.55,196.44,1000.55,265.44
0.498,0,1.44,1.58,0.80,1.09,1.60,1.27,1.49,0.72,0.06,94.76,52.03,-1.07,87.88,3.5630720675643532,0,0.4949123137490825,3.5878003350272776,7.290622361153364,45.99689001683146,5.662852567736991,2.8135368809103967,3.3444338084664196,2.727607568912208,0,0.4326619440689683,1.9981088815256953,3.111366791287437,11.441123393382878,0.7526405231468378,4.995519262272865,5.64762508822605,5.004853857140988,5.329241884406656,1.984044030541554,,0.46,10.33,0.95,84.87,122.17,901.52,139.72,1016.52,269.72,961.52,167.72,1038.52,167.72,996.52,195.72,1001.52,264.72
0.609,0,0.06,0.82,1.10,0.91,1.78,0.78,1.27,1.06,2.01,93.34,42.81,-3.68,92.90,2.2028571538627153,1.4244950772728773,1.209332982907072,2.3258472023904324,7.248811540920287,19.760723910760134,1.8503329529426993,0,4.3399976142682135,1.3248256495781243,3.4466417259536684,5.264560058014467,1.5716962558217347,1.1873847365938128,5.690469538830221,2.4207842699531468,3.299197029788047,6.571107562165707,7.162667828015984,3.324549946235493,70.47940321592614,,0.51,10.14,3.08,84.04,120.61,901.84,139.36,1016.84,269.36,961.84,167.36,1038.84,167.36,996.84,195.36,1001.84,264.36
0.886,0,1.86,1.57,1.76,0.11,1.32,1.44,0.41,1.64,1.24,94.91,49.23,-5.80,92.10,2.63579891549889,2.9934317831648514,1.0755447126692164,2.41886737392284,8.238489331421443,37.50722939055413,5.256191878556274,5.703766305353493,3.6912012337706983,0,3.5016963751986623,4.514195076422766,4.745099899359047,0.2287037713546307,11.699717275891453,4.759750186302699,4.100416472647339,3.682430334854871,4.090850398945622,1.0172400195151567,3.8668949296697974,,3.29,8.35,0.65,84.47,122.42,901.64,140.06,1016.64,270.06,961.64,168.06,1038.64,168.06,996.64,196.06,1001.64,265.06
1.101,0,1.73,0.23,0.07,0.71,1.91,0.50,2.10,1.46,2.04,95.41,47.57,-7.97,96.26,1.9098390599805866,5.432496082223952,1.531765875690617,3.131206894721836,8.085499938414433,17.426852428819984,1.774547812482342,3.983964663334191,6.318465034477413,0,2.7208630749955773,4.324259399669245,0,3.518247264204547,11.63397556213662,1.8665936856716874,2.736955018248409,0,9.15531953123864,0.4594533173367381,4.597520518815145,,-0.97,9.57,0.97,85.04,117.00,899.67,140.21,1014.67,270.21,959.67,168.21,1036.67,168.21,994.67,196.21,999.67,265.21
1.276,0,1.05,1.48,0.27,2.13,1.09,0.14,0.91,1.68,2.09,95.28,46.37,-0.56,96.65,1.4973101198021324,3.842318639624864,4.486539401635527,1.3304262074641886,7.682373425732367,33.772416684776545,5.557393687637523,5.093077493160964,2.058941195020452,0,5.369832595344633,4.690823989221826,2.0727152097970247,4.317423309553415,11.504736912529916,2.459007467795163,0.9811160210520029,6.318993111141026,6.965213682190515,0,95.29562316369265,,-0.62,9.63,1.79,84.63,121.79,900.21,141.78,1015.21,271.78,960.21,169.78,1037.21,169.78,995.21,197.78,1000.21,266.78
1.495,0,1.25,1.07,0.67,0.83,0.54,1.57,0.00,0.96,1.73,95.78,43.78,-5.13,88.96,2.355531555553898,1.3875584359280766,1.7433391906740145,0.6837791294604543,5.879359296755865,26.549864786677063,4.215454274928197,2.7312993245385586,1.0995216539595276,3.968112272787839,3.6159269982017577,2.994972007814795,0,1.4831208920199423,5.92663662770763,0,3.851781499106437,0,5.179888879181817,0,3.69602221227251,,-0.72,4.77,1.91,84.61,122.63,900.21,140.91,1015.21,270.91,960.21,168.91,1037.21,168.91,995.21,196.91,1000.21,265.91
1.633,0,1.28,1.68,2.15,2.09,0.93,1.35,1.82,0.59,1.01,93.63,44.92,-0.06,93.87,0.9061110197426752,1.508382465294562,3.7745109839644284,3.124818804552779,6.132926275669597,47.879740798380226,6.2831611152971165,5.7388483632728455,4.919008657801896,2.629780790153891,6.427744572982192,2.469631883315742,5.693143422715366,0.2323135837540029,11.189147403892129,3.4468670406797903,1.1541843647137284,0.9081988953985274,6.7420865413406865,0,0.8893818848300725,,0.73,6.30,2.00,86.14,121.65,899.10,139.13,1014.10,269.13,959.10,167.13,1036.10,167.13,994.10,195.13,999.10,264.13
1.711,0,1.48,0.97,0.13,2.00,1.41,0.38,0.15,1.98,1.57,95.40,50.81,-3.49,87.49,0,2.1304602255346254,0.7225561464484782,4.692473008381203,7.757737588034943,9.346821438986808,0.8320342038292439,3.4293053359910846,3.7452066608238965,4.780162570811808,4.034644529689103,1.9820527790579945,3.6993941199034452,3.9981952257826925,12.289547120984643,0,1.2640733090229332,1.9047797345556319,6.919920267006383,0.18097348092123866,0,,-1.15,7.90,-1.12,83.70,122.52,898.87,138.06,1013.87,268.06,958.87,166.06,1035.87,166.06,993.87,194.06,998.87,263.06
1.994,0,2.04,0.16,1.38,1.38,1.57,0.18,2.17,2.09,0.78,94.81,49.51,-1.88,87.99,2.2479551845602694,5.212228005612269,0.6022222475009045,1.8199149651825435,7.957477817116305,37.94686633395031,4.732462824299001,2.670996941421181,2.480523249367252,2.185412134397775,5.315935495309532,4.065464520128444,1.344284682534635,3.185916887866333,8.301904143933207,2.426507762176916,1.9683566074818373,1.5268537178635597,8.148376712324097,0.030680131167173386,66.41324544558302,,-1.49,4.18,0.68,85.27,118.32,898.23,140.16,1013.23,270.16,958.23,168.16,1035.23,168.16,993.23,196.16,998.23,265.16
2.323,0,0.41,0.85,1.94,1.91,1.91,1.10,1.40,1.31,0.30,95.02,47.70,-5.53,90.03,2.7332460349984466,3.4213400015141815,1.7658486024662854,4.296391504574567,9.30840222062543,43.9504690063186,6.6174744290066885,2.180138014480472,6.138472698628902,0.933446270078421,0.06890530837699771,1.76814982178621,4.239055634010583,3.4985538466461,14.646840344462543,3.8335010324139147,4.5061625158414245,3.5651990859769285,8.408993015345185,0,1.6070001893676817,,0.60,9.04,2.58,83.30,119.04,898.37,141.28,1013.37,271.28,958.37,169.28,1035.37,169.28,993.37,197.28,998.37,266.28
2.524,0,1.40,1.67,2.04,0.39,1.97,0.46,0.27,0.41,1.67,92.97,45.77,-7.90,88.01,2.0330370658868926,1.116811524913646,1.4375452744821087,3.8966122575569897,7.778564016870223,33.66170801920816,1.4044293552404268,0.970744219571352,1.7721446589566767,2.1177745698578656,3.7668939689174294,0,5.232553913723677,3.9783448766823857,10.173413556776941,5.011171546014957,5.298507730476558,9.517305788118392,7.508308496815153,5.353351513389498,0,,-2.36,6.36,-1.76,85.01,121.98,899.19,138.68,1014.19,268.68,959.19,166.68,1036.19,166.68,994.19,194.68,999.19,263.68
2.816,0,0.55,0.19,1.19,0.67,0.74,0.27,0.19,2.10,2.02,93.43,41.11,-1.84,88.59,3.3965379162831235,2.6702619176125153,2.644209528956562,3.091679234756157,5.534602555963211,25.618893734179437,6.365104496781714,3.2819166720472275,2.597779340110719,3.5708601207472386,5.5304527846165,7.177086550742388,1.580760721117258,0.4836740674823523,13.63227863235399,0,1.0810300819575787,0,4.27724618118722,5.777390234172344,0,,-1.87,6.78,2.33,84.87,117.69,900.51,141.37,1015.51,271.37,960.51,169.37,1037.51,169.37,995.51,197.37,1000.51,266.37
3.144,0,1.30,1.74,1.70,1.60,1.51,0.16,1.93,1.83,2.12,93.97,43.38,-4.74,90.45,1.4242179737426341,3.223732750630006,5.098221034067683,5.894200138170272,5.760960343237967,40.41637457534671,4.060176105191931,4.506836805269122,3.330447629094124,3.9511264874972403,3.2221013330854475,3.835723884869367,1.692927713971585,3.093106150450185,7.78674687370658,2.079230724973604,1.742010221350938,5.905537390615791,3.555000624414533,1.4439012776128948,2.6872237084899098,,-5.30,9.31,1.85,86.29,117.91,900.15,141.62,1015.15,271.62,960.15,169.62,1037.15,169.62,995.15,197.62,1000.15,266.62
3.262,0,0.61,0.74,0.93,1.57,0.36,0.90,1.47,0.22,2.19,94.36,46.91,-5.34,91.39,3.8334470927203075,0,3.261300475965254,4.018849904956296,6.156938746562227,36.3905278891325,0.7456699132919313,4.920137199703603,5.976297882152721,0,4.894039526581764,6.6249286632519215,0.6796925878152251,4.317752513019368,9.884009959138929,3.67063350239303,3.3669455386698246,2.877541766036302,6.068486689245328,4.979853253811598,1.5511781468521804,,-2.80,5.08,-1.41,83.56,118.79,901.03,140.19,1016.03,270.19,961.03,168.19,1038.03,168.19,996.03,196.19,1001.03,265.19
3.419,0,1.32,0.58,1.32,1.41,1.64,1.59,0.19,0.55,1.38,95.80,45.26,-3.21,87.13,2.171169014312327,2.74696237440221,5.390954093504697,5.661465540993959,5.274986876854673,22.855177209712565,2.0114973501069473,4.216271417625249,0.8313402889762074,1.2682082944549622,6.756409377325326,0,5.316687544807792,0,12.437349451594056,3.713104117112234,1.0294822826981544,0.9589444496668875,5.370177431972698,3.8419317952357233,4.697828809730709,,-0.99,6.49,-1.34,83.71,117.34,898.77,138.25,1013.77,268.25,958.77,166.25,1035.77,166.25,993.77,194.25,998.77,263.25
3.606,0,0.96,1.54,1.06,1.72,1.25,2.05,0.29,0.10,0.72,93.20,48.21,-1.38,87.34,0.3479110230645164,0,0,1.879439369561151,3.0401530849980194,28.13009837595746,4.847163969487883,0.2753517300449313,5.20429563918151,1.2619243443943562,1.658044352196157,1.1758251904975623,1.866469387896359,0.2352978440746667,9.570257437136025,2.774345951410942,2.474402811843902,6.903813637327403,4.694875374040566,0.05053612822666764,4.6131625135894865,,-0.78,4.94,0.81,85.14,117.84,901.38,141.53,1016.38,271.53,961.38,169.53,1038.38,169.53,996.38,197.53,1001.38,266.53
3.717,0,2.05,1.75,0.35,0.38,1.75,1.97,0.09,1.71,0.10,94.94,54.38,-7.67,95.04,0,0,1.6075581109849737,1.3804761966597288,5.806340991044417,28.19306328613311,3.3614983561914413,0.6008660842478277,4.225361837306991,4.506783112660051,3.037614251486957,1.2462046789005399,6.9299671137705445,0.969090726142749,14.058677401859313,4.954184985603206,0.18900622567161918,5.256890221498907,4.011013098647818,0,0,,-3.67,9.37,-1.76,84.86,122.96,900.26,140.10,1015.26,270.10,960.26,168.10,1037.26,168.10,995.26,196.10,1000.26,265.10
3.964,0,1.87,1.60,1.29,0.78,2.13,0.05,0.20,2.09,2.05,94.65,43.31,-2.55,90.58,5.304817419303581,4.170826509408653,3.0261786592844873,3.985917090885341,8.054787000119687,49.72569471877068,1.3623676796443762,3.2778509873338044,1.315843203337863,0.7307191369682551,4.625764155294746,3.0423846528865397,4.255099933594465,3.459275925438851,8.393927127718925,2.1497897091135383,3.3068444966338575,3.069345263764262,3.956504399217666,5.06079221284017,4.737126464489847,,-2.61,2.67,-1.69,85.78,122.34,899.84,140.63,1014.84,270.63,959.84,168.63,1036.84,168.63,994.84,196.63,999.84,265.63
4.198,0,1.09,0.87,0.39,1.87,1.64,1.28,0.84,0.54,0.08,94.05,45.70,-3.66,92.11,4.021816599653103,0.6037446030648423,1.0274087983369826,1.6122104643378403,4.759947210312821,37.02894784277305,5.8552683980437,1.1799729840643702,3.1872154271695763,0,2.241272227372974,3.42794764530845,0,1.0907584271766244,6.348103861473501,1.7578577324701472,1.5480021159164608,4.032577753998339,7.181601035702043,0.9281189665198326,0,,-3.91,1.78,-2.27,85.12,118.62,898.37,140.80,1013.37,270.80,958.37,168.80,1035.37,168.80,993.37,196.80,998.37,265.80
4.473,0,0.13,0.93,1.61,1.46,2.05,1.62,0.93,0.82,0.55,95.01,48.50,-5.20,91.28,4.489061624715104,4.429386731842532,0.6976010319404304,3.4098303075507284,6.754962212042884,33.78456300729886,1.6894026920665057,1.2070418614335359,6.914979346562177,0.7794899263419213,2.209546208381653,3.1036941800266504,5.594655180349946,0,11.936462470814586,1.9127403021696954,3.3406084389425814,1.0556825120002031,7.005587724568322,5.568513004807755,0,,-6.97,4.35,-1.87,85.85,122.19,899.86,140.21,1014.86,270.21,959.86,168.21,1036.86,168.21,994.86,196.21,999.86,265.21
4.694,0,1.96,1.35,1.85,2.18,0.88,0.77,1.99,1.42,1.25,93.71,53.98,-4.72,92.94,0.3714992523100227,1.7724695857614279,4.087159802489914,2.5935775372013454,6.786173356408253,47.391840658616275,6.673416419466958,0.876269073728472,4.094675579108298,1.781444145385176,2.598766121082008,0,5.37870264519006,4.06236047600396,11.476770788058639,5.09314468242228,4.608110070694238,0,2.8713245811220256,1.513763838680461,1.1564019215293229,,-5.56,4.39,-2.65,83.25,121.72,899.49,139.40,1014.49,269.40,959.49,167.40,1036.49,167.40,994.49,195.40,999.49,264.40
5.000,0,0.79,1.69,1.00,2.16,1.65,2.20,0.78,0.31,0.87,93.99,49.85,-5.72,92.91,0.9865546447597442,0.14339877385646105,5.150325297778473,4.777768816631287,7.193381415866315,32.83272960782051,1.7720187589991836,1.92728719484061,0,5.397375494707376,2.7462107758037746,2.4715301780961454,2.0297021605074406,4.147214641645551,9.890378206130118,3.237486561015248,0,5.677917566150427,7.822634673118592,4.395734869176522,0,,-5.34,6.59,-1.79,85.95,117.05,900.09,139.16,1015.09,269.16,960.09,167.16,1037.09,167.16,995.09,195.16,1000.09,264.16
5.247,0,1.60,1.49,0.36,0.36,2.06,0.17,0.81,0.67,1.36,94.41,52.16,-5.30,90.39,5.345409884480759,3.3279863390140236,4.736106978426688,2.0163449372351168,8.495975732947699,41.53443193482235,0.7224715048214421,0.23716089176014066,0.9115097406320274,1.8865305721014738,0,1.6901152934879065,7.002943803090602,2.2510157959442587,9.047798063810916,1.5675247582048177,3.5164872193709016,5.559332613367587,9.238838873789646,0.5665057229343802,3.035346153192222,,-4.52,6.47,0.80,85.45,119.90,898.93,140.66,1013.93,270.66,958.93,168.66,1035.93,168.66,993.93,196.66,998.93,265.66
5.384,0,0.11,1.22,0.31,0.54,0.94,0.89,2.03,0.41,2.07,94.30,54.03,-4.45,96.12,3.8208529345365245,2.48804859847296,4.609961575865746,2.547014245064929,8.014395334357395,25.966164844110608,3.0852455791085958,0.27504664909094556,0,4.409628814589232,3.9781034742482007,4.629853778984398,0,0,9.641933589205145,3.1769791916897523,1.2680038819089532,1.7833041874691844,6.382703110659495,0.47959234029985964,0,,-7.56,4.23,-2.85,84.09,117.87,901.19,140.54,1016.19,270.54,961.19,168.54,1038.19,168.54,996.19,196.54,1001.19,265.54
5.504,0,2.02,1.10,1.24,1.98,1.68,0.78,0.87,0.05,0.32,94.97,50.89,-1.90,89.93,2.1032982001081106,3.406906994059682,1.4736468713032078,1.5144449819438162,3.8855304485512896,23.53468425385654,5.736018431885168,1.3166516971215607,0,1.4332984461635352,3.165644120424986,0.6204120812471956,2.2775984164327383,0.0663141293730587,9.829362318944186,2.2150675288401542,0,3.360166182741523,8.143779966556467,2.7963986438699067,0,,-6.41,5.54,-3.95,86.96,122.55,901.39,140.37,1016.39,270.37,961.39,168.37,1038.39,168.37,996.39,196.37,1001.39,265.37
5.648,0,2.16,2.16,0.78,1.53,0.33,0.01,1.35,1.80,1.55,94.48,45.64,-1.29,95.28,3.4175497587537396,4.658793925237842,3.9042451970651753,4.8198827226366845,6.879617571178824,39.85550792189315,3.282381325471215,4.342582879569381,3.081100783776492,3.5783836724609137,1.0695591839030385,1.120452297385782,4.018133106641471,0,11.877044989112765,4.919116561072879,4.514454442542046,3.7168122278526425,4.8719702391885225,2.369117663009092,0,,-3.95,2.23,-1.41,83.96,117.02,898.11,138.03,1013.11,268.03,958.11,166.03,1035.11,166.03,993.11,194.03,998.11,263.03
5.792,0,0.58,1.34,1.83,0.99,1.17,0.77,2.07,0.74,0.23,93.96,50.41,-0.77,95.06,1.912928255465813,4.802397016319446,4.620900585115887,4.795426142578945,4.305343132913112,40.95855862693861,3.7583039524033666,3.8888390459120274,0,0,2.699976274743676,0,5.834968751762062,4.494236879656091,12.040698687545955,3.9007756077917293,5.750233898870647,8.02830101409927,8.478350985106081,5.5038978215307,1.588737849611789,,-6.93,2.86,0.41,86.99,122.99,900.93,139.93,1015.93,269.93,960.93,167.93,1037.93,167.93,995.93,195.93,1000.93,264.93
5.926,0,1.92,0.18,0.37,0.92,0.33,0.62,1.54,0.97,0.85,93.31,43.33,-2.30,88.53,4.035198173238896,1.7954195489408447,4.65723224864807,3.6473932680767027,7.6547800615383315,27.400091988034546,5.839363631326705,2.504092013463378,4.2847558674402535,3.536802150402218,1.160795520991087,5.667142193997279,0,0.22713895640335968,14.252055313680321,3.3171658787829803,0,6.818051614332944,5.318282493636944,3.138325242791325,2.4691205006092787,,-3.53,2.49,-4.37,85.45,117.06,899.64,138.52,1014.64,268.52,959.64,166.52,1036.64,166.52,994.64,194.52,999.64,263.52
6.021,0,0.26,1.94,0.98,1.40,1.38,1.12,0.16,1.54,2.08,95.42,45.45,-1.57,89.88,1.0201837884215639,2.089885941543616,2.556167726754211,0.27869407941587276,7.438567585968412,39.241299260407686,3.4428294805344195,1.1186798545718193,3.444452923722565,5.132573517840356,0,0,1.422825941350311,2.3460560817923395,8.129319038484246,1.3969726308202373,0,3.055429035797715,5.568791480115615,0,0,,-6.56,4.69,-4.11,85.06,118.63,898.38,141.45,1013.38,271.45,958.38,169.45,1035.38,169.45,993.38,197.45,998.38,266.45
6.200,0,0.78,0.92,0.18,1.40,0.86,1.10,1.84,1.43,2.04,93.00,50.89,-0.01,88.45,1.1158983364701274,2.414643908245489,1.7089237500960008,3.65711670735851,3.070346363950521,11.738677492365241,1.1687544715823606,0.9158194049261512,2.6684308499097824,2.3810474867746234,0.24210791336372495,5.291624079924077,4.714252470061183,1.7865730088483542,17.32588524462655,0.4192875037994237,2.7682169140316546,8.179238999728113,5.982960864137858,4.134121774928644,0,,-4.82,5.03,0.20,85.02,120.51,900.15,138.21,1015.15,268.21,960.15,166.21,1037.15,166.21,995.15,194.21,1000.15,263.21
6.529,0,0.97,1.05,1.54,1.10,2.04,0.05,2.12,2.04,0.70,93.55,46.62,-3.16,91.27,3.2520145751861853,3.36443052359391,5.443114700629376,1.0009754850249735,5.722706817109138,41.18197556817904,3.2623241492779926,0.4054591977223754,2.6737868022173643,4.374908864889294,1.7647966328077018,1.5096755030099303,0,0,13.481065482646226,0.2083786180941387,4.521117148920894,8.53712206427008,5.865005000717939,1.1947533239144832,0.3240987758617848,,-8.76,3.43,-3.74,83.63,121.19,900.32,139.85,1015.32,269.85,960.32,167.85,1037.32,167.85,995.32,195.85,1000.32,264.85
6.645,0,1.12,0.30,0.63,0.47,0.23,1.55,0.68,1.14,1.50,94.63,53.54,-5.41,88.65,3.623680199109949,4.859321228484623,0.47931374138221194,3.0878886042814706,2.2305406742962077,35.241572631988674,3.4783987906528635,3.5222917009703814,5.02128138160333,5.380613291207701,1.1690864637494087,6.4804515389259905,3.2709004590287805,0,16.530495717674494,2.419622896485962,0.4013991109095514,4.743113309144974,5.097454777802341,1.6087305641267449,2.6828140227589756,,-8.04,0.58,-2.88,83.64,118.50,898.89,141.61,1013.89,271.61,958.89,169.61,1035.89,169.61,993.89,197.61,998.89,266.61
6.970,0,1.39,0.48,1.21,1.76,1.61,2.06,1.45,2.06,1.98,94.85,50.86,-7.05,96.10,5.343926646094769,3.9338741368614136,4.417637335699983,3.3875494517013434,8.247297383993864,23.587488740682602,1.315802742750384,1.1369823608733713,4.272704051109031,5.484504578318447,4.212748935911804,4.942707383539528,5.087230196222663,0,11.85350864080712,2.9905464495159686,2.119531260803342,3.042648538015783,5.087438420318067,0.90609564143233,3.288648126879707,,-8.15,0.57,-3.40,86.87,121.10,901.42,140.89,1016.42,270.89,961.42,168.89,1038.42,168.89,996.42,196.89,1001.42,265.89
7.169,0,0.81,0.29,1.76,2.12,0.92,1.39,1.92,0.86,0.63,95.08,49.92,-1.11,94.61,2.660287929531187,3.975234317034483,5.382258696327917,3.356075789164752,3.319922505356371,28.78228608937934,3.342899027443491,0.6200473140366376,4.887917053187266,0,3.0516319130547345,5.206264391774312,6.004351967945695,2.3493309059273453,7.166474994942547,4.603012006767094,0.847829757258296,4.645297909621149,6.894329650122672,0,4.219028446124867,,-7.92,1.07,-5.14,83.78,121.95,898.21,140.75,1013.21,270.75,958.21,168.75,1035.21,168.75,993.21,196.75,998.21,265.75
7.378,0,1.77,2.12,0.61,0.39,1.67,2.05,0.09,0.38,1.75,93.19,45.21,-5.23,95.35,0,3.873634117981419,6.5586775100557135,5.1684833472222085,4.826736943605356,44.736837377306074,5.261444281041622,3.5232661953754723,4.133858046960086,4.358997098617255,3.605581332463771,0.7931597218848765,4.376271385699511,2.613488630177453,6.990330364070832,2.0004443648364396,4.896769728045911,6.573045568075031,7.56178468527738,2.050184511812404,0,,-4.09,-4.07,-5.17,84.00,117.32,899.11,138.73,1014.11,268.73,959.11,166.73,1036.11,166.73,994.11,194.73,999.11,263.73
7.637,0,0.60,1.87,1.01,0.20,2.08,1.88,1.62,1.63,0.82,92.94,54.52,-3.96,61.96,4.335525555973873,2.1423705734312533,2.166694788634777,3.122696124855429,4.602729335576296,15.007365414407104,5.988053828268312,3.1224573490396144,0,0.1940236879698931,2.738696375861764,1.4747229893691838,4.026221620850265,2.0501252334192395,9.610644584950059,1.5319309450872245,0,4.078916904516518,8.507107814699411,4.566447927383706,0,,-3.55,0.11,-0.62,86.60,121.34,901.36,139.05,1016.36,269.05,961.36,167.05,1038.36,167.05,996.36,195.05,1001.36,264.05
7.846,0,0.56,0.64,1.93,2.19,0.28,0.17,1.98,2.19,0.73,93.87,49.30,-3.58,90.14,1.3497609075624495,5.299439334310591,4.181555906846189,2.373086796589196,5.310194311165251,34.676946848630905,6.738678277074359,3.8106823729909958,2.5837965132668614,2.939166396856308,1.2037825682200491,2.5194848217070103,6.607002933975309,1.8002747924160212,9.846641828399152,3.3680934181436895,2.902812189888209,2.4722229270264506,6.527005793484859,3.3380306034814566,0.05685250670649111,,-6.72,-3.90,-2.76,84.49,118.20,901.15,141.94,1016.15,271.94,961.15,169.94,1038.15,169.94,996.15,197.94,1001.15,266.94
8.045,0,0.20,0.97,0.42,1.68,1.98,8.35,1.55,1.06,0.54,89.88,45.24,-8.51,88.73,0.8478290477534758,1.89697444641497,1.9574688383750618,2.9152393000107257,7.451257874313741,41.3884474565275,2.8352387484628707,0,2.714637376368046,7.5671194382725036,0,2.744688689010218,0,1.8110419543087484,9.548641470298172,0,0,2.9466606648638844,9.195387571789325,0,2.5997949158772826,,-7.17,-1.44,-2.75,84.85,121.47,899.03,140.02,1014.03,270.02,959.03,168.02,1036.03,168.02,994.03,196.02,999.03,265.02
8.234,0,1.19,0.92,1.48,1.30,0.23,27.86,0.05,1.66,1.13,70.08,57.77,-26.84,96.02,2.141634644516744,4.009379836102016,2.70328543477226,4.884272019499913,7.453247468746267,19.07040411559865,5.903113126149401,0.24795924190431862,3.647603814024478,14.293285556680512,0.7051191302016377,1.2403329613152891,7.673751203343272,4.126593483826145,9.88116291841492,0.13838083128910528,1.6762793771922588,2.765059637837112,7.165716837537475,0,3.009278079494834,,-3.13,-5.85,-3.31,85.26,119.38,900.53,139.57,1015.53,269.57,960.53,167.57,1037.53,167.57,995.53,195.57,1000.53,264.57
8.349,0,1.22,1.03,1.33,0.35,1.11,38.36,1.22,1.03,2.01,62.79,64.92,-35.23,93.47,4.049897072399036,2.043832113035023,2.409787949230522,1.4515043636970222,7.42573333112523,17.223945875652134,2.503791915718466,0.45745914513245234,0.923904470866546,16.79706168536817,5.459898489061743,2.821699025342241,1.1697557209990919,2.6972710103727877,10.707046975381672,0.961414732504636,4.188074205070734,3.9573781290091574,8.082313493825495,2.346372705651447,1.834063331829384,,-5.00,-2.48,-3.94,84.39,122.79,901.84,139.93,1016.84,269.93,961.84,167.93,1038.84,167.93,996.84,195.93,1001.84,264.93
8.676,0,1.01,0.05,2.19,0.00,1.34,71.67,1.79,1.74,0.07,32.45,83.49,-64.33,94.08,2.6609299442265186,3.0994480330497027,5.282483010315336,2.452561162170023,5.743919032169506,47.44250326231122,3.8195993703091515,3.164341578036547,4.611575671937317,28.481057580976696,5.473909470252693,6.332129817688838,1.1077115843072534,1.3675039390008896,14.27592501381412,0,3.931625012308359,5.91234942432493,7.777083083400503,1.6873945707920939,0,,-7.38,-4.52,-1.34,84.48,118.35,901.53,141.52,1016.53,271.52,961.53,169.52,1038.53,169.52,996.53,197.52,1001.53,266.52
8.818,0,1.40,1.99,0.15,1.71,0.40,86.10,1.70,1.25,1.54,18.04,89.61,-75.19,96.12,2.1048925655707715,0.47646683678030977,4.916797941718251,3.3872143389470875,7.489725295118988,22.71643408294767,1.6203676311066375,0,0,36.34440983774754,2.8049492239952087,4.414323540404439,3.6155396662652493,4.902959687579424,17.09871029995382,0,0.6683479407802224,4.110674787312746,5.644671684764326,5.101754329400137,2.524677455658093,,-5.52,-1.89,-5.81,84.81,120.24,899.44,138.86,1014.44,268.86,959.44,166.86,1036.44,166.86,994.44,194.86,999.44,263.86
8.968,0,2.03,1.31,0.72,1.77,1.55,83.52,1.45,0.97,2.09,20.06,83.11,-71.44,95.55,0.5930067567992956,0.5933906492311509,3.169244273700752,2.3530854255892337,9.023019164744765,36.797958340495825,1.1523315171012656,2.9042396079935133,5.3746280441991985,33.29068466281381,6.634985642507672,2.984641671879217,5.73768335301429,3.473575519742444,12.914443219024689,3.170080208526924,4.1144316722638905,3.6045527230016887,4.1287162101641295,2.4792034158017486,0,,-2.89,-7.19,-1.24,85.45,117.87,900.67,140.35,1015.67,270.35,960.67,168.35,1037.67,168.35,995.67,196.35,1000.67,265.35
9.293,0,0.76,0.01,1.41,0.68,1.39,53.51,0.19,1.22,1.90,46.55,66.58,-43.94,91.31,2.5874016515584666,2.7317802083445715,5.444854162745178,0,7.944133875248954,23.764927142765373,4.488354027713649,3.87182739160955,0,23.021172860085052,2.9975686739198864,1.0692621085327119,2.589043472427875,4.139698021244257,12.230764759089798,3.579447342087515,3.3869462590664625,2.0097449896857142,4.159438587697223,0,3.7948498351033777,,-3.37,-7.16,-3.06,83.20,120.15,900.51,140.29,1015.51,270.29,960.51,168.29,1037.51,168.29,995.51,196.29,1000.51,265.29
9.568,0,1.67,1.83,1.45,0.56,0.97,15.64,0.78,1.53,1.86,81.28,56.81,-14.38,92.89,1.168710398315452,3.9076390894362705,2.1223120334977286,2.660444379327819,3.492332899631001,28.19866625033319,6.691151670692489,1.2769508658349515,4.987880122847855,11.031612634657822,1.0681662862189114,3.8303811559453607,3.530506655573845,3.8854834904987365,15.314088414553552,1.7265823626471684,0,3.7306637577712536,3.3194630587054412,1.724876121385023,3.938830231782049,,-3.25,-7.67,-4.67,86.18,119.92,900.96,140.91,1015.96,270.91,960.96,168.91,1037.96,168.91,995.96,196.91,1000.96,265.91
9.718,0,0.81,0.56,0.14,0.40,0.93,8.72,1.20,1.04,1.21,89.37,55.97,-8.99,95.45,2.6795708230324093,4.081273938948288,1.8035142799420285,2.7092998723313215,8.09088913619984,50.83518352918327,2.345810373639688,0,2.6806362268980592,5.024144743289911,7.598052706103772,3.376714564161375,0.33862897055223584,4.210918481694534,10.803197438791393,4.755352247012779,5.328579757828265,4.716726196929812,6.51991997751873,0.3822358027100563,0.734914154978469,,-1.69,-7.33,-2.76,83.68,120.10,898.26,139.72,1013.26,269.72,958.26,167.72,1035.26,167.72,993.26,195.72,998.26,264.72
9.884,0,0.80,0.40,2.10,1.88,0.00,1.76,1.70,1.67,1.39,92.99,41.10,-3.11,91.18,5.323747996636666,4.344089623936452,4.084614523700438,1.9045426324289294,4.210927760107443,47.867248396389186,2.1091120987664906,2.0699362667836247,4.512571984669194,3.812341967429966,0,5.6525024231523275,2.0490845320746303,1.4186992326658219,9.960196358654649,0.11553341257851546,1.45454904390499,2.963753290474415,4.345009355051443,5.724225854501128,0.8773939269594848,,-6.00,-7.39,-3.52,83.77,117.87,901.88,139.53,1016.88,269.53,961.88,167.53,1038.88,167.53,996.88,195.53,1001.88,264.53
10.151,0,1.96,0.11,1.35,0.56,1.28,0.93,1.67,0.37,0.38,95.05,46.27,-6.19,88.92,0.20884642322547764,1.782972440402955,0.9629641011916101,2.4563810847699643,4.776843631425873,45.6819208660163,2.518572274595499,3.7590936944819986,3.1335834246128798,4.216177765354514,3.9291474279016256,1.9526565079577267,7.017319024074823,4.197112881820649,7.755896565355361,4.851491905171424,2.9098430704325438,6.820018752012402,7.359506926955655,0,1.355282271746546,,-4.10,-6.61,-4.24,85.02,119.31,898.02,138.91,1013.02,268.91,958.02,166.91,1035.02,166.91,993.02,194.91,998.02,263.91
10.428,0,0.23,0.48,0.90,1.32,2.06,1.51,0.76,1.17,1.35,94.63,51.54,-6.43,90.23,0.2539276230754335,2.3768999819410963,4.373064326695166,5.2208846766222266,5.025782928681001,18.767480853013694,1.8148104717722164,1.8740194571577011,4.146447944454849,5.248229882940651,3.590976767241955,3.648864876711741,7.209973119199276,4.746859483411535,12.114709512759,1.2786967492150145,4.836984501685947,3.4829774568788707,9.809966560164467,3.9819167708046734,2.0229152888059616,,-5.59,-6.50,-2.51,85.49,119.48,900.28,139.39,1015.28,269.39,960.28,167.39,1037.28,167.39,995.28,195.39,1000.28,264.39
10.728,0,0.63,1.90,0.96,0.77,1.14,0.26,1.84,1.59,0.73,94.01,45.24,-0.50,92.12,0.6470964094717058,4.52737532411702,0.09047927647363396,3.18028093630448,5.509368217536249,46.59369381144643,3.8201735158450902,0,0,1.6101807630062104,3.6107770786620677,1.1984668700024486,6.837792967446148,0,11.554814815018325,3.635710025178269,4.46964986436069,6.354265198111534,6.569694772078655,5.229831243632361,0.4815220416057855,,-3.96,-9.45,-5.73,83.42,118.25,900.77,141.74,1015.77,271.74,960.77,169.74,1037.77,169.74,995.77,197.74,1000.77,266.74
10.802,0,0.56,1.69,0.23,0.59,1.42,1.26,0.25,2.00,1.28,95.59,43.30,-1.47,93.89,4.434144098926335,0,1.2910369337210432,2.1739164404198528,3.571073835059069,21.68082432029769,3.2195925516774877,1.929774087369442,0,0.41926664268597946,4.732284343801439,1.9381259938236326,4.172186003532261,3.6662763332482426,12.797917022760958,4.535252181291581,0,0,6.143864117250778,3.507547279819846,0,,-1.33,-9.28,-1.76,85.38,117.69,900.73,141.60,1015.73,271.60,960.73,169.60,1037.73,169.60,995.73,197.60,1000.73,266.60
11.058,0,1.08,0.09,1.67,1.73,1.65,1.11,1.83,0.09,1.69,93.96,45.26,-3.83,87.22,2.9022969602420927,4.815824898891151,3.544996386310086,3.7092272348143163,8.524308583051898,20.883327485527843,4.222062627831474,1.646166812386364,4.4965826398693025,0.1866228953376412,2.0292204776778817,1.9118638117797673,6.2046686271205544,0.5680233060009776,14.502230185084045,2.414213334210217,2.4133859099820256,2.742977596819401,6.09677805475425,7.223752367775887,1.42037273501046,,0.27,-5.32,-6.05,84.34,120.04,899.52,138.58,1014.52,268.58,959.52,166.58,1036.52,166.58,994.52,194.58,999.52,263.58
11.121,0,0.47,1.68,0.28,0.87,1.80,2.19,1.07,1.26,0.81,94.80,54.51,-6.57,93.59,0.6913447383977473,3.8947643148712814,0.3380520469415935,0.21432324400171643,6.789784739664755,26.356611361261457,0.7218535360414533,4.790855145230889,2.0676804785616696,5.72291824573651,5.690054228994995,3.1554892968852073,1.066430482082069,4.314458279237151,13.106991146784276,2.1505216734483836,4.004851236473769,5.1369396462105215,5.052101277601905,4.152458322234452,5.036719424882904,,-4.00,-5.87,-6.41,86.92,120.85,900.76,140.43,1015.76,270.43,960.76,168.43,1037.76,168.43,995.76,196.43,1000.76,265.43
11.384,0,0.80,0.79,0.93,0.80,1.87,0.95,0.43,1.62,0.49,95.62,42.75,-7.59,92.26,0.6041393804131077,0,2.7815174736315385,1.1689264838863167,4.913109237365425,31.760699212085456,5.400310128415003,3.758905597086996,2.5646990351378918,0.5599737251363694,4.033683999907225,0,5.099103385582566,0,6.754040563944727,0.06500464316923171,0.8873944752849638,0.7877039792947471,4.728559561055153,2.4276526842731982,73.61703725438565,,0.74,-5.50,-5.76,84.11,122.75,898.51,140.71,1013.51,270.71,958.51,168.71,1035.51,168.71,993.51,196.71,998.51,265.71
11.502,0,0.20,1.30,0.97,0.33,1.84,0.62,0.92,1.57,1.36,93.14,49.24,-3.50,89.33,4.591908903205767,0.9242896688170732,0.1586820365255699,2.4306958037242294,6.510664866873995,36.68746246257797,3.3859262305311857,4.848354282565415,5.019862131681293,0.5343290000781415,6.605924213770777,0.3350592718925327,3.639404264744371,1.6065182839427141,5.813504638075829,3.5731252026185394,3.6356165697798133,2.423271968960762,8.415006234841421,5.251025762641802,4.025336547056213,,-1.25,-6.89,-4.06,85.07,122.34,900.95,141.28,1015.95,271.28,960.95,169.28,1037.95,169.28,995.95,197.28,1000.95,266.28
11.566,0,1.33,0.57,1.02,0.05,0.31,1.27,1.07,0.63,0.37,93.72,46.77,-0.76,89.14,1.42170552263502,3.2061359892832115,2.496291229133494,0.5006538645271212,5.646408941620029,10.387550421059132,5.88100848486647,2.291501144319773,2.8504670646507293,2.674849057216197,5.665525952819735,1.8266350734047592,5.81211840827018,1.5682478555012493,11.19758365964517,2.455579152400605,4.308759031351656,4.153629504144192,5.712856532703154,0,2.1330562974326313,,-3.51,-7.25,-4.86,85.62,118.13,898.99,142.00,1013.99,272.00,958.99,170.00,1035.99,170.00,993.99,198.00,998.99,267.00
11.773,0,0.30,1.52,0.37,0.33,2.08,1.89,1.96,1.57,1.19,94.24,54.58,-5.13,96.18,3.243229175321758,2.022663982352242,4.125991213712842,2.622207842953503,4.167299302811735,14.5262929671444,2.9288423624355344,0.2662862960807981,2.7392957978881896,3.4398924688063564,4.426233679521829,2.7172164153307676,4.199430531822145,2.5716387329250576,4.806194219738245,5.314817263977602,2.501259312964976,6.546343275345862,7.118330567874946,0,4.298299374058843,,-0.19,-5.97,-6.44,85.04,121.13,901.60,140.16,1016.60,270.16,961.60,168.16,1038.60,168.16,996.60,196.16,1001.60,265.16
11.871,0,1.68,0.75,1.23,0.83,0.69,1.72,0.34,1.73,0.32,93.76,54.73,-3.20,90.36,0.181833295575343,1.7346696118591352,1.0589430610602721,0,8.241306253769434,43.34204915724695,0.9614032245241106,1.0093526691384613,3.5335181783884764,0.5094795533828438,1.7470872066915035,0.6986170781310648,0,0,8.625975461639463,1.6289404084393753,1.6800395548343658,0,7.715242550387047,3.2827202696353197,3.3869784506969154,,0.18,-10.38,-2.99,85.85,119.73,902.00,140.12,1017.00,270.12,962.00,168.12,1039.00,168.12,997.00,196.12,1002.00,265.12
11.980,0,0.02,1.10,0.36,0.75,1.52,0.66,0.82,0.80,0.98,95.42,41.59,-6.84,96.58,0,4.770390442339703,1.381363270333968,3.6912169699929653,5.306969707910903,34.725929860025644,0.6986748701194303,0,0,3.9719140155240895,7.639521294739097,7.054677020991221,2.6088721035048366,1.357168418383226,9.103057909198105,1.640040932269767,1.8111102161929011,5.698911266867071,5.9268567752046515,2.8404997647739947,4.3914435328915715,,1.64,-6.09,-3.45,85.34,121.08,898.94,140.46,1013.94,270.46,958.94,168.46,1035.94,168.46,993.94,196.46,998.94,265.46
12.180,0,0.43,0.03,2.03,2.04,0.54,0.32,1.63,1.31,2.12,95.10,49.44,-7.16,91.43,5.851721156793646,1.7359411805169658,3.6786580453766513,5.108505583880469,7.8352583431778475,23.284206952434033,2.335002825292759,1.2867681756988167,1.9078301545232534,4.467748030424119,0.4335899921134114,4.354351746151224,4.9904465661384165,3.3320479119662196,7.008413546551019,1.8907977301767094,6.110872680786997,9.198214618023485,4.477134445314296,2.247909002006054,2.267183180199936,,1.08,-8.82,-1.74,84.49,119.22,899.15,141.47,1014.15,271.47,959.15,169.47,1036.15,169.47,994.15,197.47,999.15,266.47
12.418,0,1.79,1.88,0.40,1.62,0.08,1.57,0.98,0.68,1.27,95.29,50.01,-1.90,92.09,3.9922887993697076,4.396437855437398,2.8148733146162703,1.2891092624329028,3.349818028160371,41.397206224966794,4.900110592553392,4.207893733549863,0.8705723809543997,3.338139631152153,1.935647499281913,6.662783003645018,4.747940101660788,2.545245945872739,12.130154078174382,2.515855310112238,6.296451000031084,5.854560419451445,4.5721508980495855,4.003030512947589,4.401009305845946,,3.19,-10.04,-4.75,85.22,119.50,898.67,141.63,1013.67,271.63,958.67,169.63,1035.67,169.63,993.67,197.63,998.67,266.63
12.534,0,0.66,2.14,0.70,0.26,1.60,0.11,0.50,0.47,0.30,93.52,42.79,-6.44,93.63,0.4968903289362787,0.08081950875930488,3.5466922205081213,3.9267933531291783,7.299928673724644,23.92506094649434,2.5313505788799375,1.5750937195494772,0.45737336785532534,2.904509642831981,1.7890304485335946,0,1.3224085690453649,0.588565854327753,9.610344254039228,1.1855136411730198,0.602874071802944,6.216902412474155,6.861254414045252,5.633086597546935,3.290984567720443,,3.30,-6.12,-3.34,86.93,119.32,900.31,138.95,1015.31,268.95,960.31,166.95,1037.31,166.95,995.31,194.95,1000.31,263.95
12.739,0,0.80,0.30,1.89,0.13,1.00,1.06,1.86,1.54,1.59,94.35,46.21,-5.27,93.78,2.1030243732780223,4.0335028694011275,2.033758655670099,4.384118617735803,5.557347057005391,35.2592740226537,1.458922491618432,3.502613936904818,2.2236599132884294,0.16372078511863952,6.1331911333836615,4.316230445168912,6.275625390931964,4.074670158075168,4.325088439676911,0,2.1567619144916534,1.475846580695361,8.092427736921236,1.4549379800446332,0,,0.33,-9.95,-4.52,83.46,121.70,898.60,139.78,1013.60,269.78,958.60,167.78,1035.60,167.78,993.60,195.78,998.60,264.78
13.044,0,1.70,1.53,1.64,1.42,0.07,1.73,0.03,0.44,1.59,95.41,47.57,-3.46,88.51,2.738017603671178,0.4065898341592402,4.458658753652125,2.983696420621127,5.491820219405927,22.395854473579675,0.9506598941050468,3.081965117957443,1.9160606872756034,4.704162969272584,5.398966621141881,1.675092127174139,3.0703497701324522,2.294110835902393,7.828099694773556,2.4139213839452713,3.985644983127713,0.4907927801832557,5.613988217855804,2.827021170873195,0,,4.18,-8.28,-4.48,84.85,121.54,898.80,140.35,1013.80,270.35,958.80,168.35,1035.80,168.35,993.80,196.35,998.80,265.35
13.219,0,1.32,0.34,0.12,1.29,1.77,1.60,1.11,0.06,0.03,93.83,41.03,-5.38,72.07,1.0692549185128883,0.4840775078861044,5.38159275191836,2.953997338274494,4.091212934902869,28.13342035235837,0.47776137667242446,3.1095291158370673,0,4.533509898278862,2.429063603281975,6.069026465527713,3.380992834456265,1.6416741078160704,12.566482834164052,5.217179316529073,0.7015317054465413,0.26455625239759684,4.135181385804899,1.1933388295583427,2.8183376665692776,,2.02,-9.16,-5.65,84.16,119.39,901.95,141.37,1016.95,271.37,961.95,169.37,1038.95,169.37,996.95,197.37,1001.95,266.37
13.360,0,2.00,2.00,2.00,1.36,1.70,0.65,1.74,0.45,0.81,94.77,47.26,-2.42,88.07,4.0197531908378,4.679925110656768,1.7706846003839747,4.304781010858715,9.134566405238584,50.811922614462674,5.23172765923664,1.5372327406890691,4.916129649616778,2.2503621757216754,3.1226705526933074,1.2091318094171584,3.6585799623280764,4.238607193781063,6.7064659100025885,5.328771586157382,3.774085631594062,6.362113640177995,6.46731322879903,0.4342141509987414,0.07601763121783733,,2.45,-8.25,-3.83,86.30,121.15,900.55,141.70,1015.55,271.70,960.55,169.70,1037.55,169.70,995.55,197.70,1000.55,266.70
13.610,0,0.50,1.96,0.61,0.95,0.13,0.92,0.72,1.57,0.34,94.00,54.97,-5.86,91.09,4.859807247910648,1.6821878544520588,2.559440381396562,3.347568182274699,4.726294838231988,38.2457707002759,2.4067537584574894,2.6361134851537646,0.6776984862517565,2.5487554334662854,4.344070248305798,0.32169588771648705,6.728928117547184,5.06507842939347,6.877934803087264,0,0.7776459767483175,0.005845516454428434,3.784443343295716,2.815957953222096,1.6978782748337835,,0.94,-7.04,-2.97,83.71,118.24,899.09,139.38,1014.09,269.38,959.09,167.38,1036.09,167.38,994.09,195.38,999.09,264.38
13.676,0,1.15,1.70,1.79,0.96,0.94,0.05,1.60,1.18,1.95,94.16,45.70,-7.82,94.49,2.013851398108527,5.599148001149297,4.394063353370875,1.515057101268321,5.458834859621711,34.27820817567408,6.352750451979228,1.9008863798156383,0,4.972235437557101,3.339166084304452,6.800802813377231,2.9248285149224102,2.5184522450715305,10.003853430859746,4.347196109741926,0,4.617080315947533,3.3004987630015243,0,86.43131547095254,,4.79,-5.35,-5.84,83.66,117.46,898.20,139.00,1013.20,269.00,958.20,167.00,1035.20,167.00,993.20,195.00,998.20,264.00
13.802,0,0.20,0.62,2.02,1.46,1.68,1.01,1.06,1.07,0.46,94.76,43.54,-2.38,87.64,0.018113109297118957,3.518109621643089,2.096929174750112,2.0605611462984235,7.705077477572486,27.421229138504714,1.5761621175566685,4.954503696337342,5.3603657966014,1.3374505362287166,0,2.192941467044875,5.360343004111201,0.1877778518851847,8.472807688396424,0.6992508706683291,0.9856901182793081,9.07281927159056,6.986382038993761,3.3233202437404543,3.164279854623601,,3.80,-4.84,-4.93,84.48,119.47,901.05,140.45,1016.05,270.45,961.05,168.45,1038.05,168.45,996.05,196.45,1001.05,265.45
13.951,0,0.11,1.24,0.65,0.75,1.56,0.41,1.01,0.71,1.55,93.41,47.14,-5.63,89.23,5.3313355900533494,1.9662360184825958,0.5692574384715412,3.2763662062212826,8.642515884633177,52.05171414325014,2.3193589623784647,0.8854015452973547,0,0.23930068625137224,0,2.4703461369499564,4.279462799895555,4.45352342730388,13.893851914741099,3.4449657525308433,4.043720632325858,0.8947495864704251,3.520474459608085,3.244128711754456,0,,1.86,-8.29,-1.80,85.06,118.85,901.04,140.36,1016.04,270.36,961.04,168.36,1038.04,168.36,996.04,196.36,1001.04,265.36
14.291,0,1.18,1.53,0.03,2.16,1.83,2.09,2.14,2.09,1.56,93.41,42.17,-2.04,96.56,4.739450206495821,4.710145417694003,5.464752007406205,4.144085355941206,9.238028745884076,24.984979975037277,1.047704821685329,0.5306967329233885,3.0161076590884477,4.15886929417029,5.04072789195925,1.557589485310018,4.094014712143689,1.1407690660282972,10.999790711402893,1.744482340812683,0.9293206757865846,7.0509584322571754,6.105138036413118,5.19630929059349,1.0423487748485059,,1.68,-5.81,-4.18,84.09,120.33,900.16,140.68,1015.16,270.68,960.16,168.68,1037.16,168.68,995.16,196.68,1000.16,265.68
14.364,0,1.38,0.66,0.94,2.10,1.03,0.47,1.31,1.32,2.01,93.96,52.23,-6.43,88.22,0,0.6485758521361276,1.5246225497080013,2.193628504713997,4.844714588662609,39.24734335858375,3.1554625232471154,1.4628184838406741,3.554475765908137,0.7804923629947007,0,3.631978126009926,2.6476742983795702,0,5.251942335702479,4.879144989592023,1.2353959819301963,0,6.761983175789937,2.344667501980439,2.780235780403018,,4.38,-4.28,-4.62,84.87,117.23,898.03,138.19,1013.03,268.19,958.03,166.19,1035.03,166.19,993.03,194.19,998.03,263.19
14.667,0,1.52,1.07,0.43,0.01,0.15,0.05,0.22,0.03,2.00,94.94,43.27,-7.99,96.89,2.817689453889616,1.5541986539727075,1.8348142780642958,0,3.1530866162665188,32.307239355985075,0.7739096464822071,2.1017409663088618,2.349048049421981,4.864026822671294,0.8788132695481181,0.36689387704245746,1.9480354520492256,0.6196610984578728,8.27677586382255,2.219108763751574,0,1.452291480731219,3.341990430802107,5.905100444331765,0.6829637219198048,,6.75,-7.42,-1.69,85.46,121.66,898.24,138.66,1013.24,268.66,958.24,166.66,1035.24,166.66,993.24,194.66,998.24,263.66
14.999,0,0.97,1.98,0.10,2.11,1.26,0.84,0.77,1.77,1.76,94.98,47.39,-6.53,90.28,1.4833096112962814,2.9424442927818744,1.893373141568154,4.503010884467512,7.492536530303769,31.426533564459532,0.4086305515142157,2.6806380150653424,0,1.6494547008536755,3.564959781244397,4.098953147884458,2.2106626010499895,3.1533582796156407,10.690917558092625,2.368881827844307,3.5819735950790346,7.107341940049082,6.712642625295557,3.6303957488853484,0,,6.75,-4.44,-4.70,85.27,120.15,898.33,140.75,1013.33,270.75,958.33,168.75,1035.33,168.75,993.33,196.75,998.33,265.75
15.316,0,0.85,0.20,1.72,1.63,0.31,0.00,2.17,1.00,0.47,94.02,51.19,-2.42,93.49,1.232707224343903,3.5308711708290503,0.5692231040401388,3.20066876408644,5.03596597224474,23.30494692036882,6.586001569684595,0.19399248197674757,4.319491753587499,3.000080168917775,4.139233903493732,0,3.4144127927720547,3.545075902314857,8.958547193855047,0.4227780037233604,3.015044243540615,5.19235928915441,5.948972445148975,1.33098278590478,1.017669509863481,,7.13,-5.49,-4.72,83.01,117.48,900.78,138.91,1015.78,268.91,960.78,166.91,1037.78,166.91,995.78,194.91,1000.78,263.91
15.557,0,1.79,0.98,0.29,0.13,1.09,1.42,2.00,0.73,1.33,95.47,46.00,-5.54,88.77,2.35530219391454,2.28375976018142,6.025393411084078,3.670888576572761,4.3719631407735875,41.11053439974785,5.861739968904294,2.6785831956379114,3.40695311431773,2.656586971208453,2.625411009415984,0,0,1.0973838996607812,8.699461712576449,3.3485681518772616,1.9271978866308928,3.087245324626565,5.072980390810407,4.4521886287257075,0,,4.74,-8.52,-2.08,83.61,121.31,901.92,138.20,1016.92,268.20,961.92,166.20,1038.92,166.20,996.92,194.20,1001.92,263.20
15.636,0,2.04,2.14,1.16,2.15,2.16,1.23,0.87,1.98,0.42,94.19,50.32,-2.98,89.06,0.7216756807407361,5.2071484323823825,5.640001507429407,2.953762877127156,8.532753154183737,21.361254461109638,5.24470899484586,1.641929065603763,1.5804122288245708,1.2924062702432275,2.3530381894670427,4.104864321416244,4.980343071743846,2.3908657841570675,17.296760807372628,1.6159290360054,5.640395567752421,2.942702252417803,9.540664988853969,5.700635836459696,3.4620630335994065,,2.96,-6.66,-1.77,85.44,117.37,901.69,140.56,1016.69,270.56,961.69,168.56,1038.69,168.56,996.69,196.56,1001.69,265.56
15.804,0,0.97,0.31,1.55,0.08,0.07,0.83,0.69,1.02,1.60,95.73,50.94,-5.34,95.18,0.9578465841105208,2.6681784169515597,0.6251258573122325,2.6954737824294717,5.20875305628404,40.18836197024211,5.019214162533172,0.8989990010298792,5.110171773238108,1.7313206928595903,5.830821123439819,6.87094078399241,1.9625494913198054,2.329100152105093,16.024461512397973,4.746285705086775,2.054112530313432,4.6952765309251845,2.9591531427949667,0,1.0775191029533744,,6.72,-4.82,-3.60,85.46,121.86,901.48,138.94,1016.48,268.94,961.48,166.94,1038.48,166.94,996.48,194.94,1001.48,263.94
16.110,0,0.25,0.41,0.01,1.48,1.42,1.93,0.17,0.53,2.11,94.51,53.17,-3.60,94.53,1.466303301923908,3.522583732032217,0.18214105275925263,0.6470001976098869,5.8054040381591765,51.76469530025497,2.707130304304883,0.4108936023898422,6.184483726974577,5.08273087663576,1.0721905301325023,1.047841972205788,5.968418704345822,0.969202388720587,11.336665890738368,3.0666551772272213,3.9821361149661243,2.8628432527184486,7.092180729033426,0,0.80210335040465,,3.57,-5.74,-4.61,85.86,121.45,901.61,141.82,1016.61,271.82,961.61,169.82,1038.61,169.82,996.61,197.82,1001.61,266.82
16.198,0,0.58,1.51,1.99,0.50,1.89,0.66,1.28,1.18,0.16,93.99,48.72,-2.49,95.37,4.24793701947201,4.205671563907527,0.5250747204665092,2.1587829467561095,4.733473281180486,31.21328216791153,3.30071740495041,3.984486678726971,2.922849443508312,3.668685562610626,3.1938961995765567,2.525500041199848,5.315295000560582,0.44506836857646714,7.3439798037894075,3.9626187474513426,2.6546747921966016,2.1541274185292423,7.285385112026706,0.5573618619237095,4.038301676977426,,6.55,-5.07,-1.67,83.97,120.15,898.46,139.86,1013.46,269.86,958.46,167.86,1035.46,167.86,993.46,195.86,998.46,264.86
16.455,0,1.60,2.12,0.77,0.08,0.43,0.03,0.60,0.57,1.49,95.14,50.52,-3.42,95.46,1.48125205994118,3.760093865846284,1.7960529788676651,0,7.946010407609865,24.109855400864035,5.122733091865666,4.859134647939355,0.08212915481999516,0.3686941398680208,2.684031563345343,3.54501565778628,5.815808694809675,5.16451793499291,16.636353514939547,4.282885886034928,0.8391570998355746,0.7718099043704569,4.3501930798683315,6.664234066614881,2.695767947472632,,3.31,-3.98,-1.34,85.00,122.00,899.13,138.19,1014.13,268.19,959.13,166.19,1036.13,166.19,994.13,194.19,999.13,263.19
16.695,0,1.64,1.88,0.96,0.77,1.13,1.01,0.38,1.35,2.06,95.64,50.69,-7.65,96.22,5.475776055627502,0.051539041963406085,6.334269451871514,3.574108041236177,8.282763587273656,17.34335583820939,4.647346568596549,1.9295874669775368,0,1.6759136530011896,6.411137994378805,3.2912263276521116,2.8660269607789814,1.1726480838656426,15.829501016568393,3.4287716831592845,0.7305592708289623,3.8362957225181162,5.082409583516419,2.9452329436317086,3.882065126672387,,5.18,-4.76,-4.10,86.33,121.72,901.47,139.02,1016.47,269.02,961.47,167.02,1038.47,167.02,996.47,195.02,1001.47,264.02
16.840,0,0.16,0.18,1.32,0.74,0.02,1.39,1.18,0.19,0.97,95.64,51.97,-0.91,94.19,3.528208076287992,1.7881860350025818,3.3718614590773357,4.908906432082876,2.4314783284394075,26.119631118606776,3.484768583322875,3.7391580102033912,2.2519867543596774,4.599138297103345,6.083127016201615,3.6738237098325044,0,0.6338652070518584,2.655714697018266,2.556613079481758,1.0688136257231236,3.0151387280784547,3.8392321503395213,1.3037524411920458,1.6684060029219836,,6.25,-2.94,-1.11,85.30,120.07,898.04,139.94,1013.04,269.94,958.04,167.94,1035.04,167.94,993.04,195.94,998.04,264.94
16.911,0,2.11,0.48,0.62,1.56,0.35,0.85,1.60,0.38,1.04,93.22,47.37,-1.09,90.39,0.14238757100421928,5.623871712596156,5.693440621728078,6.4599549116287385,4.672273582699709,9.58107642782852,3.0571833840571343,5.168066781554371,0.05214962759055197,4.130223739147186,1.2487172246910632,4.289373622974381,8.000862803310156,2.7199811583943667,5.208389213960618,0.22788375827949503,1.0266327927820385,0.7803926439955831,7.686666119941511,7.43313626293093,4.816756369778886,,6.49,-4.16,0.12,85.90,120.80,900.47,141.28,1015.47,271.28,960.47,169.28,1037.47,169.28,995.47,197.28,1000.47,266.28
17.210,0,2.03,1.07,0.13,0.14,1.98,0.63,1.68,0.69,1.03,93.43,47.70,-3.45,95.70,0.5862175832828509,4.599946404038929,4.896658356287516,2.567225161539391,5.920296035935171,24.061214168556035,2.6915687396423893,2.0081775609776376,3.38386847008951,5.152938018832356,3.1661735423840582,5.979842193657532,2.0281450781039894,3.4962296654749663,5.845678599309176,2.0259977968456226,2.8466659765690565,1.884358137845993,4.626789915203117,4.667692163260654,1.1227904395200312,,8.62,-1.94,-3.12,83.41,121.40,900.99,141.24,1015.99,271.24,960.99,169.24,1037.99,169.24,995.99,197.24,1000.99,266.24
17.340,0,1.84,2.06,1.72,1.32,0.73,1.02,0.24,0.23,1.34,94.02,45.07,-6.09,94.03,2.485688393530436,0,0.6408180870208886,4.800967322392389,8.135562774264255,33.569142239168286,1.7433567004511135,2.78808945691213,3.9208833375014365,2.255002792365849,5.457201177254319,0.27878374978899956,0.8243118189275265,4.580623960383237,10.410402481425553,0.6457970212073998,0,4.091620857827365,5.794261641739868,5.293513175100088,0.9079344843048602,,7.10,-1.43,-3.26,86.08,120.51,898.05,139.64,1013.05,269.64,958.05,167.64,1035.05,167.64,993.05,195.64,998.05,264.64
17.561,0,0.70,0.19,0.38,2.17,0.77,1.86,0.71,0.41,2.09,95.36,46.78,-0.99,88.85,2.74919171450194,0,0.5978384117037061,5.811437991159037,3.2346043975185603,45.273118167649955,1.1831415690016,4.014952937588095,3.9803620711900294,5.477293259929866,0.37239341950044036,5.578598998021334,6.313345634378493,4.262016459647566,7.845411566998809,1.267338546444662,0.4444799111224711,3.594263816718012,3.5666787175182257,3.413604111643508,1.2545166278723627,,6.60,-4.17,-2.00,85.94,118.79,900.44,138.07,1015.44,268.07,960.44,166.07,1037.44,166.07,995.44,194.07,1000.44,263.07
17.767,0,0.69,0.01,1.81,0.69,0.14,0.26,1.02,2.08,0.76,94.69,46.66,-0.63,91.75,1.901605128864758,4.347578407474794,4.227779227164574,4.56741327748634,4.057823736397549,15.28348192665726,5.707273034215905,5.357232365906238,2.6464050181675702,1.5184165173955262,5.297454913146794,2.9109632910694927,4.182182578369975,2.84423937571235,7.856748218815774,2.7425021195178854,0.9815306109376252,5.510884310118854,7.797435293467715,0.603013968328014,0,,5.29,-2.76,-3.26,83.08,118.02,899.00,138.88,1014.00,268.88,959.00,166.88,1036.00,166.88,994.00,194.88,999.00,263.88
17.904,0,0.87,2.12,2.03,0.88,0.13,1.98,0.16,0.29,1.17,93.46,46.63,-4.13,87.33,5.199886449859477,1.2136750481324272,0.29647921940311805,3.553456324795261,7.044612995851785,19.80211767135188,5.589654564298689,0.015073104407638205,2.0786485369317234,3.4140552426874637,2.314609602559358,6.829745948314667,6.880653684027493,2.7688709259591997,6.1937074793875215,0.994084974802099,1.2203096360899508,0.5527529823593795,4.890580383110791,2.526571961119771,92.74569086916745,,8.22,-1.29,-1.83,83.08,117.50,899.94,138.10,1014.94,268.10,959.94,166.10,1036.94,166.10,994.94,194.10,999.94,263.10
18.213,0,0.27,2.16,0.44,1.64,0.50,0.50,1.01,1.02,0.94,93.61,43.56,-7.17,87.19,3.384696964137256,4.266287866747007,1.4287636866513642,5.418891214728355,4.468825179436244,44.582502932753414,5.339913271786645,1.0883040551654997,0,1.8269032807648182,4.375355394557118,1.8442850457504392,1.0844128830358386,3.7991081802360713,4.180249269120395,1.509473724057898,4.239109850954264,8.115123168565333,6.023261390659027,1.7401195880956948,5.080216265050694,,7.05,-3.64,1.51,84.26,122.51,900.49,139.61,1015.49,269.61,960.49,167.61,1037.49,167.61,995.49,195.61,1000.49,264.61
18.308,0,0.57,2.14,2.08,0.35,2.04,3.31,0.18,2.06,1.84,91.90,43.40,-6.89,87.50,0,2.6381354406941684,1.010300012668595,4.3114830790832634,7.445040886723437,14.554767553694546,2.838523602089845,4.957559831421822,1.635915954131633,2.2624324424042417,3.269463798031211,3.09550234884955,2.550270084757358,4.53487252002582,11.71331161674112,0.4973344181943684,2.406018968205899,1.1402501077391207,7.664344034581445,0,0.07040509907528758,,5.38,-2.88,-1.92,86.60,121.43,898.64,139.77,1013.64,269.77,958.64,167.77,1035.64,167.77,993.64,195.77,998.64,264.77
18.524,0,0.91,1.09,0.91,0.97,0.26,20.47,0.24,0.15,0.31,76.26,53.77,-21.67,95.52,4.353990462617949,2.8015085828956217,4.939050660626963,2.5782717910036443,5.1922537358244885,39.99920960934833,6.228377777663991,5.10546653944999,5.949398345081136,13.175545435378679,4.878979860339314,4.157558351289481,2.7534714401699603,0.5294176081568001,7.8271654744632535,3.2711054038722067,1.8790599810890853,2.924247473012656,2.93361742219422,2.635403263149783,3.343981593148783,,5.02,-1.41,2.17,86.62,121.84,898.23,140.47,1013.23,270.47,958.23,168.47,1035.23,168.47,993.23,196.47,998.23,265.47
18.691,0,0.46,0.23,1.22,1.53,0.99,33.59,0.66,1.92,0.29,66.48,58.82,-33.92,91.20,1.2763623766042294,2.136211018357426,1.723644849117845,2.581719987783581,7.8709856714354824,44.419667951297015,5.418900459026918,0.7547556064650416,1.0440746946260333,15.419987091680026,1.7664189683273435,1.8567417697049677,6.792588160838932,4.510036342442035,9.444682943206281,1.1326042732968928,0.5362326828762889,1.9331712210550904,7.604840116738342,0,0,,7.14,-1.70,-2.14,86.09,121.48,901.44,139.89,1016.44,269.89,961.44,167.89,1038.44,167.89,996.44,195.89,1001.44,264.89
18.847,0,2.01,0.73,1.54,1.53,0.85,53.04,1.69,2.15,1.09,49.37,75.83,-48.38,92.45,5.072375046052039,0.16723340470343828,4.669114904915914,4.182649159841239,3.693822970078327,11.876369162462652,0.9085072977468371,1.0242410321719948,1.0379173210822046,22.73444386443506,0.5113263577222824,0,0,2.60436034148559,10.769780908245593,3.5116456542164087,2.503558533731848,5.792272497434169,7.994754272024148,0,3.4123197889421135,,4.38,-0.64,-1.12,83.26,122.96,898.00,141.84,1013.00,271.84,958.00,169.84,1035.00,169.84,993.00,197.84,998.00,266.84
19.096,0,0.24,0.70,0.55,1.62,0.71,60.93,0.32,0.54,1.17,42.41,69.51,-52.16,93.05,3.816961738560349,0.6786735471338035,0.7492865711404013,0.2900447057001294,3.872854214920662,9.3873011325486,3.899383989791386,0,7.164663490140811,26.0690688556557,0,3.604389027925208,6.676077221520245,0,9.919437068626284,0,1.6495842798613012,5.905337552074343,3.3656247164169324,0,2.9814084281679243,,6.99,1.36,-1.07,83.93,118.97,899.91,138.44,1014.91,268.44,959.91,166.44,1036.91,166.44,994.91,194.44,999.91,263.44
19.208,0,2.11,1.37,1.01,2.13,2.13,52.17,1.50,1.52,0.72,48.60,73.54,-46.63,88.10,2.750425609294325,0,1.9177162399003285,4.046871075350792,9.325159449819475,27.066324624232948,4.5276953193359075,2.6567504139244558,2.9235791550017893,23.07720946766404,5.025332028977573,0,0,4.569888400109485,5.273123540095984,1.8870925862248988,5.16188727458939,4.976770984940231,8.566728116832675,0.7446521031670272,1.7712869946844876,,6.95,-3.80,2.25,85.26,122.25,899.91,139.27,1014.91,269.27,959.91,167.27,1036.91,167.27,994.91,195.27,999.91,264.27
19.425,0,1.30,1.30,0.15,2.09,1.13,27.04,0.26,0.33,1.55,71.65,55.61,-22.70,80.89,3.3286499653710053,1.6933936903486027,2.2885933588352056,0.0236494521331041,6.858778814845718,46.861994336824864,1.023867865675129,3.4925191004760565,5.094917880371213,11.951146826192712,0.5173491365276277,2.360856896964833,0,3.1916795899532735,2.3590472603775563,4.61579613964539,3.905131470412016,0,7.1077183458535,0,0,,4.04,0.86,-0.15,83.19,120.37,898.82,139.70,1013.82,269.70,958.82,167.70,1035.82,167.70,993.82,195.70,998.82,264.70
19.686,0,0.43,0.62,0.96,1.02,1.57,3.36,0.41,0.67,0.11,91.53,52.04,-7.88,92.21,2.7173894347995518,5.046011649258435,0,4.014513339474798,4.365665854625404,40.95057697221637,1.950038358103484,4.210657863877714,3.1019416868221015,6.293059412023457,0,3.927405800903216,0.555493357591331,2.8017934314813466,11.038576307389885,0,2.669436190277338,1.351821355521679,6.042391837239266,6.971917206188664,1.9963814655784518,,6.49,1.22,-0.23,84.09,118.02,901.55,141.73,1016.55,271.73,961.55,169.73,1038.55,169.73,996.55,197.73,1001.55,266.73
20.007,0,1.94,0.79,0.27,0.36,1.20,0.56,1.75,0.12,0.72,93.13,53.42,-5.42,92.26,0.5415886080544441,0.9862000531982629,0.3799756126245484,1.4129452734626828,5.768777043009177,32.91345470165834,4.620684558223002,0,0.27865038719028234,2.845632612127811,4.109711136203259,0.7021442160475999,1.6242528213188052,3.099345086673275,6.161090558730066,3.9857655319105834,0.9203339773230255,1.281055897474289,3.2355621137376875,7.422546574380249,1.5784778280649334,,4.02,3.40,2.67,83.64,119.88,900.02,141.46,1015.02,271.46,960.02,169.46,1037.02,169.46,995.02,197.46,1000.02,266.46
20.321,0,1.85,1.62,0.87,1.81,0.49,1.55,0.17,0.18,0.50,94.22,42.73,-6.34,88.64,2.5117492705071345,1.9114307193784041,3.948497536010109,5.754304256243632,2.496686874460429,19.58459570026025,4.0450552750378845,3.7356487076357006,5.655441851587966,0,2.6495539247989655,2.3820084009785205,6.097659023478627,5.050905975149945,12.57536705393344,2.2230943793850018,5.869251906871796,3.1575746070593596,6.111065217740834,6.2233009352348745,0,,5.37,-1.46,-0.92,84.66,117.91,898.36,138.16,1013.36,268.16,958.36,166.16,1035.36,166.16,993.36,194.16,998.36,263.16
20.384,0,0.92,1.10,0.56,0.93,0.87,0.44,2.00,0.70,2.05,93.71,44.14,-5.30,92.88,1.870964855081402,2.1195850171847272,0.9824806357501075,4.676161305094138,6.955196936670691,41.87483809283003,3.032364550093189,2.4759267649985848,4.090695851482451,1.3041908821463584,1.3833313789218664,2.2077582767233253,2.937213894445449,0.6352233437169343,9.8410920561105,1.1461370703624563,1.661555350292474,4.542016556020826,5.342462732195854,3.6717027109116316,4.034107490675524,,2.68,1.18,3.25,83.12,122.89,900.62,139.72,1015.62,269.72,960.62,167.72,1037.62,167.72,995.62,195.72,1000.62,264.72
20.460,0,0.84,1.77,1.67,0.56,0.63,0.19,0.46,1.23,1.56,93.11,47.74,-0.11,87.27,3.579891491830349,3.3494556829333306,5.089729148931801,2.260161215253174,2.85191081349738,46.99174355017021,6.419010019465349,4.373958230167627,0.11012930190190673,3.539591646566987,8.271433794870973,4.241395125864074,1.0335306669585407,0.11672105053439719,10.499313862547279,0,4.875649716705084,5.139837940689176,3.0475035058241335,2.0271776793524623,0.06623740587383509,,3.17,1.06,-0.30,83.10,119.60,899.87,138.36,1014.87,268.36,959.87,166.36,1036.87,166.36,994.87,194.36,999.87,263.36
20.668,0,0.55,1.38,0.99,1.57,1.93,0.92,0.38,0.78,1.91,95.17,52.96,-3.00,89.99,0,2.7841521588386966,3.892336499853991,3.650900097778067,7.1365650822455065,32.39050039462745,1.94870461684186,1.4108462059684097,2.7015940891578794,0.10131434025242925,0,0,2.5444629988633096,0,8.489676179978996,1.0704326992807909,0,4.899124827701598,8.910690497080797,3.248876155121252,2.790499418741092,,5.59,0.02,2.34,83.03,118.20,899.18,139.42,1014.18,269.42,959.18,167.42,1036.18,167.42,994.18,195.42,999.18,264.42
20.775,0,0.48,0.14,1.43,0.03,0.51,1.28,1.69,2.01,1.41,93.45,53.87,-3.50,95.87,3.3191524461004884,2.28429943844676,2.677705733990297,2.7393790388666095,2.86993932871148,45.592201590072364,2.501944245281629,3.4367876499705017,6.107176612364128,3.423666371293366,2.5682775476016104,3.677857579663396,5.717875235248357,0,8.858225237745792,0.36848419789224884,0.8020817781798542,4.070052195806056,4.067998360339552,0.4675128117669374,0,,1.49,3.71,3.15,85.07,119.85,901.35,141.75,1016.35,271.75,961.35,169.75,1038.35,169.75,996.35,197.75,1001.35,266.75
20.956,0,1.77,0.70,1.80,1.94,0.72,1.81,1.77,0.30,0.43,93.13,41.39,-2.09,96.77,0.30994760828092716,4.476886063348502,3.261384898442775,2.910405380558223,6.227487721429206,23.231518258806318,1.9284312286181375,0.7579945404082538,5.637825495097786,5.596933936215937,1.3167003532871604,2.3407239075750113,0,1.5775785362906753,7.839867288433015,3.7127775870263577,5.967234649695456,3.3626725268550217,4.129533883384429,0,2.2498781494796276,,2.08,2.12,3.49,86.25,117.97,900.77,140.90,1015.77,270.90,960.77,168.90,1037.77,168.90,995.77,196.90,1000.77,265.90
21.286,0,0.53,1.20,0.38,1.57,1.67,1.01,1.27,0.04,1.93,93.41,42.22,-5.78,89.23,1.6083306640712545,1.949693385255523,5.328749608318322,5.9979657345172015,8.33446971902158,20.420909295789897,3.830025830399245,2.0072704521752893,1.7360618028324097,5.293149258606136,3.100157770793885,5.849187058862299,2.153603055048734,4.248127661710605,8.366706046909094,0,0.8463798388838768,3.059004303533584,4.8756905521499,6.7671822311822325,0,,4.24,4.88,0.94,84.34,121.64,900.30,141.25,1015.30,271.25,960.30,169.25,1037.30,169.25,995.30,197.25,1000.30,266.25
21.484,0,2.19,0.10,0.07,1.92,0.70,1.60,0.51,0.43,0.57,93.18,50.00,-6.91,88.93,2.6875035168835897,3.587731374497525,1.953743747281842,3.8784445374179635,5.3416784341866155,45.301944693084806,1.6480959615670145,2.29944538410753,5.995684921974316,3.9308940721303225,5.852264083921909,0,3.5023298752494156,0.9442836677003652,5.507104159295559,0,0,1.6248784880153835,3.434441963317804,2.7623669444583356,0.23157585505396128,,1.58,1.92,2.83,84.04,122.57,899.10,140.44,1014.10,270.44,959.10,168.44,1036.10,168.44,994.10,196.44,999.10,265.44
21.713,0,0.31,0.05,2.13,1.69,0.18,0.60,1.71,1.24,1.13,93.81,42.78,-7.17,96.05,3.581916670911014,1.227408950822428,4.6724697015946735,2.2706646747700874,4.384186368403025,13.288338762242347,5.71709972678218,2.0378780039027333,0.5086380098946393,4.063525157384575,5.371333148796111,3.0214292651508003,7.6665280046872795,3.6647796646971256,4.344510133769363,0,1.9543296243064106,4.101420592050999,5.97942960025277,0.6943772346712649,3.4856345301959664,,0.32,2.91,2.62,83.42,119.65,898.51,140.85,1013.51,270.85,958.51,168.85,1035.51,168.85,993.51,196.85,998.51,265.85
21.786,0,0.59,1.64,1.74,1.22,0.92,2.02,1.68,2.09,2.07,95.20,45.07,-2.53,96.38,3.9620950728235766,0.9034893193049358,4.621997845848091,4.074050737088546,6.911909478614107,39.95489492826164,1.641126240696758,0.3464652179554104,4.7486851087305695,1.5055910561047496,0,0.897689568111673,4.4717872040346265,4.306705378936604,10.182676100302487,2.554613450639881,0.7122152806259692,2.6129686790518463,3.605335699329153,3.1739752718713135,5.457565801218152,,-1.15,1.40,2.13,86.51,118.50,900.00,138.95,1015.00,268.95,960.00,166.95,1037.00,166.95,995.00,194.95,1000.00,263.95
21.924,0,1.62,0.81,1.94,1.52,0.43,0.41,0.12,1.54,1.10,94.96,47.66,-1.95,95.70,1.9697690566256645,2.0765404424164444,5.398857618928887,2.9822155652940276,7.254466491616331,31.101547841913998,6.196985187125392,1.52726899208501,0,2.1402552704885602,2.85587657103315,3.4629313389305025,3.924865046516061,5.237967182463035,7.400665427278727,4.769395741773769,2.085454317741096,7.679381277412176,5.403694007438608,3.0446855779737234,1.333235667552799,,3.65,3.35,3.88,85.05,121.47,899.64,139.75,1014.64,269.75,959.64,167.75,1036.64,167.75,994.64,195.75,999.64,264.75
22.169,0,1.46,0.96,1.11,1.96,1.35,1.47,1.93,1.21,1.75,95.04,52.58,-1.25,91.87,5.259935014145449,1.421315437601879,2.9748406390706075,6.298649708069861,7.784921082183718,37.07991969073191,4.332614900986664,1.6454348111338915,3.733359357342124,0.19570414679124948,1.2719141277484596,0,4.260428791400045,2.5157397885713726,6.313439672030508,2.620932010812685,1.7640350353904068,0.12183436471968889,5.056077805589885,3.877391241490841,3.9515187749639153,,1.08,8.13,4.82,85.21,118.98,900.56,141.36,1015.56,271.36,960.56,169.36,1037.56,169.36,995.56,197.36,1000.56,266.36
22.428,0,1.16,1.63,0.40,0.19,1.67,0.11,1.59,2.02,2.10,95.52,46.71,-2.69,94.80,4.865794624621049,2.269041658192873,0.9015512548759581,2.339212324358523,4.953041589320637,32.3312487793155,1.7093948396388443,0.9339254179410634,3.1604536261875182,2.8584456098079682,5.591460719704628,1.5007404556963593,2.608229753561318,3.6255737592466177,13.067726552989335,5.1156672204658395,4.226504425052553,4.35488615045324,4.420875215861015,1.6020750391762704,2.1635899348184466,,1.23,4.43,4.82,86.69,120.29,899.65,140.54,1014.65,270.54,959.65,168.54,1036.65,168.54,994.65,196.54,999.65,265.54
22.518,0,1.22,2.13,1.38,1.05,2.07,0.62,1.59,0.40,1.98,94.77,50.47,-5.06,96.30,1.6456528719607744,5.140816582785919,1.8641026067128403,1.918225760869682,4.939138287547976,25.093186964280903,2.9241806959733365,4.849581938758492,0.14277101354673505,1.5026034518331288,1.3471946641802788,4.9501664286945015,7.264107931405306,2.9287830853182824,11.965978010613473,2.8555777884740383,4.632299706339836,2.177373551297933,4.809605140537023,0,91.92334565008059,,-1.54,2.20,1.99,84.67,119.58,899.07,138.65,1014.07,268.65,959.07,166.65,1036.07,166.65,994.07,194.65,999.07,263.65
22.741,0,1.51,1.81,0.64,1.67,1.68,1.17,0.37,0.49,0.96,93.77,49.85,-2.21,88.49,0.5563145423214881,2.5865543606225403,2.2814241257915273,0.7109199487604201,7.104683036492206,48.02688139490783,2.1647025403566658,4.350593849439174,0,0.7325345664471388,4.2921034740284085,1.4037145420443267,0.5719335777685046,0,7.754938436802476,2.55579516033642,2.9196674451231956,6.4115497139282525,6.124210830698721,4.302024495322257,67.88467705668882,,0.07,6.33,0.30,85.94,120.03,900.99,138.40,1015.99,268.40,960.99,166.40,1037.99,166.40,995.99,194.40,1000.99,263.40
22.809,0,0.91,0.14,0.52,0.68,0.17,0.39,0.39,1.40,0.29,93.31,51.08,-5.91,90.00,2.022950072484091,1.6535333244130017,0,2.656139117591083,4.155942405434326,12.807440019678324,3.1301486558048053,1.560545875839889,0.19774689222685993,3.25276668228209,2.3769506472162902,5.182957228738815,2.8106794394552708,0.38428890532813975,12.48819544347003,1.6917627412639558,1.9225540021434426,2.9104879056103528,6.088393013412133,1.824453400215134,3.048584673553705,,-0.21,3.34,3.13,83.69,122.23,898.66,139.57,1013.66,269.57,958.66,167.57,1035.66,167.57,993.66,195.57,998.66,264.57
22.898,0,1.07,0.33,1.99,0.26,0.40,1.05,0.86,1.45,0.47,93.61,54.77,-7.67,68.33,1.8288529326254501,4.387871049321257,5.1532597379433,4.54844792042859,2.931082549835555,33.13062545284629,6.031240589497611,2.5037789990566672,1.2006282517686486,3.941431129463017,5.310041021090001,4.964260964887217,5.841255282517523,5.131035735318437,9.347246605418622,1.9048276971885936,0,6.2535521551035345,4.054687086385675,1.0303188213147223,0.3805847433395684,,-1.38,7.73,3.09,86.40,119.47,899.53,139.80,1014.53,269.80,959.53,167.80,1036.53,167.80,994.53,195.80,999.53,264.80
22.966,0,1.23,0.29,0.10,1.47,0.44,1.43,0.58,0.96,1.49,94.15,42.93,-1.59,72.58,3.3372492345934734,5.2903366517042745,5.468591861398891,0.5632722966093571,6.076424983558245,19.425445156171918,1.1833043980877846,2.4088743134401738,1.9663552306592464,0,2.0724379350431263,0,3.2093288744799793,1.7342584527097644,5.100931314826012,0.4410920386994257,0,7.872135474346578,7.820246471385472,2.1143062382470816,2.1550534965936095,,-1.82,7.42,1.55,86.23,118.21,898.64,138.68,1013.64,268.68,958.64,166.68,1035.64,166.68,993.64,194.68,998.64,263.68
23.051,0,0.62,1.91,1.07,1.51,1.87,0.35,1.37,0.93,0.23,92.97,51.52,-7.14,91.64,0.5783166133519262,4.696917322929949,0.13469004995655265,3.6628573673032223,6.015887344270013,38.375481485854834,2.6320762218441813,0,2.2139308045152575,3.499408553428948,3.324981337878853,6.729216147912666,6.205038046929985,4.313482548566535,11.047983161080628,5.077310959156603,5.500257865060121,9.633281181100756,7.778781158202328,0,1.9402090336661786,,-2.56,5.04,3.53,84.74,117.33,900.72,139.28,1015.72,269.28,960.72,167.28,1037.72,167.28,995.72,195.28,1000.72,264.28
23.152,0,1.48,1.96,0.80,1.95,0.99,1.82,2.07,1.28,0.00,94.62,49.28,-1.39,92.44,4.702411035648547,2.7776669720420615,0,6.894401805968955,6.081551316776313,33.33834135811776,4.665774582698941,3.2583237200416626,0,2.5491129311174157,0,0.8810935211367905,8.082450231537223,2.9543196938280016,4.352019430343062,2.390626301909797,0,3.3157599652186036,3.9003812664886937,6.419944375287741,2.7571429666131735,,2.01,5.43,1.83,83.04,119.57,900.10,140.21,1015.10,270.21,960.10,168.21,1037.10,168.21,995.10,196.21,1000.10,265.21
23.460,0,1.32,1.79,0.78,1.29,1.66,0.53,1.87,2.12,2.00,93.29,49.74,-3.40,96.19,1.6719496368244293,5.729992232378573,5.6816831725556405,2.226530530806631,5.648060709368437,33.262736435979605,4.30176406239625,3.2238339637592435,0.8484746534377337,3.6554676532559096,5.427614317741245,6.134022087557241,0,5.074777379445732,4.390926397107542,4.049938672930002,3.4418885107152164,3.338930039666593,9.21530201908201,2.7707270779646933,4.6862780100200325,,-2.34,8.46,1.47,86.80,120.23,900.90,139.22,1015.90,269.22,960.90,167.22,1037.90,167.22,995.90,195.22,1000.90,264.22
23.729,0,1.85,1.83,2.18,2.06,1.14,1.11,0.75,2.01,1.26,93.15,43.94,-6.03,95.68,1.0148268328234553,0,4.014194920677692,5.955105364900082,8.277190880454146,13.335714127868414,2.806760359951295,4.404495490007102,3.217386903008446,1.6408180917613207,3.129089961759746,1.1467443166766316,1.810006714425981,2.8778018077276646,15.059481980353594,1.7096173347067087,1.5472463788464665,5.783542479388416,7.20280401550699,6.103877166751772,1.5857059168629348,,-2.88,8.68,4.72,85.00,122.13,899.02,139.55,1014.02,269.55,959.02,167.55,1036.02,167.55,994.02,195.55,999.02,264.55
23.934,0,1.66,0.99,1.26,1.53,0.65,1.18,2.09,2.18,1.83,92.55,49.88,-1.41,92.99,4.64403074706439,2.1779988622991366,0.8312135474663229,4.222174921175465,4.658263147119433,47.200224020984024,3.0534655849216508,5.480059036370367,0,4.4129501984082165,3.708890222478658,1.0552980264183134,2.105205975472927,2.4758403045870363,8.221915335543454,3.907904367656447,4.683525643311441,0.7543413890525699,4.086599275115877,4.885682966560125,1.8286990157794207,,-3.22,9.25,3.96,86.91,117.86,898.17,139.17,1013.17,269.17,958.17,167.17,1035.17,167.17,993.17,195.17,998.17,264.17
24.041,0,0.59,0.16,1.00,1.73,1.22,0.27,1.19,1.76,1.87,95.15,42.79,-4.35,96.15,1.5734347308427092,0.6379638351500034,2.1557047811150554,3.512032461427152,7.262537063988857,22.396058653481305,4.956751197995618,5.084566786848009,4.659370310604572,3.250136375594884,0,0,0.8157444507814944,1.9733503268659116,11.595229097735137,1.3487320576794444,0,6.949131526052952,8.367499059145338,2.024714140687138,1.1706915597897023,,-2.21,7.44,2.67,85.25,122.12,899.87,138.50,1014.87,268.50,959.87,166.50,1036.87,166.50,994.87,194.50,999.87,263.50
24.154,0,1.46,1.64,0.70,1.48,1.72,2.19,1.69,1.16,1.58,94.64,44.69,-5.11,93.55,4.21204748342745,3.27114450535737,1.8922649612277747,5.344323416501284,9.144913844228721,33.21850486006588,3.2956273551331834,2.317929360754788,0,4.966660311650485,5.243889947421849,0,3.62106819357723,1.2970229469425978,12.870918115973472,1.4769910430070015,1.695065965410322,5.21277958387509,6.32183945409488,3.225151082035154,0,,-3.88,7.54,3.81,85.05,122.62,899.91,138.26,1014.91,268.26,959.91,166.26,1036.91,166.26,994.91,194.26,999.91,263.26
24.292,0,0.42,1.86,1.01,2.14,2.19,2.12,0.21,0.03,1.15,93.44,45.31,-6.59,96.19,2.0018136938707904,2.1349587047705425,2.683480016225949,4.578241151971743,5.329311903342605,35.282131092622876,1.6675251625245435,1.9616299720108508,6.996282642241567,3.7237273523770273,2.1071983063593507,2.003207845846191,0.13694028044119477,0.45569351611658915,10.03046603832394,1.1302779682865367,0.15728333871811628,3.290379664860666,8.052671024687587,2.844569604843855,4.498571107629687,,-3.92,9.83,3.84,85.09,119.52,901.99,140.73,1016.99,270.73,961.99,168.73,1038.99,168.73,996.99,196.73,1001.99,265.73
24.515,0,0.25,1.32,0.51,0.49,1.00,0.73,0.33,0.60,2.08,93.48,50.55,-0.45,88.93,0,1.1349520415766166,2.202564582205378,0.49396898734383266,4.571920484672301,36.64376030955464,1.3516429488314317,3.756261978317052,4.958390229381621,0.6696151289343835,1.6285053896717727,4.212820906657726,0,1.4034005412925037,11.399727930985392,0,0.7517290390096605,2.0267875008285046,4.198319522072561,3.941365178441629,93.96048424346372,,-3.44,10.92,1.49,84.94,119.80,899.21,140.59,1014.21,270.59,959.21,168.59,1036.21,168.59,994.21,196.59,999.21,265.59
24.643,0,2.16,0.95,0.97,1.32,1.42,0.71,1.64,0.76,1.84,94.39,46.36,-4.11,90.98,5.5678669154830285,1.8019005387090146,6.164070024010725,3.0658588351123037,8.805286632259376,22.546008915640414,1.2312950336607171,3.6360438692942263,3.2136793674435467,0.29194618592038735,1.5152153614908457,2.285493738250807,0,1.1848158803116533,8.049677259735763,0,2.6405969755724072,6.580763490404934,7.019647840182297,2.811215151101351,0,,-4.31,7.69,4.67,84.60,119.39,901.88,139.64,1016.88,269.64,961.88,167.64,1038.88,167.64,996.88,195.64,1001.88,264.64
24.736,0,1.30,1.90,0.65,1.19,1.61,1.00,0.36,1.19,0.30,92.97,49.01,-2.33,87.17,3.004794837450609,1.2824834107887,0.45429574215784685,1.376027688011527,3.664051626818255,49.032256725244224,4.137595752207562,1.2363417948223652,4.0475536664016545,2.0066714707762,4.320957382209599,0,0.33848904725164175,1.2081727674789726,6.528443293087184,1.9739785222802313,2.149392555002123,4.162323042284697,7.958653318574652,2.3353303289040923,67.99930283753201,,-1.74,7.14,4.66,86.50,120.30,899.84,140.08,1014.84,270.08,959.84,168.08,1036.84,168.08,994.84,196.08,999.84,265.08
24.996,0,0.54,2.15,1.40,0.82,1.46,1.56,2.07,1.10,1.88,92.62,48.16,-4.27,90.05,2.194808350498788,0.7301957654999569,1.9761278430139648,2.2109090210776774,3.5751519560534506,29.920474966522306,3.0641635235631837,3.8071315629035234,0.1569294175133109,0.5422765275090935,0.6444257302209735,4.037080766400322,2.1077544819563627,0,13.367703424114733,2.215927011775784,0.4095913893543184,1.5326909427531064,9.30215689697303,0,1.9136421871371567,,-1.29,5.81,2.62,83.51,122.57,900.88,141.12,1015.88,271.12,960.88,169.12,1037.88,169.12,995.88,197.12,1000.88,266.12
25.299,0,1.13,1.49,0.85,0.90,0.07,1.45,1.48,0.88,1.66,93.77,51.53,-2.02,89.91,0.8938708585361019,2.513062280253507,4.025329697136767,0.6679052456002683,4.483051163242198,20.715666298288852,4.146661936538294,0.8565163544379173,2.901280528632924,0,1.7537162778899074,5.89851852459833,0.8211057451553643,5.160627045435831,11.618487516604365,3.1356326926266775,1.0110830292105675,0,5.2207347784517335,0.6283526553306729,83.37242211587727,,-5.93,4.45,5.28,84.20,121.42,901.74,140.23,1016.74,270.23,961.74,168.23,1038.74,168.23,996.74,196.23,1001.74,265.23
25.478,0,0.45,0.23,0.25,0.97,0.03,0.74,0.56,1.99,1.04,93.62,45.62,-7.19,93.93,5.03974875478074,3.1853851394262165,0.4225061863614248,4.709916359409689,4.761740304166451,18.010620397515595,3.6244160225847737,4.048099334742874,0.20907550887204707,3.554352561309934,3.4582786266691983,4.859445035457611,2.788405886851251,1.4453932652715595,9.91239984743297,2.968235899275169,3.51791362836957,2.8274121382273734,3.707451503323391,4.242290687514469,3.554910867009312,,-1.48,6.45,6.33,84.22,120.42,898.70,141.10,1013.70,271.10,958.70,169.10,1035.70,169.10,993.70,197.10,998.70,266.10
25.684,0,1.81,1.41,0.58,1.17,1.05,0.14,2.13,1.28,0.46,93.31,49.03,-0.46,90.73,2.4068197405617684,5.3509647435508665,1.1880738476384431,3.0143295507133008,8.685643936358392,18.303898685146123,4.688463953020983,3.788958528675139,2.47543533379212,1.585285691730678,0.26966632017865777,6.507959357229993,2.321575874928385,2.558634665440768,13.581024340745062,4.330988122094423,2.8380507808178663,2.4585647797212005,5.05362981332466,0.14046942768618464,0,,-1.83,11.49,3.82,84.15,120.05,899.87,140.60,1014.87,270.60,959.87,168.60,1036.87,168.60,994.87,196.60,999.87,265.60
25.815,0,2.16,0.54,0.28,2.03,1.56,2.11,0.02,1.54,0.08,94.51,42.11,-1.30,87.68,0,0.09235183424316329,2.472882822607644,1.4658724791184068,5.231778582413681,45.14393431227654,2.5316337699536233,3.1539393228292467,3.692162866005674,0.7068917753547432,1.9095613388344646,0,1.4038273394107819,0,8.456901407018304,0,1.5110361906699836,2.4856235305778682,7.3383485172083605,2.5900312478188425,3.4632470584474504,,-4.65,7.50,3.98,84.96,120.46,901.42,139.28,1016.42,269.28,961.42,167.28,1038.42,167.28,996.42,195.28,1001.42,264.28
26.134,0,1.47,1.68,1.53,2.01,1.01,1.94,1.68,1.53,1.82,95.05,42.79,-6.78,88.32,0.8836526687024162,3.0555936719989405,5.8142792689334595,3.2141360314097254,7.92108658443205,39.64386969432235,1.1485814013751225,1.7810063135251406,0,5.555181409139186,1.7156195626594126,2.0490675503388047,6.320472402032465,4.629239747095854,5.376518576424569,2.0219901234516873,5.006636090576649,5.779297697823495,8.240397854717449,0,0.38516909326426685,,-4.60,4.62,2.35,85.18,122.99,898.54,140.04,1013.54,270.04,958.54,168.04,1035.54,168.04,993.54,196.04,998.54,265.04
26.331,0,2.04,2.02,0.51,1.93,0.91,1.65,0.05,1.95,0.37,95.55,43.45,-4.39,90.73,2.144634146112949,2.642283283639699,3.955949301104993,4.8516963717527695,3.730633481135592,39.21063173888251,1.8202956260880456,1.9095690703205763,0.5658342812675983,3.308919109683484,1.7998320744372904,3.6592705624643713,4.377733696717769,3.2999575351551176,14.685768402833492,0,3.845306968316436,3.2490991498343647,4.27066930548288,3.037462556036189,3.8108613460790366,,-2.75,9.71,2.11,86.63,120.50,899.37,141.72,1014.37,271.72,959.37,169.72,1036.37,169.72,994.37,197.72,999.37,266.72
26.547,0,0.60,1.06,0.63,0.84,0.97,0.71,1.97,0.13,0.05,93.67,45.18,-1.13,93.21,0.6400493211066349,4.585775395226665,3.4576490219216796,2.216565526956692,7.761215327125974,36.212027069181204,3.7359588771359995,1.5614224446937444,0,3.567489098776132,3.294411598239094,3.239989891881123,7.829181766603142,4.75078309180215,13.68246274875477,2.9427646626671775,3.353284946177155,6.05030901171267,8.828097327644937,3.3031820375472307,70.91458522947505,,-4.57,10.02,6.26,83.37,119.10,899.87,139.56,1014.87,269.56,959.87,167.56,1036.87,167.56,994.87,195.56,999.87,264.56
26.858,0,0.11,1.44,1.83,2.04,0.73,0.83,0.66,1.39,0.52,94.27,48.05,-6.98,87.24,2.391456269598566,1.0515134250978009,2.8374014747468754,2.7335291555430743,7.202958030933514,28.723703131079674,6.2722438297467304,0.0951348065026103,0,4.6462369933165615,7.368685830384493,5.400297756772488,0,4.901480226134881,10.994306067768484,0.03459814201574751,2.6592050180770457,3.6522592357359827,3.776886761384085,0,3.0648395984899253,,-5.50,10.54,1.84,85.59,122.74,901.62,140.32,1016.62,270.32,961.62,168.32,1038.62,168.32,996.62,196.32,1001.62,265.32
26.998,0,2.15,0.13,1.23,0.87,2.20,0.04,0.04,0.98,0.05,94.80,54.37,-3.57,96.98,0.24552326863165952,3.545398244052194,0.8206996750226243,0.28377261101268214,6.414085719189607,11.16935010952875,1.4659890400711446,1.3912532930076122,0.1938262355979532,0,4.8072749194689095,5.607572477543727,5.947339846752584,1.594413786204532,6.4702008095569905,2.599784897104837,3.5914536002092063,0,9.009058183622546,0.7128486812580377,3.308510893257335,,-7.79,7.34,2.68,84.02,121.74,899.33,139.80,1014.33,269.80,959.33,167.80,1036.33,167.80,994.33,195.80,999.33,264.80
27.244,0,0.14,1.06,0.14,0.57,1.44,0.97,1.19,0.07,0.66,94.86,44.27,-4.39,95.07,3.5783461606362836,0,0,3.805922748586163,6.017183849667199,37.64802029449493,4.309100392344408,0.4127979173883798,0.10612972197122872,4.277620321549476,4.494231088086963,2.584767023799941,0,0.4518545174133033,10.277323180772363,3.2944355985103178,3.7793378131464124,4.100047579035163,7.919231575815939,1.744659004965797,2.981868986506015,,-7.62,6.29,5.92,85.53,122.00,898.17,138.13,1013.17,268.13,958.17,166.13,1035.17,166.13,993.17,194.13,998.17,263.13
27.413,0,0.47,0.36,0.12,1.32,1.43,1.93,1.35,1.07,1.16,95.63,45.63,-1.36,92.80,3.125633443547413,0,4.238273669332266,4.319386676251888,7.9644976621354004,12.680240343790501,0.09431231147609642,0.21115998102352007,2.7981023660395294,5.68809551153332,2.564747972879559,3.189022308913991,3.8093757117167115,4.682010900620371,11.568572757076472,4.494140297705307,3.0128826610744,0,5.888495363942347,4.996695446316153,2.695871375966817,,-4.78,5.85,4.79,84.05,120.34,900.08,139.39,1015.08,269.39,960.08,167.39,1037.08,167.39,995.08,195.39,1000.08,264.39
27.608,0,1.51,1.57,0.25,1.90,2.14,1.07,1.51,0.66,0.31,94.69,54.26,-4.47,94.71,3.336779683455825,0.8771734235342592,3.440306757693179,2.398451551664621,7.730098220827058,41.492879192810506,4.790589434001594,1.570278007555753,1.820716613670811,4.7541670708544554,3.908366966061294,5.269273710437119,4.212662155274302,0.47954960764385746,10.654687837604433,2.7044026544783266,4.52342016203329,6.706813552416861,9.230488817868753,6.195217054802924,0.6147524022962898,,-4.84,6.21,3.36,83.14,121.84,901.90,139.30,1016.90,269.30,961.90,167.30,1038.90,167.30,996.90,195.30,1001.90,264.30
27.702,0,0.96,1.93,0.09,1.65,0.59,1.20,0.01,1.63,0.93,95.28,47.98,-2.71,92.94,4.5820076778065415,4.161808294616639,3.9778025392396374,0.5050277010723949,8.145189490444027,33.0838448558934,1.875473190122284,2.9805748914554715,2.768692349549383,1.0143498556315897,5.726991467177868,2.3951494190841913,3.133661791216582,3.2310359274875373,15.903317932710053,0,0.6195720038376749,7.004092657472938,8.298036405504682,0,4.070989343337715,,-4.21,4.80,5.59,86.92,120.64,899.09,139.27,1014.09,269.27,959.09,167.27,1036.09,167.27,994.09,195.27,999.09,264.27
28.011,0,1.54,0.09,1.55,1.79,1.62,2.08,1.03,0.30,0.85,94.66,49.42,-0.29,78.56,1.0592849958129227,0.7788521464914084,1.875599104003049,1.835092200189829,3.960077628977597,29.151642298791558,5.326789386966266,1.0808006833679977,3.2617905032821,3.3878877559117972,0.7571710799820721,0,2.5640628319233656,0,9.843122368138284,1.098488255813718,2.1294182324782014,2.3604826908558607,7.916131388153881,2.7153197578154504,4.123821813147515,,-7.78,5.01,3.14,83.39,119.65,899.18,141.23,1014.18,271.23,959.18,169.23,1036.18,169.23,994.18,197.23,999.18,266.23
28.136,0,1.44,0.34,1.89,0.00,1.88,2.04,0.21,0.35,0.18,94.04,51.45,-1.52,87.91,2.2456370208878074,0,4.779187889620662,0,4.4694334544893355,11.642751412000507,3.889458476798609,2.8771497083827855,4.803261607186869,4.2176160857081415,4.2322341171093285,0,1.29070676676929,0.717925917059183,14.718927227463574,0.7335660213418307,0,5.579981440678239,9.19074269737117,1.160484477179125,0,,-5.21,5.68,3.18,84.62,118.92,898.12,141.69,1013.12,271.69,958.12,169.69,1035.12,169.69,993.12,197.69,998.12,266.69
28.402,0,1.58,0.75,0.39,1.99,0.01,1.67,1.74,1.15,1.56,93.74,53.32,-3.34,95.56,4.286722130444833,1.7145487881964074,2.9226230442430827,4.830431808894501,4.508553873081691,30.615971066523343,2.1157852708362044,0,2.6425861220341176,4.3676224637776615,0.27541712019592524,5.634417256573215,6.048729449976236,0,7.211656416151673,0.7736858306499199,0.312873556278646,0,2.5120534145226703,6.688941391883418,0.7178700724616647,,-5.61,8.39,2.52,84.12,118.29,901.06,141.52,1016.06,271.52,961.06,169.52,1038.06,169.52,996.06,197.52,1001.06,266.52
28.581,0,0.99,1.29,0.59,1.27,0.65,1.82,2.15,0.96,0.05,95.26,48.08,-7.69,91.81,0.2905678129801528,2.3076340454863384,5.435611596107483,6.673471654923633,5.167018686584197,38.17184220766649,5.7712027003755795,0,3.155064321355894,2.4021922920085492,2.584422681480646,0,0,1.0606155985780061,10.602966688387095,3.8245053123449906,5.105504324194044,6.852982401382178,3.8343004162656147,1.9086188490036875,0.39332812651991844,,-7.74,7.88,5.00,84.53,121.46,900.52,140.71,1015.52,270.71,960.52,168.71,1037.52,168.71,995.52,196.71,1000.52,265.71
28.656,0,0.08,0.57,1.86,1.12,1.88,0.31,1.47,0.41,0.69,93.82,41.41,-2.44,81.58,3.878238473800011,1.4405738583533094,4.250162034342066,2.253341808253899,4.013815951370634,42.61414364492521,2.471509785717353,1.259763173367828,2.4155659419484437,1.26173400554806,3.966515621636063,3.189638552023098,2.4574842494912446,4.358244648259133,11.464844332933426,0.3664832739764825,1.0189435398206115,9.95265056239441,4.2710098128533,3.2755600307136774,0,,-6.23,8.77,3.70,83.50,118.69,901.14,140.37,1016.14,270.37,961.14,168.37,1038.14,168.37,996.14,196.37,1001.14,265.37
28.893,0,1.22,0.61,1.54,0.00,0.43,0.17,1.90,2.00,1.03,95.44,44.96,-5.69,89.08,2.5718575096409766,1.386337505094707,0.9245214077970014,1.1459171980805696,2.6003634423390034,37.77637177426368,5.457790483208373,3.2947248587943614,3.374426303198561,4.012795925959945,3.2627305858768523,4.879387086024508,1.6081306566484272,2.6529336920101194,10.026428476739675,5.362056397125125,1.6339204530231655,2.9212311590090394,7.56912274396047,3.889037433778867,4.496270576957613,,-8.05,7.19,3.08,84.40,122.39,901.25,141.36,1016.25,271.36,961.25,169.36,1038.25,169.36,996.25,197.36,1001.25,266.36
29.147,0,1.37,0.38,1.57,0.67,1.27,1.22,0.96,1.58,1.61,95.33,53.26,-0.64,88.14,0,5.412963772425428,2.18172944502905,0,5.241239618826658,8.939993657171726,5.237277887086384,4.331959918718785,0,0.5296965419687334,7.246837560553104,4.05018983525224,4.04842796176672,1.3298036025650801,5.365588282421231,1.2235618779901416,3.9586216411553323,1.9421753180213273,6.236575422883034,1.2922796763014048,2.1382718242239207,,-5.22,2.89,4.80,86.73,122.18,901.51,141.32,1016.51,271.32,961.51,169.32,1038.51,169.32,996.51,197.32,1001.51,266.32
29.296,0,0.70,1.61,0.99,0.20,1.04,0.97,1.35,1.53,0.82,94.00,53.16,-4.97,92.88,1.3100122863845902,1.4427379359258339,4.04393903572578,4.553228004490957,3.011274492139928,38.07414574176073,3.9337818727595733,2.8070235885865986,3.599079843144864,4.162378932796418,4.998031816910952,5.865107270190492,2.7620064890943468,0.3226657488290221,14.25005952846259,2.3292254423955456,0.42853557458147407,5.366788794286549,6.757064773873426,0,1.0939538273960352,,-3.00,6.15,5.43,84.56,119.49,899.88,139.73,1014.88,269.73,959.88,167.73,1036.88,167.73,994.88,195.73,999.88,264.73
29.552,0,0.17,1.78,0.39,0.83,1.72,0.55,1.16,0.82,2.19,93.73,47.50,-7.99,93.40,4.868415221227333,1.4842231435701252,5.405461267200299,4.379805596247316,4.917694685063324,20.095125916879624,2.660340014426038,0,0,1.6185955744050444,3.9236316229216754,6.276622365228832,7.536351756658405,1.9898589114751668,9.648139940686523,0,1.3423314150422812,9.381038183812052,9.14731614925433,2.3447114841546863,1.4212309657596052,,-4.57,5.08,5.29,86.88,120.53,900.09,141.36,1015.09,271.36,960.09,169.36,1037.09,169.36,995.09,197.36,1000.09,266.36
29.649,0,0.04,1.96,1.55,1.63,0.43,1.32,0.51,0.30,0.24,95.59,53.53,-0.50,92.61,4.61191022216808,3.846342821395956,0.12707676598336537,1.436844149520621,2.3050549373216924,43.471400210633874,0.9666238404577596,3.2762891507335006,0,2.276641334965825,1.8838424650020897,2.207208688603714,6.159976453520358,1.0871012386400252,13.51194184601307,4.95776363952551,0.13647359982132912,2.1838366696611047,7.688149682562798,1.5915827711578459,2.5795262174215168,,-5.25,8.11,1.37,84.20,117.79,901.57,140.59,1016.57,270.59,961.57,168.59,1038.57,168.59,996.57,196.59,1001.57,265.59
29.774,0,1.06,0.94,0.84,1.22,0.05,2.07,0.68,1.49,0.40,94.57,41.94,-2.84,89.57,0,5.147593991179019,0.025919848512858223,4.549103150628508,4.028196717067622,39.93960319692269,2.716896876343526,3.3427288813516496,3.02347942115739,2.1980789047665894,5.814310243818909,0,2.817134921438992,3.8929831242747603,13.41540185738355,0,2.9636630644090474,0,7.6551242485688995,6.319747131783515,0,,-7.63,5.09,1.60,83.84,118.17,900.94,139.24,1015.94,269.24,960.94,167.24,1037.94,167.24,995.94,195.24,1000.94,264.24
30.037,0,2.15,0.74,0.14,0.03,0.03,1.79,0.18,0.94,0.54,94.66,50.91,-5.47,93.09,1.004980398672633,3.9405540553620084,4.885226820353418,0.992934674276039,4.747473003542982,21.407631477806717,0.25905041217338276,0.43009369183331714,2.461975699290633,1.4769916362687945,7.84579705959186,0,1.8834863067604601,3.189796077925712,10.936877450421452,3.5379880592087285,6.342504478991032,1.951735614798963,7.363257723585702,0.24975056224502623,3.996666023042053,,-3.10,5.56,4.72,84.45,117.90,899.95,139.67,1014.95,269.67,959.95,167.67,1036.95,167.67,994.95,195.67,999.95,264.67
30.292,0,1.42,1.98,1.89,1.03,0.51,1.14,0.59,0.35,0.19,93.05,50.34,-6.88,91.18,0.5228874636767435,2.498560631205328,5.01320129419677,3.253596266778186,6.442094191191718,38.48859168263152,2.2519937945529818,1.521484578754753,3.3840212940704077,0.1118606613203883,2.985371138434857,3.1376407644711435,5.367660820484161,4.314325492512435,11.770619960147886,2.0193342368258165,2.372173468582332,4.891131016425788,4.802026119558141,5.485452228458598,0,,-7.07,4.49,1.94,83.77,117.28,899.42,138.90,1014.42,268.90,959.42,166.90,1036.42,166.90,994.42,194.90,999.42,263.90
30.410,0,0.70,0.60,0.23,1.75,1.45,1.29,1.32,1.22,0.03,94.91,44.53,-7.24,92.59,3.417652322552167,2.6539821477839722,4.692734139515087,2.3052304305601865,8.68202987887431,28.83530469564721,2.5715317874914034,3.4923744885995984,1.1274040783755481,4.332080462854355,3.399129289202392,0,4.633703097235411,4.70371020006016,12.797210711780934,0.6485768918273971,3.4225501162,3.5891980952583253,5.569907194799743,0,0,,-2.32,1.62,2.88,84.94,122.55,899.12,139.64,1014.12,269.64,959.12,167.64,1036.12,167.64,994.12,195.64,999.12,264.64
30.567,0,1.38,1.89,0.12,1.98,1.40,0.99,2.12,0.07,1.95,93.54,51.41,-0.44,90.33,3.315531845493242,0.6218100824393336,5.755263097188436,6.967903275974095,8.247300541019067,12.97183240763843,1.744947862951085,1.8248872163891794,4.6861865245737135,5.05173825211823,1.1185466875322163,1.6892234291881323,6.394174049142748,3.7337881644722075,14.157221238389612,3.9980688253045082,4.809572474099696,9.469096290878952,5.280976950312033,0.08200385747477412,96.76178821315989,,-3.15,5.15,4.87,84.83,117.44,898.75,140.81,1013.75,270.81,958.75,168.81,1035.75,168.81,993.75,196.81,998.75,265.81
30.876,0,0.34,2.00,0.97,1.27,0.19,2.14,0.11,1.35,1.90,95.28,41.65,-1.06,93.75,1.6830075985705482,0,2.9743975364323707,3.777267571566626,2.160802647820674,14.156026425771415,2.059028090722859,5.112405731845647,0,0.4762116654030981,1.7956940112635493,3.30041761463508,5.0217490112409,0,12.328349337987602,4.949912103065289,2.0927058765664697,9.915734715294093,6.6551024477230385,0,2.363195047248155,,-4.17,4.95,4.00,86.34,121.58,900.66,138.45,1015.66,268.45,960.66,166.45,1037.66,166.45,995.66,194.45,1000.66,263.45
31.123,0,2.18,1.49,2.09,1.50,0.33,0.36,1.96,2.07,1.50,94.86,47.96,-1.46,94.05,0.33703916253056354,1.0935142165282743,4.947125764642842,3.3980240346025674,4.0799950970616194,26.167264468502253,6.786912358179689,5.231562744583934,2.8792263872455806,0.06726679060608154,0,1.4760067015886307,5.472282062284648,4.840104957437143,13.460948179513217,0.056119730840436866,1.0337978871539235,0.3478854149580002,4.167345172641799,5.13081444054842,96.98098593438044,,-1.55,3.40,3.33,84.37,122.19,901.43,139.84,1016.43,269.84,961.43,167.84,1038.43,167.84,996.43,195.84,1001.43,264.84
31.294,0,1.60,2.00,2.13,1.39,0.37,1.75,1.30,0.32,1.75,94.75,52.86,-5.67,95.91,5.012863359567709,4.429692830634304,3.543977900533937,5.3093274467717855,4.85023559759371,45.024513353127986,1.352433271938935,0,0,4.014554459154606,4.134919079951942,0,5.528989959508181,2.906232424909249,16.80441152051091,1.143829148109071,5.596487136092037,9.582577664870769,7.7037125885766,6.94618588895537,0.6405471567995846,,-3.20,0.19,1.54,85.22,117.09,899.18,140.67,1014.18,270.67,959.18,168.67,1036.18,168.67,994.18,196.67,999.18,265.67
31.436,0,0.59,1.84,1.73,1.64,1.19,1.08,1.06,1.33,0.10,95.02,53.80,-4.15,93.91,0.3925952278869227,0.15156902747694412,2.840707561620511,4.530864569460974,8.457181025412865,30.18176846485585,6.774416857934557,2.9226141878031195,1.8450547032989562,3.1968068377114833,3.7351088393479586,5.280182118294761,3.5190610801801085,3.1843564997892826,12.467765547260642,2.1496040595835075,0,0.20654154801741242,7.6546555230161175,0.4418730952311307,3.79296363866888,,-3.64,-1.28,4.51,86.66,121.65,898.92,139.81,1013.92,269.81,958.92,167.81,1035.92,167.81,993.92,195.81,998.92,264.81
31.600,0,0.03,0.33,0.10,1.08,0.09,0.40,0.62,0.39,0.25,93.96,42.87,-0.90,91.00,2.2782063153758645,0.6963741671293975,0.6324278967780992,0.04688411071896548,6.469463729918934,23.038070385344326,1.3783910860540347,4.6320577875152225,0,4.636139388475567,3.3745219171978533,0,4.5459158211015165,0,8.267873688340188,4.84306552125141,1.5771842855028808,4.419930136762559,6.772533239196054,3.7663381220772862,0,,-3.29,-2.24,4.45,85.02,117.62,898.94,138.70,1013.94,268.70,958.94,166.70,1035.94,166.70,993.94,194.70,998.94,263.70
31.782,0,0.66,1.07,0.89,0.36,1.52,1.54,1.25,1.30,1.45,95.47,47.60,-4.96,90.60,5.15302147010807,5.62427458439488,0.07556881566066309,1.2409091685619202,3.591304791872389,39.993398626334965,2.1161237279418854,4.591601758506149,0.7050060774199665,4.333733666632325,5.772665721829981,0,4.435689618811011,2.723221126673743,9.992544483337552,0,1.683616533409804,0,4.886540561500006,3.2318835358601063,0,,-3.83,-1.08,3.60,84.04,122.75,900.39,139.58,1015.39,269.58,960.39,167.58,1037.39,167.58,995.39,195.58,1000.39,264.58
32.056,0,0.48,0.02,0.02,1.45,0.35,1.70,2.08,1.31,0.72,95.05,43.01,-4.68,87.84,0.9764199380995708,2.1159400399075823,2.197971729761921,3.751929855244234,5.856339293369092,19.016954965889454,3.1188528495375065,0.4744656332395971,4.361430527176708,5.321734902430325,4.951057604514062,0.20578699000179768,1.605172582436353,2.91504892247729,9.843677291404456,5.159231621357613,1.1734157735481858,7.48813714645803,8.206260136584751,2.130192961078137,0.11162101593799889,,-0.53,-0.70,4.25,83.96,122.06,901.79,139.81,1016.79,269.81,961.79,167.81,1038.79,167.81,996.79,195.81,1001.79,264.81
32.163,0,1.76,1.03,0.16,0.81,1.28,0.38,1.76,2.07,0.94,95.50,45.23,-4.19,89.81,5.575009808377363,5.867096464079805,3.2604179260972885,5.824367373446003,7.242287637274712,16.45384164666757,4.691444653808139,1.580130937434733,1.772066350094974,0,3.6432217760011554,1.0197456784080714,0,1.3966800723597408,11.176736811213196,0,2.3606783938594162,0,7.771615438126028,2.282631248701364,2.739061951171607,,-1.32,-3.41,1.72,83.47,118.95,900.34,141.95,1015.34,271.95,960.34,169.95,1037.34,169.95,995.34,197.95,1000.34,266.95
32.278,0,1.13,0.70,0.82,0.71,2.14,0.06,0.06,1.19,0.76,95.37,44.59,-2.46,94.48,2.4298908080672845,1.3136002038838344,5.0543447819910945,4.778771882755682,6.17050922723487,14.202992441598326,3.215475310245529,4.387739667966962,5.003837493248284,2.910091785490513,4.937763794325292,3.559467030921951,5.976053575985134,0.7838991101831199,6.122843871302901,0.9038955717859789,2.8535255948081613,4.320499444846064,8.416089439224452,1.6827281792648137,0,,-4.04,0.67,4.06,84.61,120.90,900.96,138.80,1015.96,268.80,960.96,166.80,1037.96,166.80,995.96,194.80,1000.96,263.80
32.423,0,1.66,0.28,0.00,0.28,0.07,2.17,0.54,2.13,1.27,94.56,45.16,-4.49,92.45,2.287745493715629,0.49556167395785433,5.123697891389019,4.41788167251274,5.326669349009171,41.535222549922764,2.084560798527673,3.2480641503259537,1.7065322995185852,4.26041574915871,2.330113112926483,2.681284840684384,4.658916457090527,1.6443212476652116,16.511380920056254,3.7488653082586825,2.0306123066693544,3.512283254880458,4.794983760965988,3.920841157902032,4.086535799084231,,-2.12,-2.78,0.87,86.68,118.05,899.17,141.19,1014.17,271.19,959.17,169.19,1036.17,169.19,994.17,197.19,999.17,266.19
32.629,0,0.27,0.53,0.25,1.00,0.64,1.19,0.01,1.89,1.40,93.18,45.83,-2.57,88.21,4.853131867875345,0.5583256541052832,2.8390108524868265,4.163613463556394,7.082338343504817,35.04332708567381,3.9497807083418595,2.9227726580016316,3.0456028857734054,3.128755277581513,4.287688205949962,0.7360023392830044,0.7965539954602718,0,6.978287558984011,4.835531238219701,0.14250154374167323,0,2.888893097806722,0,0,,-1.90,-1.20,-0.72,86.27,119.24,900.43,138.90,1015.43,268.90,960.43,166.90,1037.43,166.90,995.43,194.90,1000.43,263.90
32.705,0,2.18,2.00,0.58,2.19,0.20,1.38,1.10,0.02,1.11,95.18,46.43,-0.19,76.16,0.12389638679102077,0,5.7885174991237,3.8559338613972067,6.874157398445532,31.204712287988514,2.097025752137415,2.694052858054638,3.803541971137747,3.2562736883200705,3.453205024357885,2.112812378210947,1.6040173773653805,0.05035856547765416,11.309902014546097,2.8898568365443498,0,4.0732301557436585,2.400120712248609,2.8138258035760373,0,,1.12,-3.26,2.97,84.77,121.62,900.56,139.87,1015.56,269.87,960.56,167.87,1037.56,167.87,995.56,195.87,1000.56,264.87
32.925,0,0.62,0.08,1.69,0.35,1.50,1.11,2.16,2.12,1.88,93.16,46.88,-6.48,90.41,3.678678405857645,4.703776298486628,3.765049712075852,2.499411687133834,6.082995201665908,21.74613598221913,3.5576983420411126,0.8176299892552197,0.7396071273833513,2.5628595710359514,3.888322605751455,5.451841385569423,3.563847351819277,4.161012321142479,5.1002080713771285,2.9335285679018126,3.0737518616952,10.541838102508336,6.159505297094584,1.2367651218082756,94.885875640437,,0.73,-4.37,0.99,85.35,118.64,898.56,141.52,1013.56,271.52,958.56,169.52,1035.56,169.52,993.56,197.52,998.56,266.52
33.230,0,1.43,0.01,0.94,1.79,1.69,0.81,1.42,0.40,1.24,94.14,43.85,-7.69,95.40,0.5059221204183997,3.9845027952920646,2.7228232182143257,3.5556665753759447,8.223336658766494,33.78897758759558,2.148080532788299,1.7723289960063995,0,0.4736215717904271,4.278692033607513,2.803360804915428,3.1872877632267773,0,6.630795631762594,4.20762663221918,0,2.845394804608077,7.049082499882207,2.751870522275567,0,,2.82,0.60,-0.83,86.27,117.51,898.65,138.72,1013.65,268.72,958.65,166.72,1035.65,166.72,993.65,194.72,998.65,263.72
33.478,0,1.59,1.25,1.38,1.73,1.80,1.57,1.71,0.79,0.54,93.17,41.79,-1.72,96.72,0,5.840238110069185,1.9323335361480711,5.372143914084882,4.447083736946807,42.98495400417596,2.7995835578069093,3.0102432720735672,6.820473121944815,3.7318997303023935,1.1337343216873705,3.4868153769057244,0,1.118832191992551,7.717337331660092,5.387831383328885,4.06737374374643,4.964714942034334,5.264862543931231,0.0866417814977467,3.062723003095016,,-0.25,0.66,1.36,84.38,118.73,898.81,139.02,1013.81,269.02,958.81,167.02,1035.81,167.02,993.81,195.02,998.81,264.02
33.599,0,1.36,0.22,0.44,1.64,2.01,1.58,0.10,0.62,1.21,95.51,45.68,-5.81,93.54,1.316983737642877,0.41111762921791506,2.4839532909728588,3.8209372557047754,4.035273185041733,21.32500467961654,3.0799256679369136,3.283284780550748,1.7818056044634432,4.570495181214064,2.950368876568973,5.500514782499522,6.432512300089002,2.213786240760237,15.678517545815557,0,3.725886145606637,0,7.610807829457336,1.6647959023248404,0.3030370913911611,,3.21,-4.76,2.13,86.82,119.77,898.16,138.40,1013.16,268.40,958.16,166.40,1035.16,166.40,993.16,194.40,998.16,263.40
33.860,0,1.97,1.63,1.89,1.18,1.30,0.52,0.95,1.03,1.05,93.85,47.16,-4.94,90.39,0.22375734590925234,3.6952651468105615,3.861099950973876,1.499235270302743,3.2501351232454176,12.918311503715813,2.699394152755849,1.8255363442189991,3.770448559895158,2.762116986308247,0,2.4616407800931484,5.285787143278867,2.645165981920436,8.89719638351351,4.617101598754525,4.8522755592130125,2.8684869883581996,3.6277422297373416,4.3859320192132145,0,,1.95,-1.66,2.61,83.07,121.63,898.10,141.05,1013.10,271.05,958.10,169.05,1035.10,169.05,993.10,197.05,998.10,266.05
33.960,0,0.59,0.79,1.41,2.05,1.05,1.75,0.14,1.68,0.38,94.82,46.57,-1.31,92.19,4.033087259507738,3.914214462111704,2.1860326435742903,0.8253532290179284,3.7909998471988366,16.117531940806657,6.528911498351954,5.498305803425611,1.436296243686229,4.2752339624613525,0,0,5.031797277275473,3.5109164125006647,9.97882485833019,4.396028887894936,4.853636755608022,5.899404044728726,6.956124363658018,0,4.345508348196745,,2.97,-1.67,2.86,85.02,121.20,898.65,138.54,1013.65,268.54,958.65,166.54,1035.65,166.54,993.65,194.54,998.65,263.54
34.034,0,0.01,1.36,1.09,0.57,0.53,2.01,1.21,0.35,1.42,95.21,46.00,-5.66,93.25,4.157291646031663,0.7256091224495322,2.3167249154206364,3.078942155502737,2.4259569246089088,44.11560530168936,5.604282107483596,5.249635390043259,2.3590478112455457,1.841215185932815,2.1034759883768857,2.470466502243653,0.2108309492468834,0.7972476590797304,13.40474412592128,3.730364515343681,1.2485248586162925,0.48000968946143985,8.358731142454781,5.098739004461095,2.861736693419516,,-1.03,-5.32,-1.53,83.25,119.60,899.59,139.37,1014.59,269.37,959.59,167.37,1036.59,167.37,994.59,195.37,999.59,264.37
34.275,0,0.79,1.01,0.59,0.87,1.56,0.44,11.31,0.35,0.64,84.89,59.85,1.52,96.18,4.311576624187867,4.8841931498784,3.0226351325353606,11.189986107072313,3.173685926012695,42.461120780557394,1.099227421171963,1.1410798239149154,6.128226523986086,3.9991900917328893,5.548831296153367,2.729219200089574,2.211228809785098,3.892492620507255,14.89337763294111,4.810637466806213,2.566042270511389,2.6160139977000654,5.4638364892452955,0,76.45871527306736,,-1.00,-5.93,1.63,86.69,120.61,901.31,141.65,1016.31,271.65,961.31,169.65,1038.31,169.65,996.31,197.65,1001.31,266.65
34.384,0,1.48,0.46,0.27,0.99,2.03,1.31,26.93,0.47,0.37,70.55,64.36,7.54,95.58,10.128579367929724,17.772141024842284,4.713220691257156,19.094622497911807,8.135456183808856,21.54565949831158,3.2071902932133525,0,0,4.5684327559359375,2.7894318429753184,5.193893080111593,2.3551863357424736,4.217421107878908,22.083420292026837,9.76511067025329,4.979053063318133,0,9.520972034079023,5.725943445926532,0,,2.67,-4.69,2.57,86.75,122.61,898.86,141.82,1013.86,271.82,958.86,169.82,1035.86,169.82,993.86,197.82,998.86,266.82
34.611,0,2.04,0.89,0.22,1.11,1.83,1.10,55.65,1.49,1.20,44.87,71.12,20.69,91.26,18.52257454936153,31.298776997031997,2.463015830819495,35.27685146230725,5.309023944549263,27.57072155503556,1.9836952375248074,3.1383687267825007,5.686257051071152,4.297465942781418,0,2.8452282091602683,2.1048088422976434,1.840960195316002,36.33324972429304,16.51106821825488,3.224632427096367,3.5652148155495524,4.903580706156791,4.6717669137287885,0,,4.64,-7.71,-0.20,85.89,120.94,899.21,139.37,1014.21,269.37,959.21,167.37,1036.21,167.37,994.21,195.37,999.21,264.37
34.822,0,1.69,1.16,1.02,0.93,0.80,0.41,24.57,1.34,0.78,73.13,52.47,8.87,94.91,8.855277665092148,16.538195401713416,6.081550134248101,19.01664062392433,6.2942858509765935,43.577357505913824,0.538631542492658,2.7325415069423618,2.313902929890901,4.1211124541983,2.619419422466308,2.9055151673965156,8.142001444939524,2.6357297900225967,20.574276157136396,9.914959317615725,3.5276787993498147,1.7303934777155519,4.7562206073058775,3.3136945609003305,1.6862027391325682,,0.84,-1.57,-0.07,84.69,122.82,901.33,138.77,1016.33,268.77,961.33,166.77,1038.33,166.77,996.33,194.77,1001.33,263.77
35.070,0,1.13,2.07,2.13,1.34,0.33,0.34,1.97,0.07,0.75,92.79,43.10,-4.48,95.51,2.582756314887665,2.2025219327537346,3.332219649334438,3.2989201587159185,3.035867879013531,33.769346435088664,1.5939637534786018,2.8106825115531686,0.8771035997197032,3.4963494568318128,1.8528497046791017,1.7185536166653037,4.956549046095461,1.217276566894725,7.242601277381182,0.5442145906249061,5.789180217310786,0,3.7492972986260433,1.4837889787741005,0.9850927074439824,,2.67,-4.90,-2.66,83.88,118.64,898.28,139.34,1013.28,269.34,958.28,167.34,1035.28,167.34,993.28,195.34,998.28,264.34
35.179,0,0.86,0.01,0.58,0.21,1.74,0.10,1.01,1.48,0.75,93.83,41.05,-6.34,87.91,0,3.335238573467359,0,1.181972933355719,5.471470852014608,29.28245298890397,3.2945115125738083,2.2063805925287308,2.845496757188812,4.623507335763424,1.0976650742813945,0.9103599484078586,4.025849828962237,5.026517167659477,13.091778241824358,0.15838454497046772,0,1.733138061594218,7.833388081411831,1.6803331328555942,0.4146370282396674,,5.03,-3.09,-0.26,85.00,121.51,898.64,139.66,1013.64,269.66,958.64,167.66,1035.64,167.66,993.64,195.66,998.64,264.66
35.505,0,0.94,1.67,0.24,0.74,0.52,1.35,0.69,1.10,0.12,94.58,48.72,-0.63,96.90,1.5480641001928594,4.238921792153269,3.609511555419304,3.294716861937195,6.416327495998703,45.57466635340825,5.959650421328843,0,0.5147893754765391,0,2.3774753431789577,3.525600492488593,0.04507247032597661,2.2644030536618085,14.90264752862975,4.272486534193158,4.996245002374053,0.6717723719775677,2.5760791975492614,4.367343821097165,1.7924074216280133,,3.74,-9.29,-0.76,83.05,119.98,901.98,139.09,1016.98,269.09,961.98,167.09,1038.98,167.09,996.98,195.09,1001.98,264.09
35.681,0,0.15,2.00,0.35,0.06,1.09,0.95,1.83,0.76,1.75,93.36,54.81,-6.48,96.09,3.870944816856645,2.919312211195938,0.5306100065726786,3.384454698013142,4.700042729256674,24.72302293078974,0.19284490533173093,2.3106953752413393,4.0448487512767315,1.6862215927988293,0,0.849644833477214,0,4.205884128231555,6.153031269349157,0.6802109718183056,0,9.254099412355572,6.554138312237337,6.604870606446639,61.58986657811329,,1.98,-7.19,0.32,83.02,122.85,900.50,141.22,1015.50,271.22,960.50,169.22,1037.50,169.22,995.50,197.22,1000.50,266.22
36.018,0,2.08,1.22,1.26,0.50,1.06,0.65,0.00,0.04,0.24,93.86,50.77,-1.66,91.83,0.2222381690563635,0,5.447241420466453,4.818546823663637,3.979073115931824,49.86211204715073,3.4772677650675177,2.6279658114351334,4.338758209021762,2.6033566362597047,6.654766750987619,4.586772453505546,2.1229856181889772,3.8792415428720415,4.336077968515456,3.112860197960399,2.205421714577824,7.265213251579553,4.1763358523231,2.117750538745895,3.8513600123114884,,3.32,-8.70,-1.31,85.34,119.69,899.08,140.95,1014.08,270.95,959.08,168.95,1036.08,168.95,994.08,196.95,999.08,265.95
36.138,0,1.00,1.47,0.11,0.11,0.90,0.40,0.14,1.24,1.33,95.46,43.34,-5.61,87.13,3.1481898290012036,2.335988320270553,3.813041877988726,5.094743015542626,3.7118483467027543,11.589196521323174,3.104760995763354,1.1019095233082772,5.367666944628581,0.8848935976624488,1.5010546557605267,5.25294511555694,5.99396563321352,2.6448189216665923,10.970696446187794,0,1.7315608896315098,0,3.290143750980496,2.4186371183022857,0,,2.84,-8.98,1.17,83.71,119.49,898.01,141.67,1013.01,271.67,958.01,169.67,1035.01,169.67,993.01,197.67,998.01,266.67
36.249,0,1.56,1.76,0.78,1.91,0.77,2.07,0.20,1.45,0.91,94.04,41.98,-5.84,96.32,0.9205745342513549,3.0030585086671637,0.22834974083583814,5.579813510915265,5.341655265665613,25.46361435065046,3.452289789146744,4.165776081699878,0,3.891324975155294,7.352165248710662,2.9528692185413092,0.6488737212494016,4.127442289395258,11.247097614537925,1.5916701816068963,4.048590894788504,2.425849053543061,7.433929858026095,1.6910920578520745,2.0538736337330192,,3.45,-8.53,-3.50,83.79,122.69,898.79,141.47,1013.79,271.47,958.79,169.47,1035.79,169.47,993.79,197.47,998.79,266.47
36.482,0,1.81,0.28,0.67,1.69,0.91,0.21,0.45,1.40,1.32,94.52,42.23,-7.35,89.47,0.9362888947920873,0,3.8705548579525204,1.055127853443846,4.9237714642379435,38.61891986289993,5.535618936899118,2.4339355800487104,0,4.95950001899153,6.02240787120536,0.47398701682686806,3.03078531101346,0,6.141924035549163,3.2577532650670036,0.34204593766480684,5.767254036385566,6.127434139968828,3.0047716670669615,1.9016626216471195,,5.19,-8.05,-2.80,86.93,122.50,899.31,138.68,1014.31,268.68,959.31,166.68,1036.31,166.68,994.31,194.68,999.31,263.68
36.554,0,0.12,0.36,1.32,1.98,1.16,0.65,0.48,0.99,0.74,93.20,48.07,-2.65,88.04,0.836115039163269,1.1012126258341595,4.37551849838812,3.223875556280837,3.4776101856818427,40.895005447324365,5.864971014554612,2.521246437076479,3.166914182016626,4.4931803925149145,2.5481202425435185,1.0621914314106107,3.6050062528811395,2.250118028661236,12.024379129875452,0.10255899260286228,3.257588286884129,0,5.729774156440981,0.9505900365766138,2.893941636895761,,4.25,-3.99,-3.84,85.76,121.30,899.98,138.28,1014.98,268.28,959.98,166.28,1036.98,166.28,994.98,194.28,999.98,263.28
36.783,0,0.67,1.41,0.68,0.21,0.67,0.59,1.69,0.74,1.55,94.82,47.36,-0.50,88.98,5.06623808288481,3.671872614719905,4.788229442439042,2.9589062192756685,4.49956965896301,40.18425948405638,2.3952081436989827,2.121687906756997,1.4903446349781007,2.1729894662834703,0.06227932311594486,1.776398552581668,3.1587719307281077,3.454639544794336,17.71288989024237,0.9138629392674193,1.9613417889922857,6.37005774024874,4.5934873774740845,2.7432251255959272,66.16087141865864,,7.87,-4.17,-3.96,85.95,118.46,901.93,141.24,1016.93,271.24,961.93,169.24,1038.93,169.24,996.93,197.24,1001.93,266.24
36.912,0,0.88,1.50,1.13,1.13,1.16,0.49,0.38,2.10,0.54,93.62,53.11,-5.60,89.54,4.094905868419446,1.0818510196404532,3.607742755794898,2.430889320196584,5.850550201623701,30.351625468581915,4.271969747543335,0,2.9705952797085047,0,1.4716316610574722,6.326149785891175,0.06378135457634926,2.4082901662774385,14.683004036266357,1.5233916582306848,0,2.94005438266322,7.751507060010917,2.2032322390004992,4.437066244427115,,6.41,-7.89,-4.23,86.34,117.87,901.89,138.63,1016.89,268.63,961.89,166.63,1038.89,166.63,996.89,194.63,1001.89,263.63
37.062,0,2.02,0.53,0.07,1.78,0.44,1.44,0.18,0.98,0.06,93.78,51.57,-0.28,89.37,4.849943881905638,0.2751248374348507,1.9788309380691498,0.49824940423481134,3.0380094439396634,43.666576229035854,5.3818968290928755,0.7021251161396505,1.692680615466088,2.6277658185735344,3.778798784594983,3.5377918984740973,0,3.355969010256231,11.406339754462241,1.1336433803336696,2.3904208508320153,0,4.881552503774874,0.29943055100739,1.8622868454549462,,8.22,-6.51,-1.04,84.99,121.71,899.39,141.91,1014.39,271.91,959.39,169.91,1036.39,169.91,994.39,197.91,999.39,266.91
37.364,0,1.77,0.23,1.76,0.27,1.39,0.37,1.19,0.96,0.01,94.86,51.34,-0.73,96.91,0.8974040854582563,5.46445838434156,3.871845716740936,3.254437023261562,5.497804011679254,37.423009514808655,2.655533213284798,1.980164008960128,0.6188666657544672,4.664200766254217,3.937745641451329,0.7619268619455397,3.089072717819363,0.41676570370793353,10.641851400788873,4.853461067066528,1.5516597633250058,9.610249887686223,5.0341233672248205,0,0,,8.68,-9.20,-1.30,83.71,118.97,900.75,139.14,1015.75,269.14,960.75,167.14,1037.75,167.14,995.75,195.14,1000.75,264.14
37.603,0,1.23,1.64,1.47,1.25,1.05,0.96,1.72,1.95,1.92,95.20,41.34,-5.28,92.15,1.5862641576910392,5.425638248887845,5.664682997115888,2.734560750471428,2.7552915367716926,36.171243174467236,3.613790320768021,5.3444829470105475,2.204112983774394,1.3503222314082088,1.2801502556540072,5.5705991089344025,3.0371187441051006,3.6393499138299377,8.18921188076958,0,1.9638872351497412,6.614838148467243,3.794506288613193,3.409813482314348,0.25165042583830655,,8.03,-4.46,-2.28,86.16,122.11,899.91,138.61,1014.91,268.61,959.91,166.61,1036.91,166.61,994.91,194.61,999.91,263.61
37.808,0,0.35,1.35,1.09,1.87,1.65,1.35,2.18,0.41,0.63,94.23,50.67,-7.36,92.74,4.246781950071455,2.0403518916107712,2.176883354699239,5.235122768413276,8.231378670097328,19.681085662916303,4.110092863230966,3.5049462709762156,2.8466092720627785,4.909280843567103,5.851651514880359,7.957440887345001,4.172110461629927,0,7.932713082954287,4.250854903105647,1.6141452589072287,9.849135195836425,7.354354179515504,5.085615882417187,1.6154806357808411,,8.77,-9.85,-0.98,83.90,120.39,899.66,139.97,1014.66,269.97,959.66,167.97,1036.66,167.97,994.66,195.97,999.66,264.97
38.091,0,0.40,0.19,1.17,1.53,0.22,1.85,0.55,0.57,0.90,95.07,52.69,-4.42,90.46,0.06360557236243025,0.3309738505398854,4.5207562478026375,1.2259261952061205,5.416041757715866,41.255734936799854,4.987803980638273,2.8538943671993913,0,0,4.787313214503229,2.1075145576614887,2.8292231862433255,0,12.685327383298427,1.3603407630557194,5.05322098499164,5.0318625988438725,4.481296543246135,5.36590364202857,74.88871029671282,,5.89,-9.69,-2.29,83.91,119.53,900.10,141.94,1015.10,271.94,960.10,169.94,1037.10,169.94,995.10,197.94,1000.10,266.94
38.284,0,0.76,0.32,1.58,0.51,0.35,1.20,0.37,0.87,0.56,93.66,43.88,-7.23,77.50,3.2655088369408625,0.3341972838388756,4.972993699954822,5.335410971166566,5.364413789464161,47.028393055778,5.3879435967188325,0.2642334537766873,1.5664129201322794,5.471668629869819,0,6.631995619973168,7.480711800511926,1.38756045948714,8.519851465895773,0,4.786837240681052,0.7558625806123018,3.780839399090037,1.2927574254572392,1.9373350320383906,,8.65,-8.61,-1.88,84.89,117.27,900.66,141.13,1015.66,271.13,960.66,169.13,1037.66,169.13,995.66,197.13,1000.66,266.13
38.382,0,0.82,0.59,1.93,0.99,0.53,2.13,0.92,1.57,1.39,94.14,43.52,-2.28,95.73,3.1967633072705937,4.325506050535478,1.6484338736440987,1.1119392285216603,4.913479758892208,40.12218184163794,3.6150848338846115,1.3891281106136741,2.0106635361444205,5.430418499149383,3.733301281929016,1.3522258903831244,0,1.2547037739120426,16.52966172037646,0,2.3841043463908136,1.0362772047519684,4.018822135869414,2.6644364870153368,0,,7.25,-6.57,-3.66,85.94,118.34,898.05,141.66,1013.05,271.66,958.05,169.66,1035.05,169.66,993.05,197.66,998.05,266.66
38.719,0,1.95,0.34,0.54,0.81,0.66,2.11,1.81,0.82,1.87,95.31,48.10,-6.30,87.26,1.4857321920618416,2.13598473155871,0.7786352521926165,5.84558590086177,5.05116014639847,33.615611617453396,4.712844676501118,5.181733012702316,2.11387991765514,0,3.9861784111708403,2.1282879712525755,6.024850711226463,0.6099931548908355,7.281834728699177,4.6034353106468915,2.840720354579389,4.8820516164414585,3.9853433348890395,1.076979890000075,3.626227229833603,,8.80,-8.28,-1.87,84.55,118.89,898.18,140.54,1013.18,270.54,958.18,168.54,1035.18,168.54,993.18,196.54,998.18,265.54
38.900,0,0.15,1.63,0.02,0.78,0.05,0.85,2.19,2.19,0.81,94.15,48.79,-6.07,87.53,3.3785258531337603,1.8518112722551452,3.5053077893238513,4.4173863755073395,4.215927555020898,14.005539279431105,2.4517215239349754,0.8122198401391505,5.175030847545713,2.6022801599651575,2.915874528698623,0.6110931567382067,1.1005491195246577,4.409275876581669,12.672793371547014,3.8728178001055493,1.0047747609205544,3.1897988580167294,4.806825552470982,0.8396086313296109,3.6951909244526178,,3.94,-4.59,-2.49,83.80,118.94,900.15,138.22,1015.15,268.22,960.15,166.22,1037.15,166.22,995.15,194.22,1000.15,263.22
39.207,0,1.31,1.64,1.76,0.24,0.94,0.99,2.00,0.53,2.07,95.01,45.74,-7.91,93.90,1.8000674288906158,2.971156122768298,5.842204083744436,5.87296268619597,3.3801490048645064,24.63162159966305,4.10624303962104,4.99627040207386,2.9382449209224433,0,5.966368226800114,5.72622762597166,5.537789796944708,1.5582008462771775,5.649228758104146,0.3388522823248059,1.8634956050664186,5.88421145780012,7.700788864982314,3.0570186944678426,3.724070178810507,,5.12,-4.57,-3.83,84.05,119.17,901.88,139.80,1016.88,269.80,961.88,167.80,1038.88,167.80,996.88,195.80,1001.88,264.80
39.474,0,1.17,0.77,0.67,0.67,0.05,0.46,0.34,1.98,0.45,93.89,51.73,-1.85,95.67,0.39155082861892865,1.0113134132232515,3.8789947106316687,2.799648776948452,6.414720288529061,45.01492724288255,3.8837321627652273,1.0467369710095227,2.3242361664306372,3.0794312952272596,5.695890647359192,1.5245914401020855,4.055521292611957,4.154959337320179,13.51726920293644,3.5906512983795253,3.607995381578803,4.49210166092962,5.101633567162789,0.5190385840833187,3.860762399621308,,4.43,-4.93,-4.14,83.91,121.09,900.05,139.70,1015.05,269.70,960.05,167.70,1037.05,167.70,995.05,195.70,1000.05,264.70
39.583,0,1.62,1.53,0.77,2.03,0.47,0.96,1.67,0.28,1.79,94.50,47.07,-0.05,90.24,3.142106411540881,5.5553990755230185,6.413959886720404,2.1584171212092045,5.302145343627781,29.653281859122217,2.672453790763393,3.00504810705781,4.349940235726535,4.100926437880844,2.8508186121471226,0.6767650260590017,2.617233317345381,3.4007442089356483,6.718933815993369,0.45972356380894785,0,9.623148703482002,3.521417207140476,4.5629319697618484,1.2354495297186077,,7.88,-5.32,-3.50,86.39,119.93,901.19,139.82,1016.19,269.82,961.19,167.82,1038.19,167.82,996.19,195.82,1001.19,264.82
39.671,0,1.92,2.20,0.61,0.66,2.09,0.32,2.08,0.16,1.89,95.17,51.77,-3.18,91.60,1.1494543001847344,1.463200909062289,1.473770926706493,3.763935884134844,6.349430145910009,50.3631564443931,2.517163567035459,1.5913941799849272,3.9372649614233524,3.518358208592981,5.164818439632654,5.8072020972613245,0,3.768367291856557,13.707090749666095,0.9813022972876206,2.6398788425140083,8.898126509506255,9.055574045991525,2.934951296309009,2.027095426339656,,4.03,-5.43,-3.90,84.22,122.21,898.37,141.88,1013.37,271.88,958.37,169.88,1035.37,169.88,993.37,197.88,998.37,266.88
39.766,0,2.17,1.04,2.18,1.66,2.17,0.02,1.17,0.04,0.26,95.33,49.33,-0.68,87.82,0.27730595385655743,5.466947523923591,6.1803764742240315,5.91611680071801,3.89466411460191,17.902045477647334,4.420746588031761,5.593468016851693,1.2087428984232247,4.834103568289429,3.095166615676135,2.589903417509049,2.140501138754189,0.5275552619807424,8.911791961397975,1.5105164218042044,0.19869559863582253,2.267774177249521,5.611166662871838,1.347726690582931,0,,3.75,-4.52,-3.73,86.26,121.65,901.78,139.58,1016.78,269.58,961.78,167.58,1038.78,167.58,996.78,195.58,1001.78,264.58
39.941,0,1.44,1.85,1.06,0.35,1.97,1.01,2.14,0.21,0.43,93.12,50.37,-2.98,93.45,3.8261305910721424,3.50757524902001,1.7413148222025483,5.756557894274593,9.315801248610951,40.31682069506496,4.037205469771289,4.339402929116041,4.5553814333397895,5.401069992091507,5.3998695043846965,1.4303486049175262,4.857628553174436,1.0502584918774662,8.166667988020926,0.06338502580299998,3.174909311812371,2.7677469556219876,6.736079195826314,0,5.20864259172231,,7.31,-5.45,-3.45,83.59,119.77,898.88,139.02,1013.88,269.02,958.88,167.02,1035.88,167.02,993.88,195.02,998.88,264.02
40.021,0,0.98,2.12,1.17,0.33,1.64,1.18,0.52,0.68,0.11,94.73,46.96,-6.08,94.15,1.0586826696852225,2.6800545796519146,4.89630683242809,4.909802006082609,6.0259154920233415,16.638564981520176,5.859671285119839,0,3.7321342572104186,0.8148402772657573,3.327088820748031,2.1523297615349293,0,0,4.964158420562744,2.6095466715889053,4.842342278454453,6.56437622802332,6.438280705572106,5.230766613269225,68.11828066781163,,7.50,-6.14,-2.80,83.65,122.54,899.91,138.37,1014.91,268.37,959.91,166.37,1036.91,166.37,994.91,194.37,999.91,263.37
40.348,0,1.99,2.09,0.04,1.31,0.87,0.65,0.53,1.51,1.68,94.55,49.65,-5.04,93.39,5.167809649184346,1.199272941984236,2.3082288853451614,1.664960804972798,4.506128691043704,10.832803649362177,4.552761640865356,2.7091570027172565,5.197421130724251,2.827735641673207,0,0.9731161310337484,4.606902403291315,1.6627237997204065,11.821776697933675,1.5018771965242923,0.27618135046213865,3.868810521904379,3.394388443604112,0.04221233353018761,1.8196308847982436,,3.70,-9.82,-4.85,83.11,122.54,900.31,138.30,1015.31,268.30,960.31,166.30,1037.31,166.30,995.31,194.30,1000.31,263.30
40.598,0,1.34,0.99,0.25,0.56,0.24,0.19,0.34,1.10,2.13,93.48,43.87,-2.88,89.70,2.2165196293964984,3.9057882694061847,3.2271680298168217,0.036568331327289094,5.602847552825697,31.866407652385533,4.122507461626083,0.4994832777790723,0.38526969286613166,3.257679496780038,6.372105727437884,0,1.7085311408154666,4.95974675282836,9.337050802111627,0,0,0.9442807538434863,4.52647892288398,3.5386685852427036,2.4887820440344512,,2.16,-3.75,-3.80,86.44,122.91,900.05,141.38,1015.05,271.38,960.05,169.38,1037.05,169.38,995.05,197.38,1000.05,266.38
40.704,0,0.31,1.38,0.43,1.76,1.45,0.80,0.70,0.27,0.26,94.56,53.99,-2.57,95.89,0,0,4.1731783828372135,5.811760023562238,7.058168687988072,8.280997073743492,4.776451325113885,1.8573416452482343,2.817806186620146,0.2799136778153479,5.254674822092056,3.5089254481717944,4.91429003700614,4.4739190863166005,11.700666631385683,5.004968755389564,0,0,9.088562847282738,0,4.4079592258203775,,3.01,-9.14,-4.87,86.95,117.09,901.32,138.51,1016.32,268.51,961.32,166.51,1038.32,166.51,996.32,194.51,1001.32,263.51
40.819,0,0.57,2.04,0.25,0.80,0.03,2.19,0.83,2.07,1.28,93.54,46.54,-6.64,95.32,2.252714716875926,4.373777051037178,0.6691040323255586,5.268891065530479,5.1081888032658025,38.512106080539525,5.671972140693105,3.7541183580830695,5.322119750548154,5.055295552480966,2.87817897554487,4.537634219741449,4.405826694332063,3.98147135601379,6.498602509815246,2.1791662807855756,0,0,5.950877117072232,3.296744544291869,0,,3.89,-9.28,-2.57,85.00,120.02,901.98,139.64,1016.98,269.64,961.98,167.64,1038.98,167.64,996.98,195.64,1001.98,264.64
41.053,0,1.45,1.14,1.56,0.99,1.52,2.19,0.96,0.92,2.06,94.38,53.21,-1.53,94.60,2.7861675995681434,2.610522106755525,1.6628598981397227,2.028658366911113,8.973755459832027,18.25572594301775,4.624308500415646,3.907899445928633,0,2.033433938790113,1.5529290391132236,0.9723541850689799,3.6813672962598503,0.8058725829701872,7.2483139636926355,1.5249483474530279,0,6.578403674997389,6.988019112581387,0,0,,4.55,-5.77,-4.22,85.82,118.48,900.29,138.31,1015.29,268.31,960.29,166.31,1037.29,166.31,995.29,194.31,1000.29,263.31
41.208,0,2.06,2.09,1.81,0.51,1.51,0.42,1.96,1.82,1.59,94.84,44.78,-6.45,89.89,2.3364841907564546,5.615870768716559,5.469771438837052,2.7388676003552974,3.8853921447321778,9.041927707381546,4.030791122722439,0.44485244138166324,3.9627782655879855,4.4322335946001115,3.0741369766183197,7.139803215162829,2.9025309747084975,0.27351751251146217,9.627636433616281,0.5225636964011935,4.322590054012835,0.8325221808627248,6.297612508554011,0,3.79469455126673,,1.57,-8.12,-6.33,83.39,121.43,900.56,139.50,1015.56,269.50,960.56,167.50,1037.56,167.50,995.56,195.50,1000.56,264.50
41.460,0,1.66,1.36,1.30,0.06,1.93,0.73,1.96,1.26,0.55,94.16,52.19,-4.12,91.25,1.6020328565221278,3.198661327175796,4.701791470991448,5.418532357681542,4.180262098354287,34.260401694104075,0.7879353075288238,2.2391258952580393,2.142900418257341,0.44774903526529686,1.1348482528701425,0.8944112132303417,0,0,11.847186234351248,4.974441520199179,0,4.90326523501426,9.282030553366058,2.359618971357122,1.170831659808755,,4.43,-9.24,-3.61,84.78,120.00,901.34,139.48,1016.34,269.48,961.34,167.48,1038.34,167.48,996.34,195.48,1001.34,264.48
41.773,0,1.41,0.88,1.37,0.14,1.53,1.71,0.50,0.52,0.65,95.14,53.57,-2.43,87.53,0,2.749566393648274,5.556319726454094,0,4.68791632391978,14.961814785376191,1.4937810224713757,0.8890214306116104,3.8681700087618083,5.634335780907422,0.37078130850568414,2.5792690571397543,3.419279065914452,3.728419596720487,8.151208569556474,3.6031909802323208,5.330723511055112,8.374234480783343,8.75625756637659,2.7906925145071,0,,1.88,-1.90,-5.24,84.91,121.03,901.31,139.96,1016.31,269.96,961.31,167.96,1038.31,167.96,996.31,195.96,1001.31,264.96
42.016,0,2.17,1.90,0.72,0.76,2.05,0.61,2.18,1.82,0.43,95.37,45.16,-4.17,91.51,2.75717754880432,2.0555399047909306,4.655395803721621,5.167660686923191,9.331734563470818,49.23728957725689,1.9830231445841493,2.69254612358287,0.8102398291230202,1.1479622655175628,4.199028069153428,6.713879889342934,4.470362044405192,0.348731498774141,8.473078874349595,5.382554141995497,4.358752611558884,0,7.523893985017203,5.567944708745927,0.6056829805020243,,3.26,-4.94,-1.52,85.84,117.24,898.24,141.17,1013.24,271.17,958.24,169.17,1035.24,169.17,993.24,197.17,998.24,266.17
42.144,0,1.80,0.12,0.55,0.31,1.79,0.17,1.28,1.62,0.81,95.53,47.29,-5.52,87.96,0.0703334033582359,1.180996645288542,1.545839491961524,3.9465354531630874,4.154521651528776,19.430957639589906,0.8226327630924062,4.162678562961519,3.486458715982735,0.7959094601497054,5.717884273733944,3.112716418225318,0.5796927139163017,3.0022342983074486,8.248037931360304,1.780448737209663,2.880957928020507,4.3517239461652935,4.026007072087378,1.0013313433155417,83.20136899314821,,3.48,-7.95,-1.91,84.67,122.20,901.67,138.78,1016.67,268.78,961.67,166.78,1038.67,166.78,996.67,194.78,1001.67,263.78
42.368,0,0.15,0.77,0.46,0.88,1.50,0.22,0.47,0.12,0.97,94.27,52.42,-1.12,94.54,0.2854802107252179,4.5855065495707095,0.1595361714810135,3.5114194874837996,4.4574487109854815,52.60827484354377,2.3901925042038785,3.533727564048022,1.6352933291345835,4.000570573098957,2.0109390509314835,0.9567720366176218,4.174307415727526,2.955496888905764,12.216570667084307,4.630721507780254,4.134184444323182,4.214171760249883,7.387059442549944,3.1278215372003615,68.0952158300206,,2.76,-7.37,-1.71,83.61,122.01,899.04,141.81,1014.04,271.81,959.04,169.81,1036.04,169.81,994.04,197.81,999.04,266.81
42.480,0,1.10,1.65,0.16,1.89,1.50,1.50,2.20,2.08,1.97,93.20,51.37,-0.82,89.22,0.5941621374245738,2.0311431955546144,0.6397320465510714,4.280431649759413,4.053628767160699,38.39999784901738,1.1743049708195032,0,1.7106023905798793,4.209195788279176,0.07140675187110901,0,7.88582294806838,0,9.161819193214178,1.2250752931088211,0.18278202461078763,1.6098090619780123,8.778303125863895,1.9379460874479264,1.1212874874472618,,2.82,-4.60,-2.33,85.45,122.20,901.98,140.03,1016.98,270.03,961.98,168.03,1038.98,168.03,996.98,196.03,1001.98,265.03
42.701,0,0.28,1.00,2.17,0.20,0.87,2.16,1.28,0.56,1.79,93.93,43.10,-4.28,95.84,2.251619409243576,0,2.013587096659467,4.6999702924396844,3.1969147896952927,18.479809186421335,6.215242458763532,3.7029078362695875,4.1092549182940274,4.819919876996428,5.405771356076002,4.228508346481249,3.231704662553966,2.7143100035376846,8.906075274832546,4.265886701489799,0.4199404399842024,2.769914952572435,2.9923080965131525,0,1.7566860525403172,,4.24,-2.18,-5.16,83.21,119.18,901.72,141.11,1016.72,271.11,961.72,169.11,1038.72,169.11,996.72,197.11,1001.72,266.11
42.975,0,1.49,1.71,1.89,0.38,1.43,0.69,0.43,1.48,2.01,93.91,54.29,-1.83,95.10,4.755502229556441,3.4587889290880414,5.572101952778175,2.339313905406743,5.769320499957539,45.2773894215934,6.895270953699947,5.534462576862425,1.7480074062477797,4.334122761711479,3.9511255463585258,6.2227372515480965,4.542945070657879,0.37895573144778627,12.40457828728482,3.4470460314583034,2.5097273788414896,3.709585814271122,9.053091930928641,0.6775914104655385,2.2833770799916238,,-0.81,-6.17,-5.66,86.30,122.12,900.53,139.60,1015.53,269.60,960.53,167.60,1037.53,167.60,995.53,195.60,1000.53,264.60
43.265,0,1.81,0.64,0.33,2.09,2.09,0.87,2.17,1.84,0.60,94.45,41.52,-6.93,90.67,1.586515508056618,0.36136856127996,3.9664542818209156,6.868185609960928,4.935783093268983,37.14711097674444,0.46045137324836105,2.787117543350905,4.941274143289775,4.249382196515798,5.129830799996853,3.286102341255173,4.867144730407745,0.627106767417863,9.95573523202911,0.8394357855198904,0.4391314182430506,7.524202264845371,7.709608107195236,1.8570870442781597,0,,0.59,0.10,-3.49,85.94,120.48,901.54,141.19,1016.54,271.19,961.54,169.19,1038.54,169.19,996.54,197.19,1001.54,266.19
43.513,0,2.08,2.13,1.77,0.02,0.72,1.21,0.29,0.12,1.56,94.33,49.87,-5.98,88.40,1.8282921588234604,0.05300264600664395,6.025834449408576,0.05359095560386784,2.6944261672580616,27.798540718387812,0.9944110243581235,3.0717468836158517,0,1.248874650038779,6.670595481991768,7.050604733405635,2.587576928548515,1.6792945309355858,8.357282966505736,4.749392488021403,0,4.5021321144886315,3.6790941552771255,4.826913343043998,3.142979998374358,,0.55,-4.66,-2.59,85.39,121.73,898.22,140.89,1013.22,270.89,958.22,168.89,1035.22,168.89,993.22,196.89,998.22,265.89
43.825,0,0.45,1.72,1.34,0.45,2.81,1.28,0.42,2.19,0.83,93.38,43.92,1.66,95.46,0.2997287306049836,2.0549369243206455,1.9419432592298835,2.9042414532881233,4.646671565620734,35.45009621232748,4.841519037960097,1.7676940653473139,3.4556583440862596,0.23836496539413954,3.1520548635162413,1.546810427447781,2.4952079141512513,3.1928474032878875,4.608074313923717,3.5888718227809293,4.57098882785067,4.245940120425075,6.596434562212506,1.0451315972022712,0,,-0.24,-1.06,-3.81,84.90,118.15,899.21,138.45,1014.21,268.45,959.21,166.45,1036.21,166.45,994.21,194.45,999.21,263.45
44.051,0,1.47,1.46,0.53,1.32,16.17,2.19,0.71,1.52,1.11,80.92,58.91,15.77,87.52,0.6061100219003857,0.9390067006461322,2.7853511745063586,3.3173280008509756,14.298181487715816,29.0878839106299,2.617991151381284,0,0,2.071741962116212,3.002690023742616,3.8231585153844208,6.715351982507855,5.284443575730547,11.413010060880334,0.9838401732966302,0,0.1426003249362111,22.462578413412928,0.5803275115322322,4.384437339613214,,1.04,-0.56,-6.29,86.70,120.35,901.30,140.85,1016.30,270.85,961.30,168.85,1038.30,168.85,996.30,196.85,1001.30,265.85
44.283,0,1.60,0.52,2.14,0.85,29.17,0.86,1.09,1.73,1.22,68.53,58.08,22.03,91.71,0.12231339763850002,0.3704589881934224,0.5145328437164429,0.7594712028466164,27.578562987535552,42.1407645335421,5.390573943080381,3.4785588494874538,2.912352550541982,4.611779962331056,5.348625142592937,0.17450492293573916,3.894902198575437,3.8344103557616473,12.78263644432649,0.18603153416886942,4.854148854967207,1.2007547607645392,30.75203337358282,6.408243102254346,2.1109612556174397,,-1.18,-3.22,-4.56,85.01,121.04,900.41,141.80,1015.41,271.80,960.41,169.80,1037.41,169.80,995.41,197.80,1000.41,266.80
44.537,0,1.41,0.82,0.88,0.87,46.10,0.46,1.91,1.79,1.18,53.22,74.77,39.02,88.20,2.151765997838229,5.349604509258643,5.651033242479898,2.6754655217006804,37.65510695362488,29.759486995637417,6.2991220088675615,0.5510912652313711,0.009578254772350192,0.05656961025670171,3.662911504972726,2.623342531500384,0.6089646080508828,2.5333437815960496,10.162403424326332,1.0126711667235941,5.266787926200777,1.7965813456103206,44.06566238372751,4.99965615500696,4.888256632257253,,-3.91,1.27,-4.15,84.28,118.44,901.91,141.98,1016.91,271.98,961.91,169.98,1038.91,169.98,996.91,197.98,1001.91,266.98
44.645,0,0.57,1.56,1.68,2.14,42.38,0.99,1.84,0.37,0.29,57.97,65.55,35.64,92.26,1.8322019790112973,4.948949334118515,2.9763608310418204,5.916556259784848,32.93610613849001,42.02484606252983,5.381768641527742,2.0891054912470284,1.3910574119072407,5.378347899243236,7.795003993436694,0,5.559983043931425,0,7.873930383492262,0.403912574648857,0.7945629418827593,1.9232483925297856,43.37289344657729,1.7040079259313643,1.0922179652843624,,-4.39,-3.46,-4.94,85.24,120.38,900.66,140.85,1015.66,270.85,960.66,168.85,1037.66,168.85,995.66,196.85,1000.66,265.85
44.956,0,1.94,1.55,2.01,1.51,65.98,0.73,1.73,0.46,1.41,35.35,70.99,60.62,87.34,5.347810649652965,2.321143779088743,0.7600168465683237,4.045074064051732,51.575217290263176,17.411910408642143,4.088556992774829,5.115117249321193,2.6905959711875767,3.6724602252431215,1.3038867032155395,4.353575965855271,2.707986103836447,1.0285923520568758,10.987686143722385,4.0229708248516545,0.3428002065047622,0,62.92895562713855,6.69586325623095,1.841040733968839,,-1.40,-2.64,-2.37,84.25,118.24,901.03,140.53,1016.03,270.53,961.03,168.53,1038.03,168.53,996.03,196.53,1001.03,265.53
45.255,0,1.00,0.13,1.35,2.13,64.53,0.77,1.62,0.61,1.35,38.88,72.13,62.72,90.31,3.463586270376109,4.15770426269155,5.638617484024726,2.6307973699923606,49.710666396417665,43.88298960309476,4.392374355811626,1.310942621063441,5.528399041853845,4.337984500396997,2.9270724579691887,1.7076687694061548,2.6818015719763935,0.8774909797590227,15.709237170908601,3.9549267165409403,4.26194796198979,0,60.39860364604543,0.7628803963307291,3.077445335453376,,-4.51,-1.53,-3.99,84.32,122.03,900.47,138.05,1015.47,268.05,960.47,166.05,1037.47,166.05,995.47,194.05,1000.47,263.05
45.434,0,0.07,1.42,2.15,1.32,57.83,1.47,0.90,1.38,1.54,43.64,76.01,55.24,87.22,3.3852652146760374,5.103474103054031,1.8610524933831765,1.096913334298879,44.80536069147992,29.34459851961583,2.2298863838426772,0.4776231898739933,2.1110909366980195,0,8.230548593681306,3.578014399856329,5.559539441484958,1.711615862445906,6.276724890451878,4.6239592261519284,0,4.75014678761363,58.400820656230934,5.176219939021394,0.895786928711459,,-0.60,4.10,-4.96,84.82,120.24,900.87,141.17,1015.87,271.17,960.87,169.17,1037.87,169.17,995.87,197.17,1000.87,266.17
45.528,0,1.72,1.62,0.64,1.80,58.33,1.09,1.64,1.03,1.69,42.29,68.30,56.74,96.58,4.576692026671953,2.1199389000190423,1.0532371746888383,1.0215353493671864,43.1712752432197,21.137815016321838,1.7162314013112336,2.415208262950182,3.4585489314049482,3.5423476454243064,3.9400606392882764,3.1077790756244212,1.1924347104504704,1.8150419326778504,10.70546763420105,1.0137604748504234,1.6510432749055326,5.314065708313137,59.89750156033344,0.35244783014059067,0.18881076201796532,,-4.37,1.22,-1.87,85.26,118.72,899.02,141.19,1014.02,271.19,959.02,169.19,1036.02,169.19,994.02,197.19,999.02,266.19
45.655,0,0.36,1.30,0.22,1.40,51.78,2.02,1.91,0.93,0.72,48.22,73.36,48.65,91.39,4.865202419226989,1.8813638465944678,5.36137932096608,3.109848195947707,43.38248241343276,36.06169630168006,3.6434758296469227,4.4463178944960235,0,3.6596473683416844,2.6648587491363287,5.260694480501115,3.1407567257992923,0,13.686401323974133,1.2324251597281544,0,7.194977757055312,49.518672916669,0.84122552908957,0.4501019809395075,,-2.77,-1.15,-5.57,84.32,117.50,899.30,141.08,1014.30,271.08,959.30,169.08,1036.30,169.08,994.30,197.08,999.30,266.08
45.771,0,0.86,1.54,1.88,1.03,38.68,1.69,1.03,1.09,1.35,62.41,72.04,37.53,90.09,0.798923575533554,4.052082516299561,3.9485795065294953,4.643065740894526,29.087784141084867,30.87142563192174,4.678469508350827,4.858748877737671,1.1330490070395172,3.7004045155644416,4.807066740933806,4.244126535719261,0,2.9745870417356493,11.747840335909277,2.807151449965313,0,9.587245511356741,38.49899701533315,3.471833497285843,1.1133158882148564,,-3.29,1.69,-0.80,85.43,121.17,900.61,139.74,1015.61,269.74,960.61,167.74,1037.61,167.74,995.61,195.74,1000.61,264.74
45.949,0,0.34,1.73,1.96,1.44,37.21,0.01,1.80,0.81,0.59,63.72,65.77,31.65,88.55,2.490108592780307,5.317665804550051,2.4307170605147257,3.430354477223009,29.638456732624906,17.478724430780858,2.1245111259864644,3.1322565066814425,4.588530724402517,3.8064215115644036,4.60058439290151,1.3777879665140063,3.5012326575815678,3.509732751464471,11.102781179565937,3.5253549670241773,4.913962383754551,1.2036301651969552,39.65014380811364,0,1.811365476809442,,-2.71,4.91,-5.00,84.09,122.12,898.41,138.44,1013.41,268.44,958.41,166.44,1035.41,166.44,993.41,194.44,998.41,263.44
46.174,0,1.06,1.90,2.07,0.18,21.53,1.66,2.15,2.09,0.27,77.64,51.35,17.94,92.91,0,5.1848193112295125,5.057910057022236,1.1673228058777751,21.460393900114596,28.383282389026135,4.489531305362471,2.618885536752641,2.4086453444324434,2.840889521762729,1.8724910407327116,1.3830363107845187,2.8926689196377993,0,8.950909014306962,0.8146035900432618,4.025205635931343,4.880476052872837,25.316551825910764,0,97.16466690087691,,-4.33,1.09,-2.95,86.97,122.47,899.53,141.63,1014.53,271.63,959.53,169.63,1036.53,169.63,994.53,197.63,999.53,266.63
46.462,0,1.44,2.08,0.09,2.09,3.41,0.85,2.12,0.04,0.68,94.16,56.50,1.65,88.60,0.2825661699892952,3.4993874130537734,0.5301621853141114,1.1345233047846701,4.577510981340744,11.691378771327436,2.9152770881773904,1.5673810926266016,5.750770274782553,3.7544263245724143,6.580684143584222,2.557432684348896,0,4.072471381286159,7.779528132006526,2.838140324563719,3.8445859192870557,3.1097650998272,7.218149324528284,3.787434298545122,1.4254537182860076,,-2.06,5.71,-3.72,86.23,117.00,901.74,138.97,1016.74,268.97,961.74,166.97,1038.74,166.97,996.74,194.97,1001.74,263.97
46.634,0,1.66,0.16,0.05,0.69,1.97,1.18,1.40,1.95,1.29,93.25,48.79,-2.95,88.22,3.388576336288825,3.684971871133894,4.918727332605049,0.47877036811783924,4.225268111107871,15.736073628999293,5.550103323417716,0.23666667379438877,2.54762228182517,2.55045287437737,3.5633687367662787,5.551350834779441,0,2.0620011556707323,4.607571065742523,1.1779104721546174,3.664521796628833,7.908823578618467,4.889474262828007,1.5841818687040359,3.385474395705387,,-5.29,0.49,-3.25,86.34,117.33,899.61,139.28,1014.61,269.28,959.61,167.28,1036.61,167.28,994.61,195.28,999.61,264.28
46.823,0,2.07,2.18,2.03,0.31,1.47,0.78,1.21,1.85,1.81,92.54,51.96,-7.77,94.31,2.51540182728786,2.5539285144070165,6.420078814323061,2.601279136678204,8.8044450439699,30.42689091619104,2.240107323066331,4.918294606562704,2.909342979080975,1.659429484885186,5.586521599441767,0.5507581029087305,3.4511757167056203,0,8.590128250736743,2.332810776080005,3.4495058665052056,0,3.490000559333712,3.985044677508995,69.27013176679611,,-3.33,2.48,-3.73,86.83,119.95,899.39,141.48,1014.39,271.48,959.39,169.48,1036.39,169.48,994.39,197.48,999.39,266.48
46.951,0,1.08,1.06,0.42,1.36,0.63,0.07,1.63,1.01,1.03,94.94,41.73,-6.16,89.67,3.6862323455046866,1.6988218758720905,4.7708865572419015,2.67968569373712,7.218347059916705,39.33182998979464,2.9879358255770057,0.8359162894822658,2.9252298802603036,0,0.5364835965447128,2.7802605852484703,0,4.783098148014396,13.416486114375292,4.996443537613377,4.31993147265166,3.3393800538033247,7.217537101414055,4.090353103354573,0,,-2.37,1.04,-3.05,83.52,117.18,898.92,141.21,1013.92,271.21,958.92,169.21,1035.92,169.21,993.92,197.21,998.92,266.21
47.142,0,1.75,1.30,0.75,0.08,1.69,1.32,1.41,0.64,1.18,93.31,42.35,-5.28,87.30,1.5890608167462053,4.356875250535086,1.0986455708276481,3.517708757482469,7.1928044086135925,16.09945826837793,2.2190611502388493,3.2641733551584187,0,4.555828233100474,3.863482948858291,1.8108823571819812,3.79150496609509,2.622899375054985,11.045547054205091,5.1083707573544235,2.2291446207091212,5.426092647016048,4.608831148184836,7.170234888093546,0.3007388957776129,,-3.47,3.30,-2.95,86.38,119.82,901.91,140.50,1016.91,270.50,961.91,168.50,1038.91,168.50,996.91,196.50,1001.91,265.50
47.466,0,0.17,1.17,1.83,0.66,1.66,1.00,1.35,2.00,0.85,95.58,43.83,-5.31,93.22,5.365897273370065,4.738289301586337,1.4749664291925728,5.956914353249594,8.32891738276463,33.44960838695988,2.54545668005012,2.992286789827049,2.9618854902219027,0.8235617852583528,5.723606512416154,0.23808841197751462,0.5054639121517539,1.4543432449921965,17.20745979692787,1.7749036538368093,4.288603540044278,1.962131526786834,3.5620907091582197,3.041108231758699,4.382759966421872,,-8.44,5.09,-4.15,84.67,117.35,899.66,139.03,1014.66,269.03,959.66,167.03,1036.66,167.03,994.66,195.03,999.66,264.03
47.556,0,1.30,0.47,0.58,0.04,0.47,1.62,1.78,0.63,1.33,94.53,53.00,-7.17,87.98,3.589340021684766,0.3827001786790789,3.2431745703797787,5.035671208500862,4.665366320870817,25.003958650399,6.221341160289012,0.22068299943581238,2.033904507290572,4.810264694970101,5.966536341235042,0.8787667118012905,0,0.6602601128257812,5.735304570030421,3.1780560044944286,0,0.6130512533709407,2.6897863592021167,1.997791887493804,2.1167410095222294,,-4.16,7.38,0.14,86.55,122.49,899.19,139.55,1014.19,269.55,959.19,167.55,1036.19,167.55,994.19,195.55,999.19,264.55
47.890,0,1.21,1.55,0.68,0.03,1.83,0.17,0.89,0.18,1.48,94.09,43.87,-5.10,96.71,3.4576870658900587,2.3058225981891156,2.9411626078141855,3.421307354401797,4.296756977373734,40.51122027169913,4.441063602827489,1.711048704124987,3.4854174265637994,0.22963352102786283,5.31957969116047,3.928022471256554,5.3394048060290515,1.772094154926017,9.042380559556186,3.7887235998548565,4.702141661662608,6.786808867007494,3.9648855582717806,0,2.6339365770109,,-3.98,3.26,-3.50,85.26,119.28,899.83,139.68,1014.83,269.68,959.83,167.68,1036.83,167.68,994.83,195.68,999.83,264.68
47.969,0,1.67,0.37,0.67,1.27,0.10,2.15,1.05,0.87,2.18,95.46,44.80,-2.56,88.37,1.436946258721873,3.341463146684691,2.107676999312826,3.6497925388999284,7.37881712674629,47.660400225780904,3.968366434657946,2.998375534620136,3.170777224935591,4.238887463975698,2.6761120464652777,0,0,0.5369322518911215,6.137995046433061,2.5019389100093394,3.298868735320866,8.502960573416203,2.932623286959715,0,3.0179137783125043,,-8.17,2.59,-2.76,85.44,118.17,901.04,140.71,1016.04,270.71,961.04,168.71,1038.04,168.71,996.04,196.71,1001.04,265.71
48.171,0,0.29,0.53,0.01,1.57,0.17,0.21,0.39,0.53,0.17,96.06,47.36,-5.82,81.51,4.138659755727276,2.6733701853547247,0,4.127767549604178,5.389130764324218,45.582378178369254,3.707794054620899,1.5296602217294275,4.786649019923061,0.11202169444411991,8.024309195112437,2.9689846993424,0,2.776175544159487,7.909987309426069,2.1591227765474468,4.724809848703444,5.779640292283148,7.691521128099412,2.587975183269009,0.41684527276083827,,-3.53,6.12,-1.13,84.64,117.30,900.74,138.32,1015.74,268.32,960.74,166.32,1037.74,166.32,995.74,194.32,1000.74,263.32
48.377,0,1.74,2.20,0.30,1.46,0.92,0.93,1.95,1.59,1.17,92.87,47.22,-2.43,92.53,0.4734592123422776,4.463421893818304,4.987776893973351,6.603905882053077,5.346065630195662,39.50926163699478,5.260634747403674,4.448542204089463,0,2.2854660824127495,2.7503859121352434,5.597691280767322,0,4.9821358089149,12.705893327705562,0.29718549682758777,0.5028039058670402,3.423471154179424,6.3505897406768055,5.46632220572792,0.28470714250579476,,-4.85,3.16,-1.27,84.53,122.50,901.24,141.19,1016.24,271.19,961.24,169.19,1038.24,169.19,996.24,197.19,1001.24,266.19
48.614,0,0.39,0.40,0.82,0.43,0.64,2.01,0.43,0.82,1.03,94.36,48.26,-0.47,88.25,1.3428781042946505,0.5520090045174584,0.01011964823585032,4.177537300484255,3.2767547029070556,43.01496459171176,1.218928101961501,4.23392987811938,4.064255194738507,0.174957035854459,1.2497324338182807,5.498383806319907,0.5863313097506762,1.39155138858594,6.741758007928729,0,3.7020535222254694,0,3.3316152067855,3.5843397891148925,2.1364065357483923,,-5.59,8.58,0.29,86.40,120.02,901.23,141.89,1016.23,271.89,961.23,169.89,1038.23,169.89,996.23,197.89,1001.23,266.89
48.897,0,1.06,0.18,1.14,2.18,1.36,1.24,1.65,0.74,0.74,93.16,44.12,-0.26,93.26,4.78869051957503,1.0709063458256423,3.545086330990307,5.9973959776759145,5.975732999970205,10.543465313035995,0.8196975816274064,4.152118016537279,2.7371302344836295,4.548743676673621,4.111473432742059,4.382769810268655,1.0464325044304132,4.0473474611248825,8.839814046565444,0.7567528805322947,0.26940286066383123,3.9563373904675245,5.680599019746296,4.586274747736752,0.16650905669666827,,-7.10,6.97,-1.70,83.15,119.31,900.32,141.93,1015.32,271.93,960.32,169.93,1037.32,169.93,995.32,197.93,1000.32,266.93
49.187,0,2.18,1.04,0.46,0.31,0.93,1.53,1.39,0.66,0.30,94.89,48.36,-7.92,87.10,0.23192009192425767,1.9036584079964087,2.6975168765243147,1.9845404703263196,7.747084317305125,47.66934580449015,6.147783837537281,2.9430790936760607,1.1692090013530105,3.6009589024446904,0,1.8806476334575564,6.705848763696849,3.6378391125611964,11.302894781269133,2.886839778223075,2.8181184926070273,0,3.5848757265275344,4.891877393703908,0,,-4.64,9.30,-1.70,86.21,118.82,900.00,140.21,1015.00,270.21,960.00,168.21,1037.00,168.21,995.00,196.21,1000.00,265.21
49.455,0,1.63,0.61,1.53,0.67,0.34,1.99,2.11,1.09,1.49,93.88,51.59,-7.45,93.43,4.332531355787069,1.7742911217734219,4.061679630232975,3.0956725327670576,3.089193064188585,46.383645333349705,4.873355494858697,0.49855225322768115,3.047608505701646,0.2046436002478007,7.045732063706964,3.5122016000095755,6.163967467378825,3.5767022597789766,15.314045011457056,0.10761731578037148,0.643113283906132,6.644632289651781,5.107287445487454,1.800685313064605,4.250326961511746,,-4.56,10.49,-1.50,83.69,120.52,898.68,140.69,1013.68,270.69,958.68,168.69,1035.68,168.69,993.68,196.69,998.68,265.69
49.601,0,0.12,1.44,1.39,1.54,1.84,1.66,0.78,1.83,2.18,94.05,54.50,-6.59,93.88,1.443048089710064,3.0260013884631918,3.591716521605849,0.49327864359132967,4.435067021227441,13.085071320645511,6.0235820529749615,0.03577013943344376,1.5513925596605986,4.024774331469089,4.874719746876508,1.3880568472668529,0,0,11.945665285289287,1.0674938637437297,3.6446539722383022,7.0991157395765185,6.598197843269445,2.708464492345229,0,,-7.90,7.89,-2.11,83.56,121.47,900.49,141.45,1015.49,271.45,960.49,169.45,1037.49,169.45,995.49,197.45,1000.49,266.45
49.680,0,1.19,1.57,1.23,0.79,0.04,1.46,1.27,2.06,2.04,92.82,45.30,-4.82,94.04,0.27454267912078656,5.587698913761415,1.6576184146013113,3.2664008916076273,3.4532808854477484,16.90776561293751,4.638694756408222,2.3874149054102602,4.584621356334537,2.065402170531452,0,3.67043013474904,5.478867779485881,3.650083452872932,4.390325554925949,3.141169114015065,4.798920742236078,0.4074821947142482,6.83040092845913,0.8658369944896549,1.3875604164786637,,-7.29,9.06,-2.18,83.93,117.96,899.19,139.27,1014.19,269.27,959.19,167.27,1036.19,167.27,994.19,195.27,999.19,264.27
49.811,0,1.39,0.17,0.82,1.66,0.04,0.12,1.20,1.81,0.98,93.48,46.52,-3.51,94.26,3.493165740254335,2.691887497785501,1.6623179989168424,0.40870877566747366,4.779532157336361,33.255560770165175,2.7997365568298846,1.9843723041936756,3.8617626409977674,3.7097162809222937,0,7.237823399249464,2.361321364995092,3.2893794686626645,10.412928387057036,3.6383742281468585,5.3815286960452795,6.888896401040256,3.6059956394089383,6.715160632738844,0.25751405535265803,,-7.49,10.61,0.07,83.46,122.36,901.97,140.34,1016.97,270.34,961.97,168.34,1038.97,168.34,996.97,196.34,1001.97,265.34
49.901,0,1.06,0.87,2.13,0.63,0.77,1.37,1.83,1.94,0.72,94.76,48.14,-4.87,91.63,4.7527671284647655,4.390816253260709,3.244053293722682,3.8326139659155163,6.147340205186047,14.084689032286406,2.1495955040911214,3.6697173957154154,0,1.1871157393977048,4.980177893768996,2.4622493081260473,1.4327125833369792,5.077266238452866,13.198900996800512,0,5.147501033730805,3.1758390236645937,4.6503710535867135,5.774062394630164,2.986133916070685,,-7.50,9.80,0.51,86.54,117.07,901.58,140.85,1016.58,270.85,961.58,168.85,1038.58,168.85,996.58,196.85,1001.58,265.85
50.025,0,0.49,1.16,2.04,1.89,1.50,1.07,1.70,1.73,0.16,92.90,54.59,-2.32,94.23,5.13771825893782,1.270187975699082,2.3026973730232565,3.1008213043399158,8.412341132787986,41.11199743906036,2.926031186012551,2.221159416437149,4.855590469669551,3.311008560135961,1.6117949299514294,3.571817160816863,4.251130623277277,1.2079874846898018,8.434905523974448,5.428606588216498,0.19262057030573487,3.9163140105083585,8.137639745706693,2.095408604014665,84.40895839268342,,-3.18,8.96,-1.41,86.71,120.78,898.01,141.95,1013.01,271.95,958.01,169.95,1035.01,169.95,993.01,197.95,998.01,266.95
50.274,0,0.30,0.47,0.87,1.59,1.97,0.31,1.35,0.91,0.87,92.98,47.85,-3.29,88.01,3.8292079363996163,0.7843073808820917,1.1205963921407238,3.2859903690125796,6.189229697217233,44.44292312907055,2.294507655198686,4.667182073369622,4.147953663952649,3.398144495561719,1.9715221398510039,0,4.010634857229888,4.163248285269365,12.147303080260754,3.9079820894962176,3.2328102593310177,9.02432089112699,3.785243334542029,5.951999339740723,3.749933226965368,,-2.64,6.60,-2.48,85.83,118.52,899.99,139.80,1014.99,269.80,959.99,167.80,1036.99,167.80,994.99,195.80,999.99,264.80
50.510,0,2.17,0.43,1.30,1.66,2.09,2.10,0.56,0.66,0.19,93.75,41.12,-1.31,88.02,1.3965094273444265,1.7996835136786102,3.349555473686196,1.8853918726928534,4.96832515180111,14.495264240540564,5.6348973600193855,0.9699778563529255,2.5047538932412863,2.877557084131986,1.6366646750830114,6.677260579308495,5.643436785321683,4.949391521578654,3.691434624772519,3.7656092539057138,6.654999241698533,1.261618822813034,8.386622476521879,5.4507555605378,0,,-8.11,6.08,-2.04,84.64,118.10,900.47,140.52,1015.47,270.52,960.47,168.52,1037.47,168.52,995.47,196.52,1000.47,265.52
50.600,0,0.22,1.62,0.44,1.43,0.40,0.03,0.30,0.85,0.31,95.71,47.51,-4.24,90.81,4.347186957173981,4.4378072759369385,0,3.8720842051599176,2.565474811461754,27.23949551070109,1.353584603429772,4.500692828949541,2.6954989472869784,3.271395548749715,7.726146487053484,2.313167488668114,0,2.005172151532024,9.064204759262502,2.78778616908472,0,0.48830103501677513,5.0220262391446155,0.2239169804379344,58.525420206133276,,-2.80,9.15,2.53,83.63,120.68,900.24,139.69,1015.24,269.69,960.24,167.69,1037.24,167.69,995.24,195.69,1000.24,264.69
50.690,0,0.59,2.03,2.17,0.13,0.04,2.11,0.84,1.38,0.81,92.78,49.14,-4.98,90.97,4.477985881068744,1.9820814925013108,2.8101908437721432,3.979862473318353,4.7553743217187,30.82498045731336,6.797280871286057,3.212738145031035,1.0236212774179876,3.8158972733467817,7.147294764406979,6.209385125664994,0.5104044964537024,2.427519997972995,10.584708083104342,5.036128673464991,5.508419580291957,7.818942010402679,7.300262408270501,1.0323795257136226,2.3291408631484956,,-2.48,5.11,0.21,86.40,120.84,898.35,139.43,1013.35,269.43,958.35,167.43,1035.35,167.43,993.35,195.43,998.35,264.43
51.027,0,0.46,0.22,1.67,0.39,1.08,0.44,0.13,0.06,0.34,94.27,54.63,-0.08,91.51,4.015216466048733,2.1659048528410496,5.038258946393617,3.8172304441966114,5.6341462850151585,35.64179919613525,1.7827650528633967,5.60169043885544,4.572609187569469,3.340383741836995,2.6723647294566035,6.557723201345652,6.095457312650979,2.5128725926112385,14.856390950772912,2.2071969548985364,0,2.796449457295239,3.008331683170982,4.940593474544585,98.44060935359448,,-4.30,9.35,1.94,85.03,122.01,899.48,138.25,1014.48,268.25,959.48,166.25,1036.48,166.25,994.48,194.25,999.48,263.25
51.355,0,0.64,1.15,0.14,0.81,0.58,1.56,1.30,0.80,0.12,93.39,46.59,-6.87,87.06,3.9008685043500737,2.5228964063571766,0.6821928314538672,4.500787280322984,5.420931767751463,24.542013173457235,5.8643281605793165,0,2.5229087825864553,5.188639569431544,0,2.041098894784227,0,2.9249717839527873,14.370040763821454,1.8255846940679477,4.17168214218691,6.78373469831422,6.3680287924548615,0,2.024196012876928,,-4.60,10.76,-0.59,83.99,122.73,901.13,138.77,1016.13,268.77,961.13,166.77,1038.13,166.77,996.13,194.77,1001.13,263.77
51.514,0,2.18,1.73,0.29,1.78,1.60,1.43,2.01,0.35,1.27,92.99,53.02,-0.23,93.10,2.9692698585195467,5.824080922896973,1.89745942581445,3.977593905208632,3.2069834954896947,23.046843841206282,2.933952512475662,2.755948677584529,0.24918396049179137,2.3548372962698343,0.93066779198125,3.5361058739945292,3.0738323545083404,1.9678398806229236,11.275895209815353,0.6828120698826385,0.11380782537162304,10.236868877895176,8.632021662029437,2.6881092968396842,0,,-2.49,7.55,0.28,86.83,119.55,900.99,141.54,1015.99,271.54,960.99,169.54,1037.99,169.54,995.99,197.54,1000.99,266.54
51.665,0,0.96,1.80,1.01,1.41,2.02,0.74,0.91,2.07,0.16,95.07,43.42,-4.55,96.87,0.5041120433481412,4.535089336032979,2.8483600033819676,0.8210713049303742,4.27804074080661,43.16091885743663,2.7845176364760844,0,5.5191255821846426,1.7432417656295,7.3198305778205395,0,0.8387222425080836,0,8.641724824756384,0.6383429104508833,0,2.0340960170142353,5.620426429584622,3.9327427519019693,81.68596774945036,,-6.26,5.64,-0.22,85.02,118.47,898.09,140.49,1013.09,270.49,958.09,168.49,1035.09,168.49,993.09,196.49,998.09,265.49
51.890,0,1.13,0.10,1.15,0.08,2.17,1.10,1.54,0.53,0.60,92.69,43.51,-1.16,89.85,0,2.4523798983311282,1.4949771054973828,4.818476195754483,8.730896074082702,45.97169462079182,3.577353806118481,0.29204814741387963,2.8521454338915646,2.6259799938090147,1.3671186212450266,0.9913990858476609,0,4.624368252390996,16.559013639986517,2.9565129621932282,1.1374958674423397,9.204488014802337,5.7762117519788445,1.5480993569362909,1.8272287985309958,,-4.91,10.80,1.24,84.05,117.98,900.75,141.43,1015.75,271.43,960.75,169.43,1037.75,169.43,995.75,197.43,1000.75,266.43
52.060,0,0.87,1.05,2.12,0.38,1.95,0.58,1.90,1.84,1.16,94.65,49.62,-6.94,88.67,2.6745543085457757,0.9559136139461772,0.22545785890426506,6.015233150767163,3.5341333227092395,51.40007358370349,5.174466253560968,0,0.2943717804737389,0.47316151708364496,5.789417315740138,0.5434290196280926,0,0.5866673177573829,12.623938787113875,5.364279185659252,0.5101069617085159,8.469141115434468,6.438333207829856,5.641535239527002,4.8225041998084635,,-0.82,7.48,2.95,84.68,117.70,900.28,141.75,1015.28,271.75,960.28,169.75,1037.28,169.75,995.28,197.75,1000.28,266.75
52.135,0,1.17,0.04,2.01,0.63,0.28,0.64,0.47,0.68,1.51,94.07,50.65,-6.33,87.43,0.10814823534339668,0,1.962558054691181,4.053634852170944,5.787454184722155,42.31353760417551,4.068681423272937,0.6739738895185292,0,0.7871717753633858,2.6091710454784334,0,6.350111772771925,0,8.243945663273333,1.223244610549882,0.9986934522166848,4.199470339342952,4.225387647692115,2.3942380633670837,0.5096049075946212,,-4.80,9.14,3.75,84.32,122.05,900.18,140.08,1015.18,270.08,960.18,168.08,1037.18,168.08,995.18,196.08,1000.18,265.08
52.460,0,1.41,1.24,1.90,1.84,1.66,2.13,0.99,1.89,0.05,94.87,42.74,-2.98,90.62,3.875600706934929,1.7126819621771574,3.7088875502301377,4.6784011487104,3.638088056687266,19.257112210150808,3.187391508743167,0.46035586634650816,3.1899951801169664,1.0812698614597323,4.160561794415116,6.0676543693989515,0.4524492113851011,2.591422953074798,12.868764072097838,0.39030433893203753,4.024231176357716,2.9456443223170936,7.207874043677002,1.391718881437555,3.0951019464991987,,-0.46,4.52,0.63,83.78,117.27,901.79,138.20,1016.79,268.20,961.79,166.20,1038.79,166.20,996.79,194.20,1001.79,263.20
52.753,0,0.11,1.93,0.08,0.79,1.37,1.60,0.71,1.25,0.96,95.22,44.38,-0.51,95.99,2.5987087112898006,0.7818664074642583,4.100787851298228,3.2373963687103244,5.710978505848907,19.427716972772032,0.5218467510538174,3.8100598393566907,5.002772785723209,4.110482304710895,5.4829776445403695,4.559832086553797,3.366715595126152,2.67072408862412,6.689226656947285,4.506389222652651,1.2415658384561539,5.5074134725146,9.06810822241474,5.017495799344033,3.7172526789363474,,-5.26,5.21,1.21,85.33,118.34,898.84,138.77,1013.84,268.77,958.84,166.77,1035.84,166.77,993.84,194.77,998.84,263.77
53.048,0,1.02,0.73,1.78,1.10,1.17,1.95,1.37,1.06,1.69,94.95,47.52,-4.98,91.07,1.4931912566674876,1.0660653170431034,1.2816008216002959,2.241435708766803,7.261082503274083,21.273981760255992,3.175642059650272,0.5460591308772567,3.097671455005184,1.6730826824717226,0,0,2.2597261983901262,3.605239395061508,8.14402788348496,2.04827371110674,0,1.6861637691035867,5.703863019924611,0,1.7467685819137841,,-4.63,9.27,-0.30,86.26,120.04,900.85,140.02,1015.85,270.02,960.85,168.02,1037.85,168.02,995.85,196.02,1000.85,265.02
53.287,0,0.39,1.33,1.25,1.35,0.83,0.93,2.14,0.18,0.75,93.40,49.14,-6.34,87.42,3.4473194033605976,0.9695455977926031,2.2525211280211805,4.115785708585754,7.200774076976813,25.61016013333574,4.739826031401753,2.209356308467686,0,4.7155388150736695,0,1.1950245019979775,3.058709967881441,0,12.934819011483341,1.2398214949062094,2.185088594444096,2.6107765389606357,7.774467185954563,0,3.108643563464284,,1.13,4.10,4.24,85.37,121.55,898.49,140.19,1013.49,270.19,958.49,168.19,1035.49,168.19,993.49,196.19,998.49,265.19
53.547,0,1.62,0.20,0.17,0.15,0.54,0.58,1.24,1.77,1.24,95.74,46.33,-7.33,94.59,3.7741865088790654,5.615206440538168,2.550542451883666,4.772795639391989,6.606446243892424,18.634290527552366,4.481233364599757,2.3302722582034767,4.003100253175944,3.22175526663661,3.2732829228043556,3.3794487717095762,3.287890530657023,0.549019590234384,7.595367347616701,3.8194933980330825,4.374012617859989,7.580692381132394,6.860437997174449,0.7949955989606678,0.04112743400037289,,-4.06,9.75,1.94,83.74,118.24,899.65,140.02,1014.65,270.02,959.65,168.02,1036.65,168.02,994.65,196.02,999.65,265.02
53.649,0,0.44,0.41,1.25,1.09,1.49,1.67,2.20,2.04,0.92,94.15,52.54,-6.98,94.36,4.887768326955847,3.7703988482011486,0,1.3430374312493951,5.556309510804713,22.977034712210298,5.7982479722239075,3.302790709733963,2.8962778055574745,2.8345755084604027,1.4916646080091596,0,3.555246450472623,5.043362911641598,9.834899422600866,3.90271038914565,1.4113314310088754,2.905580183956772,6.140362773630768,2.5782438113819808,0.06710572633892298,,-1.63,3.68,0.73,84.22,121.22,901.00,138.44,1016.00,268.44,961.00,166.44,1038.00,166.44,996.00,194.44,1001.00,263.44
53.961,0,2.16,1.82,0.34,1.85,0.22,2.03,1.84,0.95,1.01,93.16,45.52,-6.27,92.87,4.431941080805846,4.9689525295281785,1.5638982141111049,5.648649084595964,3.15645438071806,34.96360432961956,2.5961810333421456,4.4338121119327845,3.669720924459398,1.576662832684815,0,2.3396928887814283,2.985700463410467,1.9064135068655013,9.142245557848364,4.6616266472777355,3.20765692461282,7.615087850019336,5.992509550764225,5.280147574143484,2.223922637058422,,2.22,3.14,3.72,86.06,120.69,901.54,141.69,1016.54,271.69,961.54,169.69,1038.54,169.69,996.54,197.69,1001.54,266.69
54.041,0,1.27,0.35,0.08,1.40,0.95,0.65,1.89,0.99,1.18,93.50,47.63,-3.63,91.58,4.612346820700914,2.336557410331443,4.997401305735111,6.385848359055817,4.869163702349178,15.73449403885752,3.2374453379772605,0.5736820941232144,3.821239900076762,2.2203985217772426,1.183861447032541,1.328145855339244,2.24839361384511,4.937987564448267,8.83995789580047,3.916559127243236,0,4.065994726493955,5.160223554358818,2.2541572428308427,4.399975203210488,,0.53,7.08,1.57,86.60,119.57,901.78,140.70,1016.78,270.70,961.78,168.70,1038.78,168.70,996.78,196.70,1001.78,265.70
54.214,0,0.46,2.04,0.70,1.07,7.13,1.06,0.46,0.27,1.21,88.29,55.95,0.73,90.58,0,3.860258245887235,1.9045692068245264,1.9057561815530062,7.922474497066599,37.29331185435876,3.7061177358962594,5.021157350260765,4.961580170784146,0.542858818974346,5.660135481040925,2.0386997275054455,5.6720376131124794,3.290551202427596,14.896247251927853,1.5091649047378453,3.6799188256263733,7.716561192180961,13.062007125422351,4.394340552389622,1.4405166583601385,,0.74,8.46,3.83,85.45,118.54,898.83,141.76,1013.83,271.76,958.83,169.76,1035.83,169.76,993.83,197.76,998.83,266.76
54.274,0,1.61,0.10,1.99,0.97,8.18,1.84,0.67,1.77,0.50,88.04,53.87,2.58,95.69,0.893526585842483,3.8103071859804913,0.6864681321429087,2.5761444304604084,11.296905756997779,38.315352332312614,6.460734809562564,4.293761614374817,0.2286366994958371,2.255980992335826,1.909175828564912,2.275720037287101,0.29761258140206337,3.3951932334247976,16.05825589010492,5.04642062310595,3.0744982110336423,0.586312388535589,11.5181087441974,0.7801856703590602,0,,-1.77,4.15,2.34,83.22,119.60,899.66,141.14,1014.66,271.14,959.66,169.14,1036.66,169.14,994.66,197.14,999.66,266.14
54.337,0,2.06,0.09,2.14,0.52,9.13,0.96,1.57,0.47,0.92,88.47,51.96,8.69,87.02,2.155091532599181,4.683655154565349,2.645125505020842,4.33116216391325,12.106704851473905,30.632733257021755,1.7139923646813262,0.874133479204029,0,4.012121188864112,0,4.168715542415157,4.168703345116228,2.299318896178156,11.539740110952408,0,0.041722086258232594,0.9449338964186609,16.198392548752835,2.302680505439639,0,,3.06,6.37,1.90,85.51,118.82,899.91,138.36,1014.91,268.36,959.91,166.36,1036.91,166.36,994.91,194.36,999.91,263.36
54.628,0,0.57,1.25,1.51,1.29,30.71,0.25,0.96,1.27,1.61,67.40,58.40,25.65,90.51,0.7616189598385246,4.614535745559261,5.727367725586519,4.225816670581699,28.23793089701791,16.004801228642464,3.650649905577302,0,2.0945461220107973,1.8873432372882961,7.042190698441118,1.1671627452597022,3.7086595888249576,0.2371259505487977,9.219497656617314,2.736368402382359,2.6532012918032706,4.959847209043801,31.55370411378594,4.873457571491599,3.1196048443671316,,-1.54,4.19,1.38,84.87,120.16,899.10,138.04,1014.10,268.04,959.10,166.04,1036.10,166.04,994.10,194.04,999.10,263.04
54.777,0,1.58,0.72,0.15,1.80,51.94,1.03,1.53,0.90,1.43,49.78,65.67,46.76,94.92,3.0653296106262133,4.532338986801915,5.417321091322228,4.698380164084956,40.88264626327272,42.77305006887764,4.013475806312636,4.944944319576026,0,5.246532837357372,0,2.1708326982334256,5.845664057414979,3.8742353487573564,6.120413711424917,5.092461521369405,4.558271694462746,1.3852802175097167,52.77773907109551,4.483217023080215,2.838863109704107,,0.60,5.88,3.64,86.42,121.04,899.67,139.02,1014.67,269.02,959.67,167.02,1036.67,167.02,994.67,195.02,999.67,264.02
54.989,0,0.37,1.71,2.12,1.81,64.60,1.82,1.69,0.95,1.73,36.99,80.78,57.34,92.25,5.691700277212076,4.9565685093170035,5.321491361209191,4.944629595773295,48.32974144365554,48.020517302677035,5.365101022575982,5.07629144847393,1.0935397981666028,1.389075327720493,3.6718154875561595,0,3.218606977723539,0,10.39950461562723,5.121378536229022,1.1471130717545748,5.00071993842721,64.03983001908978,0,0.8338777476456016,,-1.05,3.72,5.57,86.42,119.56,900.29,138.99,1015.29,268.99,960.29,166.99,1037.29,166.99,995.29,194.99,1000.29,263.99
55.144,0,1.42,1.06,0.77,2.16,81.40,0.98,2.17,1.39,1.63,23.77,78.01,73.50,95.29,5.89297250175383,1.6403622134355826,5.636394645264373,3.641088723381981,60.3370704231785,30.14541283296421,2.055384237319231,4.7587269668467345,6.761993794469163,3.9623767578974367,6.99024285748601,1.7037965790368617,7.659316053148359,2.9100776997581126,10.556351586394012,4.44778594723437,0.4022366916760802,1.196087412070483,78.77630639202644,0,2.419964174972847,,2.23,3.12,3.13,84.90,117.72,900.89,140.39,1015.89,270.39,960.89,168.39,1037.89,168.39,995.89,196.39,1000.89,265.39
55.328,0,1.23,1.14,2.10,1.23,68.16,0.17,1.36,1.53,1.54,35.72,75.06,68.15,92.13,2.691092323390767,2.216113954875618,0.8930702886264772,1.1002614371851087,55.040900587514244,46.625227260868996,6.899102098727599,0.9912869560159745,3.8751836083829403,0.9911004770174623,3.5098442095331848,0,3.013978279195726,4.533256921302527,10.66569634553045,2.3102967124059797,0.7164026629179716,5.956075770314783,65.55297032224307,0,2.2206131767015904,,0.34,4.69,2.79,84.03,120.27,900.13,138.24,1015.13,268.24,960.13,166.24,1037.13,166.24,995.13,194.24,1000.13,263.24
55.576,0,1.11,1.59,0.50,2.09,52.11,1.88,0.25,0.22,1.06,48.09,67.79,48.84,96.11,2.965298840776086,0,4.2041694251308215,2.678698592390865,39.50930694651683,17.47772850235924,4.940097308321856,5.161701201237738,3.8890696577727795,3.5329103368148207,2.1288786227814853,3.506895354948938,1.3384982091374695,0,10.837565038930624,4.339823156679049,3.724091734737158,4.299218853935599,50.267376314657035,0.1665910743176937,0.7312312682624906,,1.43,4.96,2.81,84.25,119.76,899.82,139.69,1014.82,269.69,959.82,167.69,1036.82,167.69,994.82,195.69,999.82,264.69
55.914,0,0.13,0.06,0.85,0.93,20.69,0.91,1.02,0.17,1.72,77.43,51.22,20.00,94.00,4.6563225104101,5.1608292271383105,3.0055170115828513,0.5197311136499048,18.2488551132368,14.459453992545605,4.676012450479902,1.903741446696222,0.5486288864631206,2.217497878689319,7.45892500737682,0.8972885818220675,1.0122927390038967,1.1468257251009346,10.729177923742682,4.300885012391955,0,10.023559641558677,25.389065539968264,0,0.7708680506329983,,5.01,1.91,5.99,85.76,118.21,901.83,140.08,1016.83,270.08,961.83,168.08,1038.83,168.08,996.83,196.08,1001.83,265.08
56.052,0,0.84,1.39,0.08,0.01,2.69,0.00,1.36,0.03,1.17,92.68,47.26,-3.56,94.81,1.7696274719899519,4.16370368374046,4.865060659246519,1.3437143468949944,4.196905395149375,12.34658820554614,3.0919573939405383,3.9100459043122826,1.7946382872760296,2.205545574836433,5.043051535729319,6.592885559657589,1.3325890065170825,3.94638803653419,13.174282065853475,3.2751732609095052,4.226807676721364,5.303524657618254,8.30849418480324,4.192271829815581,0.7067302612122148,,2.75,5.19,3.19,83.92,120.71,900.91,140.75,1015.91,270.75,960.91,168.75,1037.91,168.75,995.91,196.75,1000.91,265.75
56.281,0,1.05,0.46,0.79,2.10,0.13,0.67,0.33,0.66,1.95,94.72,43.83,-5.85,96.26,3.3474369515012947,1.8398374794982373,5.385297267455607,6.009409961011261,6.321892076269723,48.914538603276014,3.2491680584615095,4.5439362582378084,2.013104056706652,4.626927089802921,6.312420540489256,2.84312480292283,5.5996234570629895,1.8247334760800005,14.33326722316444,2.7549983398616313,1.9578832727856934,4.893608261831105,3.2403286859719085,0,0.0712920434307307,,2.66,3.94,1.43,85.22,117.44,899.44,140.23,1014.44,270.23,959.44,168.23,1036.44,168.23,994.44,196.23,999.44,265.23
56.451,0,2.01,0.39,1.76,2.06,0.62,0.14,1.37,0.84,0.42,93.60,43.96,-5.17,93.95,1.598937636315823,3.586725869262591,2.3135929781012234,1.7615887727588415,4.336545528601855,33.0696769207716,2.5239140891470013,4.164781900364906,6.222093499498442,0.21875390723347676,5.116859680507332,5.414817118784413,6.377910089213401,4.299058523941785,6.5945888157375165,5.143228109022603,0,3.5220632534474134,3.961512663755566,1.6442885471042246,1.585679023526609,,4.29,-1.59,4.61,85.21,118.92,898.63,140.49,1013.63,270.49,958.63,168.49,1035.63,168.49,993.63,196.49,998.63,265.49
56.514,0,1.19,2.16,1.06,0.63,0.64,0.24,0.83,1.23,0.19,95.23,52.47,-7.76,91.63,0,2.3573250530753285,3.926708932640031,1.716840436179191,8.089784404239618,28.566018720623106,1.3236079880036415,1.9979563816823065,5.991786378668621,0,1.8557913014665246,3.145967840217054,4.224221196491271,4.8671264032833275,13.732534009590745,4.0479001109022645,5.302412668708712,3.755233621224761,3.468635047622956,0.46983855217695236,1.1527197703253478,,4.78,3.05,3.97,85.74,122.74,901.02,139.65,1016.02,269.65,961.02,167.65,1038.02,167.65,996.02,195.65,1001.02,264.65
56.737,0,0.13,1.69,0.18,1.75,0.86,1.31,1.61,1.77,1.81,94.98,47.21,-6.21,87.40,5.319274087320082,0.6972467558225617,0.4446997616207229,6.450031528128311,5.550585771687329,40.0175628750585,3.719721782929264,5.0049087260663505,3.5451121921651065,3.246725563090295,0.9782403605058789,1.9844610812142491,2.9621274224482477,4.938901155861094,10.24503936227411,0.22806107646320006,3.7965581016615033,2.2632996793836355,4.235333681218326,0,1.9062667884863913,,1.52,-0.38,3.72,83.67,119.56,899.20,141.84,1014.20,271.84,959.20,169.84,1036.20,169.84,994.20,197.84,999.20,266.84
56.844,0,0.54,1.62,1.61,0.84,0.30,1.38,1.96,1.97,1.90,93.81,52.32,-3.49,91.05,2.805537154595368,4.473083567875437,1.4340327351912858,4.239423670405522,3.4033151611639187,22.421306886244565,1.2450810698326675,1.7875465106777848,3.929748504422605,0.10924962278455519,0,3.0175986839458346,4.155471755191684,5.107284132242203,10.717430269774049,1.0585230051958936,1.734876424074173,7.931807650718838,6.802198366881348,4.022406694246456,0,,3.84,0.68,1.90,85.27,122.11,900.40,140.16,1015.40,270.16,960.40,168.16,1037.40,168.16,995.40,196.16,1000.40,265.16
57.027,0,0.45,0.90,1.81,1.87,0.46,1.23,0.22,0.09,1.89,94.20,42.61,-5.39,89.97,0,4.546144778933376,2.1487828048923987,3.6307726386003196,7.427377848275937,26.462108954787254,3.413511919043958,1.7555777204781773,0.9348217588849366,3.3275405330210925,1.4256527521647513,6.633486396400258,6.181974166072905,1.8577289113495499,9.260810993686318,3.203671056833118,2.8743197065778077,5.989162019919604,4.935772475334816,6.807403462007642,2.2184844666626304,,3.90,-2.37,1.70,83.01,118.72,901.46,141.82,1016.46,271.82,961.46,169.82,1038.46,169.82,996.46,197.82,1001.46,266.82
57.130,0,1.04,0.69,1.25,0.07,0.70,2.08,1.90,1.68,1.18,94.37,54.51,-1.98,96.47,0.3738975795777515,0.8845463745528832,5.707341891732067,4.5771517479885375,7.8040693562245,43.99130926746875,3.3587183084106074,2.058462560288608,2.295535977697,0.9126149582862855,1.0304409954696894,1.0130376352462918,2.925593609455973,0.2794797592237592,6.809344902634621,1.6261211078381166,1.1764136282727122,5.854365741368383,7.4713642371119935,4.186132992152125,1.651690011844039,,7.03,-1.41,1.92,84.58,117.79,898.41,141.66,1013.41,271.66,958.41,169.66,1035.41,169.66,993.41,197.66,998.41,266.66
57.436,0,0.74,1.20,1.29,2.17,0.22,0.78,0.63,0.56,0.57,93.35,54.30,-1.01,87.85,4.963600180377252,4.176899603777565,3.6515540200751277,5.3279323009308435,7.618372044865973,17.955977759789675,5.902282417099923,2.1257475664280356,0,0,2.184037452097982,2.7945523282978684,1.4113262677565217,4.129531381428242,15.744812749028206,2.9487411185493695,0.030365266371518373,3.2592963725328445,7.252678380119614,3.2170167518779635,3.8736154320649803,,3.26,-1.00,2.38,83.21,118.11,901.68,139.50,1016.68,269.50,961.68,167.50,1038.68,167.50,996.68,195.50,1001.68,264.50
57.757,0,2.11,1.54,0.80,1.62,0.14,0.05,0.21,1.59,0.92,95.12,41.90,-3.62,92.80,2.581919870860875,4.414188282424584,0.5604690745240082,0.8177731585688885,4.035150873791427,40.56905312044546,2.857158059789799,1.4670415677689017,5.565965115558356,0,8.235890159849077,0.4058512377087027,0.26652529276907444,0.3838870518747717,12.693876792192459,2.0281285015959294,2.04179897159338,5.688236991409212,5.681628056876361,2.7255342793650925,0,,2.44,-3.83,6.06,83.22,122.01,899.94,139.74,1014.94,269.74,959.94,167.74,1036.94,167.74,994.94,195.74,999.94,264.74
58.027,0,0.01,2.07,2.14,1.80,0.99,0.32,1.33,1.66,1.10,94.24,50.20,-3.95,92.24,1.9973252110462636,5.070190583961084,0.016600574324838746,1.5349455864913764,3.9186672949464993,25.585216631181538,1.7676164394244553,1.156558082662523,6.9586929669603705,2.155600286088884,3.036910513881594,0,0,3.8712683108169585,13.181938981562853,4.216011650105939,0,4.308365007396787,8.581365739903413,6.608766607940197,2.452829857589677,,6.06,-1.12,1.77,83.80,118.54,900.97,141.03,1015.97,271.03,960.97,169.03,1037.97,169.03,995.97,197.03,1000.97,266.03
58.135,0,2.15,1.29,1.64,0.27,1.95,0.28,1.36,0.24,0.08,94.57,52.20,-5.34,96.67,5.400028379429132,1.9104480376467108,2.2632705835299567,1.7761895831860604,4.478195790350437,39.60448908107355,6.392118645645678,4.496033022124321,3.604135259287432,0.6141641358099879,0,5.284333893330768,3.034689098596573,3.6516448782850057,8.847270833961666,5.068678973019123,0,4.260797765105963,5.4187043457478286,1.2215273007750511,0,,2.63,-1.65,2.86,85.81,119.22,898.54,141.06,1013.54,271.06,958.54,169.06,1035.54,169.06,993.54,197.06,998.54,266.06
58.377,0,1.40,1.33,1.94,0.62,0.25,1.45,0.57,0.56,0.22,94.88,45.50,-4.41,96.54,2.2073025065660477,0,4.1092267868714405,4.226271217092872,3.3084432983119036,17.566725362092257,3.0206152491271494,5.264478165060282,3.7864286503754556,3.5594490008056163,2.2292513391003013,0.048249505925923586,1.4839537125080824,2.9387409589905293,6.4399115097709,4.568229198269546,3.0841687843203545,0.7878332817927003,6.95202852553688,0,1.4557616107631475,,7.24,-3.77,2.68,84.05,117.85,900.62,139.15,1015.62,269.15,960.62,167.15,1037.62,167.15,995.62,195.15,1000.62,264.15
58.676,0,1.16,0.33,1.11,0.19,2.09,0.72,0.84,2.10,0.13,92.86,43.37,-1.11,87.92,1.0901389096910132,2.3256900916108862,2.603922343677841,1.4658786775451151,4.096251966329292,18.61712572304532,0.6085791462566705,0,0,4.2827483864873646,0.7799664884805679,5.325079330941662,2.611153987236321,2.7228894043993206,12.231218568254263,0.5131427104724571,5.339124067220837,2.6676058559678495,6.908501104386524,3.2911678415257484,0.8245917507447302,,3.74,-0.93,4.59,85.43,117.11,898.83,139.05,1013.83,269.05,958.83,167.05,1035.83,167.05,993.83,195.05,998.83,264.05
58.896,0,2.04,1.91,1.52,0.14,1.40,0.22,1.88,2.01,1.89,94.79,53.81,-5.47,91.10,2.1777094917790967,4.70689185548108,4.4087069319421435,6.1418263876158745,4.395246734092943,49.68104780977592,3.124818176054396,1.407118052914739,1.9876509001478553,4.618906622286886,2.9270740910433233,4.29520484386012,3.4063391773961484,5.192605691207573,8.05037055976689,3.076816379711963,1.2340918378904462,3.4488113396801054,7.305304924924858,5.729291636729613,0,,6.08,-3.49,3.12,83.30,118.31,901.61,140.61,1016.61,270.61,961.61,168.61,1038.61,168.61,996.61,196.61,1001.61,265.61
58.965,0,0.31,0.72,0.02,1.93,2.15,2.09,0.08,1.16,0.02,92.70,52.24,-3.84,93.48,3.6596377403847873,2.6697259621229024,0.300911985523999,0.9203148671425883,8.07593813796062,17.907397598493844,4.472714770236053,1.934284591395408,5.033618154004216,3.1256618620827794,2.575059556402266,0,5.0274017890915275,2.745944237764925,11.013449778333307,1.9110253536049275,2.42824131436646,1.8991044322028756,5.972117911609821,2.961303297895938,2.00866707181558,,7.99,-0.06,5.94,85.47,118.57,898.47,138.86,1013.47,268.86,958.47,166.86,1035.47,166.86,993.47,194.86,998.47,263.86
59.148,0,1.87,1.18,1.02,0.84,0.44,2.04,1.87,1.16,2.17,94.07,43.86,-2.57,90.18,1.1303871457045895,5.429952506464906,5.78104372558184,3.3348076201695944,3.5807102518249305,22.282517524436116,2.2971807998837903,0,0,1.4714832636713981,2.6220722515136003,3.3649379131384194,0,5.299202935677021,13.953032879643143,4.765709228361956,1.0947486027143896,5.284255751874298,4.943046371331438,1.827709998935461,0,,8.46,-0.19,1.67,85.17,118.49,898.74,141.63,1013.74,271.63,958.74,169.63,1035.74,169.63,993.74,197.63,998.74,266.63
59.336,0,0.54,1.90,1.35,1.25,1.20,1.01,1.45,1.50,2.01,95.64,49.81,-5.01,87.40,3.1684748769458384,4.591252480121329,1.2108523033792151,3.8829985253699126,5.500642138500698,34.29862496443093,2.3276066570775584,4.983124401718378,5.515974976588041,5.188953403588385,1.2496400834061205,3.5747549128718674,5.82301954831928,5.1073965874779965,12.285731000415982,1.7720132616069169,2.189797061961144,6.03647016454488,7.871215362991206,1.6523531426209956,3.0372962686233222,,8.10,-2.28,2.36,86.39,120.78,899.79,138.05,1014.79,268.05,959.79,166.05,1036.79,166.05,994.79,194.05,999.79,263.05
59.667,0,1.79,1.70,0.26,0.61,0.70,1.51,0.07,0.99,1.10,93.82,54.73,-6.22,93.80,3.855070307264105,0.23142718416638663,4.339230851894245,2.755332106966525,4.201011899425648,35.80546578299254,5.895586203061976,2.7810043939203024,2.803806042764336,5.311783367972821,6.9866001745685935,2.4796402843203396,1.9305881769396365,2.576190225183964,11.38101630423218,2.945553143611178,4.503790239803493,7.0641033803112805,3.2364511252800003,6.8321081639733166,3.392032095696777,,3.74,-7.75,1.63,83.70,117.30,900.77,140.44,1015.77,270.44,960.77,168.44,1037.77,168.44,995.77,196.44,1000.77,265.44
59.884,0,1.48,1.95,0.71,1.73,1.54,1.67,0.97,0.14,1.29,95.59,42.59,-7.29,92.51,5.032330244630575,4.451718404935673,2.938358515216969,2.4088785864785316,4.043863315023482,12.50018852762878,1.8738530377391727,0,3.080045396462083,2.202272650785744,1.8663031132891774,2.599229066632688,0,1.7599503276403992,6.9131690028496084,5.2457627872284505,0,0,3.848683418296278,0,1.572851998731494,,8.05,-4.18,3.14,83.60,119.87,899.37,138.77,1014.37,268.77,959.37,166.77,1036.37,166.77,994.37,194.77,999.37,263.77
60.043,0,0.99,0.24,1.14,1.53,1.21,0.90,0.14,0.62,1.05,94.01,54.16,-1.80,91.47,4.580310746920295,0,5.785582767883316,1.217465943871066,7.609127482096665,18.523822548333555,1.8378264400176705,2.613191805519164,0,3.4249837385490536,5.32762649981305,2.205492381704971,4.967619374860078,3.692352617364377,16.07928901940584,0,3.1718275072053075,4.144768257625401,8.293316312809475,6.926311952993274,1.2398443082347512,,6.72,-3.59,4.90,86.33,122.09,900.64,138.70,1015.64,268.70,960.64,166.70,1037.64,166.70,995.64,194.70,1000.64,263.70
60.240,0,0.40,2.00,0.72,1.11,1.06,0.71,0.47,0.31,0.89,94.61,49.97,-0.56,87.36,0.3656252778554334,0,0.9861752671934663,3.8653416605386886,8.087980953906662,35.22121262550354,3.882601746171713,3.34858403051272,3.081151479156688,1.2733078661561015,2.920338245574385,4.4769615065306425,0,2.8786000233888624,5.6550366225093605,0.8968544967984782,6.086389870382845,0,4.426400426286273,5.605114585021511,0.07253834791481495,,8.62,-6.44,4.22,86.23,119.27,901.48,141.41,1016.48,271.41,961.48,169.41,1038.48,169.41,996.48,197.41,1001.48,266.41
60.539,0,1.10,1.11,0.88,0.09,0.15,1.20,1.49,0.19,1.17,96.02,51.92,-0.66,94.11,4.108630076306872,2.247966330056079,4.79771722517442,1.906210233168677,3.0617308548139412,31.59732080809772,6.325701137143187,0,2.618652887409553,4.762972768694162,6.2821596949361265,0,5.599335072096437,5.177074748100713,15.138726343046873,2.8990695799840616,5.401169674005359,2.5243299384601414,2.9699008451914413,0,0.28120166854932904,,4.32,-7.39,2.77,86.48,118.94,898.68,141.39,1013.68,271.39,958.68,169.39,1035.68,169.39,993.68,197.39,998.68,266.39
60.757,0,1.35,0.16,0.42,2.04,1.23,1.42,1.66,0.81,1.72,95.00,48.76,-3.43,88.46,4.183410225282423,4.90144771898631,4.011488141762093,2.360771912233904,2.950732846106402,17.788249921053648,3.900317300972529,0,3.2025681124068797,5.4502800385467705,2.4163580518215895,1.3277542477007955,4.114496245980263,0.6837456521578131,15.877217512968928,2.2496452087676153,5.06340550724417,0,3.608066557818092,4.9995284855831414,0.4217691868543625,,4.16,-6.16,1.93,86.90,118.36,901.59,140.36,1016.59,270.36,961.59,168.36,1038.59,168.36,996.59,196.36,1001.59,265.36
60.940,0,1.49,0.24,1.58,1.13,1.06,1.63,0.32,1.57,0.66,95.54,41.97,-4.77,92.39,3.168439174601808,4.49710811371915,2.136393131236546,4.648570906054228,6.545123211373575,19.042798169422895,2.650891040125862,1.6445438664592804,5.596909598913044,1.4286384926363827,3.663778427056968,0.8107435461133718,2.934739838819951,2.5734561698604375,13.625196226499975,1.6874524768907575,0,2.825005988124758,7.826630282956176,0,4.034193034283817,,6.92,-7.58,3.13,85.51,122.42,901.71,140.62,1016.71,270.62,961.71,168.62,1038.71,168.62,996.71,196.62,1001.71,265.62
61.135,0,1.08,0.32,0.74,0.59,1.39,1.22,1.05,0.67,1.18,95.84,42.14,-6.05,90.92,3.3950265281740575,0,2.7020219544973223,3.559670916814357,8.636344899954274,10.890533377882093,0.4300982339074837,0.7005840202234683,6.077814361546189,2.021414320040494,5.71293714735657,3.2352599748410285,1.6860383288003504,0,13.496993281487375,4.592121690101921,3.549760840367526,3.9496590006165206,8.615059317639098,7.332003073301166,1.55709232063964,,7.00,-9.10,1.55,86.12,117.41,900.45,140.38,1015.45,270.38,960.45,168.38,1037.45,168.38,995.45,196.38,1000.45,265.38
61.467,0,0.32,0.17,0.78,0.23,0.55,2.18,1.35,2.16,1.87,94.22,54.37,-2.15,92.09,4.98895930676721,3.9899431793950497,0.14846814251504847,1.0666931826621293,6.33780326357577,35.83377270773053,2.060494684334844,4.211618294343353,2.5054004036355764,4.119582173712551,0,2.620667799608782,2.2232892690226436,2.6865014601498842,12.045096145737915,0.35484776595607403,2.59122696518898,0,7.241587120569311,3.115038411458954,0,,5.14,-4.29,2.72,86.31,122.41,901.88,139.63,1016.88,269.63,961.88,167.63,1038.88,167.63,996.88,195.63,1001.88,264.63
61.804,0,1.58,0.92,0.23,1.17,1.95,1.40,0.27,0.75,1.05,94.81,48.16,-4.98,87.89,4.525462599550374,0,3.0509711943613365,3.76443549037911,7.542067421856336,27.831162996590137,5.89022644108627,0,0.14633352681994438,2.7037968346476555,1.8567307689227164,2.349878993583843,2.865989914163947,4.470766524998471,15.77345632981509,4.718016673480161,2.0887004574760795,6.414638581685722,5.709350767475553,4.10864867316559,0,,3.14,-10.22,4.59,85.27,117.57,899.75,138.19,1014.75,268.19,959.75,166.19,1036.75,166.19,994.75,194.19,999.75,263.19
62.037,0,0.74,1.41,0.02,1.24,2.00,2.08,0.57,1.63,0.81,94.65,53.47,-7.53,91.86,0,0.5981950865592807,2.4072362407809123,1.0906000809743999,5.821118144644425,20.41320561990142,0.3651530604343862,4.275301907230169,2.2558741569519043,4.790040686819703,7.048720636870712,0,3.8875091085210443,0.3132482653390616,14.632507105059922,0,3.4350356184877455,7.5760270352475345,6.356753115961329,3.50019752769731,1.5399100393988192,,2.87,-8.44,3.82,86.80,121.15,901.26,141.99,1016.26,271.99,961.26,169.99,1038.26,169.99,996.26,197.99,1001.26,266.99
62.277,0,0.75,0.64,0.97,1.81,1.93,0.43,1.85,0.35,0.43,94.73,43.57,-5.88,90.54,2.7331410045921802,4.240005734143779,4.2170440115872765,1.2350701394677168,8.10336910767015,40.27137387590483,1.8953358897473662,2.5875737812183797,2.5574941937811673,3.2532945058867337,5.063136426731944,0.22523790644481778,6.750004957895726,0,7.700460353773087,1.2186166900675746,4.368983976077288,5.753843583166599,9.604143418096937,5.503506521228701,70.98220856674016,,1.71,-10.51,1.68,85.88,119.29,901.13,139.83,1016.13,269.83,961.13,167.83,1038.13,167.83,996.13,195.83,1001.13,264.83
62.391,0,2.15,0.89,0.43,2.08,2.12,0.53,0.81,1.00,1.87,94.10,48.04,-4.73,82.72,4.397546240417286,0.9250896132551132,5.42235227367375,0.45678189449012274,7.5979736018925905,25.54990717722103,3.8764498418895528,0,1.0780066589359194,2.521716113165021,0,3.5841142935678363,3.0874806325882673,1.2990729131083936,7.918847867902368,0.9062678684666752,0,2.6273641888983548,4.351818820927292,0,2.7417583123315126,,6.15,-7.75,3.77,84.89,117.85,900.01,139.62,1015.01,269.62,960.01,167.62,1037.01,167.62,995.01,195.62,1000.01,264.62
62.535,0,1.06,0.92,1.31,2.11,1.39,2.19,0.34,0.35,2.14,94.95,44.18,-6.73,93.24,2.3699255620129405,0,4.567073781928047,5.208757072556764,8.566074215197006,14.953642462845892,3.165842872066423,0.5722346514090897,3.7970912135206163,1.025495282486081,3.023908479139209,1.107851316453889,0,4.951661021634936,10.826253566239028,3.4877551303710788,0,1.1427097041159868,4.709372596363537,2.23772576241754,4.886739875888452,,4.02,-5.30,2.56,85.10,118.83,899.96,141.28,1014.96,271.28,959.96,169.28,1036.96,169.28,994.96,197.28,999.96,266.28
62.734,0,2.15,1.64,2.08,0.96,0.04,2.07,2.06,1.93,0.39,93.76,42.91,-6.21,91.75,3.362817865042016,2.262561051826924,2.828675284669735,1.5508475120924414,7.162907886966131,42.68382338434458,2.521964756655507,3.619847863167524,0.8252508498262614,5.350301877316087,1.1722810012288392,1.5108073898591101,0,2.8399171053338796,10.467054840605705,1.0084539765678349,1.0112096183001995,1.971136902924627,4.872255416554399,0,0,,1.37,-9.63,3.43,85.56,118.82,901.68,140.84,1016.68,270.84,961.68,168.84,1038.68,168.84,996.68,196.84,1001.68,265.84
62.831,0,2.03,0.90,0.88,0.12,0.36,2.06,1.57,1.35,0.20,94.25,51.34,-7.06,91.57,3.3801420860690996,1.629937857366167,3.161274848743342,0.2085317665245383,8.202955818241463,44.08283859724179,0.8950399663299322,3.928606384061277,3.1476059714332223,5.394822633955628,3.2235922208055854,3.515962407225743,2.592589524574578,2.356493977000937,5.188622415699065,0.7210820944840091,3.6305168559774756,4.720982511993498,7.400563762420789,0,79.66236551152542,,5.20,-11.19,1.69,86.70,122.22,898.50,141.60,1013.50,271.60,958.50,169.60,1035.50,169.60,993.50,197.60,998.50,266.60
63.120,0,1.90,1.79,1.87,0.55,0.61,0.80,1.63,0.13,1.88,95.41,45.60,-2.01,87.47,4.950908601148985,2.2322097699856385,1.5377827687561512,1.7952252096775916,5.244930213894695,15.301347953267395,4.381150306551717,2.24636391280219,3.2319707330316305,0.5700793192908167,1.2050179922953248,4.931246659252793,3.6614229222759604,0.11634229147806785,13.414946184847505,4.865821883813478,1.0519930152222514,0.4919461780227721,7.021897831875831,5.678766044322401,2.7254133413080126,,3.33,-9.07,0.71,84.12,122.63,901.27,139.25,1016.27,269.25,961.27,167.25,1038.27,167.25,996.27,195.25,1001.27,264.25
63.318,0,1.39,0.12,0.97,1.74,0.97,0.37,2.00,1.14,0.33,95.23,49.67,-3.90,89.46,2.3310933901462705,4.775529682589695,1.3527958443947137,3.9462498319707815,5.926498311217874,26.17483751149848,2.4425330421188844,0.3212352393753828,0,3.8355093839205803,4.625174893531948,1.8781204435508698,4.816061224322766,0.3805470258183776,14.722365800067783,2.4277283936459573,4.292461930308491,3.207332017365843,4.5204594605043535,4.36255300254561,0,,-0.23,-6.58,0.96,86.93,122.37,900.90,138.82,1015.90,268.82,960.90,166.82,1037.90,166.82,995.90,194.82,1000.90,263.82
63.477,0,0.49,0.22,1.69,1.76,0.84,1.29,0.53,0.04,2.15,94.30,45.22,-6.50,90.90,2.55059754840564,0,4.680062678102404,4.441497045224533,8.463362275380641,37.678674252703786,2.698795450106263,4.460349084865301,4.084061112487689,4.379723312109709,1.916532798204571,6.65427825297229,5.303831698838621,0,9.210070003420114,2.7023778386460617,3.266671664081514,7.35859824763611,4.976670655775815,2.98802641662769,4.796942346263677,,1.35,-10.37,4.02,85.89,121.38,898.22,139.04,1013.22,269.04,958.22,167.04,1035.22,167.04,993.22,195.04,998.22,264.04
63.548,0,0.49,1.78,0.65,1.49,0.97,1.75,0.58,1.12,1.49,93.86,45.69,-4.99,94.82,4.835538969426416,4.263200148404576,5.410461895423942,0.8960933433938774,4.057154720160179,31.47890568478033,0.7478453282499684,3.5564646252058445,3.747169144684449,4.771042465418578,3.1670379624702036,0,1.5482614478096366,4.76448900762014,8.37059971023351,4.5034688988281415,4.065098871476948,8.278516819700599,8.276760719087907,0.32570811989717185,2.1473395619541407,,2.08,-5.43,2.45,83.61,118.49,898.50,139.43,1013.50,269.43,958.50,167.43,1035.50,167.43,993.50,195.43,998.50,264.43
63.864,0,0.67,1.97,0.95,2.00,0.08,1.82,0.62,0.47,0.58,94.79,43.02,-4.18,91.91,0.6533010284462946,4.867002700385638,4.210540983499959,2.6139078869391232,2.639808232388459,46.90694703813642,1.123464112356305,0.666897142920643,5.537745167966932,4.681969661619514,1.9236292708665133,0.031248423038050532,1.3578570024110377,0,10.243642471395432,2.8116524888714776,3.3475979543291032,2.9183641877025366,3.0670003821933642,5.166448609903455,0.9306936599314213,,1.94,-8.52,-0.11,84.23,118.86,898.17,141.21,1013.17,271.21,958.17,169.21,1035.17,169.21,993.17,197.21,998.17,266.21
63.976,0,0.32,0.43,1.29,0.66,1.17,1.04,2.02,1.81,0.75,94.22,42.52,-5.15,91.82,4.92046463648323,1.7099323285510764,0.7560065536154434,1.1509603476990011,2.979140418157913,42.14467248925939,3.366974284360185,4.252662499491125,6.6785666139330715,4.246474169548601,0.6078489543870091,5.956224356312305,3.796411904040724,3.1028191997203978,9.195984369888901,2.4267925231019034,0.45510834036394954,6.3434038194827735,4.242478889799677,5.760307516902685,0,,1.90,-7.26,2.46,83.15,119.59,898.35,141.30,1013.35,271.30,958.35,169.30,1035.35,169.30,993.35,197.30,998.35,266.30
64.060,0,1.59,1.91,0.07,1.71,1.84,1.02,0.85,0.25,2.14,95.21,50.39,-1.07,93.08,4.466981549710035,4.094051607977599,4.505253383470699,2.300754483435303,8.217119566136972,35.85509844496846,0.6789340164046735,4.472153153568506,6.158391756238416,1.1098716790415346,3.2510478515177965,4.736295690294355,3.006901531945914,3.278824543170631,8.554805373940617,0.19668567763641498,0,6.15904494933784,8.949738477254286,0,1.0953575999010354,,0.28,-8.58,0.69,85.70,120.28,901.18,141.75,1016.18,271.75,961.18,169.75,1038.18,169.75,996.18,197.75,1001.18,266.75
64.373,0,0.65,1.30,1.11,1.43,0.18,1.90,1.62,0.08,2.09,93.22,51.92,-5.04,96.84,5.538672545794398,3.6134349612519143,5.074165721032768,2.151029235664755,7.551967296563089,41.03125056158751,3.2315882709342985,5.131280547436327,0,0.5851287376508116,4.344324137549847,3.7576143252663314,0.3871431425213814,4.006781807951629,12.490924288202077,4.016904058977961,0.9682234083302319,1.3402997134253383,4.153917601890862,0,2.4940953792538494,,1.23,-4.74,0.96,86.40,120.69,900.39,139.30,1015.39,269.30,960.39,167.30,1037.39,167.30,995.39,195.30,1000.39,264.30
64.484,0,1.41,0.00,2.06,0.02,1.17,0.67,1.63,0.08,0.30,93.65,47.92,-1.38,90.79,0.05332675799261821,2.5620949413394554,5.346782466000877,4.809539354918525,5.032778291148134,11.026448407676071,5.319207091373391,4.951476050186902,1.3325166590511799,0.24234982468187827,3.9586131731048226,3.518421438988298,2.571412158664316,0.7411101148370651,10.924678796399384,3.6606931484723466,5.2871167925186455,9.267536939587444,4.151533578871749,0.2617666295263916,0,,1.67,-5.06,2.72,83.04,123.00,898.61,138.64,1013.61,268.64,958.61,166.64,1035.61,166.64,993.61,194.64,998.61,263.64
64.750,0,1.29,1.01,1.70,1.43,0.03,0.22,1.58,1.60,1.23,95.00,53.68,-4.40,87.46,1.552528197048232,1.2009877592790872,0.9848988251248372,1.3533213498257104,4.746616854839958,14.244680070318282,1.7877773742889986,0.055931717827916394,1.2819531075656414,3.319976755734533,0,6.6588798789307475,4.644676694646478,4.373445607284085,13.455685434304177,1.8551549767609687,2.865814331918955,2.897524192929268,3.4484514793520793,2.687971186824143,0,,0.16,-8.44,3.27,86.70,117.24,901.10,140.38,1016.10,270.38,961.10,168.38,1038.10,168.38,996.10,196.38,1001.10,265.38
65.058,0,2.13,0.25,2.09,0.59,0.75,0.08,2.13,1.92,1.38,93.81,42.35,-2.98,73.81,0.7143459447287022,2.767551389988512,4.888415492903441,2.7860470166802402,6.505900978725403,49.624721442349255,2.048213544208556,3.262027672510594,0.7469063675962389,3.508402915317565,2.4084345353767276,0,1.3703515729866922,0.3695451691374183,12.238643399998546,4.245725279394537,0,1.829889393877238,5.902887719143182,0.5859061037190259,0.7457699084188789,,-2.65,-6.11,3.13,85.34,118.87,900.94,141.46,1015.94,271.46,960.94,169.46,1037.94,169.46,995.94,197.46,1000.94,266.46
65.177,0,1.59,1.77,1.27,1.79,1.39,1.14,0.87,2.18,0.83,95.13,50.33,-0.03,92.24,3.979690075358376,1.0447098072618246,0.697075985991396,0.4698871595971288,5.491807769392617,48.13779008947313,5.6243867328390476,1.0076326368562878,0.6834556448739022,5.2657253609597685,0,3.263432663399726,2.588299050461501,0,8.63453534245491,0.5821900884620845,2.1819205484353006,0,6.124731185617857,3.681700201239437,3.2797136586159468,,-2.67,-7.51,-1.82,83.62,121.10,900.01,140.59,1015.01,270.59,960.01,168.59,1037.01,168.59,995.01,196.59,1000.01,265.59
65.313,0,1.89,0.87,1.10,1.06,0.68,0.36,1.82,1.58,1.55,93.36,45.55,-4.69,95.65,0,0.009810686344280839,2.333917935229838,5.061901688110083,5.007160443444736,21.416959254536778,3.7089889872353523,3.848222733270377,3.044717625249177,2.9760844602063297,0,3.0028348858468235,3.542830193415284,3.9090867561101916,16.020852327160537,3.535911217657849,0.6562207178212702,0,3.998893156773411,1.8435270874761045,1.7618428096175194,,-0.42,-7.09,1.89,83.97,120.06,901.60,139.50,1016.60,269.50,961.60,167.50,1038.60,167.50,996.60,195.50,1001.60,264.50
65.572,0,1.38,0.41,0.16,1.53,1.57,0.00,1.45,1.74,1.92,94.84,53.49,-3.39,90.58,0.3814080396480857,5.636953039420769,4.876696181125007,1.4015958129800854,8.043475483828225,45.08910654718056,3.4562337478855625,1.1668373757973312,0,0,2.8830776712857187,4.424749632133171,6.482759208418429,0,10.670864010769874,0.3346001764852553,3.1922651496715844,0,6.9849814460938795,3.2619604780338705,2.50391182070598,,-2.14,-6.16,-1.12,85.76,117.73,898.45,140.00,1013.45,270.00,958.45,168.00,1035.45,168.00,993.45,196.00,998.45,265.00
65.885,0,2.05,1.81,0.83,1.55,1.08,0.11,0.19,1.42,1.68,94.08,46.10,-5.58,96.99,3.5687258686264975,0.18215532430913317,1.5128690430521967,5.418542731693014,6.440468427138403,40.6286049564369,3.3997389105381446,4.348813015632331,0.844700318062678,0,0.3316124053671956,0,0.8620258276350796,1.5906773663684728,7.468355291187763,0.6746382099622861,0,4.948543003760278,5.676253873566166,4.570454666158184,0,,0.43,-9.07,-1.41,83.72,119.99,901.59,138.72,1016.59,268.72,961.59,166.72,1038.59,166.72,996.59,194.72,1001.59,263.72
66.159,0,0.29,1.01,0.66,0.88,1.50,1.19,1.32,0.45,0.52,95.38,50.95,-5.27,88.77,2.4365410632034763,1.0021356317913162,1.0347837022738533,6.119459221651777,5.573900776305236,35.39045186666772,0.9553464688593523,3.1561570297181607,0.4566535437479615,4.783782538212836,2.950753661803901,0.5703983779530972,2.3424667501822114,4.70671514316462,13.91613843658939,0,4.123395585920662,7.948005570564419,3.4576435666671026,0,1.641458445461467,,-3.86,-9.55,-2.16,85.62,122.05,899.08,139.12,1014.08,269.12,959.08,167.12,1036.08,167.12,994.08,195.12,999.08,264.12
66.312,0,1.41,0.54,1.08,0.60,1.23,0.42,2.05,2.18,1.80,94.80,48.97,-1.49,94.46,1.6182376203872266,5.273571559088305,1.0355634063389152,3.2967377292737368,4.111674077594653,7.345042524859309,0.7095384286018089,1.0341426486335696,7.093515771906823,1.2406445302441718,2.978679363615811,4.918314427835867,0,0.11873151963576678,9.956815679073333,5.038366356501356,2.5276116663590074,5.174290814436972,3.372539151450619,3.2939724628813565,74.92882506037131,,-5.00,-5.81,-0.27,85.11,117.78,901.95,140.57,1016.95,270.57,961.95,168.57,1038.95,168.57,996.95,196.57,1001.95,265.57
66.519,0,0.33,0.63,1.18,0.68,1.96,1.92,0.87,0.78,0.42,93.93,41.06,-0.48,92.47,0,4.813542777835392,3.8697484667319806,4.7835401177126915,5.747462652712129,18.41617926163599,6.2508592151571065,0.36521973302587885,1.99414007156156,4.967813077997416,2.852516507729888,2.853389541618526,5.505599529482424,0.575891023185104,15.01721579156816,2.432386855785735,0,1.4886820907704532,4.71544754343573,2.410237438743934,2.8619298934936523,,-0.45,-3.56,0.61,86.31,118.58,898.97,140.01,1013.97,270.01,958.97,168.01,1035.97,168.01,993.97,196.01,998.97,265.01
66.637,0,0.58,1.50,1.68,1.16,0.06,1.22,0.86,1.10,1.54,95.63,47.17,-3.43,88.06,0.9855522808618846,3.335713720275089,4.3411095617851245,3.1735163339786236,6.313508646907285,29.772209780756384,6.4350392099935565,4.01462306369096,1.5635079182684422,2.676484519504011,3.2319238521158695,4.253362940857187,3.0414093509316444,0.21006556539796284,7.08468039099127,0,0,2.2613361664116383,3.9437008199188854,1.8545973023865372,2.967420328874141,,-2.23,-8.82,-2.06,85.89,120.29,898.82,141.17,1013.82,271.17,958.82,169.17,1035.82,169.17,993.82,197.17,998.82,266.17
66.774,0,0.89,1.63,1.75,0.91,0.53,1.32,1.91,1.84,1.24,94.70,53.51,-0.92,96.11,0.5591422176035121,1.0764045288553463,5.566195197449997,3.686438233302906,7.052216560449451,46.94163792440668,3.2700166162801905,0.4143606982752681,1.6866584122180939,1.4765540182590486,1.4011000483296812,0,0.007206360809504986,1.9147339227795603,9.210836575496941,0,2.0056711826473475,3.2741239280439913,3.028095791880041,7.341521811904386,0.11197887430898845,,-5.05,-6.14,1.14,86.46,117.62,901.74,138.44,1016.74,268.44,961.74,166.44,1038.74,166.44,996.74,194.44,1001.74,263.44
66.913,0,1.97,0.16,0.87,0.57,1.33,1.30,2.17,1.91,0.36,95.22,53.71,-5.41,92.45,3.046070072147995,0.9733367240522055,0.3904839776083828,2.484442270435393,8.185163786876947,18.30543007515371,2.9192683168919755,5.194184888768941,0,1.7623392610624435,1.094090850558132,5.351042235502973,1.830574412830174,0.7707723804749547,6.615963752530515,1.7304752579610794,0,5.179149123374373,7.5394522120431064,4.348870867397636,1.3521843482740223,,-6.46,-7.15,-2.43,83.93,121.14,901.77,138.09,1016.77,268.09,961.77,166.09,1038.77,166.09,996.77,194.09,1001.77,263.09
67.237,0,0.87,0.77,0.27,0.68,0.93,0.40,0.27,0.57,1.58,95.88,47.54,-3.38,87.23,2.66113636915572,3.7216012181714175,0.11289430728182204,5.068545945845544,2.8410142923844974,39.59920647414401,2.3678392320871353,0,2.11348969489336,1.7881026010774077,8.044952987227589,1.9962576164398342,1.6128565985709429,3.5680460042133926,8.585151215326041,4.008738637734204,1.3713589692488313,3.977906245738268,8.800851591774261,2.360217539127916,0.9535987554118037,,-3.88,-6.16,-0.02,86.28,118.33,899.18,140.65,1014.18,270.65,959.18,168.65,1036.18,168.65,994.18,196.65,999.18,265.65
67.315,0,1.79,1.79,2.01,0.81,1.92,1.56,1.21,1.78,0.67,93.00,49.60,-1.83,88.19,2.8501033986452966,4.911942157475278,2.3898463102430103,4.62936166530475,7.4496415648516265,22.243008757010102,2.0552827461622654,1.2954989431984725,4.671040789457038,4.141698568351567,1.863866118248552,7.61481583211571,5.7154424213804305,1.639319697842002,3.1903226896561687,4.2109527018200605,0.48643383756279945,2.52297625830397,7.547195055643097,6.977967439685017,2.7597685314249247,,-3.94,-2.53,1.38,86.40,119.11,899.37,140.47,1014.37,270.47,959.37,168.47,1036.37,168.47,994.37,196.47,999.37,265.47
67.573,0,1.32,2.15,2.14,1.79,31.26,0.78,1.28,0.31,1.51,68.93,59.19,27.28,88.40,1.7956053407117727,0,5.068786370800808,6.273548243809492,28.605444407973707,39.426607720088214,6.898471878818237,2.0926140533573925,1.7141533892136067,1.555974217131734,7.715951716527343,0,7.396448678802699,2.1854437445290387,13.515014679599552,3.068106520427391,3.793957807123661,3.9098853175528347,34.589665954604556,2.800274094333872,1.4598293777089566,,-2.13,-1.99,-1.00,86.54,117.39,901.53,138.19,1016.53,268.19,961.53,166.19,1038.53,166.19,996.53,194.19,1001.53,263.19
67.695,0,1.96,0.78,2.11,2.06,50.43,0.51,0.05,1.44,2.02,49.60,72.73,42.78,87.77,4.081706355134957,1.701607057848014,2.6764407329820097,5.105208350988105,39.534055796684044,13.680642819963396,4.740909671061672,5.368531962763518,2.436036814004183,0.7686927460692825,4.699708489235491,2.0958653648849577,5.1709761545062065,0.780722915250808,12.738944463450462,4.8759347112057725,1.7439075405709445,0.21761536365374923,51.40271152379573,1.4629421781282872,3.4192630676552653,,-6.29,-5.29,-1.40,86.52,118.61,901.34,138.26,1016.34,268.26,961.34,166.26,1038.34,166.26,996.34,194.26,1001.34,263.26
68.008,0,1.52,1.55,1.46,1.38,36.11,1.25,0.68,1.55,1.47,63.31,57.70,30.97,92.17,1.8512598007032648,2.2916698904009536,0.39971019591670487,2.9508362128492447,32.48783296379378,15.793361090123653,5.407873382372782,3.1810429983213546,0,3.7327754501253367,1.7089233943261206,0,1.210338621865958,2.0287606309819965,7.447114193066954,3.7381656414596365,3.501742827706039,5.171497873496264,36.56385299572207,5.522342169191688,0.4091659616678953,,-7.95,-2.35,-3.56,85.59,120.17,901.28,138.30,1016.28,268.30,961.28,166.30,1038.28,166.30,996.28,194.30,1001.28,263.30
68.071,0,1.81,1.93,0.96,0.27,28.45,1.94,0.08,0.59,2.00,69.68,63.55,26.00,96.96,3.6325894869910553,4.879991581873037,1.7043014931399378,1.1992414439376446,23.339365067912816,12.695534801576287,0.9731162838404996,3.331283059678972,4.435684408992529,1.7614700492098927,0,3.735688238637522,4.9389435653574765,1.1280004383996127,4.596435624994338,3.249185774042271,4.5859696310944855,0,27.84928142634664,2.098854381358251,1.0739167893771082,,-5.71,-3.22,-2.38,85.84,122.37,898.79,141.64,1013.79,271.64,958.79,169.64,1035.79,169.64,993.79,197.64,998.79,266.64
68.291,0,2.05,1.62,0.69,1.91,0.55,1.52,1.58,0.65,0.25,94.60,43.80,-1.41,94.34,2.825166097395122,1.6212186926510186,3.493657998982817,5.586642032451928,2.594480985882692,36.19337977422401,3.3873819162603467,4.622420515287668,4.183524109655991,5.578459470178932,3.512196895200759,0,0,4.117877453584224,3.496894568409771,0.09793823891319331,1.598151361104101,0.7618992165662348,4.762194878892042,1.375234160805121,0.3016562594566494,,-6.18,-1.80,0.13,84.17,118.71,901.57,138.35,1016.57,268.35,961.57,166.35,1038.57,166.35,996.57,194.35,1001.57,263.35
68.358,0,1.60,0.77,0.37,1.57,1.02,0.80,0.75,1.79,0.32,95.69,45.51,-6.22,95.06,0.5912425595568491,4.932819351437502,2.6519913452444595,0.12469045457430195,4.425545213781297,44.64292445220053,5.631695629400201,4.117427478134632,0,0,2.158499402459711,3.5413504485040903,0.3379449457861483,2.1568400029372423,11.04577157255262,0.7368788814404978,1.1800958006642759,0.2396537489257753,6.677992547377944,2.3547349171712995,2.759084174176678,,-2.87,-5.25,-1.85,85.08,117.77,900.87,139.69,1015.87,269.69,960.87,167.69,1037.87,167.69,995.87,195.69,1000.87,264.69
68.428,0,0.62,0.31,0.09,1.25,2.13,0.72,0.87,2.06,0.25,93.44,53.41,-5.59,76.38,1.616057785861194,1.9681956078857183,0.3057039976678788,3.9537863996624947,9.475935068554245,10.686525936704129,0.9793996507069096,4.765845723729581,0.01662571355700493,3.117237694859505,5.563917919993401,5.1348657743074,3.8343981318175793,2.535496871788055,13.815556295029818,2.004384801816195,5.132197673432529,5.906435647979379,8.564773437106052,0,2.5120081084314734,,-4.33,-5.15,-2.89,83.63,118.84,900.26,138.84,1015.26,268.84,960.26,166.84,1037.26,166.84,995.26,194.84,1000.26,263.84
68.660,0,0.47,2.11,1.52,0.42,0.55,0.46,1.88,1.10,2.08,95.09,54.32,-1.35,96.02,3.7271108205243944,1.541473969304934,4.060189274367876,2.154632459376007,5.773073805039749,29.170503921806812,1.1777653288329022,3.3312651789188386,3.7913996051065624,2.421288483403623,5.80451023299247,2.3038415308110416,2.235197384376079,0.08175599505193532,4.423907849621028,2.027478069877252,0,3.331123895943165,7.254071036698297,5.127440396230668,92.47208642261103,,-6.83,0.94,-0.48,85.85,117.84,900.04,139.38,1015.04,269.38,960.04,167.38,1037.04,167.38,995.04,195.38,1000.04,264.38
68.980,0,2.19,2.08,0.61,1.34,0.83,0.99,0.01,1.79,0.86,92.58,44.04,-4.91,90.89,3.0749276659591125,1.7234519696561619,3.335543361292221,1.9491202725749464,4.807421677061357,51.18342294311151,4.226205192855559,0,3.299070753157139,0,1.5460194661282003,0,0.31388211948797107,3.721496566487476,10.808897065725176,2.063570465040393,0.9224766381084919,2.994962280150503,8.364953056029044,2.000489589292556,4.506573213497177,,-3.64,0.47,-0.12,83.06,119.01,900.00,140.63,1015.00,270.63,960.00,168.63,1037.00,168.63,995.00,196.63,1000.00,265.63
69.300,0,1.31,1.30,0.76,1.17,1.94,1.63,0.64,1.61,0.75,95.19,42.20,-4.38,93.70,5.033874732032418,0,0.8273960650060328,3.8252435581944884,4.7677126986440275,34.4905869057402,0.9660878434777258,0.6621316285431385,3.0486024767160416,0.914421910867095,0.36768878158181906,4.681954367784783,6.674725770950317,1.5754553646408023,10.550651456080377,1.8873579752445222,3.439709632191807,4.146309172734618,7.9443473638501025,0,4.350646507926285,,-3.56,-1.24,-0.42,86.12,120.53,901.12,138.44,1016.12,268.44,961.12,166.44,1038.12,166.44,996.12,194.44,1001.12,263.44
69.407,0,1.71,1.51,2.20,0.45,0.74,2.12,1.38,2.06,0.51,95.03,49.83,-4.34,95.78,4.6665698658349,3.84730742147658,2.155228450205177,0.36090353178791723,7.477909462698736,21.57397292740643,1.2518476103665304,3.2704829503037036,4.954661641502753,2.740520431306213,0.9721964285708964,0,5.288035669829696,0.25061620617285385,7.56988198634237,1.2746371968975292,2.4053677995689213,0.7290951716713607,3.129494728143327,0,0,,-6.71,-1.49,-1.14,85.94,119.23,900.74,138.62,1015.74,268.62,960.74,166.62,1037.74,166.62,995.74,194.62,1000.74,263.62
69.720,0,2.20,0.85,0.06,1.44,1.98,2.02,2.18,1.51,1.78,95.24,46.17,-1.47,95.58,1.6853654781542717,5.678788973391056,2.470062005412765,3.741158183962107,4.43477169895079,44.6839838703163,1.0610759266652168,1.943530555833131,1.1016717543825507,2.725838132463396,1.2668434102088213,0,6.107843102887273,5.348992211157456,10.796096960287542,1.5518676969595253,2.900849910452962,0.18027293542400002,4.661283855126239,5.983681985642761,2.283013759413734,,-8.68,2.34,-0.23,85.18,117.40,901.11,141.18,1016.11,271.18,961.11,169.18,1038.11,169.18,996.11,197.18,1001.11,266.18
69.881,0,1.15,1.65,2.10,1.21,1.69,0.25,1.20,1.37,1.19,95.44,41.04,-6.68,95.71,3.2986969021940604,3.159476589062251,3.3676912021311,0.2281477362569424,6.353025206564926,35.82729381741956,2.789384733862244,0.8157452771253886,3.7954657359514385,1.318076546844095,1.333006324712187,2.9959566385950893,4.375205014832318,2.2454499700013546,8.356960742175579,4.266382519784384,5.863919363357127,1.2311656903475523,8.569525514920242,2.2527949183713645,0,,-5.30,-0.25,-2.86,86.41,122.90,900.94,139.46,1015.94,269.46,960.94,167.46,1037.94,167.46,995.94,195.46,1000.94,264.46
70.203,0,0.65,0.62,1.71,1.40,1.94,0.96,0.01,2.01,0.41,95.61,49.26,-4.86,87.23,3.3721482587698848,0,0,0,6.688649173309095,49.45975832128897,2.43504648366943,0.15289632251486207,6.661299178376794,1.6241238296777012,1.776290359441191,4.421623957809061,2.465174130164087,0,4.00471734765917,2.683064615922049,0,2.6200278401374817,5.596989062814973,3.7331425175070763,88.61536904191598,,-3.42,-1.13,-3.79,85.79,121.20,900.85,140.25,1015.85,270.25,960.85,168.25,1037.85,168.25,995.85,196.25,1000.85,265.25
70.329,0,1.61,1.73,0.43,0.42,0.29,1.49,2.15,1.07,0.53,94.27,52.03,-4.33,88.28,2.444398823142983,2.1558518992038445,3.6003139794198797,5.156757111167535,5.26149552627001,46.74754794128239,0.8547077195951713,3.032576712463051,6.5114451630506665,2.9886049460060895,1.766557744704187,4.55097493622452,7.8553714184090495,3.447480206945911,3.1107120929472147,2.2907070691837,0.2253017402254045,4.395187332760543,2.6005411753570664,2.6410651428159326,0,,-5.51,0.51,-1.10,86.71,117.50,901.51,140.49,1016.51,270.49,961.51,168.49,1038.51,168.49,996.51,196.49,1001.51,265.49
70.428,0,0.91,0.65,0.33,0.96,1.90,0.74,2.16,0.08,1.64,93.60,44.47,-1.47,88.86,4.231673814859241,3.5569454917218537,1.363117479765788,3.5829475449584427,3.8071657601650806,14.94367466121912,0.8350490084849298,4.246768786292523,3.458812194643542,1.8364316863194108,1.3039807747118175,0.44681542413309216,1.5444026961922646,1.6584147816337644,6.529014408886432,0.8837269549164919,2.0461966558359563,8.279858537949622,6.719509887816384,2.7906825670506805,0,,-4.94,1.10,-0.93,86.09,119.27,901.28,140.32,1016.28,270.32,961.28,168.32,1038.28,168.32,996.28,196.32,1001.28,265.32
70.488,0,1.55,2.17,1.32,0.36,0.07,2.13,0.45,1.97,0.80,92.56,52.18,-5.73,93.15,0.6574011003831401,4.258453374938108,0.20971981145441543,2.4817834965232763,2.6496765334717933,34.510344099253416,1.7733225473435597,1.6316049166209998,1.4022802584804595,3.1769288006052374,6.26973956823349,2.356532844947651,6.12764215702191,0.923688816409558,6.402485178299248,3.703813074375503,1.3493407783098519,4.275475976523012,4.151588265523315,0.02427627076394856,0,,-5.32,4.76,-5.36,83.49,120.47,901.86,140.55,1016.86,270.55,961.86,168.55,1038.86,168.55,996.86,196.55,1001.86,265.55
70.636,0,1.97,1.97,1.07,0.33,0.61,0.47,1.96,1.07,0.06,94.36,44.67,-4.81,90.95,3.3004575732164083,2.5904276567511264,1.0490642355568705,3.681357526853681,4.163552734502591,25.71934135677293,5.8723091843537985,3.6203911137394607,3.301289071328938,0,7.12865448044613,0,4.669033654499799,5.005567101556808,16.91663672251627,0.95131753353402,3.7836112696677446,8.607126276940107,4.919488013214432,3.9824340229388326,100,,-7.42,4.74,-4.11,84.37,122.55,900.28,140.97,1015.28,270.97,960.28,168.97,1037.28,168.97,995.28,196.97,1000.28,265.97
70.960,0,0.81,0.85,1.87,1.81,1.87,2.09,0.16,0.92,1.44,93.67,45.42,-7.26,96.81,4.275416293740273,0,0.7084889410901813,2.68544448338449,7.6164436741033565,7.920105017721653,3.9916357969632372,3.6345449388958517,2.467650679172948,0.540479189567268,5.134218750055879,1.289221651153639,1.0940818791277707,4.492094805818051,9.552775123007596,0,4.186384225729853,6.592554980888963,9.364554371382109,2.4287631697952747,2.7703371914103627,,-5.39,4.15,-3.34,86.35,118.31,901.70,141.11,1016.70,271.11,961.70,169.11,1038.70,169.11,996.70,197.11,1001.70,266.11
71.024,0,1.81,1.20,1.20,0.62,1.65,0.85,1.91,0.45,1.93,93.89,50.62,-7.54,91.40,3.252233414426446,5.583114753989503,2.6048107959562916,5.155591525863857,7.093966111927293,36.22759540844709,2.1034767496399582,0.433023107070476,4.249779524747282,0,4.4854577095247805,0.5737967365421355,0,3.2851582237612456,6.431892168093473,2.359727270556614,2.0719493525102735,0.2549674310721457,7.331964507796801,0.24742585653439164,3.494349030777812,,-6.71,3.21,-5.14,86.02,121.05,901.20,141.90,1016.20,271.90,961.20,169.90,1038.20,169.90,996.20,197.90,1001.20,266.90
71.312,0,1.05,1.60,0.36,0.59,1.67,0.04,0.78,0.71,0.38,94.35,43.82,-2.43,87.92,1.002093287203461,4.1350317995995285,4.023765513980761,0.5872837886586786,4.884243155787699,13.299364159349352,1.5306992915691806,4.276809000838548,5.4608498436864465,1.3944893588311968,5.570796572137624,5.99024130217731,7.733097216580063,0.03272760501131433,9.364866356030106,0.702007166557014,3.4064809479750693,3.529200457967818,3.7222482488350943,4.7955741151236,2.434096906799823,,-4.29,0.98,-5.60,83.94,122.28,900.52,141.68,1015.52,271.68,960.52,169.68,1037.52,169.68,995.52,197.68,1000.52,266.68
71.589,0,0.37,0.39,0.66,0.18,0.90,1.21,0.98,1.46,1.31,94.20,49.46,-4.81,89.05,4.697553764749319,2.2663711516186593,2.684542802986689,1.2444079062528908,7.497458937163465,10.235794314648956,5.642942653829232,3.6869293775223198,2.912921716691926,4.2705971443280575,1.299201815854758,4.828860808862373,3.202758670784533,1.1035174362827092,16.86488684244454,1.9503960603103043,0.30454457458108664,2.6653566188178957,5.943283408679999,6.321450753137469,1.5485338917933404,,-4.53,4.24,-2.78,84.84,119.34,901.11,141.56,1016.11,271.56,961.11,169.56,1038.11,169.56,996.11,197.56,1001.11,266.56
71.877,0,1.69,1.58,0.52,1.74,0.64,0.92,0.27,0.51,0.36,93.29,46.66,-4.91,96.89,0,0,0.7324235480371866,2.592452128939331,6.3118968117237095,29.017197587061673,2.281961424672045,3.4298695302940905,0.7850566350389272,0.907339379619807,7.719261635094881,0.31372796930372715,1.5328604243695736,3.5250261724181473,13.926011901367456,3.5086567265819757,2.220436922740191,0.6839866871014237,2.9629026304371653,5.153024891857058,1.0516192973591387,,-4.50,2.33,-3.57,83.69,117.05,898.13,138.09,1013.13,268.09,958.13,166.09,1035.13,166.09,993.13,194.09,998.13,263.09
72.192,0,1.54,0.21,1.10,0.04,0.93,0.05,0.29,1.05,0.62,95.72,43.96,-3.72,92.52,4.540849452777765,0,1.2493819251563396,0.5014020763430747,7.508159766574391,38.72864389186725,2.935969851980917,3.8764345730282366,1.4356417134404182,2.1639162895083426,6.069352199323475,5.753905351506546,0.09537350898608565,3.9394813721813264,13.000925072394311,2.7301279083499685,0.05587300704792142,6.450228205882013,8.293135125762783,0,3.230742070823908,,-6.50,6.11,-6.25,84.72,121.03,900.21,140.19,1015.21,270.19,960.21,168.19,1037.21,168.19,995.21,196.19,1000.21,265.19
72.348,0,1.30,1.17,0.84,2.11,0.46,1.52,1.66,0.76,0.81,93.87,44.95,-1.38,94.06,0.020888779195956886,1.6322352302959189,1.3700870804721488,3.653814093908295,6.039066282077693,10.567537734750658,5.080993425217457,0,0,4.906194439660758,2.0622488893568516,5.38206035271287,2.5474833548069,1.7553510689083485,15.610813330952078,0,1.669176031369716,5.132058646995574,4.160822021611966,2.4485152098350227,2.0604842277243733,,-3.76,5.34,-3.53,83.69,118.67,898.89,138.50,1013.89,268.50,958.89,166.50,1035.89,166.50,993.89,194.50,998.89,263.50
72.660,0,2.04,0.31,0.77,1.97,0.90,0.37,0.04,2.05,1.75,94.23,49.56,-6.13,88.75,3.7290615915553644,0.2060675258515401,3.3741864317888393,2.0856878236588092,6.074160611140542,15.589188291691244,5.705147867510095,4.408087541684509,6.210328120738268,0,0.26243757689371705,3.5366595855448395,2.581972046289593,2.2337339811306447,17.264019213020802,2.0878789272578433,0,2.249478287063539,4.339835745864548,6.11232041567564,0,,-5.35,3.21,-4.52,86.55,118.78,900.66,138.17,1015.66,268.17,960.66,166.17,1037.66,166.17,995.66,194.17,1000.66,263.17
72.767,0,2.15,0.96,1.75,1.05,1.87,0.13,1.98,0.18,0.24,94.38,50.38,-7.68,91.29,3.0933512179739773,1.671635941229761,2.680793341249228,4.563888440411539,8.163830635040068,14.26837562629953,2.941880155238323,3.0003268520347777,1.2389222539495677,1.8166643496230246,0,7.490237225778401,8.732305539306253,3.0997544456645847,10.225683091655373,1.7731040118820967,2.9716608710587025,2.7753560170531273,6.808988218070008,0,4.291245466098189,,-1.91,1.86,-5.12,84.34,118.97,901.61,139.06,1016.61,269.06,961.61,167.06,1038.61,167.06,996.61,195.06,1001.61,264.06
73.063,0,0.17,1.47,0.21,0.48,0.39,1.31,0.51,1.84,2.20,94.93,51.25,-1.03,95.47,2.2950806929729883,2.735260250559077,4.613211481426843,3.9800008949637413,8.08254657747224,29.975386088248342,2.1126062233699487,3.300701256506145,0.05364315095357597,2.812589160576463,5.005287917330861,2.1332382697146386,5.449747720733285,4.13598279026337,4.688870250750333,2.395341631518677,0.49274051235988736,2.155959139112383,4.422160166241229,0.20133455260656774,2.9570330777205527,,-4.25,7.09,-3.14,83.56,120.35,900.96,140.86,1015.96,270.86,960.96,168.86,1037.96,168.86,995.96,196.86,1000.96,265.86
73.372,0,0.26,1.42,1.92,0.56,1.97,0.98,0.15,0.61,1.17,94.49,41.70,-4.80,91.37,0.860211764909327,4.925494161341339,4.818635644721798,2.8275052891112864,4.454093988202512,12.126685953233391,4.204483730625361,5.097655893228948,2.3908912427723408,2.1725480124540626,7.982308282982558,0,2.8724169242195785,1.6368478817213328,13.251391016524284,2.272137940246612,0,5.920450024306774,6.050705006737262,5.072374331066385,0,,-4.40,3.15,-4.29,84.09,117.06,899.86,140.11,1014.86,270.11,959.86,168.11,1036.86,168.11,994.86,196.11,999.86,265.11
73.470,0,1.46,0.93,2.06,0.41,0.77,0.49,0.58,2.00,0.15,93.42,48.17,-2.58,87.96,0.3053908458631489,1.280278642103076,1.749129924280569,1.429423166774213,5.149222057121806,17.048173807095736,6.790633718646132,5.081954435482621,3.3612185837700963,3.4344429359957576,1.7872888734564185,2.13779012626037,1.7672806517221034,2.919773966539651,13.263226123172789,2.59211338063702,0,7.932172674220055,8.53186415384058,5.204846767242998,0,,-2.14,4.91,-3.56,84.59,119.76,898.43,139.58,1013.43,269.58,958.43,167.58,1035.43,167.58,993.43,195.58,998.43,264.58
73.579,0,1.53,1.77,1.82,1.01,1.31,1.17,0.72,0.48,1.84,94.23,41.53,-0.63,95.42,0,5.104788058646955,6.4018207939108835,3.4590759798604997,4.738429154548794,23.096608166582882,5.763436366943642,4.2894759204424915,5.530312300194055,3.5958046444877985,5.989150611218065,1.9725585291162133,0.523634382057935,4.275815447987989,13.611781523544341,3.839121944489889,3.8183728554286063,1.9108353070914745,4.193598609976471,3.054997567785904,3.596206812886521,,-2.00,4.34,-5.25,84.98,119.38,899.51,139.68,1014.51,269.68,959.51,167.68,1036.51,167.68,994.51,195.68,999.51,264.68
73.656,0,1.04,2.09,0.78,0.45,1.95,0.95,0.36,2.09,2.09,92.65,54.35,-7.92,92.33,4.855843395851553,2.723783366009593,5.273796994793229,1.5251127194240688,5.101097498591989,15.7075946633704,3.4278744090581315,0,0.055684460094198585,3.5988310341537,0.783354617189616,2.9708997833076864,0,0,11.167291004378349,4.355146159660071,1.5353023973293602,3.3508435650728643,7.856346219293774,2.3013141653500497,2.034564448753372,,-2.17,6.93,-2.31,85.13,117.98,901.92,140.69,1016.92,270.69,961.92,168.69,1038.92,168.69,996.92,196.69,1001.92,265.69
73.905,0,1.28,0.80,0.80,0.68,1.93,1.21,1.87,2.16,0.36,93.65,44.64,-2.39,64.72,4.698796552349814,3.558031290420331,5.42290714464616,4.930839326670394,6.101411636341363,14.502227531280369,6.34926880011335,3.3563574298284946,2.836563555058092,0.7187424558401108,3.700595317874104,2.790622877655551,2.262692187912762,1.599409515624866,6.187762860767544,2.0879089730558915,3.4637970812618732,0,6.84531801013276,0.7323299923446029,1.835042931837961,,-3.55,7.86,-3.33,84.59,118.32,899.98,141.44,1014.98,271.44,959.98,169.44,1036.98,169.44,994.98,197.44,999.98,266.44
74.102,0,2.08,1.33,0.25,2.17,0.91,0.82,0.63,1.10,0.15,94.83,46.37,-2.44,91.16,1.0914579731039704,0,2.4046979738492515,1.730733844768256,5.9858742121467365,43.032935929484665,5.10381265594624,4.901429452691227,3.2142808076459914,3.646881657391787,0,5.98948842799291,5.191742756869644,0,8.915885773990304,2.984856416732073,1.3366499110125005,1.921978938858956,7.71400420488324,1.6691298994701356,2.8016623137518764,,1.06,5.90,-4.13,85.00,120.49,899.13,138.51,1014.13,268.51,959.13,166.51,1036.13,166.51,994.13,194.51,999.13,263.51
74.166,0,0.10,1.98,1.40,1.50,0.14,1.95,0.30,0.34,0.51,95.23,50.10,-2.27,96.75,1.0623278514901178,4.424552926351316,3.053643169403076,5.472603439176455,6.73082564625889,35.3822957132943,4.727264438709244,1.5615029578655957,4.869165902025998,0,5.630287175998092,5.198945929994807,0,1.3124861603602769,9.992617398239673,1.3836845461418852,1.4786541052162647,6.986450821626931,5.634139631204307,2.0545611418783665,1.3741686085704714,,-3.19,7.24,-3.96,83.26,118.59,898.46,139.04,1013.46,269.04,958.46,167.04,1035.46,167.04,993.46,195.04,998.46,264.04
74.336,0,0.02,1.89,0.85,1.98,1.44,1.31,0.24,0.99,1.74,93.11,41.90,-0.91,96.40,3.7636907920520755,1.5679953947197647,0.9303339567547662,1.8179881560057405,8.269527223291806,11.209444269537926,1.582700420473702,4.978139915093779,0,0.1050635034590961,1.028821814339608,0.0982580182608217,4.563923979643732,2.8275036101136357,6.447776942439377,4.016101126270369,1.9666631212458014,0.6983915423043072,8.051533353873529,3.993924717186019,2.702223696280271,,0.82,9.07,-2.47,85.92,122.55,898.35,140.39,1013.35,270.39,958.35,168.39,1035.35,168.39,993.35,196.39,998.35,265.39
74.416,0,1.22,1.48,1.32,1.40,1.85,1.08,0.48,2.19,0.35,93.01,42.88,-7.71,90.63,4.6464226204948496,0,0.012918077870271993,3.8870299217943103,5.106090415357612,39.68795731244609,4.4732320887036625,2.7767984079010786,4.403258369071409,0,4.66699892655015,0.19037190708331764,3.0091067156754434,1.193833571439609,17.781755496803672,1.902295238613151,0.6712273824959993,7.261711189989001,4.0980580512108284,0.7262517118360847,1.330349433235824,,0.19,6.81,-4.98,86.09,118.03,901.48,139.53,1016.48,269.53,961.48,167.53,1038.48,167.53,996.48,195.53,1001.48,264.53
74.642,0,1.28,2.09,1.35,0.48,0.48,1.63,0.27,1.65,1.75,95.13,46.18,-7.60,90.59,2.8850949603226033,0,1.6673279139818624,0.40496604964137095,7.043365235836245,51.39530793949962,4.453312999918126,5.175585462525487,0,5.187298558354378,4.413085514679551,2.1666095689870417,1.5776152205653489,1.8623899795394392,7.957436398901045,2.6122796118631957,0,7.273709261324257,6.632916590641253,2.5551566935610026,3.8448221795260906,,-3.70,7.19,-1.88,84.55,118.44,898.10,139.14,1013.10,269.14,958.10,167.14,1035.10,167.14,993.10,195.14,998.10,264.14
74.943,0,2.08,1.77,1.86,2.01,2.02,0.94,0.32,1.89,0.71,93.64,49.42,-5.75,91.73,0.6771106604021044,1.8426011485047638,4.376519483914599,2.464932598564774,5.8460550498822705,34.16207277216017,5.111085892678238,1.0809358816780152,2.946672045160085,3.789252104572952,1.6134344888851047,4.493759482866153,0.7988366531208158,4.994239003006369,4.432038119137287,4.427361692823469,3.549268225673586,4.1971948985010386,4.118729402269237,0.9370353859849274,2.41734158503823,,0.12,10.01,-2.81,86.37,117.41,899.99,141.02,1014.99,271.02,959.99,169.02,1036.99,169.02,994.99,197.02,999.99,266.02
75.146,0,2.16,1.72,0.63,0.05,0.36,1.37,1.25,0.01,0.68,94.64,49.15,-1.61,93.87,4.656378535930999,1.2356684769736601,3.84873300941661,3.467509222375229,7.764834005315788,10.528003363870084,5.321629545721225,3.448457967825234,0.2574827370699495,0.18216291809454566,7.246294747106731,2.266192478593439,3.919173668604344,0.6646591066196561,6.701002393625677,0.5729673003731297,0,7.476501830853522,8.203536881110631,0.7606253218837082,78.85929620126262,,1.77,6.63,-2.80,86.32,121.95,898.14,138.11,1013.14,268.11,958.14,166.11,1035.14,166.11,993.14,194.11,998.14,263.11
75.290,0,1.37,0.98,1.93,0.33,0.60,1.96,0.01,1.39,0.54,93.12,47.34,-1.67,87.16,0.8731936521548778,1.6516121623571962,1.534029542785138,0.003944471292197882,7.96508945251815,8.60017579421401,2.7414672582643105,3.790402143225074,4.304585029836744,3.1080132975801824,2.6865415228530765,2.6312780503649265,6.096345684025437,1.9836985697411,4.9539594517089425,1.954735387256369,4.294048168696463,5.128271294757724,7.382502187127248,5.923088964540511,0,,0.83,9.42,-1.81,86.55,121.89,899.32,139.55,1014.32,269.55,959.32,167.55,1036.32,167.55,994.32,195.55,999.32,264.55
75.453,0,0.48,2.13,2.12,1.92,0.88,0.01,1.36,1.88,2.05,93.80,50.46,-3.21,89.48,1.233903424656019,4.428949398547411,1.590501314089634,1.7374125516973438,5.685240206615999,14.338919800706208,3.598400459834375,3.7200250056385995,2.7187652031425387,0,4.484167002607137,6.847696610959247,6.319303358439356,1.9622147871833295,4.372991877309978,4.849206827823073,3.2772951764054596,3.309241940267384,7.560896270638332,3.1962437338661402,5.684998465469107,,-2.33,4.80,-3.47,83.78,121.28,898.46,138.86,1013.46,268.86,958.46,166.86,1035.46,166.86,993.46,194.86,998.46,263.86
75.774,0,2.12,0.24,1.35,2.18,1.88,0.36,1.49,1.56,1.13,93.05,43.86,-2.01,87.65,2.9085397383198144,5.5289445431437345,1.8229086050204932,4.522319453824311,5.923071209802292,36.38023058557883,1.779182586609386,1.254574086535722,1.532388549298048,1.6409936268627643,1.1173682240769267,3.871380938915536,4.328595272731036,2.1981286035478114,9.747851815670728,0.31935411107726397,4.457459816709161,3.5162693257443607,3.886987916254439,5.230924069648609,0.6325227229390293,,1.71,9.37,-6.17,86.60,119.39,898.49,141.01,1013.49,271.01,958.49,169.01,1035.49,169.01,993.49,197.01,998.49,266.01
75.907,0,1.11,0.73,0.53,0.59,0.16,1.91,1.99,0.22,1.43,94.54,43.06,-2.17,96.78,1.551080280658789,2.5600573794683443,0.45114300403744023,1.2341188382823018,6.302464319271967,35.29206769447774,3.078758398653008,2.5298129262402655,5.398713410133496,3.09229034582153,2.8602806464768946,2.4577134971041232,3.941685230936855,2.082333609573543,6.309233049992472,0,0,1.526719911955297,6.755214179111644,0.6907766577787697,0.9316340060904622,,0.47,7.27,-2.00,84.57,122.15,899.50,138.09,1014.50,268.09,959.50,166.09,1036.50,166.09,994.50,194.09,999.50,263.09
76.081,0,1.71,1.33,2.04,0.86,0.82,2.12,1.70,1.08,0.70,94.27,47.07,-1.20,87.04,2.5873713484499605,3.2410526462830602,4.41461569765117,3.0252589632011953,7.656774131529964,29.041474936529994,6.029809315223247,1.5619592159055173,0,3.3091042055375874,2.7059940984472632,1.991569394012913,3.4241666346788406,0.9207985955383631,7.558279862422496,2.0950880655646325,0,1.1980780684389174,2.786336180022918,0,3.4592252515722066,,-0.75,11.00,-4.42,86.21,121.52,898.50,140.73,1013.50,270.73,958.50,168.73,1035.50,168.73,993.50,196.73,998.50,265.73
76.190,0,0.97,0.46,1.97,0.55,1.84,0.10,0.27,1.38,2.18,94.95,49.92,-3.67,96.46,5.391068524862639,0,3.1416149356774987,5.095460295556114,8.388262491631322,40.12627851543948,2.4255402196198705,2.166743798442185,2.542097722645849,2.833089297004044,2.582106124609709,0.5146748209372163,2.3800031072460115,2.169032375514507,7.548030461370946,0.13372411790769556,4.840378514956683,2.4287599604576826,7.659643206824549,2.279043380403891,2.587803154019639,,0.90,6.31,-1.95,83.46,118.71,898.21,141.21,1013.21,271.21,958.21,169.21,1035.21,169.21,993.21,197.21,998.21,266.21
76.300,0,1.64,0.77,0.27,0.11,0.91,0.21,0.99,0.28,0.27,93.51,42.44,-3.69,92.92,1.3966977221611891,1.7145995503291487,3.712881662179716,5.118920464571565,7.92340068175923,45.98583090119064,4.2459521185606715,3.5510645919665693,2.698173821903765,0.9339732044748961,6.328275610227138,2.3806503638625145,4.700029873754829,0.757146252123639,7.138479233887047,5.265541938841343,0.4711864120326936,7.806416232604533,3.3121372204320503,4.594278488075361,3.19513035309501,,0.70,9.58,-4.34,86.27,119.81,899.54,138.39,1014.54,268.39,959.54,166.39,1036.54,166.39,994.54,194.39,999.54,263.39
76.561,0,1.00,0.95,0.15,2.14,0.31,1.87,0.42,1.15,2.10,92.94,50.18,-7.42,94.33,1.9419962067389864,4.863792828726583,3.3521417395258326,3.4198600265104324,6.520521489125676,35.18219405412674,5.3521367921726775,2.262094626221806,3.666528870584443,0.42545875607058425,2.2782715000212193,2.272082773037255,0.8775522485375404,1.5789419753197582,10.600524589680134,0,5.851963552180678,0.4681696589104831,7.588063213839196,1.9606350334361196,2.0364322559908032,,4.42,6.07,-4.36,86.61,121.28,899.87,140.53,1014.87,270.53,959.87,168.53,1036.87,168.53,994.87,196.53,999.87,265.53
76.871,0,1.93,0.87,1.30,1.82,0.91,1.76,0.85,1.71,0.67,94.97,51.01,-0.22,95.19,1.2358363072993233,3.936074288631789,6.155062993187458,5.946478162361309,5.083803551271558,30.48852349212393,1.5106003110064194,0,2.4062016995158046,2.6173607389442624,5.377293542493135,0,1.1792232510633767,0.30498647034168247,12.38032191419974,1.932502680127509,0,2.7760090907104313,5.415621999651194,1.2576991179957986,0.5684758478309959,,5.79,4.56,-3.16,85.05,119.81,899.13,140.89,1014.13,270.89,959.13,168.89,1036.13,168.89,994.13,196.89,999.13,265.89
77.053,0,2.03,0.65,2.15,1.32,0.18,1.17,0.21,1.56,1.37,92.85,53.99,-2.67,88.54,5.025586492032744,4.8888627958251165,2.7167847669357434,0.8256615958269689,7.553958896426484,20.453339003026485,5.237842553039082,3.1159303068928423,5.773684948217124,2.66808561231941,3.79579573078081,2.0997128910385072,4.738009287044406,1.411311211278662,5.837362693008036,2.349207923752256,1.3699638131074607,4.052645877934992,4.355682241907343,4.926193542778492,2.0214634698349983,,5.33,6.07,-2.73,86.30,120.99,899.88,140.75,1014.88,270.75,959.88,168.75,1036.88,168.75,994.88,196.75,999.88,265.75
77.378,0,0.25,1.48,2.11,1.08,0.53,1.62,0.83,0.44,1.03,94.49,51.22,-6.29,95.79,5.414346649558284,5.179898232198321,1.0599282746296375,2.641730784820393,4.971104725440964,21.125926424283534,3.3495619524735956,1.3870973232761026,3.40473421709612,0,8.213623671792448,0,0,0,6.006654540058225,2.450809945804067,3.3155367537401617,6.630550351925194,3.394557335907593,2.373902725521475,3.9189725699834526,,2.92,9.86,-1.97,83.16,117.62,898.58,139.88,1013.58,269.88,958.58,167.88,1035.58,167.88,993.58,195.88,998.58,264.88
77.551,0,1.09,1.66,0.70,1.61,1.76,1.27,0.24,1.94,0.53,92.87,45.73,-0.13,87.16,0.38327234705444413,4.392854152689688,1.1688266562856735,4.261896798247472,5.194149840944447,30.607247615698725,1.1136420640163123,3.2279571498557926,1.7167700100690126,3.1190226730704307,3.259159837849438,2.5834665612783283,3.401916361413896,0.32804215816780946,11.212573209200055,2.0339916756236924,0.10880414908751845,0.38031049026176333,7.473749036449008,1.621440944261849,0,,5.01,8.50,-4.06,85.35,118.13,898.40,141.38,1013.40,271.38,958.40,169.38,1035.40,169.38,993.40,197.38,998.40,266.38
77.615,0,0.54,2.03,0.29,0.44,0.78,1.34,0.49,1.08,0.23,94.84,51.77,-2.21,89.51,0.20927808100823286,0,1.0867693983903153,0.42937201359309274,5.4672926722606645,16.95560324145481,5.298819055524655,0,0,0.40085875108838076,4.7252478883601725,3.0054800279904157,4.1554142301902175,4.083976674349978,9.239385034255683,1.187921330439858,0,6.4220937308855355,7.539959980347194,1.7373420619405806,2.4783701926935464,,6.15,4.21,-3.33,86.77,118.68,899.84,138.07,1014.84,268.07,959.84,166.07,1036.84,166.07,994.84,194.07,999.84,263.07
77.739,0,0.74,1.76,1.13,0.09,0.50,2.02,1.65,0.28,0.64,95.05,49.85,-4.01,90.68,3.0641554828267545,1.3076277431100607,0.27030789570417246,1.613585244715214,6.742496715029701,39.38967621373013,1.4107307842932642,4.46113823633641,5.148983768653125,0,2.7752114832401276,0.7268820311874151,5.988925640936941,0,10.678210103791207,3.3945612630806865,0.8998828204348683,1.359119042288512,6.6708057360444215,0,0,,4.82,8.97,-2.37,86.02,119.78,901.52,138.94,1016.52,268.94,961.52,166.94,1038.52,166.94,996.52,194.94,1001.52,263.94
77.937,0,0.51,1.35,0.95,0.85,0.53,0.12,0.80,0.86,2.02,94.88,42.37,-1.65,87.78,2.850614893292077,1.7387494895374402,0.6707523130485789,0.7058812054339798,3.4582838677428667,22.887794168666005,1.6542291471734645,0.48822965979576116,2.507599637378007,0,1.007427116855979,0,1.5239095436409116,0,5.687631506938487,1.7816944253863767,2.7903575184755027,5.498092454858124,3.2197749383933845,2.8540664764586836,4.002250446472317,,6.78,10.12,-4.28,84.48,117.68,901.90,141.75,1016.90,271.75,961.90,169.75,1038.90,169.75,996.90,197.75,1001.90,266.75
78.070,0,2.15,0.70,0.07,1.09,0.53,1.85,0.20,1.20,0.43,93.41,47.73,-4.04,88.44,0,0,4.572534977477044,3.2565837154537443,3.4652116169221703,25.316831168718636,3.7661157217342405,1.7130744931846857,2.814779788022861,4.922421549875289,2.2699529249221087,0,0,0.48319757424294973,13.519309729337692,3.797562908846885,5.231437785550952,6.98842511465773,3.5081354078836737,3.9987268964760005,1.08680311543867,,7.61,4.36,-3.79,84.03,119.31,899.43,139.07,1014.43,269.07,959.43,167.07,1036.43,167.07,994.43,195.07,999.43,264.07
78.152,0,0.42,1.94,0.10,1.66,0.69,1.44,1.33,1.57,1.17,93.46,47.77,-7.21,80.84,5.393761519719846,3.802362328278832,1.0491109703294934,4.664473702935502,7.770854010968469,36.42588059278205,5.5193046084837984,0.4033547190204261,1.36980176018551,3.814231263678521,2.9739057230763137,5.977986391168088,1.4065894014202058,0,10.32974637420848,3.037943422072567,4.976420522667468,1.2585589862428606,4.279510146868415,5.963872061111033,3.03826137422584,,2.80,6.11,-4.48,85.30,117.23,901.78,140.64,1016.78,270.64,961.78,168.64,1038.78,168.64,996.78,196.64,1001.78,265.64
78.308,0,0.42,0.33,0.91,0.86,1.25,1.65,0.35,2.12,1.94,94.97,41.00,-0.62,93.37,0,1.3724131829570978,4.8071965228067715,3.573396944832057,3.1931017563072963,14.398527630139142,5.020146051445044,2.7002635458670556,1.000031957635656,0.8633351140841841,0.9499461860395968,6.0123559213243425,6.511339806485921,2.103578528473154,11.433553360104561,1.4787855995912107,3.006956422701478,3.997840041294694,4.45332744023297,4.401525111636147,2.25645832833834,,3.07,4.96,-0.25,85.65,122.79,899.63,141.52,1014.63,271.52,959.63,169.52,1036.63,169.52,994.63,197.52,999.63,266.52
78.496,0,1.57,0.12,0.72,0.23,0.23,1.37,1.26,1.90,1.03,93.12,48.80,-1.41,90.53,2.5559180450858547,4.815006477688439,1.5326171764079484,3.126128367977217,2.3763234494347127,19.096737953834236,2.126864761975594,2.1969443591684104,0,0,0.4691056637093425,3.2664289278909564,0.20200001075863838,2.862958280518651,3.756016058605164,1.6417338010435922,2.377223314717412,5.497232167981565,5.802896414762363,0,3.327846590196714,,4.31,3.66,-4.56,83.56,117.40,899.97,141.74,1014.97,271.74,959.97,169.74,1036.97,169.74,994.97,197.74,999.97,266.74
78.740,0,0.94,0.67,0.74,1.40,2.09,0.37,1.44,0.10,0.98,92.81,53.89,-1.43,56.95,0.29867902750615016,1.3998753999127076,1.0555322820693256,3.7698129315953706,9.276349883778021,13.218180129304528,1.3431452151387928,5.240207911897451,2.9215407266747206,2.2996471952460706,7.047804806381464,0,4.4202806912362576,2.917030502408743,9.289181921184063,0,3.2993464949540794,0.807457413058728,6.6536875697691,0.9990832309704274,2.7678713179193437,,6.10,7.09,-1.17,83.72,118.60,900.32,139.03,1015.32,269.03,960.32,167.03,1037.32,167.03,995.32,195.03,1000.32,264.03
78.807,0,0.22,0.06,0.42,1.41,2.02,0.56,2.12,0.96,1.41,93.35,47.62,-0.45,94.18,2.0737413851730526,5.212151563260704,1.3940409036027273,6.798491113521159,5.879463636875153,35.72157367086038,1.6424817510414869,2.724144818726927,1.646225739037618,0.7259697460941972,4.885713238734752,3.473255472490564,2.5389440855942667,1.3010509083699433,10.866625323705374,3.4505483616143464,0.25378998182713985,5.052380325738341,7.127160054352134,2.365504130953923,62.40282425004989,,7.94,5.93,-3.96,83.59,117.46,901.40,141.32,1016.40,271.32,961.40,169.32,1038.40,169.32,996.40,197.32,1001.40,266.32
78.899,0,0.45,1.42,1.31,1.54,1.61,0.04,0.53,1.79,1.81,93.20,50.81,-3.10,94.43,0,2.5418597913114356,2.6021477375132966,2.128625977756456,5.3399109816364945,30.087376873008907,0.9432782120304184,0.43947155926376613,6.479915531352162,1.0715441871248186,0,0.7010399573482573,6.017146493308246,3.6984066887479274,13.809187256302685,2.881430642125197,0,0,8.745169926006348,1.4843749168794602,0,,8.18,6.51,-2.31,86.81,117.15,901.19,141.00,1016.19,271.00,961.19,169.00,1038.19,169.00,996.19,197.00,1001.19,266.00
79.238,0,1.42,0.93,1.95,1.47,13.86,0.07,1.31,0.18,0.94,82.71,60.25,9.31,87.36,5.345537037332543,5.24509134714026,0.5885587385157125,1.4463256812375036,11.871427282102912,24.96622483478859,6.918879803572781,2.2479532366245984,0.7048649722710252,3.3704019796103237,3.409223979804665,0,4.019708854146302,1.1471121477615087,10.36862973384559,1.8325446168659254,0.771241542417556,2.7884167274460196,18.78748445403322,4.2044319016858935,0,,4.72,8.75,0.47,84.32,121.43,899.85,141.34,1014.85,271.34,959.85,169.34,1036.85,169.34,994.85,197.34,999.85,266.34
79.444,0,2.11,0.66,1.11,0.61,15.83,0.69,0.89,0.91,0.68,82.80,54.22,14.85,92.49,1.2280495225731283,1.680947864567861,2.854970682440326,5.2866040850803255,16.96108383686795,36.40925881778821,0.8609188396483658,1.267290774509311,0,3.2542128926701843,1.1089212074875832,2.791743976296857,0,0.7908115933090452,6.641713479366153,3.9326570355240253,1.77121811080724,7.681284139864147,18.795422804028277,2.5208710893057287,2.1032509370706975,,4.08,3.04,-0.75,84.87,121.01,900.89,141.58,1015.89,271.58,960.89,169.58,1037.89,169.58,995.89,197.58,1000.89,266.58
79.505,0,1.60,1.93,1.36,1.42,20.64,0.92,0.74,1.41,0.36,78.03,63.44,15.91,87.48,2.146272714245133,4.952643544576131,1.7904664463642983,3.441514448830858,19.910859652029828,19.068457409739494,4.173513129982166,2.5192865141108634,2.1922226841561496,2.2296460357122125,7.9963409984484315,6.261319197714329,0,1.4658085313998162,6.481515322756021,2.8035169911617412,0,5.689650362357497,26.231526882601454,3.2529200296849012,1.8630564473569393,,7.62,4.63,-3.01,83.91,117.18,901.19,141.84,1016.19,271.84,961.19,169.84,1038.19,169.84,996.19,197.84,1001.19,266.84
79.716,0,1.49,1.77,0.30,0.32,28.37,0.04,1.69,0.43,0.06,70.31,57.17,26.56,90.28,4.344961198861711,3.5555064217885954,3.360433896360919,2.536013904502615,22.877677839709104,35.29427937977016,1.5096003979444506,3.9798365156538784,1.6888169089797884,3.3734081577137114,7.378826687112451,4.211056908825412,2.250776271801442,0.7918049758672714,12.081855606157333,0.11375582697335629,1.5793346744030714,4.712938462384045,27.648838634861196,1.3000103826634586,1.2538602340500802,,5.18,5.74,-2.57,83.53,117.64,900.19,139.39,1015.19,269.39,960.19,167.39,1037.19,167.39,995.19,195.39,1000.19,264.39
79.849,0,1.62,0.50,0.79,2.14,38.30,0.48,1.59,1.19,0.15,61.40,65.07,35.46,91.82,3.6462680184841156,3.411280789785087,3.4095870342478154,2.657489802502096,30.041534382771086,26.7214926360175,5.876056182500906,2.9518759256787597,2.87743276450783,3.7399313479103147,2.944286798592657,6.213644075905904,3.1434046612121165,0,10.605455183908344,0,2.034500243142247,6.955012361519039,38.31699621693871,0,0.3713782802224159,,6.77,7.40,-2.48,83.40,118.97,901.12,140.71,1016.12,270.71,961.12,168.71,1038.12,168.71,996.12,196.71,1001.12,265.71
79.996,0,1.88,1.48,0.59,0.82,40.28,1.75,1.03,0.26,0.41,60.04,67.16,32.91,87.06,1.5948066217545418,4.687720991671085,5.13607566062361,0.5313288244605063,35.963165749645356,17.164815501775593,2.1222955737030134,4.5096391719765965,2.7484008616302162,1.160920404791832,4.476656472310424,2.0254515833221376,5.882956530433148,4.513893755748867,3.1050749216228724,2.3308047908358276,0.4242341220378876,2.6142441709525883,40.575606763568686,3.5288328619208187,3.0271152968052775,,6.85,6.53,-0.51,84.42,120.86,898.73,140.96,1013.73,270.96,958.73,168.96,1035.73,168.96,993.73,196.96,998.73,265.96
80.143,0,1.79,1.48,0.18,2.08,50.86,1.93,1.08,2.05,0.67,51.55,68.02,43.16,93.61,2.7466692829318347,1.6923708745278416,0.4528146362816914,2.910272001512349,39.1292550928516,16.29921920457855,5.553153848275542,3.0563720583915712,4.830395106226206,3.8230558634363114,3.6188988871872425,3.8698623206000775,0.9555877950042486,0.7813124819193034,11.8566792714037,1.0421067184954884,4.7056480455212295,1.7902861018665135,53.01919502863899,1.2121907949913293,3.743329791119322,,6.35,2.87,-3.62,85.69,121.11,898.39,138.99,1013.39,268.99,958.39,166.99,1035.39,166.99,993.39,194.99,998.39,263.99
80.431,0,1.24,0.32,1.84,1.16,61.92,0.49,1.40,1.07,0.51,39.48,68.96,56.77,90.60,1.2278368795989079,2.1393314790213482,2.958831827985123,6.251487645907328,51.23838861642167,22.20907398033887,5.269730839016847,3.20998780509457,1.7278688470833004,3.617757822535932,3.932854122016579,3.8460339033044875,2.039471386000514,1.1242748197726904,4.922577275186777,0,2.8805453265085816,5.341694242786616,61.96765534823987,5.013406959129497,78.07373343082145,,3.57,3.88,-1.79,83.45,120.45,901.63,140.68,1016.63,270.68,961.63,168.68,1038.63,168.68,996.63,196.68,1001.63,265.68
80.714,0,1.00,1.62,1.11,1.99,53.28,1.13,0.11,1.57,1.15,47.50,71.79,49.09,95.01,1.0238138053612786,4.30777936053928,1.1381888310331854,3.38221737545915,41.52781017394326,37.43886102410033,2.2970898843603207,0.4186652349866926,2.4865301155950874,4.630329817030579,2.249976022168994,2.0429416347760707,3.4975120495073497,2.5067292067781093,10.426068087276072,0.76090976072941,5.502358270809054,3.1291199978441,55.65263074670524,2.1310079470276833,1.3630781772080809,,4.61,6.47,-0.03,84.61,119.22,898.58,140.58,1013.58,270.58,958.58,168.58,1035.58,168.58,993.58,196.58,998.58,265.58
80.887,0,1.46,1.69,1.92,0.07,40.91,2.17,1.90,1.68,1.99,59.82,71.10,38.57,88.43,4.444237336455844,3.735670589026995,1.9346512911329046,1.6315689113829284,30.87792762128005,17.604407510720193,3.72928760999348,4.372481676526368,2.687168177217245,1.0828924410231413,7.702208127826452,7.0013079168275,2.9670989932492375,0,9.2261418283917,3.816328662424348,0,6.03195276716724,43.37762846268434,1.7249865485355258,0,,6.86,0.75,-2.61,86.07,118.58,900.40,140.90,1015.40,270.90,960.40,168.90,1037.40,168.90,995.40,196.90,1000.40,265.90
81.189,0,0.88,1.21,1.36,1.03,24.14,2.13,0.52,2.09,1.07,75.76,65.48,22.11,93.02,2.846392884571105,2.449363641953096,5.56481355220545,0.6201465756073596,24.851764593641022,12.449139365460724,4.10612246869132,2.7380568440817297,4.111402752110735,2.334503083769232,1.2937905597500503,5.696726779220626,4.64547186344862,2.746914960620925,11.014963690880686,3.387872566403821,0,10.018223080784082,24.560591904386957,1.1647097221575677,0.9078055818099529,,5.75,-0.89,1.49,85.87,119.59,901.09,140.56,1016.09,270.56,961.09,168.56,1038.09,168.56,996.09,196.56,1001.09,265.56
81.318,0,2.01,1.00,1.65,1.30,28.85,1.47,1.61,1.60,0.17,68.68,60.78,22.27,87.94,2.240009235292673,5.298590576788411,1.8436614194186407,3.183466836772859,22.940154802549735,38.796845397911966,6.160042823571712,3.2718030175566675,0,4.862411555275321,4.888313936535269,1.6148454840295017,2.495240271091461,3.1115978962834925,14.23731597814709,0.7591408187802879,1.3417803458869457,6.706008200068027,28.66911345950315,0.038466715486720204,2.4175939194392413,,5.85,5.26,0.74,86.30,120.05,900.39,139.69,1015.39,269.69,960.39,167.69,1037.39,167.69,995.39,195.69,1000.39,264.69
81.617,0,0.60,0.62,0.29,1.55,14.52,0.07,0.04,1.17,0.19,81.49,49.88,10.51,95.19,0.8241886596521364,2.515499803493731,4.152058845143765,5.235961931189522,15.401527767812487,17.03943741740659,2.220591538003646,2.7942902576178312,5.938535632798448,4.562184851933271,3.991397751029581,3.7302981081884354,2.069690960459411,2.6567746082134547,14.755722473487257,3.0424550962308423,4.49511229339987,4.681458732113242,20.944598707593798,1.208233926910907,4.983981634955853,,3.49,-0.91,-1.25,86.67,122.97,900.92,138.40,1015.92,268.40,960.92,166.40,1037.92,166.40,995.92,194.40,1000.92,263.40
81.856,0,0.69,1.62,1.42,1.42,0.24,1.82,0.24,0.72,0.87,94.05,49.00,-5.02,89.61,4.709209777177311,0,0,2.56728590275161,5.71952564378269,33.640708504244685,4.486945130862296,4.358792786113918,3.152927657822147,0.038639798332005704,0.45861023850739,7.540729625150561,5.104162951000035,1.3956024460867047,5.348608641251921,1.3347183553175999,0.03909902460873127,0.08622799767181277,4.223284882297739,4.134250581730157,1.3272455732803792,,7.48,3.33,-0.51,85.08,118.51,899.48,140.28,1014.48,270.28,959.48,168.28,1036.48,168.28,994.48,196.28,999.48,265.28
82.101,0,1.83,0.10,0.58,0.17,1.87,1.82,1.07,1.08,0.28,95.41,49.35,-2.23,95.32,4.73497979501728,4.1898346686037256,4.871667832154781,5.574386884113774,4.826802644375712,27.09031166881323,1.509082074626349,1.6427605750039218,3.443045475985855,1.9521973207965493,4.0455755749717355,6.216217372566462,5.4524775934405625,1.3770480386540296,5.238328860010951,3.1430366848548874,1.7081973697058856,5.582529820967466,7.291405417975039,1.045852679060772,1.2154343237634748,,3.12,-1.97,0.60,85.98,117.33,899.20,138.52,1014.20,268.52,959.20,166.52,1036.20,166.52,994.20,194.52,999.20,263.52
82.268,0,0.26,1.12,1.27,1.92,1.73,0.71,2.06,1.31,2.04,94.62,53.45,-4.08,95.14,2.2347911549312998,3.417532120109536,0.7049202470015734,1.2882600657548764,4.278273676871322,44.099587343167514,4.387618808145635,0,2.339601762359962,0.778735809084028,3.222287165466696,2.8750694426707923,5.835857480764389,0.9284755416586994,5.7498835157416766,4.928633775315248,2.637015309650451,3.8224926735274494,9.28452908305917,4.705985700013116,2.53562164446339,,4.74,0.20,-1.06,84.54,121.52,901.11,140.44,1016.11,270.44,961.11,168.44,1038.11,168.44,996.11,196.44,1001.11,265.44
82.525,0,0.82,2.16,0.94,2.19,0.97,0.81,1.30,0.44,2.13,94.72,52.00,-5.13,94.04,2.023096793112345,4.27435511869844,5.3983196420501915,6.387387737138196,7.6743521404266355,43.625865284819156,4.1084700165549295,0,1.2552094026468694,1.884685227833688,0,4.632255003089085,0.27437074994668365,0,5.952324269022792,1.4090533053921535,2.329435862135142,10.374057640321553,8.486136408858002,5.490553546929732,0.4788900255225599,,4.21,1.51,-0.90,86.89,120.98,900.10,138.61,1015.10,268.61,960.10,166.61,1037.10,166.61,995.10,194.61,1000.10,263.61
82.639,0,2.16,2.18,2.01,1.54,0.38,0.31,1.17,0.18,1.54,94.37,44.12,-1.74,89.53,4.06164439116139,0.7509520505322143,5.963392720851116,4.0579232890624555,4.289502893420868,46.91772827971727,4.3137589182704685,5.186126493904739,0,3.071752787325531,2.7668235772289336,3.4031860725954175,1.6602493543177843,2.8545292632933705,7.757660252675414,0,4.449831430800259,0,2.835807550833561,1.056457591475919,2.738276603166014,,7.19,1.63,-0.61,85.81,120.19,901.90,139.98,1016.90,269.98,961.90,167.98,1038.90,167.98,996.90,195.98,1001.90,264.98
82.724,0,1.39,1.04,0.20,1.15,1.48,0.31,2.19,0.91,0.33,93.94,54.36,-4.42,59.68,0.6335023899888621,2.079195208544843,2.458814229476266,3.069885058151558,7.232216859557666,43.800651151221246,1.2482469397597016,4.818501004502178,4.230561921838671,0,5.348162258975208,0,3.5277532381005585,0.9301367819774895,5.078389536254108,1.9136767448903993,6.509421836119145,5.634990299586207,6.3179684332711625,2.072733755921945,2.811695581767708,,4.30,-3.36,1.01,84.21,122.30,899.05,139.22,1014.05,269.22,959.05,167.22,1036.05,167.22,994.05,195.22,999.05,264.22
82.805,0,0.78,2.14,1.81,1.95,0.62,1.17,1.05,1.01,1.27,94.14,44.02,-0.15,88.95,0,5.446927741775289,2.7031263769743963,4.038323624003679,7.87458448770456,9.642482606228441,1.5697132050059737,1.2425194729305806,3.197230154182762,2.7779896625690164,1.2280366150662303,2.2164236991666257,3.1585561092942953,2.413027722006664,10.855469069182874,4.656572988992557,2.385497043840587,5.847820635419339,2.67449554390274,2.1200851290486753,3.3277780897915363,,3.89,-0.77,-0.24,84.02,121.16,898.47,138.67,1013.47,268.67,958.47,166.67,1035.47,166.67,993.47,194.67,998.47,263.67
82.954,0,1.34,1.54,1.37,1.56,0.69,0.60,0.91,1.88,1.09,94.07,51.32,-1.97,89.53,4.8034380450844765,5.395073153218254,0.8705247380491348,2.232092671133578,7.691696897516959,40.68891165358946,3.5157048017019408,1.7582453140430152,0.5708033218979836,4.923449509870261,0,6.7872571896295995,7.878211647737771,2.2765951264090836,9.394193853270263,2.3009265669528394,3.907251914497465,4.034328347537667,6.8631010557198895,6.028866502922028,2.2621370614506304,,2.78,-0.89,3.01,86.81,121.98,898.09,139.13,1013.09,269.13,958.09,167.13,1035.09,167.13,993.09,195.13,998.09,264.13
83.021,0,2.12,2.07,0.60,1.24,1.38,0.68,0.10,1.43,0.55,93.93,44.33,-1.39,92.98,2.214718791875057,1.0824204018106682,2.224489741870202,2.532461784733459,3.081990466713905,40.82928880676627,5.680957620730624,3.6623305237852035,1.4797841128893197,3.2078962316550315,5.1902389023453,2.1602172083221376,1.1556752412579954,4.411858057258651,10.494993803799153,1.8421463299961762,0,1.2249733465723693,8.272678446825594,4.651932755485177,0,,1.92,-2.01,-1.44,83.07,122.98,899.12,138.36,1014.12,268.36,959.12,166.36,1036.12,166.36,994.12,194.36,999.12,263.36
83.284,0,1.18,0.49,1.70,0.35,0.37,0.53,0.62,0.02,0.40,95.48,45.99,-6.06,87.75,3.977016566968523,4.39039348650258,1.8655931658437477,0.36144071242772036,3.648421015352942,39.41819386044517,4.248937489348464,4.5243937136605386,1.8917849073186517,2.4156705655157564,0.6037547132000327,1.6386501665692776,4.09107755497098,1.2427285950351505,9.209966711904855,4.5555569088691845,1.9906371030956507,4.025646158494055,7.9873933594813575,2.124085003975779,2.3357341974042356,,6.45,-1.12,1.56,85.05,119.72,898.74,141.55,1013.74,271.55,958.74,169.55,1035.74,169.55,993.74,197.55,998.74,266.55
83.479,0,0.80,0.25,1.33,0.60,0.79,2.17,1.73,1.62,1.07,94.88,54.20,-4.38,92.65,2.9643417309690268,3.3226626856718213,1.4237154529755935,5.576098315510899,4.5905236483505,47.408299449365586,3.781366825127043,2.4411727953888476,0,4.641722814459354,3.0795510071329772,0,1.7006741599179804,0.40007133395411065,11.032034376561642,0.2051690515968949,3.1967847580090165,2.4730405528098345,4.1494177390495315,2.9162013966124505,0,,4.20,-5.27,2.66,83.96,117.91,899.71,140.06,1014.71,270.06,959.71,168.06,1036.71,168.06,994.71,196.06,999.71,265.06
83.586,0,1.83,2.00,1.02,1.48,1.91,2.14,0.60,0.10,0.56,92.98,42.10,-1.17,88.06,1.112872437736951,1.2861835580551997,6.029741292865946,5.413391991807147,4.194139435710385,20.18587648170069,3.6971481586806476,4.007733971904964,4.663204891141504,3.058572021871805,2.612390480004251,3.8937038748990744,0.10306631354615092,0,10.782327592838556,3.5811812778702006,5.219086489174515,5.40897734137252,9.067247561151163,0.4992940842639655,3.9079603529535234,,6.19,-4.56,1.07,86.49,121.95,900.71,141.02,1015.71,271.02,960.71,169.02,1037.71,169.02,995.71,197.02,1000.71,266.02
83.676,0,1.23,1.69,1.66,0.23,1.84,2.14,0.55,1.79,1.90,94.42,52.07,-5.22,95.25,0.9689459383208305,2.3474816681351514,4.857729089711793,1.661773847769946,6.160581243345514,39.89641969231889,2.924645539163612,3.4034291647560897,1.230586614459753,1.8213573282398285,3.5811710762791336,4.274574342183769,2.8026580908335745,0.4766821951512248,8.115258245281876,2.626517959302291,0,0,6.438721159761772,0,1.4375152573920786,,5.35,-4.84,1.96,86.36,117.32,898.71,138.38,1013.71,268.38,958.71,166.38,1035.71,166.38,993.71,194.38,998.71,263.38
83.737,0,1.65,0.47,0.42,0.63,0.97,1.36,0.56,1.03,1.50,93.30,53.98,-6.40,88.62,0.7759160867426544,0.8270072533283384,4.287519198907539,1.9318393883667886,5.729548893421889,18.931592002976686,3.673196858051233,3.4454527364298704,0.6069501431193203,0.026376145035028387,6.81978655513376,0,4.934727820102125,3.8940143141523005,7.051446861792356,3.226876998124644,0.39916287269443274,6.961951857898384,7.7334353125095365,3.9663597475737333,3.8863029275089502,,5.21,-0.30,2.65,84.93,117.37,899.60,138.79,1014.60,268.79,959.60,166.79,1036.60,166.79,994.60,194.79,999.60,263.79
83.822,0,0.61,1.19,1.17,0.33,2.14,0.45,0.80,2.01,1.13,95.50,49.94,-5.25,89.00,3.0155888105323534,4.380631296918727,3.276353924120776,0,3.9813234670041133,34.73499884502962,4.994734362885356,3.970956027191132,1.409947523381561,4.024544994402676,8.619379085954279,0,0,0,11.58013100579381,2.438734121727757,4.977517168968916,0,5.7079077641153715,0.5389795892406255,5.220787412021309,,1.26,-4.07,3.28,83.37,117.38,898.32,138.71,1013.32,268.71,958.32,166.71,1035.32,166.71,993.32,194.71,998.32,263.71
84.072,0,0.46,1.79,1.60,0.18,0.45,0.11,1.58,1.15,2.10,95.01,43.86,-0.78,88.14,0.08489767809864146,2.470826485962607,3.3003107941756027,1.6344268607068808,5.983780504358001,30.624349595978856,2.4814790352480487,5.187462531141937,2.706144653726369,0.4852077989466488,0.5363944522105157,0,2.711471177637577,0,17.517369380742313,2.119343382115476,0,4.531099651474506,4.464596520042979,3.603888518875465,72.72614569636062,,1.42,-5.33,2.86,85.28,121.23,901.72,139.67,1016.72,269.67,961.72,167.67,1038.72,167.67,996.72,195.67,1001.72,264.67
84.251,0,0.96,1.20,1.95,0.63,0.02,0.35,0.24,2.12,0.65,95.58,46.86,-5.68,90.83,0.13008448425214736,0,0.3028185376385224,0.45810553670860843,7.526449797837995,43.90629681292921,3.5324707228457557,4.125314012113959,1.2499777551274747,3.635741076618433,2.0398046378977597,0,1.7118731494992971,4.8516737554129215,13.432440903857351,1.759130541733466,0.3598265456967056,0,3.9365548880072314,0,0,,0.66,-1.44,-0.43,86.33,119.38,901.49,139.11,1016.49,269.11,961.49,167.11,1038.49,167.11,996.49,195.11,1001.49,264.11
84.401,0,0.87,1.35,0.49,0.95,0.27,1.59,1.42,0.18,0.76,94.03,45.54,-2.43,91.42,1.9140710835438224,0.3604465590324253,2.3248173484764996,5.863677777089179,7.8307715361565355,37.758997469209135,2.4625410496722906,2.0904326674342157,1.8844037738163024,3.1448090718500317,4.954675038345158,7.0338666785974056,0,4.0815848021954295,16.73786624185741,5.226850721566007,0.2924614632502198,1.4229306410998106,7.050740524400026,2.1284801834262908,2.7128607351332903,,-0.33,-3.73,-0.40,83.47,118.51,901.86,141.53,1016.86,271.53,961.86,169.53,1038.86,169.53,996.86,197.53,1001.86,266.53
84.550,0,0.54,1.94,2.00,0.14,1.34,0.35,1.94,1.32,1.05,94.46,48.26,-5.02,92.20,4.388905271366238,1.1361579708755016,0.9776793274376541,3.255472938772291,5.0013828899851065,44.40223223436624,5.954883276904002,2.3803864494524896,0,4.808771227356047,3.3405532110482454,1.6328619387932122,1.3930555419065058,0.918958230726421,12.991040836647153,4.21551600350067,1.4781503770500422,4.363334893714637,7.5413966098846865,6.537037801230326,3.400698706274852,,-0.69,-4.98,3.76,83.54,120.51,899.39,141.98,1014.39,271.98,959.39,169.98,1036.39,169.98,994.39,197.98,999.39,266.98
84.679,0,0.94,0.22,0.58,1.64,1.96,1.29,2.19,0.59,0.44,93.27,48.23,-1.37,92.98,1.1029746540170162,3.4859733130317183,5.64014866775833,4.797241867110134,4.447526847189293,10.23737794533372,3.6763987159123643,1.0690092699415983,3.4617484731134027,1.6188696974888446,5.594862564001232,0.12112410948611796,5.191877034958452,3.6791011297889056,12.95080998133868,0.4275056330766529,0.7103289966471493,2.5095000355504453,7.289875962799416,0,1.7232155401725322,,3.30,-1.33,1.87,85.66,121.18,899.82,139.15,1014.82,269.15,959.82,167.15,1036.82,167.15,994.82,195.15,999.82,264.15
84.869,0,0.25,1.04,1.29,0.40,0.85,1.46,0.17,0.82,1.08,93.81,44.54,-4.13,95.51,3.7038746497267856,3.3460128329927104,2.6533711652923375,0,7.696059237788432,46.87221689755097,2.1909770247992126,4.839752568639815,0.9505158504471183,1.6849453730508688,6.197623697575182,0.6829784403089434,2.4963214080780745,0.6695126865804197,15.177712816409766,4.922426280430518,3.2683977489359677,5.356543033383787,2.979972326443531,2.278172194492072,99.29131277883425,,1.62,-4.81,4.57,84.16,119.51,899.05,138.14,1014.05,268.14,959.05,166.14,1036.05,166.14,994.05,194.14,999.05,263.14
85.049,0,0.49,1.36,2.17,0.31,1.16,0.22,0.98,1.96,1.07,95.20,51.27,-3.63,91.91,1.7486659645615146,5.003211444080807,0.9300110451597723,1.900207830602303,8.334544297191314,16.36940125282854,6.587940125330351,4.020715468153357,2.0287746964022517,0,2.4168770159594715,2.268654765561223,2.0605748374946415,1.5185125562362374,10.31777460468933,5.259007403622381,1.801477637141943,1.3501743390224874,8.369269535527565,5.04825239838101,1.8228969010524452,,0.40,-5.50,3.73,85.80,118.45,898.14,138.54,1013.14,268.54,958.14,166.54,1035.14,166.54,993.14,194.54,998.14,263.54
85.199,0,0.80,0.09,1.80,1.80,0.28,1.96,1.81,1.29,1.68,93.69,42.13,-2.61,92.63,2.7419203308084983,3.823349014134146,3.8675137474061922,5.109695341410116,6.907622928670608,17.841922668740153,6.24705574461259,2.193080273345113,5.071139246225357,5.292805745638907,3.701971450354904,0.42356233787722886,6.548572992905974,0,9.486856656409799,0,0.3091224795207381,1.854135514702648,7.616431908537634,6.558454199461266,0,,-1.68,-1.66,3.09,85.48,121.34,900.84,138.93,1015.84,268.93,960.84,166.93,1037.84,166.93,995.84,194.93,1000.84,263.93
85.364,0,1.62,0.12,0.16,2.15,0.93,0.02,1.11,0.56,1.54,93.53,49.90,-4.61,96.51,5.336124355373904,4.909896380919963,1.2457997590489684,3.63005519207567,4.4984931114735085,25.311939884908497,1.9744153148028998,4.701300505697727,3.130886015947908,3.1208635831810536,0,0,0,0.9573928418010471,15.307346479091795,2.4095039497315884,1.682548797223717,0,7.085972567605786,0.2289094114676118,1.7861802612897009,,-0.20,-8.13,4.60,84.79,120.87,901.01,140.29,1016.01,270.29,961.01,168.29,1038.01,168.29,996.01,196.29,1001.01,265.29
85.489,0,0.97,0.09,0.22,0.81,1.31,1.21,0.31,0.63,1.86,92.93,41.73,-0.64,91.61,0.3942274629557505,0,1.7711186748789625,3.4987225733976812,7.44144111381378,15.93257984239608,0.9194047704804689,2.295066201873124,5.123454545857385,0.25504484564065955,3.406021971255541,4.186433584196493,5.224678848870099,4.189695676760748,8.069541188720613,1.0440579458279533,5.064394652843475,4.539534332230687,4.330120382313616,0.5459127079229802,79.53255843603984,,-2.61,-5.05,3.08,83.21,118.43,899.95,141.49,1014.95,271.49,959.95,169.49,1036.95,169.49,994.95,197.49,999.95,266.49
85.762,0,1.92,1.79,2.00,0.42,1.44,1.79,1.60,1.40,1.02,94.26,49.98,-1.25,89.02,5.637598562212661,2.98157069045119,0.38524843624793004,1.4682883976958694,7.435813177269884,8.886374827940017,2.5317148484056817,4.207676715906709,0,1.5994398427009582,6.47974011534825,2.0765382014214993,6.220431104768068,4.913316185865551,8.172735653948038,3.5619117666315288,0.8112830119207501,2.5956502417102456,7.085077426391654,5.700092510087416,1.902768534841016,,-2.32,-7.85,2.09,85.38,117.88,901.85,138.56,1016.85,268.56,961.85,166.56,1038.85,166.56,996.85,194.56,1001.85,263.56
86.081,0,0.46,0.06,0.15,1.40,1.95,0.43,0.64,1.84,1.01,94.39,49.04,-2.55,87.60,2.142410370418802,2.360648633586243,0,1.879157342929393,8.293397526671178,42.734312789049,2.8542976862285285,1.5259816701337696,4.856841690139845,0,8.788623774424195,6.191837127320468,4.429284431040287,4.216791193662211,5.019143882505595,4.82529525690712,2.853385859169066,0.3937166063115001,3.9338224220229314,5.727261290187016,1.3425959029700607,,-3.17,-6.88,1.84,86.96,119.66,900.66,138.33,1015.66,268.33,960.66,166.33,1037.66,166.33,995.66,194.33,1000.66,263.33
86.313,0,0.16,1.20,0.67,1.42,0.86,0.22,1.26,2.02,0.20,94.70,45.21,-1.64,94.46,2.1783952566189693,4.934710883744993,4.689376543695107,0.9905626911390573,3.576117292046547,24.056242514401674,3.0776883335551246,5.216812828909606,0,3.035007913466543,2.838011354673654,4.302589213009924,2.443561188876629,1.012142915185541,15.55276328900829,0.10843931663315765,0,0.7150975791737437,8.605902895797044,6.1079946605023,4.818295656004921,,-0.64,-4.13,1.13,85.03,122.95,900.13,140.02,1015.13,270.02,960.13,168.02,1037.13,168.02,995.13,196.02,1000.13,265.02
86.382,0,0.23,0.14,0.82,0.34,0.56,1.38,1.45,0.92,1.01,93.24,42.60,-6.09,91.14,2.3362812043447048,5.356911834143102,2.6087957947049287,4.083048406206071,4.502900807964616,14.658231635112315,4.742308651143685,1.092177860662341,0,3.457027892637998,7.439964684192091,0,7.58425675984472,3.96987085852772,10.854841639976948,1.2027331475913523,0,1.2501432858407497,5.999136952818372,5.035216615069658,0,,-4.31,-6.47,3.61,85.08,122.75,899.84,141.50,1014.84,271.50,959.84,169.50,1036.84,169.50,994.84,197.50,999.84,266.50
86.603,0,1.42,2.09,0.55,1.71,0.27,0.24,1.32,0.28,1.81,95.37,43.23,-7.83,94.61,1.991573341810145,5.402072410169057,1.5728760677296671,3.1164811067190024,2.4345070223417133,44.12329159444198,4.903124558669515,0.42976863518357256,3.0115644093602896,0.7761932145990431,3.0863608522340655,2.0871540198568255,2.659175757318735,4.882400841638446,15.135246491022407,3.493127346825786,0,3.448917143512517,5.101698022587225,0,0,,-0.34,-5.70,1.94,86.94,117.03,900.41,140.93,1015.41,270.93,960.41,168.93,1037.41,168.93,995.41,196.93,1000.41,265.93
86.913,0,0.78,1.58,0.80,1.03,0.58,1.06,2.14,1.03,1.43,93.95,46.37,-2.21,90.54,2.792024846728891,4.128035217430442,1.405541455540806,2.4924672865681354,3.300828515086323,11.471792015247047,5.2799168020486835,1.6921147003583612,0.9666690058074892,4.841363164111971,1.3346582120284438,2.0029959874227643,0.6129966387525201,0.532052890751511,13.545042853448539,0.8981383059546353,0,4.710368822794408,8.303915655240417,0.09126374311745167,0,,0.48,-8.73,4.72,83.23,122.39,901.16,139.52,1016.16,269.52,961.16,167.52,1038.16,167.52,996.16,195.52,1001.16,264.52
87.120,0,1.96,1.88,0.92,1.65,1.84,0.34,1.66,0.60,1.78,94.49,42.01,-0.77,96.19,3.1246474901866166,1.9788849245756865,6.017255668165163,0.9004664886556566,3.6802567767491565,17.03447089996189,3.264678117702715,0,0.7574294921942055,3.9187158840708434,3.9234389271587133,5.669036153936759,2.6706276331096888,2.404999578334391,11.726923829708248,2.469194359835237,1.4067201330326498,5.35739006428048,9.384350407109597,5.268195030046627,3.792702528415248,,-1.20,-4.84,2.06,85.17,122.80,899.68,141.46,1014.68,271.46,959.68,169.46,1036.68,169.46,994.68,197.46,999.68,266.46
87.292,0,0.11,0.17,1.64,1.30,0.26,0.44,0.92,0.76,1.65,93.90,52.59,-2.04,89.77,3.0347506305808203,4.305666151433252,4.2271372449211775,2.0540234218444677,4.871406812262721,39.94347293674946,6.488007223396562,2.805075528789312,4.464404069585726,4.59311128957197,5.2370341485366225,2.243644760455936,0,2.27124708423391,10.851711343955248,3.6381209958205,1.3414554935880005,8.236119527369738,7.509463878269307,0.515089477179572,0,,-1.18,-9.50,1.97,85.09,121.91,898.79,140.84,1013.79,270.84,958.79,168.84,1035.79,168.84,993.79,196.84,998.79,265.84
87.538,0,1.48,1.40,1.69,1.02,1.83,1.51,2.07,0.83,2.05,94.57,42.85,-1.26,92.70,4.062257452122867,2.170953903114423,6.294661436299793,1.7788991925120352,4.1402724266378215,19.436904192436486,4.71277736579068,5.6265753243863585,6.263525941409171,2.4418133481405677,0,4.683554153190926,0,0.5007358799036594,13.592264539655298,1.0731031693983821,2.3522985787130892,2.0544115398079157,6.542949287635274,6.3754365120548755,0,,-1.92,-9.82,4.34,85.46,120.57,901.54,138.44,1016.54,268.44,961.54,166.44,1038.54,166.44,996.54,194.44,1001.54,263.44
87.740,0,0.81,2.18,1.29,1.76,1.62,0.82,0.36,1.70,0.88,93.69,46.91,-0.82,87.34,2.282677802089602,0,2.561312256096862,5.60003044353798,7.598465656316839,52.80164278764278,4.928060284559615,0.21402352375909706,0.9638286961708218,4.739869787599892,0.7185517572797835,3.3177359206601977,6.389256675727665,2.654519051769748,12.662378501873462,1.986070729289204,6.025046271737665,1.906504311133176,6.954862832189537,2.652956110192463,1.1009287303313613,,-1.69,-10.39,4.61,86.33,120.02,900.29,138.29,1015.29,268.29,960.29,166.29,1037.29,166.29,995.29,194.29,1000.29,263.29
88.035,0,1.29,1.34,1.46,0.22,0.14,1.50,1.02,0.25,0.57,94.94,46.67,-4.12,89.44,0.5768484407057985,3.3510058936895804,5.821870351242833,0.042929896311834526,4.7611597633454945,38.72350854519755,1.2664693500148134,0.7565952043421569,2.7029867677483708,1.9959163243509828,4.261653166729957,3.6993832003790885,5.05771914543584,1.429158147564158,12.617700419314206,0.3699453597096727,0.8700380153022707,8.47158863209188,3.8714380804914983,0.5493540689349174,0,,-5.93,-7.89,5.95,83.75,121.25,901.75,141.24,1016.75,271.24,961.75,169.24,1038.75,169.24,996.75,197.24,1001.75,266.24
88.302,0,1.37,0.44,1.86,0.16,1.84,2.02,1.05,0.42,0.17,95.32,44.31,-4.72,89.41,0.9748868602840228,2.289470735262148,1.7042004691483457,1.0845111374463885,5.579998860522173,8.100195486098528,6.348280586674809,1.187662192359567,2.5730846675578505,5.323028839044273,1.4170046215876937,1.919594770297408,3.7268844600766897,2.9068913532141596,8.478340055532755,0.6837035875441506,5.2791823972947896,0.21815911727026105,5.068720027902163,1.577482356224209,0.4068374941125512,,-4.94,-6.59,5.98,84.25,121.37,898.27,139.97,1013.27,269.97,958.27,167.97,1035.27,167.97,993.27,195.97,998.27,264.97
88.603,0,0.45,0.39,1.84,0.36,0.55,0.06,0.34,2.02,1.64,94.63,42.61,-5.44,90.47,0.017132117701694316,2.518184449337423,4.4156226664874705,2.990596215818077,3.3689071543654423,31.76951582217589,3.670669764582999,4.785489523559809,6.517389852786437,3.8617170006781816,2.5490182139910758,1.5635536720510572,5.425814658869058,0.601591808758676,13.12615064870566,1.558911844138056,0,4.352865936234593,3.494174795602448,2.228907841257751,5.154206428444013,,-5.60,-9.57,4.35,83.51,119.35,899.24,139.67,1014.24,269.67,959.24,167.67,1036.24,167.67,994.24,195.67,999.24,264.67
88.772,0,0.60,0.48,2.09,0.30,0.13,2.12,0.57,0.81,1.07,95.23,44.29,-0.05,75.09,3.6614109726669266,4.863061145017855,0.8632871449412782,3.398892224607989,7.99829790384043,27.616353523451835,6.30560001602862,4.749110815860331,0,1.3018633204884829,4.540614816360176,5.3532012780196965,5.834902583621442,0.669370883619413,10.747110210694373,3.5502497503953054,5.621482422575355,2.0473528769798577,4.565529309543781,6.587302126456052,1.5096549249719828,,-6.58,-11.49,4.08,86.51,122.27,900.49,140.20,1015.49,270.20,960.49,168.20,1037.49,168.20,995.49,196.20,1000.49,265.20
89.051,0,1.08,2.07,1.15,0.27,1.32,1.02,0.94,0.31,0.19,93.22,47.53,-5.10,96.11,1.0721031454345211,1.2825169430812822,3.8913078901916744,1.3913996929582209,7.716224763179198,30.650622516404837,3.598857315280475,2.6973864141106607,0.29008737462572753,2.417853424455971,2.219774150289595,3.0236531645059586,2.661413232330233,3.4810717128403486,10.70704820027575,4.343549440768547,3.4525940301828086,3.238283694256097,4.704924869881943,2.5739458326715976,0,,-6.96,-8.07,5.42,86.99,122.94,901.65,140.33,1016.65,270.33,961.65,168.33,1038.65,168.33,996.65,196.33,1001.65,265.33
89.124,0,1.13,1.61,0.68,1.26,0.63,1.31,1.15,0.03,0.13,93.39,50.98,-5.94,92.60,3.063132072971203,4.416056226450019,2.4518101775785905,1.667238973611966,6.893377248644828,44.99613481992856,3.786911013466306,5.083810185864568,2.556124189402908,5.295981658156961,0,3.510006317635998,0.41416260693222284,2.4205146170500664,9.355048226825893,1.4783657811442392,1.318675257731229,3.9161337786354125,6.097887464109808,2.0678291427902877,3.9947007740847766,,-3.53,-5.49,1.72,86.78,118.37,899.47,141.54,1014.47,271.54,959.47,169.54,1036.47,169.54,994.47,197.54,999.47,266.54
89.436,0,1.39,1.97,2.09,1.98,1.90,0.77,10.95,0.44,1.87,86.60,48.77,4.10,87.56,8.630747840156438,7.303999637926674,3.2239077404420824,10.127616582780398,3.8295454850047825,36.60066706221551,5.530785287171602,1.4790507900714873,4.845208699814975,2.4567553472518924,0,3.939987998455763,3.297028928529471,0.07670246634632338,17.719783633275128,7.429850398407909,4.643700056243688,0,4.749746144209057,3.4088444793596864,0,,-6.44,-5.70,6.38,85.82,119.10,899.07,138.42,1014.07,268.42,959.07,166.42,1036.07,166.42,994.07,194.42,999.07,263.42
89.575,0,1.70,0.45,1.15,0.84,0.63,1.90,21.66,1.56,2.07,76.33,60.41,3.42,93.84,7.641775701260112,14.687270482660447,2.399267447837629,13.000372396167204,3.7281199223408477,36.40664751175791,2.2736855236114932,3.040362847838551,1.0715700266882777,0.0072076878324152105,0.848235609009862,3.336453531868756,0.7950824573636055,5.125974356764928,20.862258877425035,8.435095561649568,0,6.664314158260822,4.892089606202208,5.578548378776759,5.072371509857476,,-7.92,-8.19,1.79,83.38,119.27,898.14,139.63,1013.14,269.63,958.14,167.63,1035.14,167.63,993.14,195.63,998.14,264.63
89.789,0,1.43,1.07,0.32,0.25,2.13,1.86,35.24,0.10,1.67,65.70,62.14,10.14,91.15,15.777464430183086,20.442585791988776,2.442173165329732,21.566679972633544,8.445589079926721,18.474830923601985,1.6200817248784007,3.814171283263713,3.7410063198767602,5.326488197688013,1.2132793203927577,4.270945569500327,4.788934878073633,1.7140207355003803,24.37479381538295,15.560375080760481,3.132073841523379,8.020889282226562,7.354792800121941,5.440151701681316,4.235600225161761,,-6.12,-9.10,6.46,86.19,120.87,900.78,139.11,1015.78,269.11,960.78,167.11,1037.78,167.11,995.78,195.11,1000.78,264.11
90.084,0,1.62,0.25,0.15,0.76,0.61,1.18,52.27,1.11,0.20,49.34,70.67,15.87,96.70,15.695971878370422,28.261385513165592,1.2759911842271685,32.27655792952359,3.7415718008717525,32.5440299664624,5.003584341518581,3.6310758977383375,6.965644765878096,5.276400821506977,0,1.4807147996034473,3.7525688228197396,4.213376951925456,25.688680286276043,16.359296470232458,4.351286195218563,10.553135128226131,5.238766089794226,2.7947759511880577,0,,-8.58,-9.58,5.21,86.62,119.24,898.26,138.05,1013.26,268.05,958.26,166.05,1035.26,166.05,993.26,194.05,998.26,263.05
90.348,0,0.87,1.37,1.49,1.96,0.30,0.43,43.24,0.65,1.17,55.61,66.58,12.66,89.80,16.981651810220242,23.01759931635854,3.1756882669823248,28.75727161112946,3.636965885325335,37.8922557849437,6.376718129054643,4.973407645449043,4.299079759977758,1.1681144985742868,6.102827972732484,6.146627592854202,0,2.511417639134452,31.42843577306567,13.81311793655975,0,5.938882390968502,4.409811557778157,0,3.619255998171866,,-7.17,-6.88,1.94,85.50,118.20,900.64,139.90,1015.64,269.90,960.64,167.90,1037.64,167.90,995.64,195.90,1000.64,264.90
90.605,0,0.72,1.83,1.25,1.34,0.23,2.07,28.82,2.19,0.99,71.52,56.02,7.23,90.13,11.643149744295169,16.500943589435003,0,19.697951154810614,4.981931918589399,40.93725199671462,5.933192061353475,4.378299475070089,4.331250633345917,1.7356189350038767,0,2.123027321882546,5.869569798465818,0.0535948667395858,17.95724933543507,10.592373286806632,2.6261570430360734,1.4967437922023237,2.8237719195615503,0,0.31913302140310407,,-4.85,-10.47,5.55,86.15,119.50,900.31,139.82,1015.31,269.82,960.31,167.82,1037.31,167.82,995.31,195.82,1000.31,264.82
90.705,0,0.78,1.80,0.52,1.29,1.98,0.03,21.34,0.14,1.89,78.01,56.57,5.08,91.81,11.01313709586641,15.061428923326952,5.540896510719322,12.991272993120667,8.911231150194071,43.85066327592358,2.479441272537224,1.9283589404821395,3.9879800642374903,3.341192410681397,0,0.8950529226567596,0,2.3583057038951667,20.08172973938617,9.714673725615873,4.245167751796544,3.6136311194859445,5.587849529613741,0.6801173221319914,0.5446131031494588,,-4.52,-8.15,1.95,86.45,122.35,899.53,141.23,1014.53,271.23,959.53,169.23,1036.53,169.23,994.53,197.23,999.53,266.23
90.866,0,1.02,1.67,0.63,0.89,1.02,0.52,14.91,1.64,0.31,81.11,49.02,0.56,93.84,6.60859896311833,11.407709115624403,0.7341991475271059,13.189044832984328,5.775510035110638,38.01307660667226,1.5630438088206575,0.2194422045908868,5.869562069419771,2.603057976681739,1.5338748889043927,4.272790551185608,1.9467576085589826,0.7991067655663939,17.532715483082065,4.254932858965531,2.2604945483617485,5.162877048365772,3.1563790452759717,0.35471321479417384,3.1618032592814416,,-6.08,-5.79,5.23,86.95,119.32,899.74,141.84,1014.74,271.84,959.74,169.84,1036.74,169.84,994.74,197.84,999.74,266.84
91.100,0,1.67,2.16,0.33,0.10,1.84,1.51,1.90,2.07,1.89,92.81,45.29,-2.38,91.35,4.056010104357265,4.3239066248061135,4.981666733119637,3.3163354634027926,4.180991951646283,18.543604237493128,3.592891013715416,4.149815755244345,3.3572575584985316,0.11655703391879824,4.7150597157888114,1.2276431936770678,5.568187428172678,0.05050762588158264,4.32518954994157,5.185621230280958,0.7918165121227503,0,8.536649334458634,1.5901310790795833,83.48445176333189,,-4.68,-3.21,4.55,83.61,120.02,898.55,138.34,1013.55,268.34,958.55,166.34,1035.55,166.34,993.55,194.34,998.55,263.34
91.283,0,1.49,1.00,0.13,1.40,0.63,1.98,0.09,1.20,0.73,93.76,41.03,-5.07,92.70,0,4.8432376713724805,5.837653716430068,0.612546563418582,3.282547467118129,33.925088258925825,2.0283695177873597,0.11590000430122016,1.7294658243190497,1.5275485704280438,3.3458323711529374,0,8.158849909901619,1.009049686770886,10.583382589891553,0.6523147504730149,1.649007667787373,5.581220489926636,7.527209834912792,0,2.948278096038848,,-5.62,-6.38,3.20,85.09,119.36,901.46,139.17,1016.46,269.17,961.46,167.17,1038.46,167.17,996.46,195.17,1001.46,264.17
91.487,0,0.16,1.76,0.56,1.04,1.37,1.91,2.03,1.25,0.13,92.89,50.19,-0.04,89.92,2.1859074315056204,2.262223531585187,0,6.165889740269631,8.736081389612519,19.54397393669933,2.6554283819627016,4.454762450493872,7.020313522545621,2.0337069855816665,3.3821770157665014,3.1698084101080894,0.9617937365546823,3.770193830654025,10.581925456300379,3.4452173748612402,4.566480216104537,5.270288534462452,5.678913206201978,3.8084115386009216,0,,-4.14,-5.67,4.06,86.46,118.96,900.16,139.06,1015.16,269.06,960.16,167.06,1037.16,167.06,995.16,195.06,1000.16,264.06
91.593,0,1.34,0.83,1.87,1.12,1.98,1.33,1.27,1.31,1.87,95.36,44.26,-1.33,94.09,1.866278639291413,0.48967461499851206,3.901314810626209,0.5226768927555532,6.452357023330405,27.24202611669898,4.229871240258217,0,5.809385863132775,2.65122487006709,3.963603375479579,6.237385124200955,0.9713952974416316,5.006101420000196,10.991052731145174,1.0948310081521049,6.443632167764008,0.5664925170131028,7.5408360769134015,2.142587098525837,1.7428844554815441,,-6.16,-8.23,6.12,86.69,118.66,898.57,139.19,1013.57,269.19,958.57,167.19,1035.57,167.19,993.57,195.19,998.57,264.19
91.853,0,1.29,0.56,1.12,1.63,0.56,2.03,1.74,0.44,1.02,93.70,53.82,-6.79,90.47,0.6285269110044465,2.1454739765031263,5.4581586355436595,5.142378227906302,5.603846882870421,20.51308962283656,3.4706934196408836,2.835137059967965,5.917373601812869,0.9527191261015835,1.90919302823022,3.4365636161528528,3.459714374039322,0,10.281443440169095,3.7283799375640228,0.8219917519018054,4.343963894061744,2.809524827087298,0,3.723497350467369,,-6.80,-4.06,4.66,86.69,122.29,899.26,139.89,1014.26,269.89,959.26,167.89,1036.26,167.89,994.26,195.89,999.26,264.89
91.924,0,1.63,1.97,2.08,0.73,1.40,1.90,1.56,0.58,1.93,93.48,50.24,-5.65,89.66,4.895938418861479,1.85737172299996,1.8113281473098324,0.68697307292372,5.319904552167282,35.35578340571374,6.37949100616388,4.7848121200874445,2.3981018010526896,4.911803671978414,6.934432887006551,3.0708625121042132,0.07613208750262856,3.9899213578831407,8.026176082864403,5.1927807589247825,3.452826005872339,7.102095801383257,8.060876663727687,2.4272644938901067,0.04744679667055607,,-7.00,-7.38,3.14,86.46,118.75,898.12,138.19,1013.12,268.19,958.12,166.19,1035.12,166.19,993.12,194.19,998.12,263.19
92.244,0,1.75,2.03,1.56,1.60,0.82,1.12,0.45,1.65,2.07,95.54,42.28,-3.31,90.46,1.3969588329456748,1.5665841300971808,3.2533291782671587,0.28411959480494264,8.307273453990929,27.739393232855946,5.661226223804988,0.2691438741981984,5.435483806300908,2.8277938301116228,0.6659965217113495,2.5624685182701796,6.587097035720944,0.09075416379608203,11.648389278855174,4.937747995909303,2.325218377634883,6.91995337465778,3.984879274466075,1.306154822697863,5.657191319391131,,-6.77,-7.59,1.15,83.06,120.47,901.92,139.33,1016.92,269.33,961.92,167.33,1038.92,167.33,996.92,195.33,1001.92,264.33
92.474,0,0.91,1.56,1.90,1.58,0.16,1.70,0.62,0.49,0.69,93.72,42.58,-0.87,96.46,3.53324284081813,2.2178771030856295,3.53987771007698,5.945209294212982,7.62469917806331,41.824580078944564,6.141448555723764,0.45896330278366815,6.771010953234509,5.231030457373709,4.015957564115524,3.069591452833265,3.0648863506503403,4.196171533679589,7.914217560328543,0.0959327229717748,0.886250929441303,3.715320763643831,5.158991900491528,5.815905005671084,0,,-2.74,-6.64,3.46,83.51,120.39,898.67,138.97,1013.67,268.97,958.67,166.97,1035.67,166.97,993.67,194.97,998.67,263.97
92.674,0,1.93,1.61,1.80,0.49,1.62,0.43,0.25,1.54,0.46,93.55,43.71,-3.43,71.76,3.0983822299633177,2.9422001820523294,1.9183549428964035,4.458334863130004,4.824050011993386,17.753056715708226,2.72897224330809,4.340114220175892,3.618467078078538,0,2.067544030956924,4.617134692380205,4.674108407925814,2.5747998270671815,7.178951704725623,2.3454235164728017,5.89213139237836,5.397387872915715,8.813992134029977,2.3685265711974353,1.0955538747366518,,-4.17,-0.97,5.27,85.47,117.94,899.57,138.25,1014.57,268.25,959.57,166.25,1036.57,166.25,994.57,194.25,999.57,263.25
93.008,0,1.03,0.50,2.16,0.30,1.13,1.16,1.99,1.63,1.01,93.67,50.32,-7.24,91.95,1.3748470931500196,3.4371829472947866,5.7155694510694595,5.206641134433449,5.9556349436985325,34.9507028600201,4.765773891098798,4.9764071833156045,3.703006448224187,0.6901539220660924,3.503562044352293,1.1146793593652546,0.3914899262599647,1.1053565951809285,3.847064941748977,0,0,5.390068792272359,5.09301011885982,1.2758495172020048,77.2429763302207,,-2.05,-0.87,3.77,85.00,120.50,901.95,139.56,1016.95,269.56,961.95,167.56,1038.95,167.56,996.95,195.56,1001.95,264.56
93.301,0,2.12,1.75,0.22,1.45,0.48,1.94,0.19,1.75,1.29,92.95,50.30,-0.17,92.53,0.8518469068501142,1.1394016772974283,4.271715536490083,2.041203771792352,4.8877864776551725,23.492641744669527,2.6314735341118647,0.5819022547081114,4.646935725584626,1.643447803631425,5.706626723986119,0,2.19167270231992,5.302942904587836,9.266651628632099,0.4099974836688487,0,6.075437591876835,7.325290764756501,2.0734072509221733,3.078762788325548,,-4.20,-3.85,4.20,84.51,122.18,899.29,141.21,1014.29,271.21,959.29,169.21,1036.29,169.21,994.29,197.21,999.29,266.21
93.383,0,1.71,1.80,2.12,1.50,0.25,1.96,1.31,1.81,2.15,95.44,45.10,-6.99,93.60,1.2124607948306951,2.2410030578263105,4.244955576336943,1.3669632655568424,8.089533139914273,39.77838923642412,2.863447209075093,0.8344785628467797,4.445047109387815,1.740783557891846,4.452742917928845,1.394626771332696,3.377035458572209,2.5788400128576905,9.92540779441595,1.5189087980799378,1.7815492930822074,4.335892614908516,3.4275848851725463,2.913107141619548,4.861269149696454,,-3.02,-0.78,1.04,85.86,118.26,900.01,141.31,1015.01,271.31,960.01,169.31,1037.01,169.31,995.01,197.31,1000.01,266.31
93.628,0,0.43,2.01,0.04,2.17,0.68,0.06,1.23,1.16,1.26,93.98,49.92,-2.79,93.05,2.697619805946015,3.76319263020996,1.8912703149253502,2.5511910288315267,3.3104997153347355,12.583437763620168,0.42823678327258685,4.796453908476979,4.183048589387909,3.164988380633295,0,1.7219990387093276,6.971875326242298,5.030859196437523,9.59708713186905,3.97767758816015,4.109368205536157,1.3149154796265066,6.762666804217734,3.177144013810903,76.33297230722383,,-4.13,-5.42,1.16,84.25,122.52,900.11,141.18,1015.11,271.18,960.11,169.18,1037.11,169.18,995.11,197.18,1000.11,266.18
93.909,0,0.15,0.04,0.38,1.85,0.73,0.55,2.12,1.09,1.85,95.08,46.23,-1.86,87.26,4.298088652258739,3.4968681275844578,0.5112295036297292,6.159077244158834,4.12473619742319,26.03577852481976,5.5829500509658825,3.741980352550745,3.031597552355379,4.781926688682288,4.81053262995556,0,5.441219890024513,2.2230440586060287,12.639169546291232,5.626803970765323,3.8780325199477375,0.5955218314193189,6.374330992046744,1.2719546493608505,0,,-1.25,-3.58,0.98,86.83,119.55,898.25,138.32,1013.25,268.32,958.25,166.32,1035.25,166.32,993.25,194.32,998.25,263.32
93.994,0,1.42,1.92,0.37,1.63,1.16,2.12,0.08,2.01,1.99,95.48,49.40,-5.45,89.06,3.945607849755324,2.3094840104458854,5.688049704157748,0,4.268729407112114,38.53067595558241,4.047172230551951,4.501522232964635,0,2.5885760202258825,3.778643097728491,3.713254473404959,4.826442193239927,2.758616848094389,9.24769131615758,2.8023121499689294,3.8632891084998846,2.7369548520073295,4.453111911830493,1.603848159313202,1.1211849488317966,,-4.66,0.34,3.52,85.56,122.19,899.03,140.68,1014.03,270.68,959.03,168.68,1036.03,168.68,994.03,196.68,999.03,265.68
94.062,0,2.03,0.96,0.23,2.04,2.09,1.07,1.50,1.11,1.41,93.26,52.89,-4.69,90.18,2.9823710205638783,1.430227550934069,1.1229803174734116,4.797516840351745,6.485095658074133,42.3855398693122,3.913095179060474,0.7989908682554958,0,0.3985234385356309,0,0.04024502821266651,2.0450194207951427,3.8427653760276734,6.3670714442804455,1.6499516828591005,5.261712175793946,0,7.9843785974243655,3.090888527687639,3.538145588245243,,-3.29,-4.47,4.66,86.35,119.12,898.79,141.46,1013.79,271.46,958.79,169.46,1035.79,169.46,993.79,197.46,998.79,266.46
94.347,0,0.49,1.93,1.01,1.79,1.82,1.37,0.45,1.54,1.11,95.48,47.14,-4.55,88.18,1.7598562657972798,1.7725400903495028,1.1379861073428765,4.218294089036062,6.563394041773863,46.675718368031085,2.7304561466677115,2.4572906709462403,2.3002941296435893,1.4408726714737714,0,4.693067813990638,1.8259023483842611,1.087382661057636,9.026331008858978,2.717325985650532,5.429898855276406,2.9516536127775908,6.804507154426537,4.18642529589124,1.718691963935271,,-4.55,-0.08,0.07,85.04,121.30,898.14,140.35,1013.14,270.35,958.14,168.35,1035.14,168.35,993.14,196.35,998.14,265.35
94.562,0,2.03,0.01,0.62,0.27,1.03,1.53,0.76,0.44,0.92,93.62,47.94,-4.73,94.37,3.4065810996713117,5.051807179558091,1.5029788348451256,5.337906617121771,6.57440162631683,39.89261407870799,1.5400927999988197,3.3882477656565606,4.94467435660772,2.5070530683733523,0.5368508761748672,4.180940065998584,3.3454552148468792,5.094936913158745,9.150503912363202,2.1125993749918415,4.073607358615845,2.296314735431224,5.706949141481891,0.8316824035719037,1.5885254109743983,,-1.09,-0.97,2.33,84.25,120.86,899.05,139.63,1014.05,269.63,959.05,167.63,1036.05,167.63,994.05,195.63,999.05,264.63
94.771,0,1.16,0.48,2.17,0.81,2.15,0.72,1.57,0.20,1.69,95.23,41.72,-7.74,92.91,4.860960874175653,0.947812558989972,3.5896405122289434,4.192949403673411,3.636901110261679,37.78636790206656,5.154259361303412,1.531293299868703,5.473078217590228,0.9782231950573621,0,5.090510348090902,2.979840389918536,3.9074447009619324,13.426855883859098,2.7805391836352644,1.594466716516763,8.928343621548265,7.156360023263842,0.44046257017180324,0,,-1.78,-1.20,1.58,85.10,120.55,901.60,139.35,1016.60,269.35,961.60,167.35,1038.60,167.35,996.60,195.35,1001.60,264.35
95.009,0,0.03,2.20,0.71,1.91,0.12,1.68,2.18,1.85,0.62,93.10,52.38,-5.00,93.30,0.22247527157422153,1.4670913858572021,4.3502829131577165,4.600281462753191,4.122781865764409,20.355368283577263,6.02639001228381,4.69485869858414,0.18419264792464674,4.9681491603143515,7.092337444424629,3.8547765207476914,3.2084516398608685,1.6692746949009596,14.809036812651902,3.36625159222167,0,3.2319845175370574,7.55580385774374,0,76.13865512702614,,-0.86,1.86,3.27,84.95,121.44,898.20,139.62,1013.20,269.62,958.20,167.62,1035.20,167.62,993.20,195.62,998.20,264.62
95.216,0,1.05,1.98,0.91,0.04,0.23,0.85,0.60,1.39,1.56,94.74,53.29,-0.65,92.90,2.7753903902834285,3.4595751005923376,0.21961899841669963,3.9122605065908282,5.354254478663206,10.932758881244808,5.839972638315521,5.27226610576734,5.823752196505666,4.427999203298241,5.806887755636126,2.8175838224124163,6.92170904064551,2.4033610025886447,15.355788251776248,1.1235808642255143,4.174847892485559,2.390421552117914,4.110709920953959,6.237963741878048,2.2377073417883366,,-2.26,3.41,0.62,85.05,122.06,898.71,141.14,1013.71,271.14,958.71,169.14,1035.71,169.14,993.71,197.14,998.71,266.14
95.416,0,1.48,0.12,1.60,0.06,2.15,1.76,1.29,1.42,0.13,95.08,49.77,-6.03,92.51,3.4153659757599235,0,0.3339492308767511,1.3586581095308068,6.3708055525040255,42.17613191436976,5.30384965755511,5.525852360874414,0,3.6865840448997917,2.0030690557323396,2.948445869842544,4.055015274323523,0.8455021326895804,16.61752741875127,4.873120915712789,1.0720203942619264,7.124170880764723,9.897842137762346,3.299498236272484,0.3063364641275257,,-2.40,3.04,2.19,85.49,121.25,900.64,140.38,1015.64,270.38,960.64,168.38,1037.64,168.38,995.64,196.38,1000.64,265.38
95.657,0,1.31,1.00,2.10,1.62,1.23,0.10,0.26,0.36,1.64,95.20,48.81,-6.99,88.31,5.141714245378971,0.17865491658449173,5.372101499689743,4.542995689008385,8.140345962862483,28.242702715098858,1.7036528675118463,0.008000874277204417,2.0760629961732775,3.4323506824299694,6.818394128233194,1.2629693595226854,1.8668912895955145,4.902589565739035,3.8266422604210675,5.057432194240391,6.0854157181456685,1.608301620464772,4.769468777333387,4.433549599023536,0.09478535014204681,,-1.64,3.28,1.29,84.47,120.10,898.69,139.26,1013.69,269.26,958.69,167.26,1035.69,167.26,993.69,195.26,998.69,264.26
95.872,0,0.04,1.19,0.98,1.78,1.94,0.37,2.19,0.47,2.17,95.34,44.03,-4.77,90.64,3.593985665650107,3.6156430283794183,5.763722914722748,1.4524261805694554,4.835106014707126,39.02087155729532,3.76702207736671,4.030392177607864,2.4474918677005917,4.3052240690402686,4.115703212097287,3.3256466784514487,4.649582548532635,1.891412975201383,7.109982404373587,2.3220054556010292,3.737345789093524,7.2519328417256474,5.210015106438659,3.068368704523891,0,,-1.10,-0.19,2.37,86.24,118.73,899.09,141.88,1014.09,271.88,959.09,169.88,1036.09,169.88,994.09,197.88,999.09,266.88
96.034,0,1.00,0.96,1.47,1.41,0.03,0.69,1.45,0.32,2.07,94.93,51.15,-2.41,82.66,5.552467158716172,3.9858840158674864,0.5864920727536083,1.1390491287223994,3.786992992204614,22.10646263649687,1.6566025635926054,0,5.766250339336693,3.119287699628621,4.697588933631778,5.103500964585692,5.567682312335819,3.2010736952722074,6.914523897375911,1.737739392435178,4.8711761282756925,9.402932378463447,6.085032383422368,5.57380217150785,4.415510608814657,,2.96,3.93,3.34,84.09,121.57,898.80,140.08,1013.80,270.08,958.80,168.08,1035.80,168.08,993.80,196.08,998.80,265.08
96.350,0,0.83,1.00,0.23,2.07,1.92,0.01,1.43,1.10,1.42,93.34,53.46,-3.36,93.51,4.760257300073281,4.092722341557964,1.2428272417047994,0.9940212217345836,7.131074215760455,31.516234727576375,5.596995429741218,4.121909548919648,5.064116182504222,4.632373617701232,2.995602240320295,1.7944355618674308,0.8875154522247612,0.6493939496111123,10.348993776291609,0,0.53584966622293,5.71836750395596,7.59996065066196,4.4957301954273134,1.3663476433139294,,0.66,3.23,-0.39,85.76,122.89,899.71,138.15,1014.71,268.15,959.71,166.15,1036.71,166.15,994.71,194.15,999.71,263.15
96.562,0,1.36,1.51,1.74,0.76,2.14,1.73,1.23,1.64,0.35,93.55,50.82,-0.73,92.10,5.411729086907581,4.064919056324288,5.635476644826122,4.0066161092743275,7.11153136625886,38.33563437405974,4.619182303617708,0.08302837233990434,1.3489340962842107,4.4279318357445305,2.4623169880360365,5.208848407724872,3.902830603066832,4.30043036471121,17.63279250157997,0.36673312799073754,2.6247193762101233,1.80765210557729,9.425196023825556,3.300352453486994,3.0496402813587338,,2.68,0.14,1.77,83.23,121.59,898.07,138.54,1013.07,268.54,958.07,166.54,1035.07,166.54,993.07,194.54,998.07,263.54
96.717,0,0.42,2.16,0.27,1.92,1.35,1.77,0.93,1.80,1.50,94.80,43.85,-7.06,91.16,3.006191372615285,1.8881001414498315,0.8922794679598884,0.3376934308279309,4.984932742053643,24.79325332166627,0.9344680325593799,4.166232859715819,1.1659311391413212,2.8539599562622606,5.715662042610347,2.717275568516925,5.7676861099898815,3.159352218313143,7.479005494080484,4.656243241918274,3.6368514294736087,2.974207991268486,8.105519160525873,0.32153474376536906,3.2663928454276174,,0.50,5.29,1.63,86.88,117.95,899.66,138.20,1014.66,268.20,959.66,166.20,1036.66,166.20,994.66,194.20,999.66,263.20
96.806,0,0.80,1.82,0.45,2.02,1.49,1.87,1.18,0.21,0.69,93.76,46.38,-0.93,88.53,2.625008645127527,0,2.0315657937433573,4.539914821954444,3.7146593559859324,50.71202345518395,4.814120017271489,0,0,1.6803210247680544,2.841983267571777,1.92633224488236,2.4177759010344744,3.6885318453609943,5.880956624243408,0,0.6376717672683299,2.3251034510321915,4.965317840543576,3.871572512201965,2.661824121605605,,3.78,4.52,-0.28,84.33,120.36,898.19,139.37,1013.19,269.37,958.19,167.37,1035.19,167.37,993.19,195.37,998.19,264.37
97.017,0,0.04,2.15,0.77,2.06,1.81,1.96,1.44,1.08,0.07,94.63,54.36,-3.20,59.10,3.0868960467213764,4.777693367819301,4.09186767316889,2.949304454857484,4.595037345141172,12.99736105138436,3.0317798007745296,3.23224325645715,1.877591990167275,3.7074059525690974,4.167490881867707,5.420403422322124,1.178563944529742,0,7.106273360010237,1.6035853447997943,0.0103305340744555,3.720397596247494,7.828374734465033,3.454383202129975,1.7478933222591877,,4.43,2.26,0.18,83.19,118.42,900.72,138.79,1015.72,268.79,960.72,166.79,1037.72,166.79,995.72,194.79,1000.72,263.79
97.206,0,0.59,0.74,2.09,1.38,1.51,1.71,0.92,1.23,0.65,94.81,43.97,-6.38,92.61,0.15591806869953873,1.181650002859533,3.860946912509389,0.8006256685405972,5.732994686453603,23.64477381017059,6.2449676373042164,4.356099374368787,0.8005692837759852,5.614495450034738,0.00047852424904704094,2.55426207697019,0.9339992688037455,0.1726959320064636,13.409231183789672,2.4814374219067394,1.4510157858021557,9.368467713706195,6.456250259191729,1.6024985392577946,2.1015914620365947,,4.10,1.71,0.85,84.42,122.67,901.60,138.35,1016.60,268.35,961.60,166.35,1038.60,166.35,996.60,194.35,1001.60,263.35
97.489,0,2.15,2.11,0.01,1.21,0.81,0.27,2.06,1.51,0.76,94.09,45.44,-6.30,88.80,2.8145411637797952,1.3196988134179266,1.3502110849646853,2.5143516546860343,7.855861944463104,38.798520396929234,0.03247441586572686,3.2142371960170566,0,1.3448595604673028,7.382014808245003,0,4.140225799754262,3.9806166160386054,10.35943532459438,5.335686418255792,0,2.5785638275556266,3.128594761788845,2.6155231369193643,5.561584950657561,,1.87,3.43,1.07,86.49,120.24,898.46,140.81,1013.46,270.81,958.46,168.81,1035.46,168.81,993.46,196.81,998.46,265.81
97.787,0,1.39,0.22,0.19,1.46,0.66,1.08,0.23,0.32,0.66,93.83,45.91,-2.25,93.54,4.388982058307156,3.851807560445741,4.97149208567571,1.9328209938108918,7.816995230703615,42.72044021775946,5.487303476035595,3.9069660560786725,0.18236907268874347,0.6855199920758608,0,1.539028785424307,3.3814560980536044,3.807608326775953,4.998352454155683,3.3397387490514667,3.6576457200571895,6.841230526566505,8.574627960757352,4.422725948737934,0,,0.44,7.56,-0.91,83.21,118.09,899.50,140.09,1014.50,270.09,959.50,168.09,1036.50,168.09,994.50,196.09,999.50,265.09
97.915,0,1.69,2.17,0.47,0.26,0.58,1.45,1.86,1.95,0.69,94.27,47.05,-2.66,89.67,0,1.7800440115854146,3.788743486041203,3.579248241223395,6.631143526993692,47.64665988413617,0.49704069634899506,5.166317986901849,1.2787935468368232,0,0.8081090496852994,1.9613146395422518,0,1.7966310307756066,12.066226747017353,2.141259647421539,3.498239634092897,8.664762276690453,4.8790740650706,2.3480157910380512,5.17478965013288,,3.99,6.05,0.82,85.58,122.03,899.29,138.18,1014.29,268.18,959.29,166.18,1036.29,166.18,994.29,194.18,999.29,263.18
98.236,0,0.28,1.07,0.42,0.03,6.54,2.14,0.19,1.28,0.95,90.72,54.84,3.05,88.31,0,0,2.5196544905658813,3.8128758074622597,7.481317936668466,24.099620976485312,4.462545293732546,2.428452571295202,0,1.4148924309387803,1.3317999872379005,1.823113365797326,2.4857906084507704,2.4371754147671165,10.305583872050047,0,0.8519781026989222,3.5891411318443716,13.789367479628861,1.0661479160189629,81.07181434333324,,3.01,3.75,-3.03,86.47,121.36,900.15,141.68,1015.15,271.68,960.15,169.68,1037.15,169.68,995.15,197.68,1000.15,266.68
98.359,0,1.77,0.28,0.51,1.41,27.18,0.06,0.36,0.28,2.18,70.58,53.94,20.35,87.93,1.0830730434274303,4.219384436006658,3.589170848466456,3.945595220411197,22.249193699944847,16.237428390886635,2.4740876900730653,0.5633577937819063,2.00531558226794,1.3331725039705633,1.9620124879293144,3.39996082149446,3.425741896033287,3.1243576446361843,6.040077103655785,4.826211042036302,5.249840061645955,0,28.976254786653815,3.4529812650289387,4.219049099832773,,2.69,7.81,-0.42,83.18,121.19,900.64,141.24,1015.64,271.24,960.64,169.24,1037.64,169.24,995.64,197.24,1000.64,266.24
98.533,0,1.89,0.15,0.08,0.60,58.15,1.94,1.76,1.96,1.05,43.83,77.76,52.34,88.62,2.4936834804946555,2.561455289344303,5.747433630730956,5.426309797158465,44.56892168964717,35.97214747639373,1.7666312013519927,4.897055262960494,0.3565501712728292,0.7781302513740957,4.514063324779272,4.017588606337085,5.141261138487607,0.9252189911715689,8.456614814773202,2.2112943173246458,0.23554106429219246,10.582323731388897,57.01656339600872,3.3448988241143525,0,,5.20,3.27,-1.24,84.03,122.68,901.22,140.79,1016.22,270.79,961.22,168.79,1038.22,168.79,996.22,196.79,1001.22,265.79
98.714,0,0.62,0.44,1.33,1.33,81.92,1.78,1.42,1.30,1.03,21.77,80.56,75.23,89.21,0.5163899230444806,1.2529221964301542,0.21467060120776305,3.84698138599284,65.05469344488897,12.366762923076749,6.144773097755388,0.5654705673828722,6.701405688654631,2.6101672804728153,3.6546483845449984,0,3.708200133405626,3.9781725349463524,15.95660517534241,1.47811005321797,0,2.793685228098184,81.5683087614742,4.365194714162499,0,,2.33,4.50,-1.96,83.87,121.07,901.37,139.29,1016.37,269.29,961.37,167.29,1038.37,167.29,996.37,195.29,1001.37,264.29
99.013,0,1.43,2.00,0.56,1.82,39.44,0.09,0.47,0.07,1.14,59.77,60.85,31.89,91.44,1.383406797177158,4.6944000261602925,1.7437840910255908,5.126666586166248,33.292109421429295,48.33647872041911,5.4409713938133795,0.7187111728638409,3.847495574504137,1.7274170157313349,4.825474952347577,0.752312480006367,6.702333086170256,2.3036543744429947,11.360544456858188,0.2842042984487487,0.6762514039874077,7.210947792045772,39.33578320310021,0,3.917334641329944,,2.19,9.21,-0.73,84.79,122.75,901.19,140.43,1016.19,270.43,961.19,168.43,1038.19,168.43,996.19,196.43,1001.19,265.43
99.087,0,1.10,1.83,1.98,1.46,33.15,0.94,0.26,0.03,2.20,65.55,60.74,25.41,92.00,0.34189228683244455,4.319665128481574,4.847578811179846,0.849328963784501,25.66765018697129,33.23602310940623,4.234608811023645,2.242541961129755,4.550167748006061,0.22668432505801306,2.5837777415290475,3.2610144286882132,6.002014629542828,2.812904090695083,15.783369545266032,0.7054736732272433,0,2.238384695723653,33.82673508733411,0.7890446700621396,2.6041940927971154,,5.04,7.80,-3.35,83.40,121.71,901.48,140.78,1016.48,270.78,961.48,168.78,1038.48,168.78,996.48,196.78,1001.48,265.78
99.299,0,0.91,1.55,1.85,1.68,7.97,0.04,0.08,1.05,0.71,87.98,55.59,1.74,92.61,0.3267166129825636,3.01682099995669,0.6079638524912299,3.5937723484728488,13.411242110362723,38.43113243160769,0.9260578176705168,4.065349801648408,3.7694698080886155,1.9493107517436146,1.7302090348675847,0,0,0,6.889194586630911,1.9322397457482294,2.0846301740966737,6.502957313321531,10.788243761110294,1.4409010661765933,58.53434793604538,,2.74,9.79,0.82,85.77,117.77,901.71,141.11,1016.71,271.11,961.71,169.11,1038.71,169.11,996.71,197.11,1001.71,266.11
99.472,0,1.03,1.57,0.68,0.86,1.28,1.10,0.96,1.92,1.97,94.20,49.15,-4.50,89.83,3.137986025894061,4.100857925321907,2.190375865572132,1.2790241111069918,4.320742559605278,15.170939969830215,4.696537553076633,0,5.819430979434401,3.3253424016013744,0.9135841196402907,4.061160336481407,0.5587594625540078,0,15.553088028877973,1.2731434872560206,0.6628111563622952,4.55382941570133,7.086214698101394,1.5649260531645268,0.4086553144734353,,3.62,6.45,-3.84,86.69,119.84,901.96,141.77,1016.96,271.77,961.96,169.77,1038.96,169.77,996.96,197.77,1001.96,266.77
99.685,0,1.03,0.71,0.85,1.57,0.62,0.13,1.53,2.10,0.50,94.36,53.12,-2.36,88.94,0,5.398848142614588,4.137423718147911,2.302532406039536,4.598181379223242,38.4569217604585,0.6938072714023291,1.711974220145494,4.96986272954382,1.3613164848648012,3.77392342267558,0.6261747668031603,0,1.847645132066682,5.773016680330038,3.9891405980940906,2.3710019350983202,8.248086807783693,4.21300522309728,1.9979063619393855,0,,5.55,10.76,-0.10,86.63,118.57,899.38,141.15,1014.38,271.15,959.38,169.15,1036.38,169.15,994.38,197.15,999.38,266.15
99.947,0,0.22,1.70,1.23,0.10,0.69,1.07,0.99,1.73,0.87,93.52,46.33,-2.03,89.86,1.0321840926352888,1.906550747388974,2.9533041825983677,0.9858932008221748,7.532761591579765,11.113880116026849,1.0771907495334743,4.1246687646582725,5.518633970525116,1.012412913069129,2.684721104800701,2.033119071274996,4.249250192195177,0,10.293393823448568,3.667663235431537,5.107067712582648,6.65002751396969,8.475460804253817,5.635844812961295,3.5060595727991313,,2.69,6.91,-4.04,83.37,121.42,901.44,141.42,1016.44,271.42,961.44,169.42,1038.44,169.42,996.44,197.42,1001.44,266.42
100.070,0,0.64,0.86,0.33,0.87,0.15,1.41,0.11,1.21,1.99,92.83,47.14,-0.85,94.17,0.2727294016303494,2.5039426292991265,1.1551561415055769,0.20819780648686015,6.895553093403578,18.8434129958041,1.0592260869219898,0,0.877068528207019,5.031205303873866,1.6334909931756556,0,0,1.9139490193594249,13.724396990407257,2.5517330631474033,1.5296545657329261,2.031419679056853,5.612146533560008,2.3514405142050236,98.0618638494052,,8.36,8.95,-0.10,85.71,118.48,899.72,138.47,1014.72,268.47,959.72,166.47,1036.72,166.47,994.72,194.47,999.72,263.47
100.203,0,0.03,0.78,1.04,0.99,1.79,1.13,0.82,1.98,1.87,93.46,48.58,-4.80,92.82,3.4297572671948,2.899781585088931,3.349038640698418,2.5931156475376342,5.897674471167847,48.946472126524895,5.290852793934755,2.9132032330892983,5.163742855889723,1.0005541132763027,3.397801576182246,6.08205056656152,2.6626738482154906,2.500147043764591,10.977105039823801,0,0,5.732087140902877,3.6896957788709557,1.3173121598083526,0,,4.28,7.46,-4.46,84.46,121.08,899.24,141.46,1014.24,271.46,959.24,169.46,1036.24,169.46,994.24,197.46,999.24,266.46
100.367,0,1.95,1.45,0.19,0.42,0.11,0.53,1.47,0.21,0.16,93.71,44.79,-3.53,94.21,3.746886980091222,4.010329134506174,5.25438686716836,4.743188772397116,6.1162798804743215,40.925492368172854,2.045917959068902,2.891289677657187,0,4.841142178922892,6.332178580574691,2.1321566079277545,5.166718248277903,2.117889383947477,6.55325111437589,5.1612182270130145,0,5.440181074663997,6.624645920549519,4.5279846077319235,2.9510778612457216,,2.91,7.10,-3.92,85.44,121.43,899.11,139.09,1014.11,269.09,959.11,167.09,1036.11,167.09,994.11,195.09,999.11,264.09
100.492,0,1.02,0.02,0.88,0.08,1.21,1.05,1.99,2.02,2.19,93.84,48.11,-6.95,94.33,0.17426673782989432,5.9293173748068515,1.4658925043744966,3.3393160239793365,4.479760765470564,20.74298696126789,1.867314858129248,1.3184172119013966,3.3716355913784355,5.139763900879771,5.606933932285756,2.0890722954645753,0.19822948286309838,3.444716370133683,9.288548891600222,2.1137497474066915,0,10.168060815427452,8.672713668830692,1.223331404151395,83.98628395749256,,8.11,4.75,-0.80,86.33,118.24,900.41,139.79,1015.41,269.79,960.41,167.79,1037.41,167.79,995.41,195.79,1000.41,264.79
100.585,0,1.18,0.89,1.88,0.23,1.76,1.32,0.36,1.58,0.81,93.48,54.75,-0.98,91.98,1.4904464734252545,4.793492313940078,1.8634904440492392,4.250799056999385,7.520879950379022,44.4084662720561,2.113231967203319,4.280345048103482,0.3014327851124108,4.805653492044657,4.297896986827254,3.974485808983445,1.1165378903970122,4.28946580125019,7.0160622677765785,2.277534069865942,2.2176934969611466,7.233934753574431,8.047432883116418,1.3462188662961125,0,,6.73,10.91,-2.43,86.43,121.60,898.16,141.73,1013.16,271.73,958.16,169.73,1035.16,169.73,993.16,197.73,998.16,266.73
100.810,0,0.18,1.51,0.93,1.16,1.73,0.58,1.75,1.59,1.71,95.78,52.94,-1.09,70.60,5.76123846665956,0.8978539655450732,4.327957249572501,1.1401047893986105,4.782408322161063,49.93904843414202,1.2275667298352344,4.99687752654776,5.234179485356435,3.006384059898555,0.6648795423097908,5.870443186722696,5.834561131428927,2.680363794770092,17.09356700286269,5.188467111894861,3.62189466599375,2.828448621556163,5.984582315338776,0,1.2156478359829634,,5.47,7.41,-4.48,85.71,117.25,899.11,139.56,1014.11,269.56,959.11,167.56,1036.11,167.56,994.11,195.56,999.11,264.56
100.975,0,1.37,1.33,0.67,1.33,0.11,1.47,0.85,0.84,0.68,93.27,45.25,-0.12,93.44,2.9895985594158994,0,1.063519740230404,3.4944245360512287,4.038871113862842,21.869495692662895,4.416684853145853,3.63247291976586,5.300685868598521,3.746602052729577,0,3.8309968505054712,2.198251519817859,3.3965201024618,14.749449536744505,4.746267138919793,1.995616721920669,2.540856882929802,7.76058623092249,3.378981887595728,1.928425536956638,,6.88,5.42,-0.71,83.27,117.09,901.35,139.64,1016.35,269.64,961.35,167.64,1038.35,167.64,996.35,195.64,1001.35,264.64
101.172,0,0.92,0.84,1.60,0.68,1.96,0.20,1.27,0.66,0.84,94.00,42.09,-5.79,96.88,0.25097090156748925,2.7093459343072026,2.4187514695525167,1.2241498673707252,8.38612674968783,18.477993562351912,3.2040141756180676,4.710638756714761,1.8316861265338957,4.341021074578165,6.042815248947591,4.679660150781274,6.561489185784012,4.366000479627401,9.760608405787497,1.038297522449866,0,0,5.909611268374138,0.8890804143156856,5.395912191364914,,4.83,11.32,-1.67,86.35,119.89,900.08,141.79,1015.08,271.79,960.08,169.79,1037.08,169.79,995.08,197.79,1000.08,266.79
101.263,0,1.19,1.17,0.52,2.19,0.92,1.21,0.54,0.84,0.81,93.02,52.38,-1.10,92.68,4.2094778703199704,4.835456998250447,5.027781430464238,5.137030218997971,7.254666332718916,35.03078960767016,4.426979147340171,4.91839491713792,2.3783897946123034,5.2821963705495,0,1.9864066950976849,0.8077122420072556,0.8686681415699424,12.864037435352802,3.8322231411049144,2.2079666163772345,6.981825785245746,7.400876493784599,5.3218646151944995,1.004894639365375,,4.15,4.88,-4.41,84.44,120.14,899.98,138.87,1014.98,268.87,959.98,166.87,1036.98,166.87,994.98,194.87,999.98,263.87
101.333,0,0.42,1.11,1.36,0.07,0.10,1.64,0.91,0.13,1.25,94.38,45.47,-3.14,96.64,2.3378844746574763,1.946456269035116,2.006297709336504,1.1823202938772739,5.425070946286432,48.4584050537087,5.569421470048837,4.981436470057815,3.1715114910621196,2.627464190553874,5.867709127720445,0.28987437719479203,2.4090922912582755,4.85941821116954,6.817270144931972,2.1685289550479503,2.9722652323544025,6.976188729051501,3.982910699178465,0,3.7759369066916406,,3.75,5.65,-4.64,86.71,117.84,901.42,139.52,1016.42,269.52,961.42,167.52,1038.42,167.52,996.42,195.52,1001.42,264.52
101.659,0,0.95,1.16,1.88,2.10,1.98,0.49,1.86,1.41,1.90,95.46,44.69,-1.26,92.43,4.347446571588517,5.062622598465532,4.137958485861309,5.079352182019502,4.620776131683961,13.770974573679268,1.1121851543895902,2.2058276559598746,1.483307691058144,0,4.991940450388938,3.261267601745203,4.596355880610645,0.3466836269851772,17.491874159015715,5.5423342303931715,0,4.748007964808494,6.443958577150479,1.9499652651138604,0,,6.16,6.03,-1.77,84.74,122.63,898.26,139.46,1013.26,269.46,958.26,167.46,1035.26,167.46,993.26,195.46,998.26,264.46
101.743,0,0.25,1.93,0.40,1.75,1.41,1.78,0.81,1.00,1.08,95.56,48.73,-0.16,93.08,2.0134423862397672,0.6789380471687765,5.391184577657841,1.6389555856212974,7.66586205360014,28.33648389345035,2.8899825350614265,0,1.5322111588902771,1.01227130362764,0.966107755433768,0,2.8189684082753956,1.6526185321155937,10.913096073288472,1.1842219850886613,4.012202426791191,7.050427093170583,8.295207792385481,0,0,,7.04,9.96,-5.43,83.65,118.61,899.78,140.60,1014.78,270.60,959.78,168.60,1036.78,168.60,994.78,196.60,999.78,265.60
101.949,0,0.79,0.12,1.60,0.14,0.45,0.52,0.31,0.35,0.50,94.90,43.06,-5.94,71.95,0,2.5852841318119317,2.131667305463925,0.6446318747662008,6.17149319301825,18.89001435600221,5.962002599518746,1.92041707823053,2.008549358928576,1.1680457027629019,1.247295848093927,0,1.3575763748958707,0.7608293998241424,8.047726536355913,2.8189989036414773,1.3725395547226071,6.262457372620702,5.193416082416661,0,2.844845645595342,,4.67,8.61,-0.83,83.55,121.53,901.28,140.66,1016.28,270.66,961.28,168.66,1038.28,168.66,996.28,196.66,1001.28,265.66
102.198,0,1.89,1.49,1.69,1.21,1.71,0.04,2.10,0.16,2.13,93.79,41.22,-4.31,95.14,4.9635377486702055,5.365442298352718,3.7396595999598503,6.50079515133053,3.2041425192402677,19.56660990603268,3.7304821097757666,1.6130612009763716,2.9568648282438517,4.491190711669624,5.482677527703345,5.324137151474133,3.088092730846256,4.472058004923165,6.795942043326795,1.0342997771687807,2.5416376409120858,3.4944509784691036,5.47449662997853,0,0,,8.77,5.79,-1.56,85.91,121.22,899.32,139.31,1014.32,269.31,959.32,167.31,1036.32,167.31,994.32,195.31,999.32,264.31
102.402,0,1.24,1.90,0.63,1.97,0.96,1.90,1.00,0.12,0.59,93.62,50.40,-5.41,96.70,3.1464106525620443,4.597093125223182,1.7195826106891037,3.4674556980933997,4.513250594870187,51.56553308060393,4.259571908041835,1.2095660782419144,4.065020753536373,0,4.0666822381317616,0.35212154989130795,4.58955110097304,4.385903870053589,13.749598272237927,4.04505446490366,4.530182945076376,4.512966365553439,5.810277035213076,1.9445493698585778,0.8084874143823981,,2.99,4.50,-1.52,85.14,121.73,899.37,138.83,1014.37,268.83,959.37,166.83,1036.37,166.83,994.37,194.83,999.37,263.83
102.661,0,0.36,1.11,1.79,1.70,0.12,1.16,2.03,1.83,0.95,93.72,50.93,-7.21,90.73,2.8625687915459275,0.8063879474531861,1.9747421743907037,6.656439568866045,3.339753074240871,44.58004615083337,1.5705640564905479,1.7475750475004315,2.9082962721586227,0.4705978938750923,4.193945542909205,3.4319192743860185,0.6844947002828121,0.06249208807945239,13.187258423902094,5.569284157110378,0,4.233129956759512,7.604080306938849,3.3653385499492288,1.1571470845956355,,7.02,7.70,-2.33,83.85,122.48,899.93,140.99,1014.93,270.99,959.93,168.99,1036.93,168.99,994.93,196.99,999.93,265.99
102.789,0,1.08,0.88,0.61,0.18,1.10,0.28,1.85,0.03,0.29,95.63,46.26,-3.42,89.41,0.2379660000186412,1.6853527264669537,2.7266529153799635,5.508072977401316,3.243727510781028,16.535060968715698,2.59731053551659,0.07762211991474022,3.8857571908738464,1.1486759024485944,1.3827581112273037,0,1.4069072250276804,4.662113121366128,10.987476366180926,4.67312736256048,0.6414949824102223,5.229697592556477,5.007677172492258,1.8882110978011042,0.06619181321002543,,5.47,10.50,-3.21,83.20,117.16,900.54,141.88,1015.54,271.88,960.54,169.88,1037.54,169.88,995.54,197.88,1000.54,266.88
103.083,0,1.61,0.55,1.85,0.02,2.07,1.84,0.38,1.61,0.19,94.18,48.29,-7.38,87.04,1.0969631992420181,2.389382038707845,3.5437561015458776,0.8092941118497401,9.281442575990223,16.596976925153285,5.795930981519632,0.17356672184541821,3.3505295449867845,1.4025297265686096,1.436662637628615,1.0863632061518729,3.867312977090478,2.598458307282999,12.167512622456996,3.2916124207759276,1.4629688137210906,3.4564151419326663,4.622226940807887,3.1129879492800683,3.310621693963185,,4.48,6.36,-5.62,86.40,119.44,901.62,140.15,1016.62,270.15,961.62,168.15,1038.62,168.15,996.62,196.15,1001.62,265.15
103.267,0,0.19,1.88,0.70,0.05,0.48,1.60,1.38,0.24,0.71,95.75,44.69,-5.02,96.45,2.515258476627059,4.386959881032817,2.6534374060621486,2.7350400616321715,3.2510869265720252,13.950555577408522,4.575605024420656,0.8693112194165589,1.4801342391874641,0,1.1198257729411125,0.9402160688769072,1.580616638995707,2.523652769168839,8.123470782656224,4.654111048472114,2.2077151355333626,0,2.480659343525767,2.5016877367161214,3.235990331042558,,2.60,8.70,-5.78,84.33,120.71,900.77,138.27,1015.77,268.27,960.77,166.27,1037.77,166.27,995.77,194.27,1000.77,263.27
103.606,0,1.65,2.17,1.73,0.86,1.55,0.65,1.71,0.56,0.43,94.93,51.58,-4.17,90.29,0,3.1193429864943027,2.685659856982529,1.3434134401567284,5.462050326471217,38.63027799129486,4.244202758884057,3.8784307593479754,5.430571395670995,0.9965202624537053,4.876235576346517,3.6507102821487933,4.6729868380352855,1.957884972207248,8.93364777667448,4.082133006677031,2.378335078712553,4.5012713968753815,7.204582207626664,3.065389607101679,2.3286383582744747,,5.16,7.27,-5.22,85.70,118.13,899.71,140.18,1014.71,270.18,959.71,168.18,1036.71,168.18,994.71,196.18,999.71,265.18
103.939,0,1.73,0.76,0.90,0.06,0.35,2.15,0.24,1.99,1.64,94.69,43.75,-6.97,90.59,0,0.3515928897075353,1.2923639235412705,4.924206537976861,2.906471961727366,37.19050327129662,3.387629770883359,4.772059441618621,0.9810034038964659,3.90437726655975,4.238471198827028,4.210267747286707,4.3149938229471445,0.6386581511888654,12.543340301103889,0.6165658624097703,1.1745187873020768,8.952176772989333,4.3865734090376645,1.8772956007160246,0.3707769471220672,,6.16,3.73,-3.73,83.87,119.48,901.73,138.60,1016.73,268.60,961.73,166.60,1038.73,166.60,996.73,194.60,1001.73,263.60
104.144,0,2.14,1.68,0.08,1.74,0.72,1.63,2.00,1.20,1.20,95.08,54.33,-1.30,90.93,5.48756111596711,2.0302377560175957,2.8907682094769553,2.3065168498829007,7.189240001677535,33.75592155661434,2.4512305793585254,1.7081182281114162,2.956975693348795,5.452740942388774,5.752424724865705,0,2.0921623413451016,4.076567384330556,8.957194584086537,3.253701867517084,3.4590767859481275,1.9913248773664236,4.4567343560280275,1.7821903503499925,0,,5.56,6.30,-1.66,86.17,119.84,900.08,138.28,1015.08,268.28,960.08,166.28,1037.08,166.28,995.08,194.28,1000.08,263.28
104.329,0,0.19,0.11,1.01,0.97,1.06,1.83,0.34,1.22,0.86,95.54,45.38,-4.00,95.38,3.3560904626967387,0,0,1.3271934248972683,7.839886620403267,43.9740612572059,4.107493746560067,0,0.32926948042586446,1.4000700017251075,5.530988558661193,1.108414055313915,4.449446291662753,0,16.547572296913714,0,0,9.134934806730598,4.734908936372959,1.7181786608416587,77.37693274952471,,3.06,7.12,-4.00,85.64,117.14,898.96,139.52,1013.96,269.52,958.96,167.52,1035.96,167.52,993.96,195.52,998.96,264.52
104.610,0,1.21,1.18,1.01,1.55,0.84,0.29,0.57,0.10,0.55,93.81,42.55,-3.08,96.34,3.6320427138358355,3.945672918856144,1.9248806793382394,0.5918820041418078,3.8766721083363516,48.331510697025806,5.38197495827917,4.352290390096605,3.8112795089837164,0.8025129519589247,7.697313486132771,2.1566986471880227,3.0033120922744274,3.9291436407808216,12.07635080082342,3.0104142669402063,2.133361130487174,2.829640267416835,7.746588626396843,1.9725842217449099,0,,5.03,5.95,-4.70,83.20,118.91,899.82,139.11,1014.82,269.11,959.82,167.11,1036.82,167.11,994.82,195.11,999.82,264.11
104.909,0,1.61,1.35,2.00,0.87,0.77,1.81,0.98,1.64,1.74,95.50,54.34,-4.77,96.00,3.5848648434784263,1.9022914924658836,4.211628354112618,0.23910324698314112,8.036771143893711,38.97860656213015,1.8716211568331342,2.4637473003193735,0,1.4294696752913296,0,0.3023850596509874,5.269742811564356,0,13.296590069886296,4.520892988741398,0,4.3757787742652,4.084977035415359,3.6346583038102835,2.598136448767036,,5.34,4.61,-4.52,85.47,121.96,899.03,141.90,1014.03,271.90,959.03,169.90,1036.03,169.90,994.03,197.90,999.03,266.90
105.003,0,1.86,0.93,1.62,0.60,0.62,1.31,0.95,1.79,0.96,94.11,45.23,-7.67,90.51,2.0321431304886937,4.739372800337151,1.0716150652803478,1.7049210022389891,3.0109242463484405,39.45447165425867,1.805637817364186,4.876082767639309,2.11844269791618,2.7398220350034537,1.2493338352069259,3.6111188114155084,4.831857282668352,1.9636442987062037,11.107200297061354,2.049833530327305,1.9663646020926535,2.44544739741832,5.028806825075298,2.908233330817893,0,,1.10,1.83,-5.89,84.26,119.92,898.41,140.96,1013.41,270.96,958.41,168.96,1035.41,168.96,993.41,196.96,998.41,265.96
105.329,0,0.70,2.06,1.05,0.40,0.45,1.26,1.03,0.68,1.01,95.52,51.56,-0.01,91.16,1.108052113107406,1.3316083615878598,1.3633686489658428,5.412833947138861,3.9096167274937033,33.76273762388155,0.5279979550512506,1.4778004709258674,3.3064943884965032,2.6106175649352372,2.8836902934126556,0,1.948353479616344,2.1915078794863074,7.624979785289615,4.725898447181098,1.582600996363908,0,7.870722300317139,5.87715832865797,3.1886395853944123,,2.17,1.13,-2.78,85.44,122.50,898.42,141.59,1013.42,271.59,958.42,169.59,1035.42,169.59,993.42,197.59,998.42,266.59
105.459,0,0.17,0.25,2.03,0.21,1.55,1.39,1.09,0.52,1.41,93.33,45.17,-3.03,96.47,4.208158937538974,0,0,1.2398997366148983,8.097882038997486,29.04853333812207,6.413052377500572,3.9291640464030206,3.137116220081225,4.830939253661782,3.8622392280958593,2.813107589026913,5.228531247004867,2.5689128814823925,8.359810024481266,0,1.0116054331883788,5.770365219563246,3.985372990677133,0.1438195612281561,4.237769752275199,,1.87,3.01,-5.44,85.02,118.06,901.66,139.00,1016.66,269.00,961.66,167.00,1038.66,167.00,996.66,195.00,1001.66,264.00
105.607,0,0.26,1.76,1.85,1.81,0.35,2.02,0.06,1.52,2.19,94.66,41.60,-2.98,92.04,0.0007521283766256381,3.909883716353215,3.5891653729556126,0.06187507283873872,4.879749895012938,41.3725186791271,5.2999481857055795,3.779109866283834,4.342973703052849,4.403701216932387,1.2236707960255444,1.5333694671280682,3.0124581679701805,4.96930771025829,10.125383295286447,1.278243525545113,2.4482553768903017,2.1170380036346614,3.283384161856957,0,0,,1.90,0.49,-6.41,86.20,122.80,901.90,138.77,1016.90,268.77,961.90,166.77,1038.90,166.77,996.90,194.77,1001.90,263.77
105.765,0,1.59,1.08,1.67,2.00,1.70,0.30,1.20,0.70,1.29,93.58,52.25,-5.20,90.82,4.836724543860182,0.2838358989916743,1.6547490447666497,3.947485077902675,5.560421333564445,36.04602728644386,1.583506773994304,5.640235125329346,0,1.724364879671484,2.583922829478979,5.643705188529566,2.9139878964051604,2.3318519249930976,8.540524680372329,0.013159204777330125,1.0410330719314516,2.7255913093686104,8.61121905750595,0,2.2764996578916907,,1.79,5.73,-2.97,83.89,120.96,899.29,138.11,1014.29,268.11,959.29,166.11,1036.29,166.11,994.29,194.11,999.29,263.11
105.837,0,0.94,0.46,0.99,1.09,1.28,2.08,1.41,2.14,0.53,94.01,46.53,-3.24,95.18,4.892695283237845,1.6923308209516108,0.8551903170300648,2.2431749209389094,7.762991812918335,30.696979915723205,1.7433002132689581,0,0.6448382537346333,4.090697603020817,3.0312722786329687,4.55767256882973,4.639692165423185,0.1472099422756581,11.198369049374014,3.4969218553043904,0,6.791653312277049,7.652930275816471,3.2877214793115854,1.4901399007067084,,0.23,4.22,-1.83,83.09,121.57,898.63,140.72,1013.63,270.72,958.63,168.72,1035.63,168.72,993.63,196.72,998.63,265.72
106.150,0,1.25,0.08,1.82,0.75,1.50,0.95,1.37,1.42,0.26,94.13,52.97,-5.40,93.10,3.9569719123933464,1.6748994441237302,4.5451707775751125,5.9066056949831545,8.859870843621902,44.9453206253238,3.9654936753446237,4.827192183043808,2.510858330409974,0,4.875974376685917,1.7814867505803704,0.20119241438806057,1.1782853994239124,13.93774094760418,4.6795704256650055,4.807882062159479,3.2483964771963656,8.815439832904376,1.2857758752070367,0,,0.52,0.57,-4.47,85.31,119.62,899.20,139.06,1014.20,269.06,959.20,167.06,1036.20,167.06,994.20,195.06,999.20,264.06
106.286,0,2.17,0.72,0.77,1.38,0.18,1.46,0.07,0.91,1.86,93.94,53.92,-5.92,89.71,5.218906064182519,0,6.437426728345454,2.9505300418846314,2.8225787893496452,40.573069798294455,1.9310995440464467,4.0250812084414065,4.447642765706405,0.9063021433539689,1.496802725829184,1.2431647281628102,0,4.771699199248106,4.401826404388994,1.0308026980236171,5.529869187157601,2.4203078551217914,3.444242001902312,0.3789484214503318,3.2846001454163343,,2.97,5.18,-6.17,83.95,120.45,898.26,139.34,1013.26,269.34,958.26,167.34,1035.26,167.34,993.26,195.34,998.26,264.34
106.409,0,2.19,1.81,2.04,1.28,1.43,0.47,2.08,0.13,1.49,93.54,53.33,-6.01,89.05,2.4980248380359265,1.7127841769717636,6.655029892474413,1.2681587555631997,7.800607550283894,34.18083023885265,1.6622145974077283,5.661049557439982,4.758587948512286,1.4279565961472689,2.8505860632285476,0.718445896403864,2.5400699065066874,4.740503677222877,7.692999381329864,3.631912295408547,3.2316398937255144,10.248032310511917,3.590057811187581,5.371598952682689,0.1539232183713466,,0.15,1.83,-4.72,84.51,120.47,901.82,139.16,1016.82,269.16,961.82,167.16,1038.82,167.16,996.82,195.16,1001.82,264.16
106.733,0,0.97,0.93,1.69,2.18,0.64,0.19,0.34,1.82,1.41,93.28,50.34,-7.05,89.37,1.895817222930491,1.71603340129368,3.7990057491417977,3.9189816294237976,3.882248365338892,27.351195860188454,5.768344763992355,4.3841196450218565,3.614884683629498,0,3.2214278359897435,2.653290300630033,4.939900046680123,1.9365898484736679,6.710148408524692,0.17496634750626994,2.114750043489039,8.572669942863286,5.1310971190594135,3.5879840874113142,0.9657865636982024,,-2.36,2.25,-4.74,84.01,122.70,898.12,138.23,1013.12,268.23,958.12,166.23,1035.12,166.23,993.12,194.23,998.12,263.23
106.975,0,1.28,1.98,0.29,0.12,1.63,1.79,1.97,1.68,1.68,95.34,54.55,-0.79,90.12,3.3398412380926312,5.643197000352666,2.524491578177549,4.497841784507036,3.5038271333603186,41.91681545320898,0.4391565150115637,3.0757084831222894,5.252870017662644,5.123250905033201,1.1358226938173175,0,2.3596165515482426,4.956293962290511,8.734274984039367,0.7591575752105566,3.733006028458476,4.810836624819785,4.4778538052784285,5.681469865841791,1.3682321480009705,,-3.12,2.95,-3.23,83.04,122.91,901.92,141.00,1016.92,271.00,961.92,169.00,1038.92,169.00,996.92,197.00,1001.92,266.00
107.053,0,0.66,0.33,1.84,1.60,2.04,1.92,0.06,0.91,1.19,95.65,49.74,-7.43,93.65,2.364946613125503,3.933087539067492,3.763068078365177,3.962698567919433,7.232483059028164,27.336009968072176,4.208741607842967,2.919264975283295,4.8848839439451694,3.3779472206719223,0,4.193009438691661,6.991441250313073,5.032768253292888,11.458196302056312,0,0,4.107751889154315,7.540687194978818,2.4961968699935824,0,,-0.91,-0.99,-4.91,86.13,121.85,900.62,138.87,1015.62,268.87,960.62,166.87,1037.62,166.87,995.62,194.87,1000.62,263.87
107.343,0,1.21,0.92,0.07,1.03,1.66,1.40,1.74,1.00,0.00,93.06,49.29,-6.62,93.79,2.3557686614757407,5.4159532796824355,3.6287478330265728,5.282305124169215,6.422337617604062,28.64292927691713,2.2719463349552824,2.8082632333785296,2.593687789980322,1.5150334137678145,3.9526388864032924,5.533514913870022,2.6020985185168684,0,10.199112022463233,1.264493607110344,2.7403961569070816,2.3049563923850656,5.711822947664187,4.928374412935227,0,,-1.85,1.37,-5.35,84.90,119.53,899.45,140.62,1014.45,270.62,959.45,168.62,1036.45,168.62,994.45,196.62,999.45,265.62
107.663,0,0.19,1.77,1.39,0.55,2.08,1.00,1.72,1.19,0.63,94.12,49.06,-4.35,92.51,3.201019554072991,3.7133532675914465,3.4496309165935966,6.062153778877109,5.137100610556081,50.91454825177789,3.7863966659875588,1.0689385520480572,0.25576240522786975,5.342666311226785,1.5406998465768993,3.582581977592781,0.3308261828497052,3.9727374986372888,12.948576876390725,1.3621744939312341,2.306560119614005,5.16794646019116,9.642560580791905,2.1818387161474675,2.325251927599311,,-2.01,-3.45,-5.23,85.02,119.65,898.31,138.34,1013.31,268.34,958.31,166.34,1035.31,166.34,993.31,194.34,998.31,263.34
107.935,0,0.64,0.19,0.31,2.08,1.71,0.14,1.00,1.59,1.78,95.32,47.91,-7.58,91.83,0.2983513833489271,1.159152488037944,3.2650373738631604,5.064527104962617,3.562082371027209,35.59550313046202,0.568400099966675,0,2.2134342016652226,1.8712810911796987,4.178006979636848,0,6.980156606063247,4.088589206468313,6.8896976217068735,1.6551308985613287,0,0,3.6004362143902107,4.739152720430866,2.8289452192839235,,-1.33,-4.16,-3.86,85.76,120.45,901.06,140.09,1016.06,270.09,961.06,168.09,1038.06,168.09,996.06,196.09,1001.06,265.09
108.023,0,0.08,1.74,0.26,0.49,1.15,0.30,0.23,1.65,2.18,95.31,48.33,-4.88,94.48,0,5.022451512771658,0.11549852853175269,4.98798859843053,3.9510579167259863,26.454503182787448,1.1596761944005265,2.271712167356163,1.8465917045250535,0.33562056636437765,3.7231856365688145,5.018063335912302,7.649013724643737,1.6160834288131447,9.556001114118844,4.391579909310677,0,0.355702948756516,4.762975588855333,0.4937487954739481,2.3504111550282687,,-3.06,-4.39,-5.01,85.69,117.52,899.87,140.61,1014.87,270.61,959.87,168.61,1036.87,168.61,994.87,196.61,999.87,265.61
108.168,0,0.48,1.98,0.65,1.39,0.65,2.03,2.04,0.28,0.33,95.43,54.94,-4.20,89.34,4.207709011491389,0.3165909938979894,5.338097975398414,5.951539674252272,4.445256097312085,18.355785614810884,5.22406647130847,0,7.796081012813374,3.260710001569241,4.8987200749106705,1.3660241405013949,2.0155582716688514,0.6692269975040106,9.403697997704148,4.8645868334453555,4.661055749282241,8.39845066005364,3.995135186729021,0,1.0567226100247353,,-5.37,-0.20,-4.07,83.40,119.63,900.24,138.60,1015.24,268.60,960.24,166.60,1037.24,166.60,995.24,194.60,1000.24,263.60
108.369,0,0.74,0.69,0.75,2.13,1.39,1.24,0.18,0.11,1.90,93.39,46.19,-6.13,92.24,5.059531776253134,3.072694080416113,5.263917641332373,5.452346853315831,3.4555375754367557,36.815407624002546,1.4203200672985985,0,3.91921852552332,2.9091169882565735,4.332032667472959,1.775450768880546,0,2.9749759533815086,12.133151619415731,4.5749365136958655,0,6.22184504987672,6.903149492619559,1.1249804561957717,2.68520173500292,,-4.94,-1.47,-3.53,85.81,118.73,898.17,140.02,1013.17,270.02,958.17,168.02,1035.17,168.02,993.17,196.02,998.17,265.02
108.706,0,2.19,0.86,1.09,1.08,0.19,2.09,1.63,1.33,0.53,92.73,44.03,-4.45,87.94,3.512703221985139,3.427897206065245,3.5470930416928605,6.255918907588348,7.545234463149682,8.467518777120858,6.491629975964315,1.8901043095625938,3.1276529810857028,2.012778660133481,3.660826565232128,6.122906693490222,2.3217466142959893,1.672486073290929,17.087780437823383,0.17820020375307655,5.395464184693992,3.8135051666758955,7.450438018320129,0,0,,-5.27,-1.07,-2.41,85.32,118.17,899.32,138.46,1014.32,268.46,959.32,166.46,1036.32,166.46,994.32,194.46,999.32,263.46
109.031,0,0.55,2.07,0.43,0.46,1.05,1.60,1.65,0.52,1.92,94.04,48.28,-7.04,89.15,0.9268413542164491,4.080188592406921,5.85164892829489,2.198657434480265,6.049616706902161,25.902649365831167,3.335651209903881,0.8672290530800821,2.160966267576441,1.2652646815404296,6.6558462283574045,0,1.6729425033554435,3.0122847680654377,8.773535328898578,0.518087955643423,5.855685827322304,3.7532554995268583,2.9640017148945486,4.473145140102133,0.49326259922236204,,-5.47,-0.50,-2.77,84.57,117.21,899.91,140.10,1014.91,270.10,959.91,168.10,1036.91,168.10,994.91,196.10,999.91,265.10
109.126,0,1.82,0.70,1.60,1.44,0.89,0.61,1.05,2.02,2.01,94.64,42.78,-1.91,89.54,0.07977299834135909,5.3616359187057245,6.337628676621243,0.374270653584972,7.927652336205356,41.31899162102491,6.081890287576243,3.4239308412186804,3.134561829501763,4.140864801909775,0,3.327816514763981,0,1.1480745058506727,10.676939101684837,4.008197702546604,1.580141845624894,0,8.038820484005846,5.467728201765567,5.193673598114401,,-4.33,-4.41,-4.06,86.31,120.89,901.94,140.19,1016.94,270.19,961.94,168.19,1038.94,168.19,996.94,196.19,1001.94,265.19
109.423,0,0.53,1.30,1.68,0.96,0.53,0.02,1.64,0.62,1.32,94.08,41.79,-4.63,95.94,5.368125774734654,2.06742045476567,4.617906173141673,4.329501746641473,7.099430638439953,42.59377399459481,1.8736838002223521,1.5840716202743352,2.8090830568689853,3.6154907097108664,0.8314581792801619,0,2.4885766063816845,3.5727222880162297,15.898252746984362,2.0119117687875407,1.1641142489388585,1.3768887422047555,3.375044690873474,5.784935555653647,0,,-5.91,-0.37,-2.87,84.73,122.80,899.45,141.90,1014.45,271.90,959.45,169.90,1036.45,169.90,994.45,197.90,999.45,266.90
109.711,0,0.34,1.71,0.68,1.26,0.40,0.52,1.16,1.35,1.55,95.26,47.36,-1.22,94.17,0,2.295605594897643,3.336887284093536,5.462888605538756,4.038059940021485,48.58901267219335,5.824521294259466,2.2703568161837757,0.16902564279735088,2.130498873386532,1.269394547212869,5.517508203396574,0,3.0778174190688876,16.40302539991215,4.988491754876449,0,4.860420815180987,7.8280368163622915,6.756114587187767,0,,-6.80,-4.72,-2.04,83.43,122.74,898.03,138.40,1013.03,268.40,958.03,166.40,1035.03,166.40,993.03,194.40,998.03,263.40
109.940,0,1.71,0.67,1.20,0.39,1.19,2.12,1.92,1.02,0.78,94.58,46.88,-0.14,87.46,0.18583984585478897,3.4233015431556852,1.856789538622834,1.6944621128402648,6.964061511820182,49.54568606382236,1.1819113927194849,0,0.11181105067953467,0.8633262927271428,3.5924760424531996,1.6530835495796055,0.5262197800911963,4.751317308666184,15.010613983906806,0.01593256120569997,3.8874811031855643,3.9552992591634393,6.407406672881916,0.46888896613381803,1.718135442584753,,-2.47,-6.11,-4.45,83.53,117.29,901.66,139.22,1016.66,269.22,961.66,167.22,1038.66,167.22,996.66,195.22,1001.66,264.22
110.137,0,0.32,1.28,1.01,1.67,0.48,1.38,0.45,1.90,1.16,93.93,54.48,-4.37,92.61,4.646825081058778,2.843460252112709,5.551275906641967,0.7947885804157706,5.178056466332637,41.51016524294391,5.87312999709975,0,0.8802502842154354,4.075668017491698,4.303000037558377,3.191577313002199,6.3695580759085715,5.016413531331345,6.65307209180668,0.291053487029858,3.396112700458616,0.47058712039142847,6.638867466100492,1.6447939090430737,3.43397082737647,,-7.31,-7.75,-0.63,84.14,121.78,901.72,139.12,1016.72,269.12,961.72,167.12,1038.72,167.12,996.72,195.12,1001.72,264.12
110.368,0,1.92,1.45,1.31,0.11,1.51,2.03,1.45,0.68,1.47,94.69,48.33,-3.82,94.36,4.087846693745814,2.9210353032452985,3.600489600566216,4.062930315313861,3.7210159564111382,30.01522195758298,1.628463942860253,2.228306868635118,0,2.426818629074842,6.801339128986001,0.6752525875344872,3.1834425134584308,4.647703768005595,6.850157075729221,3.929673198037781,3.764317572582513,7.3879080270417035,8.344072561049835,6.2250047461129725,3.0378332266118377,,-4.38,-6.32,-3.58,83.40,122.73,898.02,138.49,1013.02,268.49,958.02,166.49,1035.02,166.49,993.02,194.49,998.02,263.49
110.636,0,0.94,0.18,0.94,0.51,1.41,1.20,1.38,1.60,1.52,94.70,53.97,-2.93,93.04,0,4.727208181307651,5.467937241941691,5.153727052779868,4.014469656446018,26.378857803996652,4.180810891510919,1.3724490372091531,1.1401936146430671,2.8200386313162746,0,1.3522459687665105,2.121092699468136,3.1191464217379687,15.49332117812708,0,2.9297483544796705,4.1575473584234715,8.306702116536908,4.180950827430934,0.21679484518244863,,-4.54,-2.93,-1.39,83.31,121.18,898.41,139.82,1013.41,269.82,958.41,167.82,1035.41,167.82,993.41,195.82,998.41,264.82
110.898,0,2.16,1.42,0.18,0.09,1.87,0.75,1.34,0.07,1.41,94.15,52.66,-7.55,95.66,2.235134963388555,4.548969798325561,1.899183008340188,5.363663196144626,6.085590402605012,26.836378961335868,3.6017483605770395,1.0384178532473745,0,0,4.366030333098024,0.2812190721742809,0.8279599235393107,4.728764216406271,13.691780787389725,2.405863068853505,4.8316779038868845,2.8563761436380446,7.208454146394506,4.894946553977206,0,,-3.17,-5.26,0.11,84.12,119.60,899.40,138.75,1014.40,268.75,959.40,166.75,1036.40,166.75,994.40,194.75,999.40,263.75
111.200,0,1.65,0.18,1.27,0.23,1.78,1.22,2.03,2.17,0.64,93.59,48.12,-2.08,87.39,3.4360885073803367,5.672777712345123,1.5858682297915219,1.0627410207688808,6.0860587631398815,34.66837488859892,1.7324458417249842,5.358440942559391,4.659754166379571,0.173711015023291,5.11276156688109,1.3139907596632838,2.8810189263895154,3.998211015947163,11.855222494341433,4.22414360428229,2.442836932372302,0,3.785466370671056,0.9662092053331435,0,,-8.36,-5.28,0.69,86.86,119.41,901.35,138.37,1016.35,268.37,961.35,166.37,1038.35,166.37,996.35,194.37,1001.35,263.37
111.425,0,0.95,0.39,0.68,1.92,2.12,1.84,0.08,2.08,1.02,94.36,41.42,-6.30,69.03,2.721198527691886,0.8609956848900766,0.6740730450022965,2.035070607624948,9.43129929848481,23.397486440837383,1.401542228460312,1.0338569035194816,2.9139565764926374,0.9330372338742019,0.05857768328860402,4.964911518152803,0.5096175335347652,2.4706949160434304,11.220285438206048,1.3666022557672113,0,5.481294626835734,6.704604731607251,3.355110418284312,0,,-3.87,-6.96,-0.03,86.56,118.37,900.10,139.94,1015.10,269.94,960.10,167.94,1037.10,167.94,995.10,195.94,1000.10,264.94
111.584,0,1.91,0.43,2.12,0.58,1.08,1.69,1.56,1.00,1.41,94.42,52.01,-3.38,93.33,4.30022129318677,0.2528405508957805,6.459401578935795,4.998995688594878,5.215166585189291,16.478812519460917,5.021048977272585,3.2109299507923423,5.912156636361033,2.7967495654895904,2.6533837895840406,3.896530600031838,0,2.86706053015776,15.311863757520914,2.0372371649183334,0.76195526169613,7.046753375791013,6.484354477017186,6.264753369614482,1.1126779702026397,,-6.69,-5.20,-3.29,86.81,120.29,900.70,140.80,1015.70,270.80,960.70,168.80,1037.70,168.80,995.70,196.80,1000.70,265.80
111.727,0,0.37,0.23,1.27,1.61,0.56,1.45,0.99,0.25,0.20,94.23,53.07,-1.66,95.61,0,4.37431605537422,4.072570457467809,3.3494237208738924,3.1079828559048472,15.434320067055523,5.061971124541015,3.1804468166455626,0.5306409290060401,3.406444895770401,3.3967309277504683,4.87463353574276,5.110572072677314,4.380864402260631,11.198197156228126,5.00841401427053,0.8064269106835127,4.050743054132909,3.4731753048673273,4.992172390222549,4.635225109755993,,-6.09,-7.26,-2.78,85.13,118.17,899.51,139.05,1014.51,269.05,959.51,167.05,1036.51,167.05,994.51,195.05,999.51,264.05
112.045,0,1.26,0.17,1.21,0.69,1.84,1.87,1.80,0.46,1.17,95.38,51.66,-1.55,96.11,4.351579420766793,0.8271627070615066,2.117308927564882,2.5098844988923523,5.499961512102745,33.035207690671086,4.264182620355859,0.99157885780558,3.8605063629802316,3.192572715394199,4.8447277885861695,5.614391689188778,1.811185690574348,1.0106313921231775,8.60988094355911,4.64802095870953,2.2943674572743475,0.0844943760894239,4.164711111080833,1.0486119161359966,0.32908734516240656,,-8.86,-6.48,-0.72,83.36,120.03,900.53,141.28,1015.53,271.28,960.53,169.28,1037.53,169.28,995.53,197.28,1000.53,266.28
112.165,0,2.11,1.78,0.68,0.30,1.87,1.84,1.04,0.45,1.61,94.59,50.82,-6.79,93.67,4.729587169168517,2.4798528055194766,2.412872275616974,2.3043512950092557,7.170254970854148,44.90796574950218,2.7862233098130673,2.6435880391858517,0.4034695860464126,2.7069760216400027,5.3715256825089455,2.0677932486869395,0,5.086736829914153,11.749913605973124,5.272952789058909,2.1067136605270207,0.5181131367571652,6.601040219096467,0.3885635898914188,0.7497461177408695,,-4.29,-4.53,-2.00,85.19,121.02,898.73,141.53,1013.73,271.53,958.73,169.53,1035.73,169.53,993.73,197.53,998.73,266.53
112.290,0,0.90,1.34,0.52,0.53,0.74,0.70,1.91,0.88,1.46,94.43,47.69,-0.00,87.11,0.646329764518887,4.882248860737309,1.1583263680152593,3.146193298138678,2.712204046943225,12.199401311576366,1.7876851020613684,1.2422133463248612,4.248030633665621,1.2171483910642564,3.601946418173611,0.6954836079385132,0.8661257377825677,0.44265403127297764,10.008244838993996,2.705435284385458,1.016880240291357,1.0041507403366268,5.775892174779438,6.569458948913962,0.26885682670399547,,-4.80,-9.65,-1.49,85.53,120.19,899.79,140.60,1014.79,270.60,959.79,168.60,1036.79,168.60,994.79,196.60,999.79,265.60
112.622,0,1.87,0.12,0.61,1.63,1.15,1.47,2.11,0.04,0.17,93.98,50.88,-0.20,94.56,3.16021563612856,4.491658226680011,0.21946338240057228,1.7913094541430477,8.197214508722535,30.592164141125977,0.32255678826477396,1.3181448135897518,0.6470840701367706,4.2271323123201725,5.431129785720259,1.450150806689635,0,4.280059135444462,8.270084577314556,2.94362735260278,0,7.807372072245926,7.655412262217141,3.2519076028838754,1.5278839494567364,,-7.97,-5.86,1.14,84.27,122.86,898.73,138.42,1013.73,268.42,958.73,166.42,1035.73,166.42,993.73,194.42,998.73,263.42
112.805,0,0.55,0.43,1.49,1.96,1.86,0.93,1.81,1.48,1.94,94.73,51.98,-1.25,91.08,5.830153465890326,0.048547732387669296,4.826539432103746,6.131026349561289,8.98861819120124,17.91580185852945,3.9070606185356156,5.2948402582854035,3.7763143067713827,2.1905760145559907,2.6056171618402004,2.6744012197013944,3.5086076301522553,4.565982804233208,18.142741763852538,5.115557627319358,5.51512895245105,6.719234330113977,6.9114796335995194,4.67571013700217,2.2119538702536374,,-5.91,-7.21,0.94,85.97,117.31,901.56,140.83,1016.56,270.83,961.56,168.83,1038.56,168.83,996.56,196.83,1001.56,265.83
112.866,0,1.21,0.29,1.15,0.39,0.74,0.16,1.93,1.92,0.35,95.43,51.57,-5.28,96.44,0.23632883993443077,5.491396875376813,3.137344098328613,2.789888927945867,4.7415054285293445,21.451115840580314,2.9313983519794418,5.084635308440775,0.6935622249729931,0,4.2552656745538116,2.7907057707197964,5.175304510630667,5.2229154532309625,8.49843514526263,3.0371887998329474,4.251036264002323,3.0691533158533275,3.5580023933621128,0,1.604549084091559,,-6.58,-7.37,-1.41,84.98,120.84,898.39,140.82,1013.39,270.82,958.39,168.82,1035.39,168.82,993.39,196.82,998.39,265.82
112.954,0,0.09,0.64,2.15,0.49,0.74,1.79,1.09,2.14,0.20,95.50,49.16,-4.66,87.14,3.788573714238592,0.7629892831901088,0.04316207433119379,1.192441441686824,8.48808129963465,38.54532254394144,5.096382204745896,0.7549390155449509,3.084135236684233,0.4221704974770546,6.3908821740187705,4.382462581153959,4.904548238497227,0,14.114580773189664,0.9436329725896941,4.511350993998349,3.6964646195992827,8.426752291070297,0.7275124748703092,3.6536088071297854,,-2.76,-11.00,-1.44,86.55,117.19,898.83,138.04,1013.83,268.04,958.83,166.04,1035.83,166.04,993.83,194.04,998.83,263.04
113.046,0,0.06,0.04,1.31,0.99,1.14,2.20,1.86,0.76,1.48,92.55,52.12,-7.69,89.58,0.0753384680114686,2.025749626662582,0.33532762068789435,4.562164220996201,7.795865939790383,35.53284856444225,6.635429623490199,5.35642634011805,0,0.469782928917557,2.56078291637823,1.544981658225879,0.16113671008497477,5.0009903453569855,11.079050549380481,2.027159932591021,0.08826262131333351,1.7571676787920296,3.333929611323401,1.9718731963075697,89.72380040679127,,-4.66,-10.82,1.54,83.55,122.40,900.48,140.50,1015.48,270.50,960.48,168.50,1037.48,168.50,995.48,196.50,1000.48,265.50
113.298,0,1.85,1.71,0.42,1.06,1.40,1.50,1.18,1.33,0.23,95.54,54.10,-3.03,96.06,4.034381068390794,2.132030806853436,4.188996194857173,3.899386440450326,4.526174646737054,21.316811200696975,1.233620488201268,4.286683342326432,1.1446958871092647,2.1621732855774463,4.7360640917904675,1.7386044340673834,5.1273978520184755,3.0748435874376447,5.3210214708000425,0.5619234045268966,4.069712135009468,5.355419445317239,7.830876196650788,3.3702978137880564,99.36186511768028,,-2.50,-10.42,-0.43,86.79,118.83,900.37,138.22,1015.37,268.22,960.37,166.22,1037.37,166.22,995.37,194.22,1000.37,263.22
113.481,0,2.05,1.59,0.78,2.03,0.15,0.22,1.47,1.58,0.12,95.39,43.10,-6.73,95.31,0.7205124672316017,0.018103978596627712,4.985156677439809,1.2574106689542535,7.936140989186242,21.41187290288508,3.4668544891523196,4.13730912476778,1.2939664996229112,3.3107278037071226,1.7294109114445746,6.49979636981152,4.36166870361194,0.923746074754745,8.703695772588253,4.596327642723918,2.576348395552486,0,6.9793514960911125,3.2339864131063223,2.9439950231462717,,-3.39,-10.66,1.48,85.95,122.40,901.69,140.95,1016.69,270.95,961.69,168.95,1038.69,168.95,996.69,196.95,1001.69,265.95
113.674,0,1.24,1.43,2.13,1.00,6.67,1.24,1.56,0.57,2.02,88.75,54.33,6.21,96.13,5.611150097497739,5.180363783542998,5.648077645772137,3.754748115995899,9.688472884489506,32.900954668875784,1.4007586671970786,0.252523114848882,6.314690759172663,2.7275305150263014,1.1027058027684689,0,3.988036392722279,0.30123118030838647,3.6752254951186476,1.5874959501018746,3.1687229010276496,3.9441003669053316,13.35022278833825,0.1420566493179649,0.2668307712301612,,-7.11,-9.75,2.05,86.27,122.81,899.01,140.26,1014.01,270.26,959.01,168.26,1036.01,168.26,994.01,196.26,999.01,265.26
113.903,0,0.47,1.04,1.17,1.13,25.05,1.67,1.02,0.62,1.35,74.33,55.02,23.14,88.15,0,3.7741365616442635,5.723553441506811,2.01156222476624,23.121063241477795,38.966894869692624,5.433530287863687,3.654467811007053,3.9037886187434196,1.711754426974803,4.876222863793373,5.602540513733402,5.364804681390524,1.743318524779752,8.620685722008346,0,2.3817151584662497,1.7667240798473358,26.657515391043987,1.566266578156501,71.95406402181834,,-3.66,-8.58,-1.57,83.01,122.31,898.46,139.40,1013.46,269.40,958.46,167.40,1035.46,167.40,993.46,195.40,998.46,264.40
113.967,0,1.98,0.36,0.84,0.96,23.54,0.23,0.41,0.07,1.86,75.38,55.80,23.28,92.08,2.010444867052138,0,3.1248111977986994,0,19.893401218857086,36.03603867581114,1.777205904852599,4.734714888241142,4.605661368696019,4.86495731562376,5.9438819834031165,5.60611351695843,5.093779971823096,2.8476422930136325,13.217218947298825,3.3765139731206,2.6589341941289604,7.229880860075355,27.105131987707807,1.0375139259267598,67.00385543890297,,-4.32,-9.05,0.25,85.62,118.24,898.21,140.23,1013.21,270.23,958.21,168.23,1035.21,168.23,993.21,196.23,998.21,265.23
114.173,0,2.07,0.02,0.89,1.35,41.02,1.24,1.12,0.21,1.44,59.06,73.12,39.15,93.43,2.026847893968225,1.255932818353176,3.640479797231965,4.182311594095081,34.833800246330526,27.225859080906957,0.5571830545086414,2.643874610494822,2.8899451196193695,3.639044226128608,0,1.3232226090040058,2.8900529430247843,2.9892550547700374,10.09225549042225,2.7900218725390733,1.8995706727728248,2.56928527681157,41.90248953007152,3.922506016679108,2.3876630924642086,,-3.80,-9.77,0.92,85.28,119.20,898.10,138.79,1013.10,268.79,958.10,166.79,1035.10,166.79,993.10,194.79,998.10,263.79
114.300,0,0.52,0.37,0.51,0.58,59.56,1.10,1.15,1.65,1.99,43.32,77.68,55.24,89.92,4.0825078953616325,5.137034835293889,2.0392022980796174,2.243772982042283,49.60177090170118,38.05283015035093,1.8370408126153053,0.1055999141372741,0.9822062596213073,0.6766548444330693,3.8953479062765837,0.5202928893268108,4.673981828615069,2.923091076044366,12.870431444980204,2.416232168953866,0,8.226182835642248,55.622460869620525,0,0,,-2.16,-9.87,1.23,84.59,122.35,899.49,141.27,1014.49,271.27,959.49,169.27,1036.49,169.27,994.49,197.27,999.49,266.27
114.485,0,1.98,1.17,1.10,2.01,76.87,0.16,1.46,0.55,0.71,26.60,85.70,70.57,90.24,5.406141144721769,4.326164592034184,4.787276277667843,6.546325694164262,56.07553619633449,38.01592917973176,2.3055916218552737,0.8280654367618263,1.765981059288606,2.51138092789799,3.6260129143483937,0.22516349935904145,2.4043122469447553,1.766214846400544,5.870192125327886,1.7188059536600484,1.6035188268870115,4.585561491083354,75.46195635985477,0,0,,-6.59,-8.77,2.91,83.45,121.34,899.97,141.09,1014.97,271.09,959.97,169.09,1036.97,169.09,994.97,197.09,999.97,266.09
114.585,0,0.67,1.74,0.87,0.52,78.43,0.88,1.10,0.87,2.15,24.99,77.85,72.98,96.88,3.885797364767641,1.1113213229458778,5.664173741368577,4.295064196009189,60.11637918451632,18.705275708343834,2.7678817118750887,1.127260774690658,4.322169672232121,1.9678351935371756,4.524306213017553,2.8524393991101533,2.339124417398125,3.1787433383613823,11.53564041879028,3.510805427292362,4.178411768749356,0,72.72697771563111,2.2550459837075323,1.7779011446982622,,-6.21,-7.95,1.05,84.43,120.27,901.76,141.53,1016.76,271.53,961.76,169.53,1038.76,169.53,996.76,197.53,1001.76,266.53
114.898,0,0.08,1.09,0.92,0.96,59.08,1.43,0.34,0.23,1.18,43.89,71.13,51.72,94.33,0.3074535368010398,3.9578735379967838,4.2664205389143905,0,48.2333359327531,27.666533621493727,0.8042378444923086,3.1742680402100087,5.347799545852467,0.1130178604088723,5.527029185090214,5.301333302399144,3.7381646926514804,1.7400750498007982,14.017370935417713,4.381683122748509,2.8927287929691374,1.2836295496672392,59.901915339001526,2.6605377215892076,0,,-5.88,-6.69,0.35,84.91,119.59,901.12,138.04,1016.12,268.04,961.12,166.04,1038.12,166.04,996.12,194.04,1001.12,263.04
115.194,0,0.83,1.87,0.18,0.29,32.90,1.02,1.60,1.26,0.93,67.74,62.08,29.22,59.55,2.5924248048476874,5.186810388276354,2.6816167765017602,5.2131205060519274,28.338989103450697,44.661242711823434,5.058742667525076,0.23451757568866016,0,5.0479871618375185,3.3017688472755253,4.291111619211733,2.7619844265282154,0,9.411312287058681,4.891868476411328,0.4398637437261641,4.657779851462692,32.699800053185314,3.3769630875904113,1.5794560590293258,,-0.66,-6.23,-0.38,83.55,120.46,901.85,139.16,1016.85,269.16,961.85,167.16,1038.85,167.16,996.85,195.16,1001.85,264.16
115.263,0,0.22,1.02,0.94,1.94,29.51,0.02,1.03,1.32,1.18,70.40,58.90,22.84,94.91,3.943429689398035,0.42537062568590045,0.5651848869817333,5.090709056463092,26.12317384927659,14.222759438212961,5.947202991019003,3.785325954500586,0.1339672738686204,4.054271193034947,0,3.491744535975158,3.4540987657383084,2.9864463605452327,16.085240043513476,5.128016532491893,0.9024881878867745,4.016752855386585,33.51386192671451,5.11557170143351,1.4749353909865022,,-3.05,-10.60,0.82,83.58,118.10,898.34,140.91,1013.34,270.91,958.34,168.91,1035.34,168.91,993.34,196.91,998.34,265.91
115.410,0,1.97,1.96,1.72,1.99,18.98,1.38,1.15,1.62,1.63,77.44,63.45,11.78,90.37,1.934352119388059,2.9895889760926364,1.0234442055644468,1.1937456597015261,20.38030763873997,29.086001940071583,6.799361653439701,0,1.0894501281436533,0,4.2781493668444455,0,3.760863068047911,2.8195159254875035,6.118758295439184,4.29671760585159,0.7091706027276814,4.386451026890427,20.81779946677069,0.7336905123665929,1.9958694849628955,,-0.44,-5.20,3.57,86.21,118.10,898.20,141.80,1013.20,271.80,958.20,169.80,1035.20,169.80,993.20,197.80,998.20,266.80
115.721,0,0.88,1.23,1.28,0.08,0.81,1.09,0.58,1.13,1.10,93.79,50.60,-2.65,87.61,0,4.452083940478042,4.864099212787114,4.516593040991575,4.039057548078708,14.857652842998505,2.5798952515935527,1.2860025793686511,4.117675753775984,4.807361665777862,4.9819188276305795,0.5140139374416322,1.1779310116544366,3.8693941006902604,12.896390589773656,4.704125930005684,0,0.5389724392443895,7.369188219872303,0,2.6269844400230795,,-4.35,-8.97,3.51,85.93,120.20,900.13,139.73,1015.13,269.73,960.13,167.73,1037.13,167.73,995.13,195.73,1000.13,264.73
115.895,0,1.32,0.08,0.70,0.37,1.17,0.86,2.17,2.19,2.14,94.86,45.36,-1.04,91.83,2.6711096671968697,4.724803804466501,4.126584248207509,1.5459691336005927,5.123792868163437,45.639936519321054,0.7292639213381333,0,2.592556286836043,1.7221310792677107,3.036290952935815,4.457365211797878,1.3955046948976815,1.1763491584733128,6.379533971790224,2.7778669025097042,2.483795356936753,6.358701555989683,5.755817658938468,2.9272900908254087,0.6849816525354981,,0.09,-6.51,1.92,86.34,118.06,898.15,138.96,1013.15,268.96,958.15,166.96,1035.15,166.96,993.15,194.96,998.15,263.96
116.091,0,2.07,0.83,0.85,1.33,1.73,0.84,0.81,2.02,1.70,93.69,42.41,-3.85,87.10,2.9328648098465058,1.4183749663177876,2.031931587471627,5.288970600292087,3.664051850629039,47.09171348204836,0.9381751362001522,3.0929773986153304,3.23907885979861,3.98316087057814,2.3123351046815515,0,2.3962503508664668,3.6153838391136377,10.996762814242393,4.243212539302185,1.662148732226342,5.750837094150484,6.623659431259148,4.991042564390227,5.307186035206541,,-3.00,-3.85,1.52,84.51,121.15,898.09,140.65,1013.09,270.65,958.09,168.65,1035.09,168.65,993.09,196.65,998.09,265.65
116.156,0,2.14,1.27,1.76,1.79,0.56,1.05,0.11,0.14,1.59,93.34,45.16,-2.43,81.21,1.93455450295005,4.417398216784932,2.812701914669015,2.8974393113609405,4.348569114478305,24.678566849324852,6.217202041461133,4.623302916567773,1.9407798927277327,4.069142972212285,7.428760522976518,6.64086314314045,0.30599456280469894,1.1304331174027178,6.582510142121464,0,0.690004859585315,0.20751585345715284,4.28166543691419,3.192166433436796,0,,-3.00,-9.48,2.77,84.17,119.65,901.17,138.07,1016.17,268.07,961.17,166.07,1038.17,166.07,996.17,194.07,1001.17,263.07
116.484,0,0.48,0.35,1.87,1.79,0.47,1.96,2.08,0.52,0.33,95.01,53.90,-6.93,89.69,4.822113468549214,2.3863598083378745,0,2.7996294937003405,2.8162137016514315,38.676139721181244,3.106942501105368,2.5942481834068896,1.5990988756529987,1.8028252963349223,3.885394354350865,3.377436723327264,7.015684878453612,4.736090515106916,3.887459516394884,4.032734544384294,2.414199359714985,3.887419258709997,7.58181971990969,0.7003553702961653,3.9816771894693375,,-3.40,-3.65,0.85,84.60,121.73,898.50,140.54,1013.50,270.54,958.50,168.54,1035.50,168.54,993.50,196.54,998.50,265.54
116.660,0,1.75,1.33,0.63,1.78,0.68,0.12,0.75,0.22,0.29,93.18,49.11,-0.51,92.66,1.77927691383753,4.286786090373061,5.175489708734676,5.3900412521604455,7.139707260685973,27.56825569551438,3.317144809477031,1.738744003754109,1.7374652922153473,0,1.6375760212540627,2.4299575234763324,5.6117450022138655,5.075742929652334,12.150391153916717,2.7099830182874576,4.2140082637779415,7.467262182850391,6.133141559180803,1.4600183011498302,1.8296808565501124,,-0.84,-8.11,4.56,85.21,119.20,901.14,140.69,1016.14,270.69,961.14,168.69,1038.14,168.69,996.14,196.69,1001.14,265.69
116.790,0,0.98,0.86,2.17,1.64,1.91,1.60,1.32,1.86,1.54,94.80,46.83,-0.10,88.82,3.835919960075989,0.6458709749858826,4.766626251977868,3.6776551659032704,4.544306785296649,41.46595380594954,4.179182870942168,1.7355395891144871,6.817580719012767,4.723522572480142,2.9979067035019398,2.4977938511874527,1.0824820990674198,0,11.560202784463764,1.5406007272657005,6.013720263261348,4.027880456764251,4.643990441709757,3.0807686562184244,0.2773712673224509,,-2.08,-3.61,3.54,83.80,117.11,898.31,138.53,1013.31,268.53,958.31,166.53,1035.31,166.53,993.31,194.53,998.31,263.53
117.094,0,1.36,1.66,0.87,0.04,1.58,1.86,1.56,0.28,0.58,95.50,43.22,-3.13,91.72,0,0,2.7259339218446987,1.2302479080297055,8.317606072602793,39.15305267972872,1.2404258085181938,4.227677706200629,0,0.9537310901097955,2.6471339408308268,4.065096527570859,0.7799682291224599,0.47424447420053184,12.195016347467899,2.8573028743080795,5.664277254138142,1.8818892212584615,5.822784625245259,1.1841937929857522,71.95428288029507,,0.51,-6.36,3.61,85.78,120.88,898.91,139.54,1013.91,269.54,958.91,167.54,1035.91,167.54,993.91,195.54,998.91,264.54
117.317,0,0.89,1.68,1.54,1.04,1.94,2.00,0.44,2.06,1.43,92.96,54.69,-5.37,88.81,0,1.4066744440700858,1.6146030838321894,4.595010694060475,6.446633040057495,35.16864159423858,3.4545621283818035,0.1909377108141781,5.939804318593815,5.003284934591502,0,1.7414541721809655,0.6552445250563323,1.7194596293382345,11.234163755066692,0.05684758313931537,1.08231281908229,2.7342766732908785,4.46266744130291,6.837858194252476,0,,3.34,-2.48,5.37,83.80,118.15,898.01,139.73,1013.01,269.73,958.01,167.73,1035.01,167.73,993.01,195.73,998.01,264.73
117.471,0,0.66,0.01,1.00,0.88,0.20,0.57,0.66,1.90,1.18,95.60,48.45,-6.40,91.76,0,0,0.2175263136252763,4.918591723386198,3.6459071486163888,22.178893199190497,5.86543582866434,3.1081222544237974,3.5800222218967974,0,2.577088799793273,0,1.7571642575785518,1.2647229624539613,6.612929081786424,0.9232004993315788,1.9246717169880867,8.911284625064582,5.095606693001464,2.523098300676793,91.89633339224383,,1.44,-7.13,2.21,84.02,120.46,899.03,138.16,1014.03,268.16,959.03,166.16,1036.03,166.16,994.03,194.16,999.03,263.16
117.757,0,1.26,0.41,1.05,1.89,0.74,1.39,0.29,0.95,0.60,95.40,54.44,-0.07,93.84,3.3066229654150088,2.981356667797081,4.966887069898657,5.270941261304543,4.59589880048763,40.47048342227936,4.152526798588224,4.764140424635261,3.3722965833730996,3.473195286821574,4.240863148123026,3.7444610274396837,1.3709953031502664,2.075826056385413,6.528606255240739,3.413010047641583,0,0.8692428977228701,6.946570045859553,2.2716381130740047,0,,-0.25,-4.69,2.27,83.18,118.05,898.89,140.57,1013.89,270.57,958.89,168.57,1035.89,168.57,993.89,196.57,998.89,265.57
117.955,0,0.07,0.08,1.87,0.45,1.20,1.82,0.62,1.14,2.06,93.45,50.89,-2.14,95.01,1.8214427984878423,3.801722219865769,3.812991194338538,5.186988792456686,3.447338696592487,13.272795264143497,5.149575932906009,2.656017808914185,1.9012377546168864,5.58853035479784,2.5131165236234665,3.2814545575529337,0,4.950452170772477,7.783464376684278,0.2667596591822803,0.03411822393536568,4.50051240529865,7.498692899174057,4.195568162947893,0,,1.81,-2.91,1.51,83.55,120.91,901.73,139.51,1016.73,269.51,961.73,167.51,1038.73,167.51,996.73,195.51,1001.73,264.51
118.072,0,0.27,1.05,0.56,2.19,1.11,0.17,1.63,1.02,1.87,92.70,49.80,-4.26,91.32,3.8608653863240034,4.156941748363897,4.708406498008408,2.026794174592942,8.234567917655223,28.73504699021578,1.929326652153395,2.6235202728398144,0,0,2.450464602559805,0,1.666593611240387,0,7.60142311707139,2.296332436883822,2.7563140159472823,7.240722731221467,5.031855031554588,2.3207083649467677,0.8161746428813785,,0.85,-3.23,3.70,83.27,119.47,901.35,138.72,1016.35,268.72,961.35,166.72,1038.35,166.72,996.35,194.72,1001.35,263.72
118.287,0,0.13,1.40,0.77,1.00,0.25,1.49,2.13,0.86,2.03,95.51,52.62,-0.64,91.15,2.41408664572984,4.815829323977232,2.9645164144504816,3.005748552978039,4.0059239278966565,42.14918644865975,0.8447410976747052,3.078751375824213,1.0693430078681558,4.6865291657671335,0.15173288248479366,2.72596622700803,3.1670790184289217,3.9521069180220367,12.852975418437271,1.8524779224209489,3.374959239270538,4.4907445488497615,2.6286870479723436,2.651538197416812,0,,1.70,-4.54,4.77,85.19,119.29,901.19,139.66,1016.19,269.66,961.19,167.66,1038.19,167.66,996.19,195.66,1001.19,264.66
118.382,0,2.03,1.24,1.96,0.58,0.37,1.82,2.12,1.36,0.21,93.46,47.52,-7.41,92.76,0.30454334108158987,1.1186149062588813,3.961257884437218,2.1240267381072044,7.102098471680656,15.609894121997058,6.814840452419594,5.302679654229433,2.7941943446639925,2.6781667995639147,5.11937512177974,0,0.6155019057914615,4.8633388738892975,7.540790639575571,0.7219320691004398,1.515073359478265,5.464738418813795,3.761198459444568,2.1817747466266155,0.2101628438103944,,3.47,-3.11,4.22,84.94,117.88,900.86,140.02,1015.86,270.02,960.86,168.02,1037.86,168.02,995.86,196.02,1000.86,265.02
118.444,0,0.77,0.67,0.76,1.93,0.84,0.55,0.40,0.25,0.64,95.16,49.27,-2.63,91.79,0,2.5298112086486073,5.6152777184406295,3.9114265230856837,8.234497970668599,24.673614973202348,1.2184314864920451,0.712738084960729,1.3299697167240083,0,4.966016017366201,2.5110117965377867,0,0,15.254763359520584,0.5466871369909496,1.7453531636856496,4.175324383657426,3.8982720866333693,0.48939694464206696,2.482123536989093,,4.47,-0.29,5.46,84.51,121.92,898.50,140.03,1013.50,270.03,958.50,168.03,1035.50,168.03,993.50,196.03,998.50,265.03
118.559,0,2.01,1.19,0.10,1.74,0.19,2.14,0.45,1.06,0.20,94.11,54.97,-7.97,92.93,0.25750060922931883,2.7725428535835817,0.2839132470544432,2.8766462485957893,2.4343607050459832,45.84010148001835,5.4090977340471,2.6199836695753036,2.3797962623648345,2.835808046385646,4.070416972506791,1.8782085974235088,0.4338119379244745,1.0011384163424375,14.10513970039785,0,5.733001930639148,5.314088752027601,3.6032571292202924,7.003695126622915,2.0956165781244636,,3.80,-5.91,1.45,84.60,118.90,898.73,139.16,1013.73,269.16,958.73,167.16,1035.73,167.16,993.73,195.16,998.73,264.16
118.698,0,1.15,0.70,1.33,0.91,2.03,0.85,0.93,1.15,1.30,93.64,52.36,-4.48,90.84,0.8968921354785562,1.03369773728773,3.6905048658885065,1.7714884147047996,7.795995582225732,43.77008418366313,3.9588773711118845,0,1.2650771311018616,3.9466856478713455,3.611731139011681,4.468228133395314,0.19534388557076454,4.753416098114103,14.795914865769447,0,0.17473017796874046,1.8559145727194846,7.399799889312126,0,0,,5.21,-1.55,2.50,83.63,121.57,899.13,140.05,1014.13,270.05,959.13,168.05,1036.13,168.05,994.13,196.05,999.13,265.05
118.762,0,0.94,1.44,1.65,0.80,0.36,1.29,0.40,0.65,1.31,95.66,42.78,-6.87,65.81,5.241870352327824,0,0.6738808027701451,0.49521616190671924,7.059043236072175,15.166108918841928,2.5824623318389057,0,0,0.5017303555645052,5.193377610761672,4.360569290583953,3.4148586806841195,3.854799953745678,13.05398141792044,0.6428815554641187,2.216204496100545,7.532490378245711,4.575484042116441,2.61273378203623,3.076605590293184,,0.30,-3.60,4.59,84.16,122.71,898.69,140.06,1013.69,270.06,958.69,168.06,1035.69,168.06,993.69,196.06,998.69,265.06
119.015,0,1.39,1.33,1.27,0.54,0.02,0.47,0.34,1.24,1.01,95.35,46.38,-7.07,94.31,3.3180450435820967,3.380997323989868,4.827781839855016,3.399745114799589,5.9288837300473824,14.656444515101612,4.953670391370542,3.6802440542913972,1.9141021738760173,3.2099311198480427,5.566278659272939,6.617016724310815,3.7836188497021794,0.9635213692672551,7.2005536806583414,2.818974740486592,0.6992492703720927,1.9485367704182863,5.90465475096833,4.268261933932081,0,,4.14,-3.35,5.05,83.83,120.73,901.30,138.69,1016.30,268.69,961.30,166.69,1038.30,166.69,996.30,194.69,1001.30,263.69
119.132,0,1.96,0.71,1.52,1.35,0.86,1.26,1.38,0.68,0.91,92.82,45.36,-1.36,96.33,1.1076592082530259,3.5789341758936644,6.050747545929626,1.686432557385415,5.120434247935191,20.737638358026743,5.35385891108308,3.2628179628401996,0,0.8294447490200403,4.461298902053386,3.3293413452338427,7.393991062883288,4.8455058605410155,16.05152214411646,3.3753962856717408,4.256987930741161,4.166134509257972,6.523314257944003,1.724105873843655,1.1216434459201992,,4.37,-1.31,5.07,83.55,117.04,899.31,139.69,1014.31,269.69,959.31,167.69,1036.31,167.69,994.31,195.69,999.31,264.69
119.428,0,0.76,0.71,1.10,0.34,1.65,1.07,1.26,0.09,0.61,93.99,51.88,-4.73,96.05,2.6033009730558843,3.82531797112897,2.6105892975302414,4.132287114076316,6.427452865527012,23.095124234445393,1.5270890741143375,3.4987448743358254,1.0263084010221064,1.4859944586083293,0,0.699125356040895,0,2.067971719140187,11.216797935552895,1.2676379981637003,2.5052642449736595,1.3790323194116354,4.3372817597677935,4.816191015997902,1.6198991588316858,,2.30,-2.53,1.89,83.80,118.38,901.28,138.60,1016.28,268.60,961.28,166.60,1038.28,166.60,996.28,194.60,1001.28,263.60
119.725,0,0.24,0.04,0.21,0.68,1.03,1.11,1.00,0.08,1.28,94.18,41.96,-5.17,96.63,0.5808411188982427,0,0,0.5406151032820348,7.489826915161684,22.509678944014013,2.131434622197412,1.311377255599946,4.6462708548642695,5.271679743062705,5.2418084582313895,6.08657792606391,0,4.2277885886933655,11.294098742287606,2.589118387885392,0,0,4.041993882237002,4.189710953971371,85.45740473316982,,2.36,-1.10,1.50,86.13,120.74,901.81,139.61,1016.81,269.61,961.81,167.61,1038.81,167.61,996.81,195.61,1001.81,264.61
