time stamp,face id,anger,contempt,disgust,fear,joy,sadness,surprise,sentimentality,confusion,neutral,engagement,valence,attention,inner brow raise,brow raise,brow furrow,eye widen,cheek raise,lid tighten,nose wrinkle,upper lip raise,dimpler,lip corner depressor,chin raise,lip pucker,lip stretch,lip press,mouth open,jaw drop,lip suck,eye closure,smile,smirk,blink,blink rate,pitch,yaw,roll,brightness,interocular distance,topleft_x,topleft_y,bottomright_x,bottomright_y,outer_right_eye_X,outer_right_eye_Y,outer_left_eye_X,outer_left_eye_Y,nose_top_X,nose_top_Y,chin_top_X,chin_top_Y
0.077,0,1.15,0.93,1.06,2.16,0.29,1.10,2.16,2.03,1.03,92.01,29.38,-6.42,90.32,1.959979404741898,1.1706989250611515,5.392726848688908,1.6821935252472757,4.614402362778783,31.78298447979614,4.596133502828889,2.4935301781073216,2.8517031650990248,4.596089260950684,0,3.766278747236356,0.48445416474714875,2.9540086927916853,8.463290683478117,4.4722152491006995,5.660471514798701,0,6.2989495100080966,4.390499820699915,1.4680030143354088,,3.30,3.88,-2.80,86.20,121.04,900.63,139.53,1015.63,269.53,960.63,167.53,1037.63,167.53,995.63,195.53,1000.63,264.53
0.406,0,2.12,0.10,1.82,1.53,0.47,0.48,2.11,1.91,0.31,92.83,32.27,-3.12,92.80,3.397566401483491,5.731093935063109,2.207092493106611,5.677830933146179,6.168272008895874,20.582047250121832,4.503887347667478,0.7366378963179887,1.9213692855555564,3.495122684724629,2.2874513966962695,2.4843528873752803,0.42124545481055975,1.4675947336759418,10.164473353400826,2.928323716958985,2.627024909481406,0.4642782621085644,5.399878656603396,3.148071161704138,3.462059357436374,,4.12,8.05,-2.88,83.04,117.78,899.20,138.88,1014.20,268.88,959.20,166.88,1036.20,166.88,994.20,194.88,999.20,263.88
0.691,0,2.09,1.88,0.84,1.24,1.44,0.10,2.08,0.84,2.06,92.57,34.80,-6.15,88.50,0.4412209934787823,2.471488263295032,4.543200129698962,0.9209326388221233,3.542655222029425,36.285024118609726,3.712782807648182,5.275941902212798,1.265458908630535,0.37883332725614327,0,4.530626582913101,5.485552731435746,1.1299105659686028,12.11579221315682,3.082908269013278,0.975521557033062,2.101345324423164,7.451205961625092,4.593625863548368,2.142057202057913,,0.97,3.86,-4.82,86.34,122.99,898.43,140.90,1013.43,270.90,958.43,168.90,1035.43,168.90,993.43,196.90,998.43,265.90
0.819,0,0.25,0.50,0.91,1.73,0.09,2.16,0.38,1.37,1.43,93.08,24.50,-5.38,94.56,0.8649445054540408,0,2.4397009740676734,0.012943449253216777,3.083177262307145,38.75435699848458,0.9926746318116786,0,3.746023004874587,0,2.1385864494368434,3.7171869401354343,5.550275609828532,0,13.67005740294233,2.91071815487463,4.121878128964454,5.854262272361666,6.261640775497072,2.1219185618683696,0.09811183344572783,,1.91,4.91,-2.22,83.86,121.62,899.56,140.85,1014.56,270.85,959.56,168.85,1036.56,168.85,994.56,196.85,999.56,265.85
1.158,0,1.48,0.19,1.60,0.43,1.81,1.00,0.77,1.80,1.11,92.08,23.73,-3.69,89.81,4.7884849282354125,2.170952803408727,0.5256277270289136,1.2510124739632014,6.427771600084379,8.29243513988331,3.6293050579493866,1.066709947139025,0,0.48579582404345256,3.7666236693039536,0,0,1.2010824455786495,12.059604715984314,0.07313123528845633,0.9614481343887746,2.244657012168318,6.4407342484314,2.2938868408091366,0,,4.99,1.52,-1.08,83.47,119.98,898.28,138.16,1013.28,268.16,958.28,166.16,1035.28,166.16,993.28,194.16,998.28,263.16
1.396,0,0.53,0.57,0.32,1.29,1.41,1.48,0.96,0.82,1.91,93.22,24.80,-7.55,90.04,2.4865962325874715,1.8011200626846402,1.638275080677122,1.4854887047596277,8.318331962535158,16.9934429586865,1.5714112316723914,2.358210473526269,2.581097154179588,3.189704664070159,3.6070817881263793,6.378874890040606,5.268668139819056,1.2301286763139068,10.708040890730917,2.4205598818231375,5.495384776499122,5.889615827705711,8.58548884077929,0,0,,1.74,3.42,-0.84,85.35,121.84,899.16,140.18,1014.16,270.18,959.16,168.18,1036.16,168.18,994.16,196.18,999.16,265.18
1.704,0,1.03,0.98,1.67,1.70,1.54,1.93,0.63,2.08,1.51,94.22,23.50,-3.78,96.78,4.213679701774382,0.023800465860404074,3.060658047879115,2.4463076505530625,6.0227886457135895,14.22878508316353,1.1064158962341026,0.5086878734827041,2.7956835101358593,4.5767019986733795,3.006811525672674,0.2494706881698221,3.0948003069497645,3.0429964512959122,10.97077928893268,3.8324832158861684,0,5.658223270904273,7.181154401325621,5.794446603860706,0.39064554311335087,,-1.14,5.47,-1.80,85.06,117.43,899.62,140.58,1014.62,270.58,959.62,168.58,1036.62,168.58,994.62,196.58,999.62,265.58
2.018,0,1.25,1.14,2.02,0.59,1.66,1.34,0.64,1.86,2.01,94.14,28.11,-4.41,92.70,2.315897678649053,2.501246141875163,6.261196765475907,2.6897512196935716,3.8762434808257966,45.40902517642826,3.421070598019287,4.732763521894812,0,4.328358836267144,1.835747308563441,0,0,5.074396825889126,13.488996624965221,2.655162026537582,1.9731313223019242,2.2738204463385046,7.954179973518476,2.536684026475996,0,,2.90,4.50,-1.09,85.49,122.98,899.47,141.06,1014.47,271.06,959.47,169.06,1036.47,169.06,994.47,197.06,999.47,266.06
2.208,0,1.85,1.47,1.34,0.85,0.27,1.39,2.07,2.10,0.24,91.80,26.32,-1.56,93.88,4.844450302897021,3.533774508163333,0.49634945257101215,6.028903817813843,5.5672551183914765,23.59426665958017,6.328164745052345,0.4650755295902491,1.986279573990032,4.9639750561304385,0,0,1.7380882194265723,0.7123396381828933,3.987089787609875,0.3125776806846261,0,0,4.725466707781888,2.2245562355965376,3.170023949816823,,2.78,2.13,-3.66,84.15,121.77,898.66,139.84,1013.66,269.84,958.66,167.84,1035.66,167.84,993.66,195.84,998.66,264.84
2.430,0,1.50,1.60,1.27,0.06,1.75,1.32,0.12,0.68,1.68,93.15,28.99,-7.83,88.90,4.953454143260606,3.6566837590420618,6.2188922262983395,3.781484389891848,7.4606321377912534,31.421182341407984,1.6053717422066258,0.6450753677077592,3.2560316463932395,4.292609440460801,1.3522401913069189,2.471714088926092,2.823119319509715,5.271775156939402,8.30221557866782,0.20630723669659368,0,0,4.472697449638509,3.7930691461078823,4.0468607735820115,,2.18,0.68,-5.37,85.79,122.69,901.29,140.61,1016.29,270.61,961.29,168.61,1038.29,168.61,996.29,196.61,1001.29,265.61
2.743,0,1.33,1.64,1.78,0.58,1.26,0.92,2.05,0.44,1.57,94.26,30.92,-4.36,94.57,2.3062132667563855,1.349967077467591,3.3729466297104955,5.817284325361252,5.6721378808189185,28.568840350490063,4.0589485096046705,0.25828719640150677,3.2859023921191692,0.7014982948079704,0.9254370806738734,5.204333901870996,0.5661948281340301,4.168766325116158,5.72907677533105,4.628344966154545,0.7916952832601964,6.307952052447945,3.5939856398012493,6.105760461650789,1.93188410368748,,0.28,3.56,-4.80,83.45,122.25,901.57,138.33,1016.57,268.33,961.57,166.33,1038.57,166.33,996.57,194.33,1001.57,263.33
3.026,0,0.37,1.78,0.75,1.49,1.64,1.65,1.79,0.90,0.36,93.07,26.52,-4.72,89.68,1.475633012810722,4.821158417267725,5.118416211460717,1.423094537816942,8.556043789307587,31.623440214898437,1.3812279293779284,2.4839574636891486,6.413541428046301,3.6137590267695487,4.06377211259678,4.189758112421259,4.499241098295897,4.182953742528334,14.571584658138454,0.5833661933895202,4.04988739034161,6.621464141178876,5.873944079768844,0,3.6734576888848096,,-2.25,1.10,-1.91,83.14,121.82,898.03,141.39,1013.03,271.39,958.03,169.39,1035.03,169.39,993.03,197.39,998.03,266.39
3.275,0,0.27,1.13,1.87,0.70,1.71,0.46,0.98,2.16,0.12,93.26,29.22,-0.94,88.24,3.584594215815887,1.7335683864541354,4.947104861885309,0.5568684505298731,6.37419056232553,32.72731919027865,5.738930697320029,2.5876495527103547,2.461543435929343,0,4.22376857791096,6.836101762019098,2.7992194374091923,0,15.015007823184133,1.579375326707959,0.9442777186632156,4.864125390537083,3.8768001367384564,4.238220490748063,0,,-0.19,-0.47,-1.90,84.27,118.61,900.07,140.75,1015.07,270.75,960.07,168.75,1037.07,168.75,995.07,196.75,1000.07,265.75
3.600,0,1.46,0.54,0.70,1.59,0.79,1.56,2.11,0.16,1.17,94.19,31.16,-6.94,96.37,2.220329586397857,5.899040709901601,1.7354652829654516,5.835124867931008,4.627234467701055,19.58132209116593,3.132828484545462,1.9710806907340883,1.978181712096557,4.8417658570036295,2.242639947216958,3.5529721649363637,2.2766583804041147,4.981979526448995,5.906405720356852,2.0474147435463967,0.6292454940266907,7.208925350103527,4.873388078971766,3.7857287512160838,3.245112995384261,,-3.52,-1.86,-4.07,83.03,122.19,898.49,140.02,1013.49,270.02,958.49,168.02,1035.49,168.02,993.49,196.02,998.49,265.02
3.778,0,0.36,1.58,1.19,0.16,1.00,0.70,1.59,1.79,2.01,93.80,32.90,-3.50,91.75,0,4.649968252354301,4.015833502877504,0.8662025553826243,4.282403605980798,14.262595626991242,3.6497394159203393,1.7177102177962662,0,2.811717547662556,3.4296241351403296,4.001590501982719,8.624023301526904,1.224017037525773,10.837393293678762,2.0410308095579968,4.542375701479614,4.622153040487319,3.5566262077819557,1.2250183366704732,1.9949287329800427,,-3.08,-3.71,-3.18,86.33,121.75,900.53,140.51,1015.53,270.51,960.53,168.51,1037.53,168.51,995.53,196.51,1000.53,265.51
4.115,0,1.93,0.12,0.21,0.22,0.39,1.87,2.10,1.40,2.16,94.07,29.08,-7.74,96.78,1.0429140173085036,1.38159147715196,6.486902063107118,2.519149281885475,2.6286884366627783,15.88482133904472,2.221086705685593,0.32103184508159766,3.279537680093199,1.2741197933256627,0,4.416437377920374,5.389257243834436,2.4320437960512935,11.038908323049546,5.458960685711354,3.698184883221984,4.447373873088509,3.2710976565908645,0,83.95779375126585,,-1.76,-1.21,-5.60,86.00,117.69,900.58,138.12,1015.58,268.12,960.58,166.12,1037.58,166.12,995.58,194.12,1000.58,263.12
4.307,0,1.56,1.09,0.12,1.68,1.99,1.89,0.90,2.07,1.27,93.77,28.71,-0.55,93.53,3.6564476824505254,3.6061006374889986,2.208866127138026,0.40939985443837923,9.366837916537188,40.31011175876483,1.552195320161991,0,2.6389497630298138,4.885521651953459,0.39615737088024616,0,1.2911929897964,0,8.58490594636649,0.6209318939736113,0.17484305426478386,1.2862237486988306,5.326082215183415,3.1498273625038564,0,,-5.65,-4.73,-6.38,85.72,119.49,898.81,138.14,1013.81,268.14,958.81,166.14,1035.81,166.14,993.81,194.14,998.81,263.14
4.478,0,0.34,1.42,0.96,0.54,1.32,2.11,1.64,0.40,1.20,92.14,35.46,-5.93,96.54,2.511728207804263,2.84550599581562,2.7324741821270435,5.484148611947894,7.3224384134681895,25.342894846573472,5.1218378357589245,4.756818917579949,4.921067786403,3.7199743104726077,0.1595066380687058,5.395602395758033,6.431883187964559,2.4667608245275914,13.472598372418433,3.858681535990909,2.1243461463600397,1.994676731992513,5.318613246860914,3.911241969326511,1.0169316516257823,,-5.45,-3.30,-4.08,85.48,118.49,900.03,141.80,1015.03,271.80,960.03,169.80,1037.03,169.80,995.03,197.80,1000.03,266.80
4.748,0,0.86,1.59,1.23,0.17,0.89,2.18,1.95,0.82,0.97,94.37,25.14,-0.64,88.29,0,0.10053830626420712,2.5366460448363797,3.9222549325600267,4.006530390451662,21.67459202790633,2.863798307743855,1.2731816960684954,4.3563519776798785,3.5990516131930055,5.695616349577904,3.2532348667737097,1.65237440681085,0,4.772129767835141,3.6218673975300044,0,1.9427768122404814,4.988339739744552,2.765358637785539,1.3750286910217255,,-0.98,0.84,-3.53,85.18,118.76,898.18,138.63,1013.18,268.63,958.18,166.63,1035.18,166.63,993.18,194.63,998.18,263.63
5.062,0,1.60,1.38,0.39,1.48,0.31,1.43,0.04,0.88,1.95,94.27,36.72,-5.48,87.91,1.3316007077367975,0.4166581926634536,5.061819396773354,2.494486498543993,7.314567598910071,10.442942802794278,3.1954179793596267,4.749924233164638,5.64744259766303,3.2949213979393246,0.9649773593991995,6.821426248177886,2.999506230466068,0,4.860189549643547,4.08501822526101,5.249988975003362,4.206575746648014,4.800116253062152,1.6269940754864365,0,,-5.78,-0.75,-6.19,85.46,121.60,898.62,140.38,1013.62,270.38,958.62,168.38,1035.62,168.38,993.62,196.38,998.62,265.38
5.390,0,0.24,0.75,1.03,1.14,0.73,1.25,1.99,0.71,1.30,91.72,35.63,-7.87,90.89,1.4349059014115482,4.764147643884644,2.154294040645473,2.534685779102147,7.517491677054204,27.711143140215427,2.9294173697475343,0.35531786296516676,2.339886726811528,2.254083632864058,0.24252033233642578,3.8221908945124596,2.2409595055505633,0,5.587809640783817,1.8619906346034258,2.7186062042601407,6.552467321977019,3.1869644528022034,1.8967943389434367,0,,-5.34,-3.97,-5.00,85.39,117.09,900.53,141.45,1015.53,271.45,960.53,169.45,1037.53,169.45,995.53,197.45,1000.53,266.45
5.589,0,1.91,0.41,2.11,0.10,1.08,0.58,1.68,0.92,0.97,92.64,28.80,-6.83,88.66,1.528263371838257,3.1002721237018704,6.258685704446398,1.9368472717143597,6.316597724184394,36.28865566896275,1.1827574728988113,2.701905179433525,2.170087079750374,3.2135240424610676,3.1558992862701416,0.6844437262043357,2.4556206562556326,3.0163216528017074,13.562418691720813,3.9131240530870857,3.566045857965946,1.2471315991133451,8.349731270298362,0,2.645494476892054,,-7.24,-3.39,-3.38,83.12,120.03,900.45,141.91,1015.45,271.91,960.45,169.91,1037.45,169.91,995.45,197.91,1000.45,266.91
5.693,0,0.81,1.81,1.83,1.38,0.50,1.95,1.24,1.93,1.96,94.28,31.94,-5.80,89.01,1.7694441659143196,1.9495792790548876,5.376418391172774,3.4190492315683514,3.444559237933718,32.59409204963595,2.4801718233386056,1.6275695687532425,1.1652217146474868,0.435320573784411,5.360865460708737,2.7873249733820558,5.131410534493625,0.8365918503236025,15.717329034861176,0.3901294818846508,0,0,5.852262636930682,3.3185678662266582,3.2091045153792948,,-6.29,-1.02,-3.44,83.48,122.20,898.88,139.61,1013.88,269.61,958.88,167.61,1035.88,167.61,993.88,195.61,998.88,264.61
5.892,0,2.07,0.56,0.10,1.19,0.56,1.82,0.67,1.95,1.62,94.55,23.10,-2.53,93.54,1.094668601960875,2.0915146039100363,5.049798895413987,0.618956251582131,3.795429477551952,37.93958304775879,4.317029734421522,1.4158061403222382,5.402540375012904,3.582231322284788,3.5846197167411447,2.7569962593261153,0,3.111050850870088,5.836224847361446,1.682861104174517,0.1663123369216919,4.28705592546612,5.920663286773488,3.244502706686035,4.181682707509026,,-6.91,-1.79,-3.25,85.06,118.72,899.90,140.22,1014.90,270.22,959.90,168.22,1036.90,168.22,994.90,196.22,999.90,265.22
6.206,0,1.46,2.00,0.21,0.30,0.27,1.80,0.60,1.42,1.73,92.94,25.78,-3.60,87.12,2.5247149662952872,1.698853227356449,3.7497418726980687,3.5588855784386397,5.156249462170527,39.31502643413842,4.557334355521016,0.7205719736218454,3.9298130536917597,3.559005762133747,6.759333407040685,3.3015306862071157,2.072429025080055,4.357087875884027,4.826847459040582,2.9373633601982148,5.608795050531626,4.84732296038419,8.1935294879321,0.11853266670368612,0.3231323186773807,,-7.93,-3.85,-4.15,84.91,120.42,899.38,138.27,1014.38,268.27,959.38,166.27,1036.38,166.27,994.38,194.27,999.38,263.27
6.461,0,1.02,1.88,1.34,0.14,0.59,1.01,2.02,0.66,1.88,92.98,35.33,-7.04,91.50,2.214682213566266,5.536508013284765,1.3652743010269477,5.663103079246357,8.079616202670149,18.26326397480443,5.029694736842066,3.834178882017732,2.5702250606846064,0.8537873062677681,2.0558035844005644,1.8178819466847926,7.734243342652917,2.2383785096462816,7.5106941568851475,0,3.0733229611068964,1.327841811813414,3.311594113451429,0,4.60724017652683,,-8.21,-7.57,-1.52,86.03,117.21,901.20,141.06,1016.20,271.06,961.20,169.06,1038.20,169.06,996.20,197.06,1001.20,266.06
6.641,0,0.33,1.02,0.97,0.17,0.11,1.60,0.31,0.17,1.87,91.91,23.58,-7.66,88.31,2.1925793700804936,1.647703239810653,3.919701415617019,5.188667609123513,4.235305713517591,9.488558986689895,0.9754923816071823,4.449033211078495,4.963152894983068,1.7255396891199055,4.623058637604117,0,3.9631438446231186,3.7771737090684474,10.799850549083203,1.8964371274923906,0.24764164397493005,1.3317897403612733,2.6009997153747824,2.3685909232590348,3.8131594047881663,,-4.27,-4.83,-4.96,83.73,118.82,899.48,140.12,1014.48,270.12,959.48,168.12,1036.48,168.12,994.48,196.12,999.48,265.12
6.874,0,2.10,1.19,1.25,1.91,0.21,0.36,0.31,0.26,0.59,94.56,32.76,-5.40,92.01,5.082536617647856,5.139346578251571,1.3928589564189315,4.112507440913468,3.1993454016093166,17.658810139633715,1.2938064238289373,3.5731329148076476,0.08036178746260703,3.6300074495747685,7.250710230320692,6.839898848673329,6.122504712548107,1.6539931406266986,14.09315953532234,2.1965076310187577,0.39468148490414023,1.8245894913561642,6.780956363128499,4.8888491853140295,0.5902399308979511,,-3.69,-3.62,-2.48,83.03,119.29,899.50,140.18,1014.50,270.18,959.50,168.18,1036.50,168.18,994.50,196.18,999.50,265.18
7.064,0,1.44,0.84,0.60,0.83,0.47,0.15,0.95,0.84,0.15,95.15,34.44,-3.12,90.14,1.6140117362188175,0,2.343165231505409,0.6011587062757462,5.593059016652405,38.36567070428282,4.217499562073499,3.3847081044688823,4.041020181262866,3.1892408301867543,1.4238710207864642,2.819855352398008,0,2.9601490092650056,10.918328002654016,0,0.7341533834114671,9.101804106496274,7.796917021144181,2.0307612970937043,0,,-7.02,-3.72,-3.25,84.24,121.99,901.07,141.89,1016.07,271.89,961.07,169.89,1038.07,169.89,996.07,197.89,1001.07,266.89
7.318,0,0.55,0.15,2.10,1.07,0.95,1.09,0.34,0.53,1.22,92.78,32.89,-0.03,93.69,3.0529018851555882,1.9168441609479485,1.076987053412013,3.149038139190525,6.504553603702225,10.646175828296691,4.993347174674272,2.638853325564414,2.2576767548453063,1.306960534118116,4.6931839333847165,0.5626500090584159,0,4.106166633842513,10.572705545052887,3.9808576259948314,0,7.960906912107021,8.250542519441806,0,0,,-4.02,-9.27,-3.40,84.65,117.89,898.74,140.35,1013.74,270.35,958.74,168.35,1035.74,168.35,993.74,196.35,998.74,265.35
7.480,0,0.64,1.63,1.67,1.37,1.36,0.04,1.87,0.12,2.04,92.22,36.11,-7.09,90.24,3.7822132561402397,5.314480968681164,4.807525667175651,3.44436554572545,5.6961025085859,37.21414989698678,1.2128305270802229,4.887466251924634,4.50046084006317,3.0984288050234317,5.9122513686306775,1.5444976107683033,0,3.273519860059023,11.073536142930388,3.4605325158266353,1.5084854918532073,2.13725827075541,6.051827273443341,0,5.808939680457115,,-8.58,-3.68,-3.04,83.43,121.43,901.99,138.75,1016.99,268.75,961.99,166.75,1038.99,166.75,996.99,194.75,1001.99,263.75
7.572,0,1.65,1.25,1.60,0.39,0.31,0.06,2.02,1.84,0.72,93.25,30.77,-5.72,89.02,0.3723172113159672,5.966742184641771,4.99183138914872,1.0909571470227095,5.005699919862673,17.616842647548765,1.9737674774834888,4.1633991297706965,6.885761188110337,2.177106325402856,7.884298155549914,2.209937029518187,2.043243634980172,0.7176111049111933,10.704124739896507,3.4785835015634077,2.683552075177431,6.031998455058783,6.166816424066201,0.11725145787931979,1.4800601487513632,,-4.72,-3.24,-2.02,84.52,118.90,898.47,140.97,1013.47,270.97,958.47,168.97,1035.47,168.97,993.47,196.97,998.47,265.97
7.654,0,0.75,0.62,0.98,1.45,1.31,1.22,1.54,0.16,2.11,93.24,25.88,-5.49,94.14,0.2004050459200517,5.26362019146327,6.1387551029399035,5.550560331149027,8.737665531788952,19.82213246729225,3.7950168672949074,0.7566342645883561,3.751509584719315,0,1.542150498367846,3.966393706155941,5.297073086723685,0,5.384353436976671,0.17151687548961503,0,0.750012494623661,5.597555334805511,5.591293654404581,63.796305852010846,,-5.12,-4.07,-2.62,84.73,119.26,899.19,139.11,1014.19,269.11,959.19,167.11,1036.19,167.11,994.19,195.11,999.19,264.11
7.821,0,0.54,1.14,1.74,0.16,0.49,0.33,0.16,1.21,1.33,92.08,25.19,-0.62,95.94,4.181547262282111,4.054665820416995,2.277131478600204,0,3.178682147683576,47.35795829817653,4.030863986979239,1.2177457650564611,2.834525850834325,0.5965707420371471,4.038344937376678,5.422876293072477,7.183107658289373,0.4013296577334402,12.645921541266144,1.2399626272125168,0.2049201177433133,0.8258914556354284,3.997593920947984,1.6988640609197319,84.43748092232272,,-5.72,-4.24,-5.23,84.54,117.52,900.67,140.13,1015.67,270.13,960.67,168.13,1037.67,168.13,995.67,196.13,1000.67,265.13
8.060,0,0.65,1.01,1.82,1.93,1.87,0.94,1.04,2.04,1.98,93.57,24.20,-7.95,88.90,1.1363602801412345,1.3492930507753043,0.850464100134559,0.6556152892112737,7.2945275437692185,36.5071514560841,2.3134542578831314,4.402400942593813,0,3.5319580192118885,2.506922721862793,1.035226360661909,6.334297654218972,1.2723932223860173,13.22034101985395,1.779791581137106,2.0061682532541454,2.0528708114288747,5.060815880219452,6.130314459092915,3.349475201452151,,-8.05,-8.61,-5.69,83.90,121.63,900.62,141.91,1015.62,271.91,960.62,169.91,1037.62,169.91,995.62,197.91,1000.62,266.91
8.232,0,1.77,0.82,2.06,0.63,0.41,0.48,0.23,0.88,1.33,94.20,29.57,-0.33,93.74,3.396486627366394,2.664290319243446,4.618870288725011,3.441385195758194,6.000571016394534,39.67959900945425,4.169069439661689,0.7930667832680047,1.7226790762506425,2.8662339699454606,7.934658469632268,6.011608260916546,5.934410200919956,0,12.380117825921625,2.7495767790172247,3.547280370257795,0,2.739395247860812,3.2018080819398165,0.32584187225438654,,-6.91,-7.46,-5.15,83.76,122.70,898.41,138.77,1013.41,268.77,958.41,166.77,1035.41,166.77,993.41,194.77,998.41,263.77
8.318,0,1.53,1.51,1.13,1.70,0.49,1.52,1.41,1.87,2.06,94.48,28.72,-2.99,69.32,4.609508330491371,4.834364532283507,3.6688275573495774,6.106239200038836,8.2282754732389,41.721202035434544,2.2086488007800655,3.139376632347703,0.013069486944004893,4.18278283143416,4.9863378228619695,4.495962297776714,6.863445839378983,2.6906214495003224,15.648178267683834,2.9309547655889765,4.46155374404043,5.429822267964482,7.553548562219366,4.015613047638908,71.44819014146924,,-6.46,-10.64,-4.50,85.15,117.46,901.20,141.20,1016.20,271.20,961.20,169.20,1038.20,169.20,996.20,197.20,1001.20,266.20
8.637,0,1.61,0.03,0.94,1.33,0.31,1.02,1.39,0.13,0.94,93.85,26.25,-0.79,89.34,1.7389529065461828,2.299932142230682,6.018718248726801,3.974759418321774,2.259184733442962,40.4640698810108,3.827305585122667,3.531191514041275,6.320847588591278,1.8916562468372287,1.9336921912617981,5.5377719982061535,6.6137213869951665,0,6.575498523078859,3.2089919227035715,1.008474204223603,6.420768927782774,5.317569749690592,0,0,,-3.93,-4.14,-1.66,84.80,121.88,898.61,140.54,1013.61,270.54,958.61,168.54,1035.61,168.54,993.61,196.54,998.61,265.54
8.732,0,1.76,0.74,0.49,2.07,0.52,1.67,0.69,0.17,1.22,93.84,23.36,-4.84,93.16,4.464628772092984,4.5220266513992105,1.256334549947642,0.8104909556359052,5.605341302063316,26.508550147991627,6.231353958626277,3.951391073334962,1.5957836955785751,3.699957726020366,5.736811769194901,0,5.912855858914554,0.8118371883500366,10.052050607912243,1.8351592868659647,3.2173151364549994,4.717426517046988,3.9370251161418857,4.004310600459576,4.305848023854196,,-6.59,-9.77,-5.06,85.66,120.65,898.92,141.57,1013.92,271.57,958.92,169.57,1035.92,169.57,993.92,197.57,998.92,266.57
8.978,0,1.64,1.24,2.00,2.17,1.53,1.34,1.38,0.96,2.00,91.76,24.74,-6.53,89.09,1.9166963704815139,4.971696965559386,4.709869569567964,3.2822464746329936,7.6742562091909345,24.36555554624647,6.046836869511753,1.3844431585259738,1.164000661112368,2.9917091156356035,4.228755128569901,1.753479088889435,2.79936211835593,0,7.442600474730134,3.6436114291707056,6.667816604021937,6.557618909049779,6.964174605719745,1.5496140979230404,5.170558310346678,,-7.16,-9.51,-1.25,86.90,121.99,898.08,141.13,1013.08,271.13,958.08,169.13,1035.08,169.13,993.08,197.13,998.08,266.13
9.288,0,0.59,1.63,1.27,1.49,0.51,1.64,1.51,1.53,1.61,92.75,36.32,-4.40,96.97,2.5557123894803224,1.6211663532070815,5.160726550063118,3.469425351731479,6.8389720444893465,43.12553595425561,6.406427390128374,0.22219815278425825,6.599932411918417,5.073600437399,3.4235719428397715,1.8969628599006683,1.5567914270795882,3.8515774743445217,8.646418182998897,1.8924835223332046,0,1.4332139696925879,3.635443682451733,0,1.2467621695250273,,-6.64,-8.14,-5.04,83.39,119.10,899.43,141.00,1014.43,271.00,959.43,169.00,1036.43,169.00,994.43,197.00,999.43,266.00
9.446,0,1.48,2.11,0.26,0.83,0.88,0.14,1.84,1.05,1.07,92.10,25.03,-0.97,95.51,1.3768599962443115,2.292099160142243,3.341387740797363,4.866544188447297,7.162321708309464,23.57179523864761,5.6140986932907255,1.1946151559613645,1.8284992300905287,0.19227253695949909,1.0021112929098308,1.2611609094310552,6.929094004444778,1.095981292175129,15.323037646152079,3.2479222517460586,2.2345961332321167,5.069541496224701,5.625010624513962,1.3042290390003473,0.6252984555903822,,-5.21,-8.65,-2.84,85.11,118.13,900.06,141.58,1015.06,271.58,960.06,169.58,1037.06,169.58,995.06,197.58,1000.06,266.58
9.755,0,0.36,0.22,1.90,1.22,1.12,0.26,0.05,0.89,0.38,92.19,36.60,-2.44,95.14,1.2703234076639638,1.993825375684537,0.96127894861158,4.007021816959605,8.078153653959744,14.544721405487508,1.8926129712490365,4.096221971604973,1.6198795877862722,3.639621848296374,1.7675988511182368,3.6141704758629203,0,4.132912210477516,12.910048448015004,0,0.8549405271187425,7.759773631114513,3.0817245865100995,1.177458859514445,91.32438350003213,,-2.09,-9.69,-3.51,86.33,118.23,898.16,140.35,1013.16,270.35,958.16,168.35,1035.16,168.35,993.16,196.35,998.16,265.35
9.980,0,1.55,1.14,1.39,1.66,0.24,0.98,0.63,1.87,0.92,91.99,34.55,-6.55,93.93,2.866319509446621,3.603592793038115,1.7286697089159864,2.906936063002795,4.6885250094207,16.529123476706445,0.751783871697262,4.185272365827114,4.476023199735209,5.282020701039583,0.31764989672228694,6.275610228534788,0.44742071349173784,1.4149833732936532,10.620755899269135,2.2039219783898445,0,5.826916038990021,2.2442926244763655,3.4917702903039753,3.465218690922484,,-2.56,-5.79,-3.66,83.05,122.31,901.12,138.53,1016.12,268.53,961.12,166.53,1038.12,166.53,996.12,194.53,1001.12,263.53
10.164,0,1.30,1.36,2.03,1.81,0.47,1.81,2.13,0.79,0.84,92.80,24.25,-2.42,89.48,3.385918281725608,5.155139892851002,5.326121589741669,1.6089992364961656,6.554898613276891,45.65135703422129,6.218714649020694,4.032101879678667,1.055627261986956,0.41805729992687723,5.021724068094045,4.711242860881612,2.3973559546284378,1.8078076918516306,7.300730022341013,0.4509403905039653,3.9517731117084622,2.4929734361357987,7.338888702900149,5.6335061099380255,0.0294364420697093,,-5.18,-8.69,-3.55,83.46,118.04,901.44,140.18,1016.44,270.18,961.44,168.18,1038.44,168.18,996.44,196.18,1001.44,265.18
10.311,0,1.02,1.01,1.62,0.00,0.28,0.85,0.74,1.78,2.16,91.76,27.17,-5.69,87.26,0.2974084673728794,0,5.676622836394236,0.7518270526453854,2.728624236248433,19.16584655456245,1.3190799034899099,2.125765555780381,3.062319377437234,1.029608307722956,0,4.424065720755607,6.512887455057353,2.45778001498431,14.425756606832147,3.323633184377104,4.771678016055375,3.7300666109658778,6.99987239556387,4.317800917197019,4.890744018601254,,-2.07,-5.90,-3.98,83.38,121.19,898.03,141.84,1013.03,271.84,958.03,169.84,1035.03,169.84,993.03,197.84,998.03,266.84
10.424,0,0.00,1.52,1.91,0.19,1.64,1.04,0.68,0.52,1.49,92.89,30.70,-0.86,92.24,4.167648860909976,5.126448082481511,5.043472442999482,4.757899639839307,5.57641691127792,38.48252283781767,5.447221480240114,5.212207029331475,1.6537129753269255,1.2279650473780932,6.5265284506604075,3.9186625541187823,3.2067792364396155,0,9.03505608074367,3.289061449873261,0.7230965350754559,0.44859543442726135,6.374818756617606,2.5891640910413116,3.310129107674584,,-6.28,-10.00,-0.38,86.45,121.83,900.77,138.92,1015.77,268.92,960.77,166.92,1037.77,166.92,995.77,194.92,1000.77,263.92
10.562,0,0.86,0.64,0.57,0.43,2.07,0.91,0.76,0.64,0.39,93.27,32.34,-1.92,95.39,1.1112022831477226,2.604876551730558,0.3182938588457178,0.4154810450412336,4.943506014635787,13.015668995212764,2.760070907440968,1.2629043740406631,4.324200991308317,3.8923511256463827,0.36303204484283924,3.4639863818883896,0.9309522639960051,0,11.902873909529298,0,6.2603285405784845,6.314810008741915,8.969531728485599,3.3668475847225636,2.599780371179804,,-4.69,-7.90,0.34,84.90,122.05,899.03,139.62,1014.03,269.62,959.03,167.62,1036.03,167.62,994.03,195.62,999.03,264.62
10.788,0,0.57,0.13,0.61,0.49,0.10,1.93,1.70,1.64,2.10,94.28,33.59,-4.67,89.07,3.8827758714929224,2.6953210146632047,2.8095465608127412,3.5859536146186293,7.466568906265311,24.739879954606295,0.9755832168739289,0.46045711701735836,3.8006352446973324,5.139341385476291,3.1888490128330886,3.7205792667809874,3.1540590855292976,2.1314064631052316,11.289607317503542,0,6.155940467957407,7.225303910207003,7.966379627906718,0.581784010399133,5.07018022891134,,-3.57,-7.96,-1.89,86.48,119.72,898.52,140.74,1013.52,270.74,958.52,168.74,1035.52,168.74,993.52,196.74,998.52,265.74
11.018,0,0.07,2.09,1.84,1.33,1.47,1.53,0.15,0.19,0.26,92.09,32.86,-2.75,92.52,2.5695943763526157,3.4987621553940698,1.7078040013927969,2.8005599568318575,5.619002439617179,14.190507928375155,3.7352495088009166,0.5113310633599761,1.5447949850931764,2.558932734541595,6.575237764511257,0,4.797521288506687,0.4854933392442762,12.982677402608097,1.6136898574279623,3.4038315638899803,5.160013165324926,6.924628095258959,4.851774360984564,98.84643566142768,,-4.75,-9.26,0.44,83.36,121.56,899.84,141.47,1014.84,271.47,959.84,169.47,1036.84,169.47,994.84,197.47,999.84,266.47
11.084,0,0.06,1.38,0.01,2.01,1.26,0.64,2.08,0.98,0.08,92.40,26.35,-0.66,87.37,3.3041095122508706,0.15939813600853103,2.3806053872453052,6.8763750154525045,6.196571604758501,39.30948054371402,5.064748790720477,3.274137272052467,1.5985747792292386,1.3129604403302073,1.3590843784622848,3.6549701266922057,4.060010589659214,0,6.669085956308991,2.0488533167913556,0,5.842525233048946,5.116281094290316,3.7247501336969435,3.5212039472535253,,-0.82,-6.34,-0.53,86.07,118.29,900.99,139.36,1015.99,269.36,960.99,167.36,1037.99,167.36,995.99,195.36,1000.99,264.36
11.377,0,1.45,0.55,1.16,0.41,1.42,1.49,0.75,1.90,0.61,94.25,28.94,-5.70,89.02,0,3.998776429868303,4.9221804448915645,2.89220691758208,8.051032197149471,47.31823888234794,1.5190340356901286,1.8209139739722016,0,1.752642923463136,0,0.0010938767809420824,0.15045285550877452,4.297292368831113,5.975403192043305,0,4.010819443035871,0,5.2492648643907165,0,95.68215982802212,,-2.90,-5.40,-0.24,84.71,120.37,900.83,141.38,1015.83,271.38,960.83,169.38,1037.83,169.38,995.83,197.38,1000.83,266.38
11.503,0,0.38,2.10,1.79,0.37,0.41,0.05,0.55,0.39,0.24,92.86,25.40,-2.33,93.62,1.946889897924848,3.708666089293547,2.837862188052386,0,7.478745762817562,39.69100472936407,1.8541439528111368,2.9125119986757637,0.9614655498880893,3.7692443123832344,0,1.8446795523632318,2.1587832709774375,4.06179013742134,17.119758806712927,3.7790909971063957,4.090781238395721,5.144543804693967,2.8986725892871616,3.0498586350586265,0,,-3.54,-9.18,1.39,86.29,118.64,900.32,138.21,1015.32,268.21,960.32,166.21,1037.32,166.21,995.32,194.21,1000.32,263.21
11.821,0,0.66,0.67,0.75,0.54,1.12,0.24,0.86,1.20,1.91,93.56,27.25,-5.40,96.97,3.737837443533354,4.69092421841342,0.7126395719265566,2.9241192117799075,4.066982627660036,10.174039490055293,1.9666453698184343,3.4550376229360698,4.941799991764128,0.44312596907839197,5.721753495745361,2.218911916250363,2.365236391313374,1.6067333826329557,7.822030923441052,4.022058568629436,5.180223701056093,4.5677438816055655,5.981268668640405,1.196832702262327,3.8445772805716842,,-4.57,-10.45,0.51,84.62,121.28,900.43,140.46,1015.43,270.46,960.43,168.46,1037.43,168.46,995.43,196.46,1000.43,265.46
12.023,0,0.07,1.76,0.43,1.54,0.58,0.59,2.07,2.07,1.16,94.44,30.09,-2.88,94.04,3.3678899354347958,0.19077122702728966,0.5906265442306173,5.198596686357632,6.324504639944061,8.624507462140173,1.4674041107995435,3.419652802757919,1.1281122060026973,1.3200717544183136,3.823090356308967,6.1161725576967,4.681303441990167,0,9.959818393941969,4.605762145728804,0.803693585563451,2.895301682408899,7.032122779292986,5.519021622138098,3.081590474350378,,-4.17,-6.43,-2.00,85.50,118.04,898.43,139.23,1013.43,269.23,958.43,167.23,1035.43,167.23,993.43,195.23,998.43,264.23
12.239,0,1.31,1.15,0.97,0.29,1.88,1.56,1.01,0.50,0.23,94.58,32.45,-7.26,95.35,3.739595408826135,3.6502821550006046,1.8298402992263436,1.1457777119148522,8.391305258371867,11.59507612651214,1.3504846028517932,3.4323788096196948,2.230761950602755,0.8846021760441363,0,4.822099227225408,6.985122204758227,3.140479049216956,8.247935600839554,2.028965073018335,0,7.04410395026207,5.387324914108031,5.719432370737195,0,,0.98,-6.68,-1.46,86.06,118.66,900.13,138.81,1015.13,268.81,960.13,166.81,1037.13,166.81,995.13,194.81,1000.13,263.81
12.442,0,1.53,1.24,0.64,1.50,0.55,1.52,2.09,1.14,0.82,92.41,31.88,-5.47,96.59,3.4423117603128777,3.780888344463892,4.902169438637793,6.671716717025265,3.9319528830656783,46.75576888117939,4.949715796648524,3.205599910411984,1.417258371366188,3.1129024963639678,0,3.00752732087858,1.7074017743580043,1.56990462012589,9.20695261783898,0.1339267952321097,3.7269409843720496,6.3547581736929715,5.488404143056832,4.142096508760005,0,,-2.80,-6.34,-1.64,85.11,119.44,900.14,139.20,1015.14,269.20,960.14,167.20,1037.14,167.20,995.14,195.20,1000.14,264.20
12.564,0,1.06,1.94,0.93,0.33,1.49,1.39,0.99,0.88,1.77,93.30,34.21,-6.75,91.83,4.517195887914859,3.764095963095315,4.3846299221487826,0,5.700340750534087,36.41752023762092,0.49862386228051037,4.2669487304985525,6.536642458057031,0.515540652573109,2.632719721645117,0.967979994835332,7.084129134658724,1.4676721140604512,11.967738063167781,1.3175076232990248,0,0,3.9074875137768688,2.0831784720066935,0,,-2.62,-3.20,-0.91,86.50,120.09,900.00,139.40,1015.00,269.40,960.00,167.40,1037.00,167.40,995.00,195.40,1000.00,264.40
12.842,0,24.46,2.16,0.01,1.33,2.09,2.14,0.55,1.36,1.51,73.57,44.38,-23.57,93.07,2.8710683514643462,3.3446238290518524,13.999827704820701,5.812658745329827,5.482560609071515,41.912188147660345,1.80416897025425,3.264181505460292,5.496564237168059,0.18760592117905617,0,2.248962715268135,3.5427494840696454,7.249944224566189,10.981699720062316,0,3.0317793134599924,1.3735359204001725,8.946726288204081,3.4953008440788835,0.9795337573159486,,-2.48,-4.98,1.66,83.41,119.81,899.62,138.52,1014.62,268.52,959.62,166.52,1036.62,166.52,994.62,194.52,999.62,263.52
13.149,0,29.29,0.73,1.69,1.50,1.67,0.68,2.00,0.00,1.81,67.66,41.27,-27.89,95.56,1.1065975849330427,2.720754765206948,18.412746336075873,1.5243327814899388,8.937954447786325,36.430436964612454,0.8644122039200739,4.262565138023347,4.097119269194081,0.6828881406970324,5.981789991259575,1.6777747538872063,0,10.45144803549626,10.85230764048174,3.051396273775026,0,3.2989126229658723,9.05722441502381,0.8318611665163189,2.8265781097579747,,1.33,-2.68,2.23,86.89,118.52,898.79,139.57,1013.79,269.57,958.79,167.57,1035.79,167.57,993.79,195.57,998.79,264.57
13.449,0,45.51,0.09,0.45,0.86,1.63,1.11,0.31,0.09,0.53,54.85,50.59,-45.56,94.04,4.596546288356185,1.345806345436722,23.717326067124382,1.8512095043063166,6.683333090809174,18.778953813482076,0.9185486956732349,3.1146511608175933,4.217578103300184,3.8111250096000733,4.2113096178509295,4.322275796439499,6.839967659208924,12.00587178800884,13.671799489744007,3.829484593924135,3.09541895147413,1.085038498044014,4.735517037357204,1.9619426738936454,3.693276824662462,,1.95,-3.82,2.63,86.97,119.48,899.06,138.37,1014.06,268.37,959.06,166.37,1036.06,166.37,994.06,194.37,999.06,263.37
13.649,0,62.01,0.78,1.14,1.17,1.99,1.80,0.93,0.25,0.36,40.44,58.55,-58.68,96.03,0,4.565065056481399,32.505538363962884,4.98748713186942,9.01383086414542,35.29184413794428,1.6038424419239163,5.218242961261422,0.06431399402208626,4.825280493963509,1.8384506916627288,2.3397097100969404,4.354994310066104,12.22781193823497,8.425239432733505,1.3258001314057037,3.3883671085350215,1.067682989872992,9.69014750389848,1.501609306782484,3.3098456317093223,,3.24,-3.08,0.34,83.55,119.97,898.33,138.70,1013.33,268.70,958.33,166.70,1035.33,166.70,993.33,194.70,998.33,263.70
13.744,0,61.73,0.53,0.63,0.88,1.12,1.71,2.08,2.06,1.33,40.07,53.60,-57.27,90.21,1.9402029429608958,2.4569809280103074,33.831428565040326,2.013357202513144,3.419459145171568,9.117553238291293,4.334991369722411,3.187568571213633,5.476630951277912,0.9961394534632566,1.44528383994475,3.0742334546521306,0,12.288899506051877,7.058635606467724,0.3035508183808999,0.051993744913488626,0.3990688412450254,8.776510655703024,2.5457824615295976,0.7632493141572922,,3.10,-2.29,-0.34,85.43,119.96,901.12,141.91,1016.12,271.91,961.12,169.91,1038.12,169.91,996.12,197.91,1001.12,266.91
13.871,0,70.50,0.93,2.17,1.62,1.40,1.73,0.27,1.15,2.06,31.23,62.03,-66.29,93.30,0,2.39402615763247,36.62431081827456,0.026198533009737623,8.175981067558752,14.277065543457866,1.5642570901429282,0.8142661456391216,4.354090888053179,4.394400956109166,6.461374418344349,4.14874152187258,3.2792718037962914,13.17654877380172,15.38189193258062,0.29667620856314914,1.5922264070250094,3.9402862484566867,5.624726957539097,3.6599136255681515,2.39234506431967,,1.72,-5.32,0.07,86.67,117.26,899.57,140.55,1014.57,270.55,959.57,168.55,1036.57,168.55,994.57,196.55,999.57,265.55
14.164,0,60.92,0.87,1.20,0.14,0.61,0.99,1.41,1.44,1.64,39.75,54.75,-59.58,82.44,4.703354211281985,2.9402511653024703,32.39371391996509,0.33116900697350493,3.2587376671191306,32.48882135329768,2.7066271390067413,2.1461028140969574,0,1.002707008123398,5.95580950146541,1.882133555598557,2.1563361044973135,14.76120000288915,12.082547386642545,1.9404812601860613,1.53246836271137,4.711329032666981,2.9911601835023616,0.14631173945963383,1.3279003319330513,,4.89,-3.11,1.25,84.19,119.01,898.64,141.06,1013.64,271.06,958.64,169.06,1035.64,169.06,993.64,197.06,998.64,266.06
14.274,0,56.77,0.25,1.39,0.45,1.24,0.82,1.34,0.05,1.20,43.66,58.32,-56.87,90.10,1.0909804379241543,0.6195908778114245,28.317379606960674,0.7440485627856108,4.716622387971729,15.68562185158953,1.7299261496867984,0.920953800790012,1.3801721830386668,3.6482511918246745,3.7144974656403065,2.438233236083761,3.0623969924636185,14.134511519308523,15.611430174130946,0.650169518836774,0,5.311278241686523,6.833160609714687,1.7788570756092668,4.864945785608143,,1.83,-1.11,1.43,85.89,121.26,900.02,140.43,1015.02,270.43,960.02,168.43,1037.02,168.43,995.02,196.43,1000.02,265.43
14.415,0,52.89,1.28,1.91,1.02,0.38,1.42,1.44,0.41,1.21,46.51,52.79,-50.46,96.24,5.5260439634276555,0.6504544656025244,29.73753221490243,6.040104355467483,7.6636635638959705,22.21891936659813,5.596739291981794,4.964707389529794,0,3.3760115173086525,1.6506681069731712,0.3212875658646226,1.063769987784326,15.553429019185936,16.17541994942352,2.4697487425012516,0.7066600080579519,7.046614815015346,7.164610519483686,0,1.4528729429002851,,3.34,-4.38,1.69,86.52,122.39,901.20,141.96,1016.20,271.96,961.20,169.96,1038.20,169.96,996.20,197.96,1001.20,266.96
14.484,0,41.36,1.63,1.06,0.50,0.60,0.52,0.51,1.31,1.73,56.53,46.60,-41.10,96.52,1.4154501898121086,2.9855199304874986,24.61537693917415,4.284667131714523,7.271793786557391,47.34407793963328,3.064766027755104,0,0.7311262707225978,3.595036261677742,2.4047485487535596,4.9825718575157225,3.317800233140588,12.657737483768312,6.51155995586887,0,0,0.024243195075541735,6.57948387443088,1.753440914908424,0,,3.23,-0.74,-0.84,86.78,119.37,900.13,141.27,1015.13,271.27,960.13,169.27,1037.13,169.27,995.13,197.27,1000.13,266.27
14.714,0,33.57,1.42,0.19,0.71,1.21,1.30,1.88,0.86,1.45,65.11,49.96,-38.16,90.44,5.724037370700389,1.0118684811051937,21.69659395116124,2.649030003063381,7.404063538331538,22.74856431921944,1.1841479371534662,0,0,0,4.490960198454559,3.757253454066813,0.046286563854664564,9.441648069227949,7.159462830647826,0,4.028980053961277,4.1903245751746,7.701159513480961,1.2478785195853561,86.93333083158359,,3.82,-3.56,-0.47,85.67,120.09,900.52,139.74,1015.52,269.74,960.52,167.74,1037.52,167.74,995.52,195.74,1000.52,264.74
14.816,0,22.77,1.45,0.63,1.46,1.70,0.64,0.33,1.55,1.70,74.24,38.94,-26.05,93.00,3.0471778876753524,0.8528722696704789,11.806613181072706,0.7691465914528819,4.500996369645,18.394784052390605,2.8319158737082035,4.192681766692549,2.1850200567860156,3.094319031201303,0,2.0433111651800573,0.16563180601224303,4.9168776031201515,14.646160068251191,1.1135948208021,3.5820075664669275,9.211544888094068,4.695292292740196,0.45583906420506537,3.1725534587167203,,3.09,0.07,0.62,86.45,117.89,898.53,139.72,1013.53,269.72,958.53,167.72,1035.53,167.72,993.53,195.72,998.53,264.72
15.054,0,12.65,2.13,1.60,1.04,0.32,0.46,0.68,1.02,0.90,84.82,42.40,-16.73,95.47,4.289396382919513,0.2641607511555777,6.760325707794465,5.6439604946505275,4.220049824309536,48.002142630983144,3.0042074566707013,3.0802018618769944,1.795630030799657,4.972365374788642,0,2.870752910617739,3.118188137188554,6.988073087815687,7.040376121290027,0,3.5460798437707126,0,2.8461451484588904,2.474959999555722,4.945047520799562,,2.78,-1.33,2.06,86.98,117.05,900.48,140.47,1015.48,270.47,960.48,168.47,1037.48,168.47,995.48,196.47,1000.48,265.47
15.232,0,8.91,0.24,1.34,0.61,0.95,0.82,0.75,0.16,0.83,88.19,31.84,-12.62,95.44,3.330481220441871,0,4.397374120125713,1.8353571440372614,4.827904702117666,34.74395238654688,4.815215456369333,0.17658598801121128,2.3971004183404148,0,2.7834593947045505,0.6485165040940046,0,0.9531681007199655,4.113078297227621,0.4349294288223611,0,6.6578598623164,4.412339673982933,3.8250256995670497,2.1484856663737446,,4.90,-0.63,-0.41,83.61,120.30,900.83,140.52,1015.83,270.52,960.83,168.52,1037.83,168.52,995.83,196.52,1000.83,265.52
15.438,0,0.72,1.80,0.36,0.13,1.81,1.97,1.57,1.16,0.19,94.51,25.29,-0.92,87.59,3.3683637094590813,2.0237742320634426,0,0.20505393756553536,5.6932851399574425,13.679081256501377,1.89298965788912,0.002942640203982716,3.1342980875633657,5.634250497948378,0,0,4.821375767234713,3.9230202968325467,17.640937278363854,3.461786942444742,3.5962634426541626,5.31319030886516,8.692597754774615,3.2179564251564443,74.91789310332388,,6.37,0.83,-0.05,86.97,121.09,898.05,140.19,1013.05,270.19,958.05,168.19,1035.05,168.19,993.05,196.19,998.05,265.19
15.740,0,0.79,2.04,1.82,0.75,0.37,0.43,0.22,0.63,1.80,91.83,26.19,-0.81,47.61,3.1007654668809845,2.1095245625590904,0.3969998126802965,4.59524499409832,7.8364114385750145,17.76512860087678,5.586896929470822,0.9606913253106177,0.4655756922438741,1.7809859408996997,0,6.060995515668765,0.3494016439653933,0,14.442189229801297,5.046853438713588,0,7.8248012233525515,7.6527581208292395,4.16848132526502,1.0062652579508722,,6.46,0.74,4.23,83.39,120.29,898.97,141.87,1013.97,271.87,958.97,169.87,1035.97,169.87,993.97,197.87,998.97,266.87
15.957,0,0.59,2.17,0.08,1.14,2.15,0.55,1.61,1.01,1.85,94.19,23.89,-3.43,95.26,3.5925278011988846,5.380020993528888,3.4988631344027814,1.5358874374255542,4.288508647824638,41.78264044737443,2.500381631380878,0,1.4337963592261076,0.09573474530130621,1.77777065243572,2.1688739079982042,3.339977180119604,0,12.477850718051195,2.9807822638656942,2.49352986831218,0.9346476052887738,7.881597626660951,3.0906692433636636,2.7361085799057037,,5.32,-3.12,1.15,86.46,122.19,900.89,140.12,1015.89,270.12,960.89,168.12,1037.89,168.12,995.89,196.12,1000.89,265.12
16.177,0,0.17,1.12,1.53,0.38,0.44,1.29,0.33,0.39,1.01,92.59,33.24,-2.06,90.08,5.286696768193505,2.3367441995767875,1.4491839262098076,0,7.467264509666711,29.889679768122733,3.1186682062456383,0.5063367644138634,6.623693174449727,0.14129487594589607,4.792906296439469,1.5269883561413735,5.412105469498783,2.3765918477624655,10.87138893218711,3.2771718710148705,1.6792366248555481,5.929466807283461,4.35125083969906,0.5279484686907381,2.89008847810328,,7.32,-2.77,5.01,85.15,118.48,899.47,140.97,1014.47,270.97,959.47,168.97,1036.47,168.97,994.47,196.97,999.47,265.97
16.343,0,1.31,0.85,1.11,0.49,1.74,1.32,1.12,0.85,2.13,92.98,35.64,-7.60,89.93,4.595379294245504,2.656323957326822,6.318979052905925,5.5059744373802095,3.6066686193924395,43.82445992203429,2.28538099587895,0.8218404111824933,2.5081430345308036,3.6229725666344166,5.940878505818546,0,0,0.4588673820998519,8.67861878933385,4.786087726005353,0.434554748237133,1.0375239751301706,3.674825331801549,0.6077617853879929,0.8063386841677129,,3.56,0.62,2.86,83.61,122.12,898.62,139.72,1013.62,269.72,958.62,167.72,1035.62,167.72,993.62,195.72,998.62,264.72
16.519,0,1.19,0.30,0.76,1.72,0.13,1.38,0.22,1.12,1.13,94.46,26.45,-3.69,92.16,2.207340928534977,0.7553007935406639,4.3942858283594255,3.421779794832692,6.753869202518835,36.080792277120054,2.4236603314988314,5.214272839091718,2.3618315865751356,3.875186877846718,5.118605185300112,6.165135472547263,5.102583755739033,2.9259610212408007,12.195609015300871,5.053872034917585,0.41381119238212705,7.569491684436798,2.804001960521564,1.0798020521178842,4.6005919051822275,,4.78,-1.93,4.34,85.13,119.54,899.92,138.41,1014.92,268.41,959.92,166.41,1036.92,166.41,994.92,194.41,999.92,263.41
16.692,0,2.08,1.93,1.73,0.10,0.74,1.42,0.46,0.90,1.58,92.58,35.38,-5.68,95.85,1.7014147558948025,4.019279513065703,5.45003370958846,1.677404071697965,3.485423568636179,21.85403299983591,4.054580247937702,1.2612171903066338,0,1.1253394888713957,0,2.3780789459124207,0,0,6.50384527605027,2.6608206959581002,0.21233467664569616,2.826574041508138,3.8475466994568706,0.9917684430256486,1.0257557791192085,,8.03,2.26,3.40,84.98,120.50,901.10,141.39,1016.10,271.39,961.10,169.39,1038.10,169.39,996.10,197.39,1001.10,266.39
17.013,0,0.19,2.05,1.32,1.23,0.94,0.48,1.35,0.34,0.48,91.78,33.42,-0.27,95.64,1.7107697945367546,2.3193092698697,4.194788391366601,1.7568252162262796,8.485268076085486,11.803148042876273,5.043041766434908,0.9675786015018821,0.9036382634658366,3.028251594733447,5.34495403803885,2.734269100241363,0,0,3.767371522430331,4.712624699817971,0,0.7960314135998487,7.504301078259013,1.0438517124857754,0,,8.42,1.60,0.99,83.04,120.33,900.71,140.67,1015.71,270.67,960.71,168.67,1037.71,168.67,995.71,196.67,1000.71,265.67
17.171,0,1.21,1.61,1.09,0.06,1.44,1.31,1.12,0.65,0.22,94.14,27.39,-3.01,92.41,2.527499456172809,0.05303776664659399,4.362288684328087,4.967911714147776,4.260016188346781,26.350819301325828,3.6146834512474015,0.28746812837198377,4.196382538182661,2.91936796432361,3.0861222948879004,5.813992101699114,7.139694448560476,1.7057787034008651,8.334394767452032,1.7584109104052188,0.1153231835924089,0,3.981008620015346,1.9264110028743744,2.1930337243247777,,2.93,0.73,0.84,83.00,119.32,900.89,138.48,1015.89,268.48,960.89,166.48,1037.89,166.48,995.89,194.48,1000.89,263.48
17.473,0,1.37,1.58,1.48,0.11,1.38,1.92,0.49,0.00,1.62,93.69,31.22,-7.17,92.40,3.710262822671793,3.706903259572573,0.7348754525464032,0,5.597883744328283,34.5151028605178,4.966820273059421,2.3740723799727856,2.6807394621428102,4.182535561863333,5.591715204063803,2.1561521268449724,6.220437136944383,2.4260048782639205,6.326159576848149,5.051264004404656,0,2.393604683689773,8.31495261027012,1.2887934416066855,4.798740473343059,,3.53,4.10,0.80,83.27,118.10,900.63,138.91,1015.63,268.91,960.63,166.91,1037.63,166.91,995.63,194.91,1000.63,263.91
17.808,0,0.02,1.72,0.52,0.30,2.04,1.44,0.57,1.68,2.16,91.66,35.03,-7.64,96.13,3.4667773367092014,4.369397554732859,2.9100904321763665,0.22075923109427098,7.228535018111579,11.393231980036944,4.137783630914055,4.9357061922922725,2.1877337815240026,1.6911135616898538,3.1323852608911693,1.4186486389953643,1.3563116323202848,1.7814177667163311,10.613056041635573,2.468760947715491,1.7675876435823739,6.951500336173922,6.8283499581413345,0,3.2985523967072368,,4.79,0.92,2.76,84.98,118.30,898.34,140.85,1013.34,270.85,958.34,168.85,1035.34,168.85,993.34,196.85,998.34,265.85
17.938,0,1.41,0.97,0.10,1.27,1.22,1.36,0.82,1.38,0.45,93.19,26.40,-4.81,91.45,2.5517163763707504,2.784155410225503,2.794816723461263,1.9990299820061779,6.221974145104177,41.41668082261458,3.828178062476218,0,3.383668107446283,1.0986306433565916,1.7086142697371542,0.09171098074875772,8.389126127120107,4.324606087813153,9.921946222409606,3.6258074059011416,5.65509916190058,1.5404913304373622,8.223092593452893,1.3573157601058483,1.4963452708907425,,6.15,3.93,5.56,86.27,119.36,901.90,141.01,1016.90,271.01,961.90,169.01,1038.90,169.01,996.90,197.01,1001.90,266.01
18.248,0,2.04,0.71,1.94,0.40,0.42,2.01,1.65,1.06,1.08,92.22,25.00,-5.43,96.50,1.6222867950191722,0.0969867742853241,3.5384721721382815,3.9195444403309376,5.210946929985657,23.283495774958283,1.5225141533650461,0,0.49564281245693564,5.081310617364943,4.294823769014329,0,2.961198546923697,2.013608651692048,6.656340927109122,3.491121993451379,2.0428893184289336,0,2.7879725477565085,1.8352858505677432,1.7642015798483044,,4.07,4.76,4.58,86.42,119.06,901.63,138.59,1016.63,268.59,961.63,166.59,1038.63,166.59,996.63,194.59,1001.63,263.59
18.585,0,0.69,0.63,1.86,0.42,1.87,0.05,1.57,0.07,2.00,94.14,36.98,-2.71,92.73,0,3.932222627499141,3.019227315634489,0.6376467323955151,7.753076829458587,17.529762434307486,3.9439400603529067,5.514908905252814,4.721624884055927,0,2.426394650246948,3.2838543602265418,6.165367308072746,3.653864517826587,7.404141770992428,1.704596431697719,2.4065456646494567,0,8.229225244675764,0.5159788534510881,1.3229622154030949,,7.87,4.93,2.35,86.92,120.77,900.46,140.92,1015.46,270.92,960.46,168.92,1037.46,168.92,995.46,196.92,1000.46,265.92
18.764,0,1.39,0.24,0.14,1.13,1.30,2.05,1.01,1.12,1.23,93.89,28.09,-5.42,91.99,1.2886921727983283,4.838908372190781,1.9508936037961395,0.77394482745789,8.55397348752711,39.756269285455346,0.8261931668035687,2.7971595594845713,0,1.5700754014961422,0,4.917607812676579,1.236281089950353,0,12.227448353618383,0.14191442535724486,0.475305222440511,7.098030753433704,4.585880005001091,1.9628689519595355,0.8380522888619453,,8.45,6.81,3.09,86.17,120.50,899.83,140.91,1014.83,270.91,959.83,168.91,1036.83,168.91,994.83,196.91,999.83,265.91
18.855,0,1.11,0.34,0.26,0.41,1.65,1.53,1.10,0.04,0.50,93.90,27.01,-1.83,91.32,5.188153864452616,3.757550690183416,3.712537585059181,5.785433507543058,3.243698973376304,33.04225448984653,2.9681947408942504,3.2068419295921924,1.7316980874165893,3.0767282752506437,3.7314150212332606,5.382592842914164,0,0.7136199284903704,8.532953799776733,3.0474463117402046,0,5.437498117331415,4.603602402992546,1.9907003054395318,2.6802413631230593,,8.24,4.57,1.28,85.55,121.87,899.72,139.56,1014.72,269.56,959.72,167.56,1036.72,167.56,994.72,195.56,999.72,264.56
19.187,0,0.21,0.15,0.72,2.01,0.46,1.28,0.14,0.64,1.97,93.47,34.72,-3.12,90.93,4.852365218643099,4.029574007028714,0.8127132219821216,3.3550084171630443,2.795207934151404,31.14920816011727,4.652495267917402,4.159348606038838,1.1312832303810865,0,0,4.679018786177039,3.6358533734455705,0.7601910478994252,12.09127835817635,0.3512626698706298,4.606087440624833,2.0056997584179044,5.128977149934508,1.2629892358090729,1.9750597954262048,,7.42,4.64,3.77,85.77,118.73,899.23,140.66,1014.23,270.66,959.23,168.66,1036.23,168.66,994.23,196.66,999.23,265.66
19.437,0,0.24,1.00,0.61,1.14,1.32,1.80,1.38,0.85,0.87,92.65,27.10,-0.17,88.07,5.205520737604239,5.24162581868004,5.23473564623855,2.4207245349418374,3.6080007073516027,15.453773509245366,3.5195480986731127,3.4989989352412523,4.049838135950267,2.6490406689792874,3.802132995799184,3.736555284122005,5.707314484287053,2.2351195035874842,7.514823132492602,2.190353519623168,0,5.501413809135556,6.117630165941082,0,0,,7.47,6.38,1.83,84.37,121.49,899.44,138.75,1014.44,268.75,959.44,166.75,1036.44,166.75,994.44,194.75,999.44,263.75
19.713,0,1.44,0.63,1.73,1.96,2.07,1.17,0.21,0.25,1.29,93.95,31.13,-7.12,91.25,0.20163889736402796,3.178996165446006,4.610667653013952,0.9465471064578743,9.368730293419212,32.040162954013795,2.730118863470852,0.31828167695552123,4.709809798747301,1.2524002074450253,7.119819468352944,1.1659814920276403,4.897948825266212,3.231851989598945,12.352947311978788,1.0841923378454523,4.974528837483376,2.960021131206304,7.666085638422519,1.3804513337090611,0,,6.04,4.69,2.61,85.85,118.91,901.77,140.68,1016.77,270.68,961.77,168.68,1038.77,168.68,996.77,196.68,1001.77,265.68
19.891,0,1.50,1.63,1.03,1.05,0.77,0.07,1.41,2.05,1.44,92.07,35.77,-4.63,89.36,2.927839207351208,2.607060877373442,5.154202911406755,3.303649031221867,3.912652635122649,31.81254913005978,4.237935370230116,2.747406831607223,2.245881295064464,0,1.1104414332658052,6.195884126937017,1.5415446474216878,2.4135718623921276,8.514870687760412,2.3823898039292546,4.501501611433923,4.541121643036604,7.740142963365652,5.422960121650249,5.719740288332105,,5.28,6.37,1.69,83.66,119.15,899.57,141.45,1014.57,271.45,959.57,169.45,1036.57,169.45,994.57,197.45,999.57,266.45
20.213,0,0.33,0.36,0.38,0.45,1.67,1.12,1.09,0.70,0.64,93.23,24.19,-3.19,89.31,2.5305418333830314,4.3693121921503915,5.150392176914028,2.188714951714501,7.5649752777582036,31.639027952216566,0.9587760377442462,3.42489064835012,0,5.204509143587202,1.8645495534874499,1.4872693629004061,6.707926571834832,1.9675148295890539,14.170566242709757,1.5294910024804995,0,0,5.008175076623448,0,2.829015864059329,,5.40,7.96,3.36,83.71,122.04,898.46,141.85,1013.46,271.85,958.46,169.85,1035.46,169.85,993.46,197.85,998.46,266.85
20.316,0,1.29,0.57,0.18,1.25,0.38,1.07,0.45,1.33,0.50,93.53,24.91,-0.83,90.71,0.5501399598084391,0.5957302581518888,3.305490099824965,1.772113313004375,8.135229021469131,14.898503873962909,4.7542919393396,4.267658335641027,0,4.994229111466557,2.4609505184926093,0,1.4317914890125394,0.4207943650893866,11.853713348694146,4.998078098893165,3.9985227053985,2.749951498117298,5.8026876191515475,1.949489400954917,5.312210363103077,,2.59,9.40,4.12,84.62,118.89,898.20,139.24,1013.20,269.24,958.20,167.24,1035.20,167.24,993.20,195.24,998.20,264.24
20.390,0,0.75,0.76,1.03,2.18,0.45,0.28,0.98,0.85,2.13,91.56,30.95,-0.60,87.51,2.201789293442853,2.1071624926524235,5.4193903022632,2.895163593841717,2.663065568609163,35.50077681709081,2.0557171100517735,2.100563256815076,6.0216457801871,4.873724494725465,0.28430157294496894,5.690942890243605,1.795487679541111,4.467316701635719,5.494329099785537,4.538632407500408,4.26048884075135,7.313970253802836,5.966872925488278,5.376767720328644,4.351625931216404,,5.21,6.80,4.57,85.50,120.81,899.75,139.90,1014.75,269.90,959.75,167.90,1036.75,167.90,994.75,195.90,999.75,264.90
20.632,0,1.22,1.89,0.68,1.98,0.10,1.23,0.88,2.03,1.10,93.19,33.32,-7.40,89.40,1.3021358103118836,4.48364944239147,3.817922059101984,5.1568813966773455,3.9075800093868747,48.39881082717329,6.297234439803288,4.308411669302732,1.9187925718724728,1.3003743717074396,0.4118576324544847,0.6932253201957792,5.3769928752444685,4.535688830371946,15.343970775473863,3.084753806022927,2.619562572799623,3.1466061314567924,7.417308379276656,5.947664602659643,3.731215005274862,,3.18,10.65,3.94,83.38,118.26,900.43,141.44,1015.43,271.44,960.43,169.44,1037.43,169.44,995.43,197.44,1000.43,266.44
20.884,0,1.57,1.56,1.11,1.02,1.33,0.78,0.24,2.12,1.68,91.72,23.91,-0.15,96.81,0,1.3788596482481807,4.719036395167932,3.1816009442694484,6.770509470319375,15.804400048684329,5.464275163831189,5.418076902441681,2.5332535940688103,3.7599104543961586,0,0,0.49583475664258003,1.6425298926047982,7.701818145159632,1.7422223378438502,0,1.2119895932264626,7.438446902288124,2.870331859914586,0,,3.70,6.39,4.67,85.19,121.23,900.57,140.02,1015.57,270.02,960.57,168.02,1037.57,168.02,995.57,196.02,1000.57,265.02
21.078,0,0.51,0.78,1.62,1.48,1.60,1.11,0.39,1.45,1.01,92.90,26.46,-6.14,91.38,2.0563135012937708,2.7397340306313707,5.646386545780115,0.2252036522608254,7.0081914512068035,36.40696373581886,1.8346215710043907,4.027744262944907,0,3.7339632854610683,5.332344987429678,0,4.608852092642337,0.9325667305570096,7.327220077589153,0.40017261690925787,2.4975608089007437,1.9895093962550163,6.1592411181144415,0.5903683244250715,0.08248866931535304,,1.24,9.94,3.48,83.81,120.05,901.61,140.44,1016.61,270.44,961.61,168.44,1038.61,168.44,996.61,196.44,1001.61,265.44
21.275,0,0.60,1.41,1.71,1.34,1.78,1.07,0.12,1.73,1.09,92.97,26.54,-7.41,88.11,0,2.5020001073600726,1.6452097776159644,2.680312369344756,8.68424590010196,16.820124510210007,3.51133855455555,1.2271957838907839,3.0575529953930527,4.162538797669113,0,3.585037402343005,6.712549441494048,5.032844562064856,12.887864927705376,3.448133977553807,1.117351942230016,0,8.672755387686193,2.7299065303523093,0,,5.92,4.96,5.76,85.15,121.96,899.14,139.43,1014.14,269.43,959.14,167.43,1036.14,167.43,994.14,195.43,999.14,264.43
21.385,0,0.16,1.80,1.44,2.04,0.45,0.95,0.29,0.85,0.74,93.57,28.38,-7.12,95.91,0.8534879237506541,0.4122809243854135,2.849406662043184,3.60120365165174,6.1071015520300715,39.2873217635788,2.4029915338382124,3.9741774096898737,0,5.322360806073993,5.2400961010716856,0,3.7430724506266415,0,13.358147191349417,2.342331165680662,0.020145659800618887,2.8670838200487196,3.0457304224465043,3.2799162755254656,94.06282755173743,,0.84,4.32,5.24,86.63,120.14,900.72,138.21,1015.72,268.21,960.72,166.21,1037.72,166.21,995.72,194.21,1000.72,263.21
21.535,0,0.46,0.63,0.28,1.46,1.79,1.24,1.23,0.14,1.52,94.37,27.36,-1.41,90.53,1.1323166725179181,4.673767014290206,3.790726926657371,6.012659222213552,4.977051002238877,19.988959014881402,5.561464386340231,4.651759831830859,7.079995336476713,0,0,2.508082404732704,3.4672132479026914,0.4339058007951824,14.700398270227016,3.6424287958303467,4.741087618749589,3.1252335808239877,8.288668827428483,2.3135141532402486,0,,2.47,8.46,5.29,83.82,117.07,901.69,138.19,1016.69,268.19,961.69,166.19,1038.69,166.19,996.69,194.19,1001.69,263.19
21.673,0,2.03,0.58,0.75,1.59,1.17,0.71,0.97,0.06,1.83,94.07,26.48,-4.74,92.00,3.7669136677170174,0.471070998464711,2.477466740272939,1.3454261121992022,5.4176621236233045,39.5248376657255,0.6984502874780447,2.2620943588390947,5.211958959000185,4.37423647519201,0.3735103695653379,4.838732002070174,5.079580263700336,4.981701738648116,9.837238136027008,0,4.477933033369482,5.803406607359648,8.113688125596383,3.428074147552252,68.7293701088056,,4.05,4.75,5.61,85.53,120.24,898.78,141.92,1013.78,271.92,958.78,169.92,1035.78,169.92,993.78,197.92,998.78,266.92
21.778,0,1.70,0.85,1.36,1.40,0.50,0.39,0.77,0.67,0.49,92.76,24.71,-4.20,96.26,2.7933475191704926,0.96307715382427,1.7616081048641354,3.0696234734356405,4.64700652227737,40.67747183935717,2.5249477729434147,0,0,3.7835051540657876,0,0,1.6496979896910489,1.8457514877431094,8.111089635118843,2.578428237773478,1.9371978044509888,3.8638812131248415,7.991399293476716,1.5843384698964655,0,,5.26,4.44,6.23,85.99,122.06,900.25,138.43,1015.25,268.43,960.25,166.43,1037.25,166.43,995.25,194.43,1000.25,263.43
22.106,0,1.75,1.00,1.78,0.51,0.53,0.70,1.04,2.11,0.89,92.32,25.61,-1.32,94.26,3.402842430640012,0,5.353794616679661,2.817803062796593,5.11642467063386,41.452506934292614,2.226473228423856,2.2921280061826113,7.90057916357182,0,1.7184447473846376,2.2455103402025998,1.62772133667022,5.089541672123596,14.427654193006456,1.5340930076129733,3.3657505409792066,4.48676071735099,3.4676874208590016,0,96.79767267592251,,1.88,11.20,2.09,83.48,120.17,900.99,139.44,1015.99,269.44,960.99,167.44,1037.99,167.44,995.99,195.44,1000.99,264.44
22.263,0,0.67,1.94,2.08,1.56,1.18,0.83,0.11,2.17,1.10,92.17,29.13,-7.50,72.23,2.6408646436966956,2.730745064979419,3.179309641737491,0.25438876090571316,4.046302137402818,35.349324013572186,3.4439573977142572,0,2.8015608987770975,2.0744367896951736,3.2325274609029293,0,3.1175205716863275,0,12.563456380143762,2.2372544787544757,0,6.05960661591962,6.79215535231866,0,2.6179355895146728,,4.94,8.79,2.76,83.32,119.24,901.45,141.76,1016.45,271.76,961.45,169.76,1038.45,169.76,996.45,197.76,1001.45,266.76
22.434,0,1.14,0.19,0.04,1.26,1.15,1.75,1.31,2.07,1.68,93.94,25.00,-1.55,90.17,0.9468828994035725,4.118344074999913,1.0832637636689468,0.8884329321607947,6.568536696634255,22.765704426448792,4.299407347128726,3.4522806157544257,6.269186122342944,4.206125439908355,4.8358534765429795,7.201922493986785,0,1.9204641936626285,5.94861354097724,3.021707775136456,1.2789982915855944,4.340669667813927,4.232645870172419,3.021538316970691,3.8335756128653884,,2.17,10.92,3.24,84.99,120.54,900.18,141.86,1015.18,271.86,960.18,169.86,1037.18,169.86,995.18,197.86,1000.18,266.86
22.508,0,0.37,1.40,2.03,0.47,0.44,1.81,0.24,2.05,0.01,92.07,26.31,-7.18,94.06,1.2375959413126112,4.605629763472825,4.520023521380499,2.0152772283554077,5.0639616126287725,46.65598552208394,3.340547089162283,0.006916875243187182,4.519603232620284,3.1550188865698874,2.599014047998935,4.406124463072047,0,0.42430768683552733,6.80148216906935,3.7600098753720523,4.3658408052288,3.098187857773155,4.66557215440087,3.2587093722540885,2.8669545880984515,,-0.92,5.94,3.38,85.48,119.44,898.52,139.84,1013.52,269.84,958.52,167.84,1035.52,167.84,993.52,195.84,998.52,264.84
22.722,0,2.14,0.01,1.06,0.06,1.93,1.45,0.52,0.11,1.37,93.24,29.41,-5.53,89.90,2.008298638709821,4.29835698546376,4.78773266247008,4.1653156644385305,8.549305607173592,18.758245762903243,4.731764005427249,2.626923577152193,0,3.2813882788270714,7.620412776712328,2.5437695453874767,5.048769686836749,3.053683728473261,9.285213322024791,5.088347239387222,0,2.951859613414854,5.465746820867062,3.787623628275469,0,,-1.41,10.12,4.28,86.81,121.45,898.05,138.53,1013.05,268.53,958.05,166.53,1035.05,166.53,993.05,194.53,998.05,263.53
22.856,0,0.80,1.71,0.14,0.54,0.97,0.41,0.38,0.45,0.27,93.89,33.34,-2.99,90.00,3.5919483207957823,0.4331527619389819,0,5.079379285322503,2.731878782222047,40.46153587754816,4.188726385496556,1.7559967945516108,2.6118168705143034,5.077600085604936,3.0818836097605526,0.14731366792693734,4.96958851441741,3.4211898730974646,6.429818349927664,0,2.3677466516382992,4.528056617826223,8.566516907038167,1.440553369699046,1.573512181872502,,3.99,7.59,3.62,86.12,117.77,900.10,139.86,1015.10,269.86,960.10,167.86,1037.10,167.86,995.10,195.86,1000.10,264.86
23.184,0,1.34,1.00,0.83,0.46,0.00,1.62,2.05,0.98,1.09,93.85,34.01,-3.70,65.13,1.176819113260135,3.950716004613787,2.2563852238235995,5.138532581850886,3.6687370300665494,9.046900547109544,3.4200136542785913,3.5715757800266146,1.5606640453916043,0.729695579633117,2.77235417207703,2.9039881876669824,2.411042361985892,0,12.484832296352835,0,0,3.8763166149146855,3.793475041426718,1.2836444773711264,93.47461431100965,,-1.06,7.71,2.58,84.96,122.59,899.66,139.78,1014.66,269.78,959.66,167.78,1036.66,167.78,994.66,195.78,999.66,264.78
23.319,0,1.11,2.01,2.07,1.05,1.24,2.07,0.16,0.81,0.80,91.84,23.41,-0.48,93.94,2.326571373268962,3.2185817113611845,1.8533723286213353,0.107458046898246,8.310602576569654,37.47179200313985,3.839862749259919,3.9649986845813694,0,3.4807733670063317,3.138725590892136,2.252422076417133,0,3.1605576199945062,10.148940844424068,1.9881102102529256,0,5.558205888140947,8.18554372120183,4.409797268221155,2.8935508327558637,,0.98,6.43,5.59,84.86,120.11,899.50,139.25,1014.50,269.25,959.50,167.25,1036.50,167.25,994.50,195.25,999.50,264.25
23.471,0,0.21,0.93,0.57,0.64,0.87,1.70,1.23,1.16,0.53,94.61,35.47,-3.63,94.75,3.870889985216782,3.350814745482057,0.1534851829241961,3.509325370434672,3.7741067263064902,37.157988482154906,0.8486024332232773,3.777721483074129,0.5578204677440226,5.285058438293635,1.7706245882436633,0.21829690807498991,3.0978307323530316,0.6401335891336202,7.704161302149296,2.1989477162435653,1.6321660210378468,6.447251547127962,4.395184643496759,1.2656105416826904,1.3538858969695866,,-0.03,8.78,4.53,83.94,121.98,898.06,138.03,1013.06,268.03,958.06,166.03,1035.06,166.03,993.06,194.03,998.06,263.03
23.591,0,0.18,1.07,0.34,1.71,1.72,1.09,0.10,0.94,0.54,93.41,35.13,-0.69,96.40,0.5060431538242844,4.463037383789197,0.27766215981449927,2.4153598180040716,5.931058549252339,22.097856427542865,2.7059379757381974,3.975701195616275,2.9265494549181312,0.5969056194648146,4.0612907144241035,0.23999106790870428,3.1277712411247194,3.3227644646819683,15.864406902752815,2.6966940088476985,0,5.249798318836838,8.74055896603968,2.9182905396446586,2.5057138928677887,,2.65,10.20,1.79,84.10,120.22,899.68,141.29,1014.68,271.29,959.68,169.29,1036.68,169.29,994.68,197.29,999.68,266.29
23.929,0,1.30,0.26,1.59,0.86,0.42,1.70,0.30,0.70,1.96,92.05,25.15,-1.47,89.57,0.613456533565186,0,1.5140704282606023,1.7996093709673735,7.212037989431992,47.748051256872714,1.4957418702542782,2.859564831852913,1.8845448477659374,2.9615138012729587,2.123267389833927,3.5005482963752,2.7702730894088745,4.141505798408762,7.022391859292984,4.301893446831964,3.5211048228666186,9.181016370188445,7.705776294330135,3.533280737698078,63.37571331392974,,1.39,7.11,0.97,86.54,121.67,901.55,140.11,1016.55,270.11,961.55,168.11,1038.55,168.11,996.55,196.11,1001.55,265.11
24.119,0,0.28,1.31,0.43,0.11,0.27,0.40,1.25,0.10,0.06,94.53,36.68,-7.37,93.00,4.37263811440207,4.048701802641153,0.5059795818477872,1.7032746499404312,3.695512117920443,35.05040028877556,4.106362705212087,1.6183757690526543,0.6463289430830628,4.11779501259327,3.600514395162463,3.6015039146877825,0.3128137202002108,4.488632244169712,4.133203283250332,5.260448949635029,0,3.296602531336248,3.449083969062194,2.0718713579699397,0.7313550836406648,,-1.24,8.50,3.81,84.67,122.72,900.54,138.85,1015.54,268.85,960.54,166.85,1037.54,166.85,995.54,194.85,1000.54,263.85
24.319,0,0.03,1.89,0.47,0.65,0.86,0.85,1.87,0.36,1.03,94.76,33.34,-0.71,92.50,0.30197682702913875,1.000398998800665,2.535466303913854,2.579491639044136,4.376272296733223,45.08271393412724,6.1161362890154125,4.635693902373314,2.1880416676867753,0.6639699097163976,3.0411009220406413,0,6.318944291677326,2.261453731385991,3.24781564116478,2.1009078774787486,0,3.228524799924344,4.5625421248422935,0,2.158169610891491,,0.45,5.74,4.26,86.47,121.77,901.06,139.76,1016.06,269.76,961.06,167.76,1038.06,167.76,996.06,195.76,1001.06,264.76
24.490,0,1.38,0.64,0.46,1.95,1.67,0.00,1.04,0.86,2.06,91.83,24.99,-5.58,88.29,0.5537119391839953,0.588607101980597,2.7923413365520537,4.792818904463202,6.826218001861125,32.23201612429693,4.4197128266096115,4.254113888554275,5.120285673998296,0.3634667896293102,4.073591717518866,0.6632519518025219,0,1.2121522872708739,13.997494399491698,0,2.9802461653016508,0,7.342297713346779,0.6569447324145585,2.934253472601995,,0.30,9.14,2.00,85.39,121.25,900.80,138.24,1015.80,268.24,960.80,166.24,1037.80,166.24,995.80,194.24,1000.80,263.24
24.759,0,0.94,1.07,0.28,0.75,1.02,1.65,1.81,1.01,0.93,92.13,33.52,-6.22,93.07,1.2725486742844807,2.7933698823908344,4.714405119428411,1.2028259439487012,7.023005240275524,31.06487001525238,1.3870178206823764,0.4656275169551374,0,4.293729885555804,2.637791150249541,3.00885444204323,4.327664652373642,0,10.865479826647789,4.6903366667916995,0,3.7801106944680214,8.304835712988861,0,3.67334078787826,,-2.14,3.40,1.77,86.27,117.32,899.37,138.05,1014.37,268.05,959.37,166.05,1036.37,166.05,994.37,194.05,999.37,263.05
24.923,0,1.74,0.83,0.79,2.18,0.38,1.16,1.87,0.36,0.96,92.52,33.38,-1.54,90.52,0,1.7831472480436785,5.190396675942466,1.8016430289577694,7.350736727705225,44.84503662446514,1.9606203666189685,0.2249530271627007,2.498684875201434,2.305877407360822,1.2359746168367565,1.6006157570518553,0,0.8055652751587332,14.121174864899366,3.446397444554605,1.658934400882572,9.500589931383729,6.565233004512265,6.50972431502305,0,,-2.63,7.20,4.73,84.87,122.29,901.61,139.42,1016.61,269.42,961.61,167.42,1038.61,167.42,996.61,195.42,1001.61,264.42
25.147,0,1.52,1.16,0.68,1.26,0.54,0.59,1.79,1.05,0.36,92.81,26.80,-3.36,96.93,0.5958966404013335,2.4283538199029864,2.552349698501639,2.1812994564138357,3.0681272028153765,10.985838458873332,3.152289847563952,0.02192612780258063,0.31045938981696963,2.39445103187114,1.8721016314812005,0,0.8676878521218896,0.34213314129970973,11.736364009715617,2.055457855053246,4.642243137117475,1.5773005136288702,7.561835125838407,2.0703012028243393,0.33032292989082634,,-3.40,7.61,4.56,85.39,119.04,899.04,138.61,1014.04,268.61,959.04,166.61,1036.04,166.61,994.04,194.61,999.04,263.61
25.242,0,0.87,0.21,1.46,1.58,0.69,1.70,0.41,2.02,1.51,92.91,28.84,-3.98,93.95,2.5851655237795788,3.84785406102892,5.618405984290876,1.0888353620935232,8.22567092705518,14.374309713486582,3.0260055283084513,1.07965600008145,2.019135633017868,0,5.048047316260636,0,0,2.7112768609169873,11.361618336085229,0,2.1474295174703,0,3.3674661108106374,4.436880980851129,2.548636926105246,,-1.93,5.26,3.97,84.06,121.23,900.36,138.28,1015.36,268.28,960.36,166.28,1037.36,166.28,995.36,194.28,1000.36,263.28
25.443,0,1.42,0.25,2.04,1.21,0.30,1.76,0.20,0.69,0.71,91.73,31.84,-6.69,93.19,4.489069241532125,3.4036287256283684,2.31399292728398,0.2515864362288265,7.322387740649283,32.25565688870847,6.077923350734636,2.8482975265942514,0,4.882533422037959,0,0,4.47353804949671,0,7.804451590087265,0,4.397706442512572,7.850806824862957,3.654460561145097,0,1.9782516011036932,,-2.85,8.87,1.93,84.87,118.10,901.03,141.96,1016.03,271.96,961.03,169.96,1038.03,169.96,996.03,197.96,1001.03,266.96
25.737,0,0.81,0.35,2.01,1.06,1.14,0.89,1.57,0.09,1.47,94.02,33.03,-4.05,89.04,4.645117233768106,2.5811654622200875,4.90514641834423,1.7442781117744746,6.49111167255789,47.175832277629524,3.587918059225194,4.648142149411142,2.4066725340671837,0.23206707999110243,2.285715552046895,5.6463868618011475,1.3306998233310878,1.132469073329121,12.953191541377455,0.610106313666329,1.2243806989863515,7.613754076883197,6.238121175635606,1.857323385309428,0.39235792052932084,,-6.20,6.45,-0.28,85.46,122.47,901.12,141.33,1016.12,271.33,961.12,169.33,1038.12,169.33,996.12,197.33,1001.12,266.33
25.862,0,0.37,0.54,0.29,1.46,0.86,1.44,1.74,0.45,1.82,93.09,28.99,-6.06,87.90,1.0817190942494195,2.3009191105375066,3.5278497282229364,5.252703309310601,5.802465993510559,43.136167828924954,2.9647929741535335,3.073707898501307,0.635324195260182,4.828292819242924,2.8233925527893007,4.179480154532939,7.6610822305083275,3.548335285950452,8.193283550068736,3.2409214680781586,4.091189831495285,2.9198359684087336,8.52550891934894,2.9472737293690443,2.1720357444137335,,-6.80,4.36,4.02,85.84,122.78,901.24,140.21,1016.24,270.21,961.24,168.21,1038.24,168.21,996.24,196.21,1001.24,265.21
26.104,0,0.21,1.55,1.87,0.57,2.02,0.88,0.86,1.17,0.77,92.56,29.13,-7.75,90.36,3.890192728270777,2.8336363265523685,2.2148813656903803,0,7.753179537761025,49.02253461955115,6.274567661853507,1.6777335857413709,1.888896559132263,0.42531869925558574,1.1379316966049373,5.381063800537959,6.91933977836743,2.844678675457835,8.659157353416084,2.165509014944546,3.2198527920991182,2.7318640677258372,3.894896405958571,5.521362527273595,0,,-1.36,4.34,4.01,83.26,117.46,901.18,141.28,1016.18,271.28,961.18,169.28,1038.18,169.28,996.18,197.28,1001.18,266.28
26.361,0,0.16,0.46,0.54,1.55,0.85,1.33,2.08,1.70,0.59,92.69,28.06,-1.63,89.78,1.0016139021422714,5.796355022629723,2.871670400816947,4.842284008860588,7.804956804052926,26.666069444268942,2.522516875597648,4.763670134600252,6.164321593241766,3.20741445120424,0.8472015392035246,0,4.81031688535586,2.78850898694247,16.740430499929936,4.845624937703834,0.8371740989387035,0.25745669146999717,2.9034139380557464,2.2481900572311133,1.6783133132848889,,-2.71,4.88,1.18,85.14,121.32,898.59,141.20,1013.59,271.20,958.59,169.20,1035.59,169.20,993.59,197.20,998.59,266.20
26.466,0,1.91,1.89,0.46,0.39,0.92,0.50,0.94,0.34,2.01,94.52,30.53,-7.74,95.96,2.775195866506547,0.011705679818987846,2.4471498273964976,4.656401257235556,8.349623110857792,37.542194220703095,1.7246046770131214,4.220623380001634,0,0.6733612267673017,5.3640253487974405,0.09737548301927745,7.897545548155904,5.099955114554614,16.643963903561236,3.7398703156970443,0.31802356243133545,6.888992872089148,5.791378948888742,0,0,,-4.66,2.76,1.78,85.20,118.84,899.97,138.66,1014.97,268.66,959.97,166.66,1036.97,166.66,994.97,194.66,999.97,263.66
26.532,0,1.46,1.00,0.03,1.27,1.64,2.18,2.04,1.95,2.11,92.13,29.63,-5.90,90.18,1.748765716101043,3.7068489994155245,1.7905626222258433,6.177261963235214,4.851578458314762,12.897467281203717,5.345135864801705,2.4943630672991275,0.09105888148769736,3.3613721246086063,0,1.775969160022214,6.6720592263154685,4.522863678028807,6.280614233054221,2.5578148248186334,0,7.268551752436906,5.531004712982103,0.2370001992676407,0,,-5.25,7.54,-0.56,83.87,122.12,901.53,141.77,1016.53,271.77,961.53,169.77,1038.53,169.77,996.53,197.77,1001.53,266.77
26.594,0,1.30,1.80,0.63,2.09,1.36,2.00,0.76,0.28,2.14,92.88,29.37,-2.46,91.63,4.211346705690958,3.5570028989808633,1.7594291274761784,4.92739929231815,6.443409946332686,32.62476850301027,1.0966511222999542,4.818200542293489,2.3938292355742306,0.4435147014074028,2.9124632771126926,3.963333004852757,7.481926422100514,4.646728436993435,10.940050912350415,3.2158122307946906,0,6.612941014580429,4.218616556641646,0.8086119457148015,0,,-4.26,6.70,0.40,84.63,121.94,899.70,141.55,1014.70,271.55,959.70,169.55,1036.70,169.55,994.70,197.55,999.70,266.55
26.743,0,0.40,0.13,0.05,1.67,1.98,0.53,0.85,0.14,0.45,94.54,31.80,-6.99,92.90,3.233947782195173,3.0639874015701936,4.818485033204779,3.7618528777454046,7.412762900157832,45.28790830867365,5.092483575711958,4.36523209085688,0.07202338799834251,1.9551179731078445,8.66009508445859,3.676106912549585,0,1.8556775598786772,13.032152254153043,0.9326940204622223,0.152152590919286,7.82564286980778,4.833010511626489,2.160042116884142,0.2808706315699965,,-7.34,1.41,3.10,83.29,120.43,899.07,139.23,1014.07,269.23,959.07,167.23,1036.07,167.23,994.07,195.23,999.07,264.23
26.909,0,0.86,2.19,1.36,0.08,1.39,1.34,1.79,0.66,0.44,92.01,25.05,-6.07,96.52,3.640059420899488,4.285678356396966,0,4.1352048108447335,5.713796693566255,16.60956995887682,3.4171120561193673,3.26798788305372,2.9389262285549194,5.459527697302401,1.9784494321793318,1.07213567616418,0,1.198733364492655,12.697970885671676,3.8960940807918085,2.620530867949128,6.507903042715043,7.508641801965423,5.160657556261867,4.284422726137564,,-3.30,4.54,2.63,84.68,122.39,900.26,139.84,1015.26,269.84,960.26,167.84,1037.26,167.84,995.26,195.84,1000.26,264.84
27.021,0,0.18,1.62,0.86,1.51,1.25,1.73,0.53,1.02,0.66,94.27,26.26,-1.91,92.84,4.203593679671176,4.417850927845575,4.857203182294033,3.1069409424904735,7.880283207679168,32.89511848706752,4.208217573282309,2.3875798791088165,5.934724856168032,5.653549201767891,7.203077462967485,2.540746813872829,3.874988857191056,1.820159279135987,12.827819568607957,0.7259384157648312,4.774733864236623,4.987775770481676,8.985570303956047,0.8592193734366447,0,,-6.60,3.91,-0.01,83.11,118.78,901.84,140.17,1016.84,270.17,961.84,168.17,1038.84,168.17,996.84,196.17,1001.84,265.17
27.233,0,1.75,0.41,0.52,2.16,0.87,1.17,1.05,0.39,1.82,93.79,27.06,-7.32,89.01,0,4.411793162324466,6.35356630067341,6.452801569467411,8.452400874365122,23.704546835739166,2.606454920466058,0.8274772984720768,3.602978114038706,0,0.06331501761451364,0.5570494802668691,5.777087142225355,0,8.349864803422243,3.100858163214289,4.10569969471544,4.042019304819405,3.184010691232979,5.246919335098937,0,,-6.98,3.58,2.05,84.68,117.17,898.98,140.21,1013.98,270.21,958.98,168.21,1035.98,168.21,993.98,196.21,998.98,265.21
27.334,0,0.31,1.26,1.27,1.09,2.00,1.03,0.72,0.34,2.11,91.63,27.82,-1.32,87.22,0,0.7264113750541581,3.0106499778991567,4.779128268705682,7.581025393507444,45.151684858836234,4.894607358635403,1.9473988542519511,4.960941141936928,4.788884347528219,6.684454179368913,2.5367078576236963,0,0.9486769109684974,14.628300277572126,4.108493171441369,1.9087997903116047,4.705041049513966,7.3646068325312815,0.5009187860414386,0,,-6.15,3.34,3.26,83.37,117.07,899.79,141.27,1014.79,271.27,959.79,169.27,1036.79,169.27,994.79,197.27,999.79,266.27
27.560,0,1.71,1.70,1.98,1.45,0.25,0.77,1.13,0.33,0.47,92.46,26.28,-4.42,88.54,0.6120040822820743,1.687336558266543,3.169104358605109,5.829600311378018,2.229283055546693,30.65713254874572,3.6296908705960957,5.483424298614263,6.458059074357152,2.1718634982965885,5.9493672754615545,0.5793814964126796,1.6322389128617942,0.24004283714108166,13.622167509812861,3.2011972021916884,0.49920140067115426,5.067990595474839,3.200633122515865,3.819852241082117,0.213568419450894,,-4.73,-0.13,-0.82,85.28,121.41,899.01,140.04,1014.01,270.04,959.01,168.04,1036.01,168.04,994.01,196.04,999.01,265.04
27.674,0,0.52,1.28,2.16,1.89,0.50,2.15,1.76,1.85,1.42,92.02,25.50,-0.89,94.81,0.3836793905915692,4.8321120469132435,5.046822681990452,1.7671507202554495,4.533162671024911,34.275867314543575,2.564188716793433,3.9028875799663365,0,4.438721203561872,4.9739432274363935,3.015159221366048,0,2.286693470729515,8.591181125883013,0.13963528099935507,4.36807168321684,6.184819201938808,7.91087006975431,1.87626523966901,3.039308498147875,,-3.91,1.46,1.53,86.72,120.60,898.04,140.58,1013.04,270.58,958.04,168.58,1035.04,168.58,993.04,196.58,998.04,265.58
27.905,0,0.38,1.20,0.31,1.28,2.17,1.58,0.58,1.97,1.83,93.07,30.69,-7.87,90.75,3.2554192338278516,3.9441274992888795,2.8769630248844624,3.636552822152153,4.730078861773945,47.06442173011601,4.460566002200357,0.8222943736426531,2.031570573337376,0.5083271001651886,1.8333621164783835,5.83001343277283,3.023145399056375,2.5101887823082505,5.247834735307842,3.5689583935821427,1.7254178980365396,7.017604665830731,4.073123427885585,3.593636031029746,2.0421047215349972,,-3.06,3.86,1.78,83.47,121.84,899.02,139.10,1014.02,269.10,959.02,167.10,1036.02,167.10,994.02,195.10,999.02,264.10
27.972,0,1.07,1.83,1.46,1.95,0.90,0.92,2.06,0.60,1.08,92.04,28.79,-1.21,94.88,4.432461954113096,0.6337804986163977,5.4934942397940905,3.772314688879997,4.004649924179539,29.70795543771237,5.969865627656691,5.25406170874834,2.989052268443629,2.3976301266625524,6.012271801941097,5.726067341631278,0.13267805334180593,0.8154952473193409,8.942655016183853,2.2343489172495903,3.092835210263729,2.0328752961941063,5.719288040501997,0.8079881004523486,3.5120144630782306,,-4.76,3.30,1.78,84.46,122.92,900.30,141.63,1015.30,271.63,960.30,169.63,1037.30,169.63,995.30,197.63,1000.30,266.63
28.281,0,1.79,1.13,1.39,1.53,1.61,0.51,1.15,0.81,1.98,94.48,28.48,-2.26,91.97,4.948335988391191,0.6020963997114448,4.863007684834302,2.15203705009073,4.134935100032017,51.597907110117376,1.481793048745021,1.704632465131581,4.387574099935591,4.531055481713265,2.3248047013767064,1.4084609404671937,4.404176683165133,1.824888547230512,6.554993909932673,0.03669368649832894,2.9976117718033493,0.09600149234756827,4.2533417236153035,4.265884973341599,68.8650251463987,,-8.82,3.42,1.70,86.36,122.38,901.68,138.21,1016.68,268.21,961.68,166.21,1038.68,166.21,996.68,194.21,1001.68,263.21
28.599,0,1.70,2.16,1.04,0.43,2.03,0.37,0.70,1.10,1.31,92.20,35.02,-1.14,93.32,4.937963636433706,0.1040774443652479,0.4214647426456217,4.165701909027994,8.225161475874483,15.240122843533754,2.296338671259582,3.267779896147549,1.141324173193425,3.6256338776275516,3.4435951290652156,4.300058024004102,3.8681085761636496,1.3022252948209645,8.705004062000661,0.2650672695320102,5.626860406249762,5.314636573661119,8.74072516206652,4.146268937271088,2.8261466659605503,,-8.30,2.52,1.06,86.99,122.49,900.97,141.49,1015.97,271.49,960.97,169.49,1037.97,169.49,995.97,197.49,1000.97,266.49
28.692,0,1.67,1.60,1.19,1.98,1.74,2.08,1.53,1.16,1.59,93.50,28.35,-0.87,81.44,3.7980639157863334,1.3504184956429528,5.7765320301055905,1.2517922343593093,4.268113724924624,42.86447730846703,3.4091166706290097,4.992414121534676,0,0.20162556828930978,1.530234459321946,2.3834947398863733,0,0.15030138872563858,8.360534616131336,0.8695567678706722,1.8564662309363484,0,6.735447432827204,2.838608410442248,5.0549972543958575,,-6.74,-1.83,0.42,83.77,122.60,900.98,139.27,1015.98,269.27,960.98,167.27,1037.98,167.27,995.98,195.27,1000.98,264.27
28.944,0,0.02,1.34,1.43,1.09,1.32,1.71,0.24,0.43,1.00,93.89,32.31,-3.66,95.27,0.6476563156768678,4.048450390389189,2.8149894869234413,5.475790503341704,7.078850926160812,22.496356113348156,3.022671717707999,0,3.891072229249403,3.279329180046916,1.961028399411589,0,2.949297923594713,3.6402533543109894,9.295255846288054,1.9443597745429724,0.6058136126957834,0.07003676798194647,9.09707838749513,0.5528521132655442,78.75809652823955,,-7.33,-2.31,-1.46,84.53,121.00,899.37,139.12,1014.37,269.12,959.37,167.12,1036.37,167.12,994.37,195.12,999.37,264.12
29.009,0,0.22,1.56,1.25,0.16,1.02,1.68,2.12,1.48,1.91,93.59,23.68,-6.06,91.48,4.091575057883747,5.115100420662202,3.1830688613886013,0.9616230470035223,3.3071603900520135,10.835711005143821,5.340757921431214,0,5.544691173126921,0.3111300308629872,2.8100411351770163,3.9379686813335866,0,1.4982801584061236,9.226173217780888,0.9887915306491779,0,3.570989123545587,7.676006545615382,1.7457577507011592,3.270918723894283,,-5.65,2.47,2.03,83.72,120.62,901.23,141.47,1016.23,271.47,961.23,169.47,1038.23,169.47,996.23,197.47,1001.23,266.47
29.105,0,0.14,0.30,0.55,0.12,0.78,0.05,1.84,0.14,0.61,92.72,27.11,-6.85,95.61,1.2108229582197967,5.713907191902399,2.4342752022389327,3.194567888118327,5.235555576235056,40.25201898440719,4.758186034765094,2.368883354049176,1.0785605516284704,4.410704742223024,4.295683092903346,0.4347416323143989,0,4.587296973466874,13.17669215204194,2.5714954536780716,3.7860504263080657,5.73767307959497,4.102040104996413,0,0.1936257944907993,,-3.68,-3.33,-1.65,86.58,120.22,900.23,138.80,1015.23,268.80,960.23,166.80,1037.23,166.80,995.23,194.80,1000.23,263.80
29.371,0,1.76,1.88,1.71,1.60,0.85,1.65,1.13,1.17,0.39,92.91,25.18,-3.29,96.37,1.1403645282704384,3.6345209918450565,5.895948362294584,6.031008773911744,8.437837951164692,15.344504707492888,4.290100390370935,1.6615866464935243,2.543651771498844,5.065487183947116,1.3760936418548226,3.3099164369050413,0.4481068183667958,0,7.629231850914657,2.541286462908611,4.03532033180818,9.436877608764917,3.619846564345062,0.9987099452409893,1.0970860014203936,,-6.63,-4.35,0.57,86.74,120.42,899.73,141.58,1014.73,271.58,959.73,169.58,1036.73,169.58,994.73,197.58,999.73,266.58
29.560,0,1.27,1.81,0.03,1.88,0.04,0.41,2.02,0.56,1.67,92.83,26.03,-3.74,95.49,0.9759936466207728,4.042095855041407,4.069274889989757,2.8752713365387175,2.9766254927823317,13.503988166339695,4.314334579254501,4.172613890357315,1.0514077912084758,0,6.287874364759773,5.104123181430623,4.902595109771937,1.5544538232963534,14.129750278349967,3.232237417162396,1.5444328309968114,1.126259084790945,5.5694147168612105,4.386092317290604,0.688655216479674,,-8.01,-1.54,-1.50,83.58,121.63,900.14,140.15,1015.14,270.15,960.14,168.15,1037.14,168.15,995.14,196.15,1000.14,265.15
29.842,0,0.67,1.21,1.56,1.52,0.63,0.71,0.85,1.71,0.54,94.08,29.45,-2.26,84.50,3.574122632094659,3.507870372128673,5.0439230451593176,2.9780620600190018,6.358101083282381,22.234397529624403,3.602664207643829,3.2406170213222505,2.6808507388923317,0,4.593857150059193,4.716967075364664,3.350082077085972,3.0701274566631764,8.72132175916806,3.00126901039388,0,3.743272983469069,6.224751271847635,0,0.6125884770881385,,-4.10,-3.74,-0.19,84.04,122.63,901.83,140.18,1016.83,270.18,961.83,168.18,1038.83,168.18,996.83,196.18,1001.83,265.18
29.911,0,0.46,1.12,1.94,1.18,1.45,2.03,0.39,0.70,1.04,91.80,32.19,-0.43,90.25,0.6548032981203868,2.3960478621767836,2.830664756624028,4.529583394927904,8.894462357405573,26.815207546111196,1.5166876902105288,4.008078371584416,0,1.0344437554478647,2.888571511488408,0,0.913894328288734,0.5639406524412336,12.314340638406573,0,1.5538792666047812,5.840438665822148,4.744356630537659,6.520542287733406,0,,-6.47,-1.96,-1.34,86.29,119.11,899.48,139.11,1014.48,269.11,959.48,167.11,1036.48,167.11,994.48,195.11,999.48,264.11
30.191,0,2.01,1.12,0.13,0.97,1.83,0.83,0.88,0.18,1.19,92.49,31.52,-4.79,95.38,4.499117585946806,0.7330044873291626,2.133555814116262,0.8730677193682643,6.672845207741484,34.90796545287594,2.2503235819516703,0.4617386496439577,2.512886442709714,1.5499840036034582,1.7044528126716614,4.374974581412971,0,4.552158923028037,3.682966764811426,5.086744613326155,0.666837265715003,6.32611929345876,5.7828455095272515,0,0.2186454925686121,,-6.65,-0.46,0.27,83.10,119.87,898.24,139.28,1013.24,269.28,958.24,167.28,1035.24,167.28,993.24,195.28,998.24,264.28
30.413,0,1.96,0.44,2.17,1.98,1.02,0.85,0.90,0.35,0.45,94.17,33.46,-2.49,91.46,2.53290745602455,3.605328264576383,2.2234650502912703,4.177926082676277,4.56151318160817,46.13104046834633,1.5737638654420154,3.798068100810051,0.23485609469935298,0.7946829929575325,6.278405017219484,3.7327583415899426,0,2.0942750163935124,12.236746037323028,2.7010353523818775,3.6068053185008466,1.260722496546805,3.630085530076176,2.2178106668870896,65.16165581857786,,-6.60,-4.71,-2.47,85.84,119.44,899.30,140.85,1014.30,270.85,959.30,168.85,1036.30,168.85,994.30,196.85,999.30,265.85
30.521,0,1.80,1.13,0.93,0.58,1.64,0.57,0.21,0.65,0.45,93.28,34.90,-1.63,95.85,1.8366565649630502,0.24357770339120188,2.2478407681174577,3.7079455270152537,3.4668106609908866,32.66223911894485,4.942148696770891,0.3893396379612386,2.3321228737477213,4.996251517906785,4.858463734388351,1.9078279410023242,3.2448337990790606,0.6695239072665573,6.663741063531488,2.8327369079133495,1.826034703757614,4.3585225199349225,8.314573142458684,4.2848267431836575,1.4390672848094255,,-6.86,-3.66,0.53,84.24,120.22,901.38,138.42,1016.38,268.42,961.38,166.42,1038.38,166.42,996.38,194.42,1001.38,263.42
30.616,0,1.38,0.52,1.19,0.02,1.69,1.40,0.22,0.48,0.27,92.62,28.57,-6.80,79.61,2.9071756336512045,4.238264859165065,2.071241603940725,0,3.481776903956197,25.379638960119337,2.7014272063737734,3.6195295580476525,0,0.7719246609695256,7.201899246778339,3.7131001681555063,7.7177185700275,2.380556072089821,12.182575020827354,4.665965065625496,0.1523844306357205,1.1228555347770452,7.592643127781339,2.2119031252805144,0,,-3.95,-1.14,-3.77,86.89,117.76,901.42,139.25,1016.42,269.25,961.42,167.25,1038.42,167.25,996.42,195.25,1001.42,264.25
30.790,0,0.26,1.94,0.76,0.87,1.53,0.84,2.01,0.36,2.19,92.50,33.75,-5.57,92.52,1.769534278297797,2.342628292692825,1.6880452367756513,1.749196306727827,5.126112531954423,44.48089029407129,4.881390726147219,4.300911267157645,0.8765856581740081,0.09045558316633118,1.9966621552594006,2.2945795082487166,6.75663234712556,3.70865791587159,8.362407814487815,3.5016483017895372,1.1115372045896947,4.167170605622232,5.299017025465146,1.1811175381299108,4.417601240566,,-2.44,-5.11,-3.33,85.99,119.98,898.04,139.01,1013.04,269.01,958.04,167.01,1035.04,167.01,993.04,195.01,998.04,264.01
30.876,0,2.10,0.11,1.11,0.10,0.60,0.37,1.21,0.76,0.38,92.58,25.80,-5.92,87.50,3.316460440051742,1.5554995710728692,4.412064480725675,2.27788791696541,6.802137033203617,36.63675077445805,3.530235611507669,5.281433519087732,0.045154820661991835,3.497473242599517,6.304018512368202,2.2636550604365766,1.7434747824445367,5.347677039727569,5.34367996616289,4.59893194986973,2.2196270073764026,7.524722869507968,3.5490439578983937,0,64.77556275995448,,-3.22,-0.71,-3.15,83.58,121.05,898.44,138.46,1013.44,268.46,958.44,166.46,1035.44,166.46,993.44,194.46,998.44,263.46
31.089,0,0.44,0.50,1.69,0.28,0.95,1.92,1.05,1.69,1.19,93.04,34.85,-0.36,87.61,3.9378744847513736,2.0854846563190224,2.105852672266774,0.8536518982052801,4.288290883949958,38.599504777695984,4.263491488224827,1.03799602271989,0,3.3239920949190855,2.2162174405530095,2.2486892289016396,0,5.0600674932170655,10.244735117573292,0,0,3.0352479154244065,8.782581085362471,6.197757680900395,1.3277457347139716,,-6.03,-7.29,-1.24,85.73,121.38,898.56,138.86,1013.56,268.86,958.56,166.86,1035.56,166.86,993.56,194.86,998.56,263.86
31.419,0,0.22,0.88,1.27,1.52,0.97,0.26,1.64,0.82,0.13,94.25,33.12,-2.10,91.31,4.7018698872160165,3.6653429795987904,0,0.9242725518904624,3.43500509575475,49.41139260586351,3.475563472043723,0.041765327490866255,1.6264526459854096,1.3031209827959538,7.371761375572532,6.212120730429888,2.562082692515105,2.799885679958388,12.2641429759562,4.882666549272836,3.8399466974660754,9.984865670092404,3.3917632605461403,1.9569297290872782,2.858523332281038,,-6.92,-5.26,0.14,83.74,121.75,901.97,139.91,1016.97,269.91,961.97,167.91,1038.97,167.91,996.97,195.91,1001.97,264.91
31.523,0,1.85,0.60,1.36,0.87,1.21,1.11,0.02,0.54,0.85,94.64,23.30,-2.49,91.20,1.0352039760211484,0.822496131970547,5.41832499246113,3.625866592330858,2.9350273144477974,46.425992898177356,3.6691204092931002,2.8923213807865977,3.4139899525325745,0,6.436347713693976,3.2911441137548536,3.2672011661343277,3.5087778068333866,6.325315226782113,2.5191967077413575,2.803453459404409,4.85018972819671,6.0913576252153145,1.6459397692233324,1.3912887526676059,,-6.28,-6.69,-2.87,83.35,118.19,899.01,141.33,1014.01,271.33,959.01,169.33,1036.01,169.33,994.01,197.33,999.01,266.33
31.791,0,1.22,2.12,0.32,1.82,0.99,0.15,1.18,0.93,2.05,93.24,34.67,-2.08,94.89,5.273822254384868,3.401474213716574,4.931405544788577,4.508422918850556,6.799079023781233,17.2991769365035,3.3937887436011804,3.492884188108146,2.6460023703984916,3.3996890375390647,8.086715030483902,5.303102634148672,1.1464251251891255,3.682211051406339,10.747775972466915,0,0.13271255884319544,1.6215364444069564,7.712717653070577,0.45445782341994345,4.650569456163794,,-2.83,-8.72,-2.92,86.81,121.83,899.81,138.37,1014.81,268.37,959.81,166.37,1036.81,166.37,994.81,194.37,999.81,263.37
32.116,0,0.86,2.01,0.61,1.18,0.75,2.16,1.09,1.11,0.90,93.39,28.38,-4.96,88.99,3.0807582455826923,0,0.08232731875963539,0.5125056673679502,6.670058641741052,39.20338569395244,3.043701001117006,3.6563029702939094,0,3.0274034522473814,1.044910873286426,3.343399581965059,0,3.2466866562329235,9.746307283621281,3.9551092397747563,3.5921554011292756,9.688170014880598,5.896731471912935,4.995677503524348,87.04742480395362,,-4.44,-8.68,-0.54,86.68,118.72,899.77,141.06,1014.77,271.06,959.77,169.06,1036.77,169.06,994.77,197.06,999.77,266.06
32.333,0,1.56,1.79,0.07,1.97,1.44,1.77,1.09,1.60,0.04,93.54,29.69,-7.37,89.01,3.3990957393916323,5.441913030412979,3.069091444127262,3.5693340309057384,7.311927511394024,31.336760367732495,3.175247808243148,0,0,2.410523903425783,4.747501953039318,2.8650378638412803,3.2797179124318063,4.2604759221524,10.726086536105722,0.31884574936237176,2.9740485209040344,3.5125949163921177,7.884497131668031,2.0079061412252486,1.6500954288057983,,-1.20,-6.52,-3.07,86.99,121.53,899.27,141.67,1014.27,271.67,959.27,169.67,1036.27,169.67,994.27,197.67,999.27,266.67
32.484,0,2.03,1.71,0.77,1.70,0.78,1.92,1.59,1.14,1.52,93.66,28.15,-4.95,89.97,3.2423241410544144,4.443995269131847,4.008258221466095,6.516005927016959,4.28642200270202,41.45916000427678,2.1543368804035707,3.8631643332354724,3.399147028103471,4.868357102237642,4.6561381090432405,4.4061451009474695,3.9428497119806707,2.517269900087267,16.416828687116503,0,3.05217197118327,4.319134699180722,7.271265710708685,6.546465459978208,0,,-0.63,-3.54,-2.48,86.27,117.37,900.99,139.03,1015.99,269.03,960.99,167.03,1037.99,167.03,995.99,195.03,1000.99,264.03
32.675,0,0.16,0.94,0.66,1.65,1.66,10.14,1.25,1.50,0.12,85.23,29.02,-9.86,93.77,0.4982992023369297,0.5274586202343925,3.727379571935162,4.038470096150413,6.9993286910187456,28.75373410107568,2.5683866837294773,2.3778424491360783,0.13632040261290967,5.224023142929936,6.797310842201114,3.2768959670793265,3.041233877185732,2.9477792908996343,8.26948749905452,4.252451209896244,1.7086465824395418,0.23785372218117118,8.294601370478048,2.416055447421968,0,,-3.26,-3.35,-4.57,84.76,117.10,900.56,139.40,1015.56,269.40,960.56,167.40,1037.56,167.40,995.56,195.40,1000.56,264.40
32.869,0,0.25,0.43,1.18,0.51,0.63,19.27,1.93,1.89,1.68,77.85,34.33,-20.16,95.92,1.8520533159142358,2.57659582530614,3.1111422469746324,3.949954456174746,3.2669075918197628,38.54761253297329,5.451483559864573,5.053082611281425,0.927773856325075,8.819280810599505,6.906054456252605,3.161238601896912,0,0.44453598964959395,3.020945592354983,4.490856056944467,0.553268882445991,6.355521273799241,7.8639921180531385,0.11895431415177882,0.8577313057612628,,-4.26,-6.03,-5.09,83.52,118.03,898.01,139.08,1013.01,269.08,958.01,167.08,1035.01,167.08,993.01,195.08,998.01,264.08
33.028,0,1.36,0.75,0.55,1.97,1.53,34.32,1.93,0.42,0.20,65.13,40.48,-28.18,88.38,0,4.664031647820957,2.0856227930961175,5.2816312664840375,3.612285365043208,13.460398061200976,4.181716345786117,0,4.2077193486038595,12.961678919837446,2.8724452005699277,0.2678342394065112,1.4570866101421416,2.5026018743868916,4.211854424029589,0.6015049495128917,5.243636931292713,4.310140326153487,5.309688095739111,5.234625048236921,0,,-2.27,-3.91,-5.09,84.43,122.00,901.96,138.22,1016.96,268.22,961.96,166.22,1038.96,166.22,996.96,194.22,1001.96,263.22
33.255,0,0.63,2.02,1.58,0.53,0.38,52.25,1.84,0.47,1.62,47.42,48.84,-44.20,90.07,2.9455448486562816,5.07519771954976,0.19614129036664973,2.6109540050849316,3.260791975441389,34.072440615389496,1.0942268627230076,1.882914967983961,2.42891856119968,22.54527367874284,7.954774169716984,0,5.169393477961421,2.919845604840666,5.229556538574398,0.2871431967522948,1.6430129697546363,5.08499183319509,5.762014653407968,0,1.230843196157366,,-1.16,-5.88,-3.34,85.19,120.78,901.73,140.87,1016.73,270.87,961.73,168.87,1038.73,168.87,996.73,196.87,1001.73,265.87
33.585,0,1.10,0.26,0.66,1.35,1.88,20.72,0.10,0.11,1.24,77.52,41.19,-16.90,93.96,3.1815330806095155,0.5236230206675829,4.8189504198217765,4.335207797735929,6.545469790147617,15.168195036705583,2.7948836197843776,2.3829179842211308,0,8.231363714963077,2.982302801683545,1.903760951012373,7.401230963878334,5.129316753381863,6.469140228200704,3.7981409680843354,0,5.084590132348239,7.531398355187848,0,1.3669978491961956,,0.03,-6.22,-3.21,85.44,121.99,900.28,141.76,1015.28,271.76,960.28,169.76,1037.28,169.76,995.28,197.76,1000.28,266.76
33.708,0,1.08,0.95,0.03,0.82,1.46,8.88,1.17,1.26,2.00,87.61,27.91,-12.80,90.90,0.32161368450149874,4.684989728499204,2.6023115324229003,5.861866898611188,4.164213294680231,29.383131862152368,4.323498367727734,1.5688753217831253,0,3.7577479359604498,8.338430465664715,4.844483759719878,0.908872788771987,1.9219248884916307,5.188586356677115,3.590216161403805,6.0528394440189,3.023069566115737,3.7608353917347266,3.3394311079755425,4.560565688414499,,-1.57,-10.20,-5.83,83.39,121.94,900.35,138.76,1015.35,268.76,960.35,166.76,1037.35,166.76,995.35,194.76,1000.35,263.76
33.919,0,1.94,0.62,0.60,1.67,1.77,0.32,1.28,1.66,2.14,91.69,34.86,-6.25,96.23,4.849449735446834,2.0155677553964777,4.592101998049766,1.3081384687032553,8.702414335417561,32.733368987217546,2.5794960752362384,4.95985928742215,1.6730292339343578,2.7059300733730196,2.4115937585011125,4.534689715132117,0.675067703705281,4.185403096079826,9.483785780575126,2.179800237384625,3.99270224198699,5.987112423405051,7.940252221846022,3.8968377138953656,2.94296198990196,,1.48,-4.87,-3.36,85.17,117.69,898.46,138.26,1013.46,268.26,958.46,166.26,1035.46,166.26,993.46,194.26,998.46,263.26
34.185,0,0.27,0.69,1.89,1.05,1.80,0.22,1.09,0.17,0.69,93.51,25.80,-1.32,89.16,0.3117924982588738,0.8174031493254006,0.8959271489223464,5.979255010839552,3.2670936571247875,35.18970987200737,5.302177544496954,4.200641507972032,3.5000678626820445,0,0,0.7754054521210492,4.097842496819794,4.047303952677176,14.365551728662103,1.2571573856286706,4.043798360507935,0,4.3077743611857295,0,4.689883864251897,,3.17,-10.52,-2.92,86.80,119.42,900.95,138.51,1015.95,268.51,960.95,166.51,1037.95,166.51,995.95,194.51,1000.95,263.51
34.472,0,1.11,1.73,0.72,1.23,0.06,1.40,1.29,1.43,0.69,92.76,34.51,-5.43,96.28,0.09733151424676212,3.0008659433573484,0.4467032045684758,5.4474317402765156,2.905897764242254,42.556015045847744,6.180851399013773,3.2685370539687573,3.993411468109116,2.0869433243013917,3.1265930542722344,0.5783489181194454,1.8225353225134313,1.6729452900215982,13.14628334267065,3.7425706947781148,2.8095939215272665,1.8241574438288808,6.574061986007727,6.008149686269462,0,,-1.62,-10.31,-5.20,85.94,117.57,901.29,140.33,1016.29,270.33,961.29,168.33,1038.29,168.33,996.29,196.33,1001.29,265.33
34.675,0,1.37,0.14,1.37,0.70,0.19,0.54,2.14,2.00,2.11,92.86,33.86,-7.60,88.80,4.145618330179714,1.8938246563309802,0.9587721462082119,5.502735631885008,7.782642770754173,36.141744846943766,1.643677268270403,5.162018436547369,3.207812278298661,3.7356889417022465,4.69754224922508,1.0004355642013252,0,2.3593969937600194,13.420115916300565,4.617840673024766,0,0,5.0112017796095465,2.521114952629432,2.495242175878957,,0.46,-6.04,-3.10,83.56,119.92,898.66,140.73,1013.66,270.73,958.66,168.73,1035.66,168.73,993.66,196.73,998.66,265.73
34.787,0,0.07,0.84,1.61,1.62,1.15,0.52,1.20,0.83,1.89,91.98,35.93,-3.24,94.31,3.954564141817391,3.1657141109462827,0,1.305851901397109,8.396602198071779,22.764816145878285,3.57331911586225,0.2641885251365603,0,4.263026601765304,4.889877621084452,0.12296732887625694,3.178252110723406,3.6705102591309697,7.029346139542758,2.9808990145567806,4.4091018084436655,1.9182003955356777,4.900322334114462,5.237918129190803,1.6010064000729471,,0.92,-10.22,-3.05,86.87,117.31,898.50,138.93,1013.50,268.93,958.50,166.93,1035.50,166.93,993.50,194.93,998.50,263.93
34.885,0,1.57,0.29,0.39,1.38,1.19,0.52,2.17,0.89,1.45,91.60,36.63,-1.87,88.16,1.2343822784768421,2.5032842972548677,1.5437738403398544,6.240929825240746,8.335192968682385,29.6091949804686,3.4015966096660124,0,0.7202964248135686,4.036363461725414,0.4370430875569582,0,0.1490730601362884,3.5751745866239073,13.67759175343439,1.3450944225257264,0.3374593476764858,5.739152934867889,7.016101210745983,2.7720821616239846,3.365445129806176,,0.82,-10.04,-5.00,83.74,119.23,901.93,140.83,1016.93,270.83,961.93,168.83,1038.93,168.83,996.93,196.83,1001.93,265.83
34.984,0,0.73,0.48,1.34,0.91,0.32,0.52,1.63,1.05,0.11,92.66,36.03,-2.38,96.14,2.4424825385399163,3.0486970075406132,1.5193920859368517,4.66710492823273,4.298801097422838,12.615434690844268,3.492593534500338,2.72825161812827,2.0162427502218634,3.6205925553105773,1.5516796102747321,4.809249055804685,2.8219862021505833,4.172180834701285,17.601300486885012,4.008942346479744,1.2911594286561012,6.978395824320614,3.3397902947105464,1.8073185805696994,0,,1.62,-7.96,-3.37,84.93,119.97,898.39,138.32,1013.39,268.32,958.39,166.32,1035.39,166.32,993.39,194.32,998.39,263.32
35.058,0,1.68,1.50,1.43,0.78,0.15,0.48,1.80,1.49,1.04,94.69,24.40,-4.44,90.32,1.74414250749629,4.1846900030272085,2.6793005122430626,2.8153677475173025,3.530707016615197,22.26250156899914,3.044697095127776,1.106753914859146,0,0,3.1076710713095963,0.39328907197341323,0.5153253427706659,3.3341685475036504,9.335225460194051,0.4865389223536476,2.4801206081174314,2.6957300710491836,6.073540453435853,4.151584541425109,0,,2.69,-6.11,-5.05,85.51,121.73,898.98,139.72,1013.98,269.72,958.98,167.72,1035.98,167.72,993.98,195.72,998.98,264.72
35.275,0,0.41,1.60,1.42,2.13,0.08,1.09,2.02,1.42,1.19,91.81,33.12,-0.57,91.47,5.292025427245536,4.125386962736957,3.6519294390641157,4.417502826014534,2.930700879921205,42.153116821311414,5.02406362798065,2.9398004750162365,0,2.07146598611027,0.10732821933925152,1.7524709475692362,4.192661521956325,4.0358279952034355,12.836830483339728,5.584241864779033,4.7845995728857815,3.2425365992821753,5.209031760445796,0.29146665963344276,3.638376434566453,,2.31,-10.38,-3.01,83.01,122.25,900.64,141.23,1015.64,271.23,960.64,169.23,1037.64,169.23,995.64,197.23,1000.64,266.23
35.432,0,2.10,0.78,1.25,0.78,0.96,1.15,0.02,1.64,1.49,93.98,30.76,-7.27,93.76,4.910858622030355,2.1191752119688316,4.534363031322137,4.740405855355784,6.393759465920739,10.252275643870234,2.91003619779367,4.796549794767052,2.487048029899597,2.5705578246153893,4.157021721359342,5.681301102973521,8.028881654608995,4.151957955118268,11.064835864752531,0.28546870675403646,5.874597512185574,3.82708337623626,4.86920910420362,4.0786250019446015,0,,1.56,-9.60,-3.83,86.26,118.09,899.67,138.07,1014.67,268.07,959.67,166.07,1036.67,166.07,994.67,194.07,999.67,263.07
35.639,0,1.79,1.24,1.86,1.08,1.70,1.30,1.48,0.75,2.20,91.88,27.17,-2.12,94.67,5.622299645729363,4.12517223036848,4.180029849237762,1.9012295105494559,7.511566588724963,35.39502097433433,5.6459060705965385,4.837122644111514,2.430366619490087,3.3116080805286767,1.2370448154397309,0.31119765317998827,3.750070234760642,1.085128038218245,15.479060584828257,0.15915311302058388,0.659212052822113,3.4100273931398988,4.326732378941961,4.377620186889544,0.022651621839031577,,3.30,-11.09,-3.45,83.27,121.94,901.21,138.56,1016.21,268.56,961.21,166.56,1038.21,166.56,996.21,194.56,1001.21,263.56
35.832,0,0.59,0.99,2.12,1.10,1.08,0.07,1.12,1.20,0.05,91.77,33.72,-5.00,89.99,0.6656619740929455,3.818608311377466,2.92984470685944,2.1972656078450385,5.762510356055572,26.34230519272387,3.6461623553186655,1.4429665447212754,1.6807627747766674,0.539791719969362,3.573286570608616,3.77507840259932,4.051235987339169,1.763408585935831,8.430238871015607,0.40236777983605876,0,5.449947405140847,4.2159873974602675,3.638645844301209,3.0946827521547675,,3.81,-9.54,-2.70,83.01,122.39,899.79,141.99,1014.79,271.99,959.79,169.99,1036.79,169.99,994.79,197.99,999.79,266.99
36.099,0,1.22,1.50,0.95,1.66,0.79,1.25,0.86,1.85,1.50,91.88,32.70,-2.63,95.52,0,3.2003149072406814,1.6473433885164557,3.6262290025968107,3.396473063468002,51.30361303500831,5.135879977536388,1.2235110122151673,2.792594463098794,3.629581727292389,3.5114482641220093,3.0561224699486047,2.325749429874122,0.34989719333127134,11.435398228093982,1.087155619007535,5.337818798609078,3.6598406955599785,6.305444124289789,6.967988057993352,4.147519967984408,,1.82,-5.66,-2.87,83.00,121.51,900.26,140.08,1015.26,270.08,960.26,168.08,1037.26,168.08,995.26,196.08,1000.26,265.08
36.333,0,0.60,1.88,1.39,0.51,1.54,0.01,0.98,1.61,1.12,94.55,34.26,-6.50,74.04,3.456627703020349,0.19126270534470668,4.638723884536885,4.7350327195599675,3.5291232933849095,28.455977737437934,3.6148766773752867,2.938660712614656,6.085769653785974,2.283126001767814,6.982309717219323,0.001766597619280219,7.49948006356135,1.4776138480659573,11.380235057864338,0.9575150730647146,4.412672416772693,0,3.9627844448387624,1.0818458262365311,0,,1.85,-5.50,-3.75,84.72,119.73,899.38,141.28,1014.38,271.28,959.38,169.28,1036.38,169.28,994.38,197.28,999.38,266.28
36.618,0,0.96,1.20,1.08,1.18,1.06,2.08,0.21,0.66,0.70,94.48,32.50,-7.72,89.84,0.8260061127226801,4.930946468235925,5.358303682645783,3.479059819560498,4.445076258899644,22.63522036280483,4.821983164362609,0.19925428392365596,0,4.135264020524919,3.723574323579669,3.762702935608104,2.9434873606078327,1.558450259473175,8.267101849596948,4.570705786822364,3.7297265394590795,3.6059792465530336,4.7378257739823315,4.003398973960429,3.499996190657839,,6.80,-7.93,-2.43,84.27,121.23,901.54,140.62,1016.54,270.62,961.54,168.62,1038.54,168.62,996.54,196.62,1001.54,265.62
36.934,0,1.01,1.27,1.86,1.58,0.41,0.00,0.05,0.81,1.72,92.42,30.73,-3.59,93.69,0.5208474526181819,4.02248294991441,1.056808876777068,5.4894596841186285,2.6224625690001995,24.166473440360278,5.05313364781905,0.8182339205779137,0.06138461432419717,3.566504995767027,0,3.4761288757435977,6.132802622392774,3.3917896161414682,10.777858144622297,2.5902150845061986,1.903885361738503,4.591216798406094,4.839917205525563,2.3507900706026703,1.2517199967987835,,2.02,-8.37,-5.21,86.85,122.22,898.90,138.67,1013.90,268.67,958.90,166.67,1035.90,166.67,993.90,194.67,998.90,263.67
37.045,0,2.06,2.13,0.62,0.26,1.22,1.31,1.10,1.53,1.69,92.31,32.22,-3.02,88.95,1.4402331584924832,2.3463871825253593,1.7129804536560553,3.115391112910584,5.829208398745395,25.29738848377019,4.470295948791318,4.831613321322948,1.9568404615856707,3.8888740381598472,7.020685308147222,4.78334084386006,4.48550975555554,3.098621874274686,13.830248639024795,3.392262369771488,2.862020351924002,1.076392647344619,6.362622998110019,3.024384463671595,1.9714653021655977,,3.40,-5.06,-3.10,85.87,119.42,898.82,139.73,1013.82,269.73,958.82,167.73,1035.82,167.73,993.82,195.73,998.82,264.73
37.304,0,0.22,1.68,2.12,0.45,1.12,0.21,1.86,0.47,2.00,94.41,30.40,-7.88,91.17,5.000611509853043,0.42154034019913533,3.173222043812275,1.580625931611285,6.180439734729007,31.28633679030463,6.764106383733451,1.5958848651126027,2.8179096470121294,4.02891748348251,0,0,4.027111820876598,2.9514600519277154,13.715237432736902,0,4.98698746226728,4.368217810057104,3.7686653080675754,0,3.5902371634729207,,6.50,-6.26,-4.83,83.50,122.17,898.89,138.27,1013.89,268.27,958.89,166.27,1035.89,166.27,993.89,194.27,998.89,263.27
37.379,0,2.15,0.81,0.21,1.59,0.41,1.42,1.19,0.30,1.12,94.31,33.25,-0.05,93.31,0.14723948152735833,3.060346036404371,2.219499413487502,2.580541950874031,7.72050011917483,49.64675868395716,0.8011504305293782,0,1.2392558858264238,4.585349985081702,3.1795861199498177,2.693770899437368,1.8863908066414297,1.6251630538981408,7.56103139963001,1.2051327419653535,3.1242076540365815,4.594825237058103,2.697236645952798,2.7495037550106645,1.1979488697834313,,6.52,-4.39,-4.81,84.76,119.12,900.12,141.51,1015.12,271.51,960.12,169.51,1037.12,169.51,995.12,197.51,1000.12,266.51
37.663,0,0.43,0.73,1.24,0.74,0.59,0.16,2.18,0.08,1.00,92.16,26.10,-0.12,93.62,0.897079002838582,5.037654233165085,0.49881304906215496,1.9066377323307098,7.665179006275721,32.98924666270614,4.611981759686023,3.0515603034943344,0,1.6173593989014625,4.6242285165935755,1.2174635450355709,4.153473691083491,1.5962370205018668,8.44791527884081,0.2864293991588056,5.238002419937402,5.982860430609435,8.524151815283112,3.2686477969400585,73.6360697275959,,4.63,-5.64,-5.09,85.04,119.80,900.47,138.70,1015.47,268.70,960.47,166.70,1037.47,166.70,995.47,194.70,1000.47,263.70
37.821,0,2.20,0.70,0.23,1.18,1.67,1.24,0.27,1.73,0.82,93.35,33.21,-1.85,95.25,4.276617127535864,3.74557271017693,0.9887689159391448,0.8555249264650047,5.191456195097416,51.37342242710292,5.032053079875186,3.5681097633764147,6.524911112384871,5.442493663709611,4.772468511946499,3.117676086490974,6.886305187828839,3.0799316728580743,10.756645046547055,4.920669785747305,2.5678926813416183,0.6582205276936293,4.689800123386085,5.567400841508061,1.9943909731227905,,3.41,-5.58,-3.64,85.11,121.52,901.92,141.58,1016.92,271.58,961.92,169.58,1038.92,169.58,996.92,197.58,1001.92,266.58
38.111,0,0.71,2.14,1.76,0.33,1.28,0.18,0.89,0.88,2.06,92.40,32.15,-4.59,90.76,3.7194648286886514,1.6196290594059972,2.5247158458735797,4.836452286560088,7.004875756567344,42.28923173015937,2.767743303347379,0.2962503204308451,4.633764130761847,0,1.4883563672192395,1.347291890066117,0,4.249796363301575,10.16803641781211,2.730647761905566,0.9560363595373929,3.0127761871553957,4.6174832705874,0,1.9088653377257288,,3.26,-6.04,-5.60,86.73,117.37,901.88,139.20,1016.88,269.20,961.88,167.20,1038.88,167.20,996.88,195.20,1001.88,264.20
38.279,0,0.33,0.54,0.46,2.01,1.82,2.18,0.29,1.61,0.88,93.27,33.31,-1.23,92.27,2.134424785277806,3.870512310392223,1.2968726332066582,0.28700037107802956,7.076954877763056,43.585977954324335,4.2882947123609485,4.304193857349455,1.4058281562756747,4.40252941545099,2.0836045257747173,3.732857001479715,2.0674187815748155,2.774594726404175,3.8077116071991624,4.0440381698170675,0,7.577197056263685,8.954612294123507,2.0450563956983387,0,,4.45,-8.17,-4.01,84.61,122.49,901.65,139.47,1016.65,269.47,961.65,167.47,1038.65,167.47,996.65,195.47,1001.65,264.47
38.353,0,0.64,1.08,1.73,0.81,1.91,1.83,1.42,1.26,0.50,92.79,31.92,-2.86,94.21,5.246007953584194,1.0856090959161522,0.9754805082827804,4.647015168834478,5.935310433879494,40.56112637743354,4.688513323385268,4.956589241567999,3.954103832365945,0.10815287666395301,0.7656025649048388,0.8486414938233793,4.237301029264927,0.921828109715134,12.920548326931893,2.0612497953511775,0.6687212330289185,4.720041167922318,6.524390267077834,7.0968664567917585,1.680270956363529,,8.26,-3.71,-3.94,84.19,119.76,899.83,138.31,1014.83,268.31,959.83,166.31,1036.83,166.31,994.83,194.31,999.83,263.31
38.568,0,0.62,0.08,1.17,1.54,0.91,1.63,1.56,0.44,0.64,93.83,24.69,-7.86,89.49,3.9524589236266907,2.722341218404472,3.4509120968170466,3.575463317371905,6.727209146739915,21.208737562410533,5.199938130122609,5.251424327977002,1.9476256682537496,2.321405533514917,7.179866796825081,0.2116952622309327,4.045115409884602,1.6685865114070477,13.24345853768289,4.179459499884397,0.3167659663595259,0,3.812854320323095,3.995979521656409,2.227174423635006,,7.92,-6.09,-5.15,86.85,119.82,900.89,139.89,1015.89,269.89,960.89,167.89,1037.89,167.89,995.89,195.89,1000.89,264.89
38.905,0,0.09,1.24,0.38,1.24,1.01,0.94,1.06,1.38,1.68,94.32,33.76,-4.46,87.27,2.1721554004354404,1.2079531402094288,0.36262962367385665,6.048135788375512,4.356928385808133,22.763758847955614,2.695075113931671,0.03108989411965002,5.0250174754764885,0.5560127220861615,1.5546968104317784,0,2.0697087412700057,0.6236054483056068,5.78699328802526,3.715185220860876,0,3.805888555943966,4.192663207002916,5.630097736371681,0,,8.59,-6.66,-4.33,86.70,117.80,899.68,141.91,1014.68,271.91,959.68,169.91,1036.68,169.91,994.68,197.91,999.68,266.91
39.099,0,0.26,1.16,0.98,1.62,1.39,1.14,0.51,0.17,0.73,93.17,24.00,-3.54,90.78,0.6040748893609269,1.0189732790226116,3.224534591799602,4.691403701538221,7.472897826768458,8.620221112389117,1.592307278770022,3.8105704096145927,2.985410964814946,4.215957298576832,6.030852422118187,0,1.774034564383328,4.015051155071705,11.265795364305376,1.9769641955709085,2.299091298133135,2.4595738369971514,6.235762313902378,7.347441049292684,0,,6.57,-5.15,-1.84,83.81,122.66,901.02,139.67,1016.02,269.67,961.02,167.67,1038.02,167.67,996.02,195.67,1001.02,264.67
39.186,0,1.91,0.50,1.27,1.62,0.88,1.87,1.35,1.33,1.06,93.51,29.35,-1.40,88.10,5.016744133848697,2.4488136779982597,1.7293574264412745,5.472379886284471,5.323738868711517,36.576717438641936,5.381489387759939,4.4493299748189745,2.02185637364164,4.8620789930038155,1.811551891732961,4.684070128016174,1.0436649871990085,0,13.70990155171603,3.7029911463614553,3.591219914611429,6.101214575115591,4.591025210851804,0,2.623369371984154,,4.30,-3.58,-4.74,86.23,118.97,899.41,141.98,1014.41,271.98,959.41,169.98,1036.41,169.98,994.41,197.98,999.41,266.98
39.454,0,0.08,0.01,1.97,0.66,2.10,1.58,0.32,1.26,0.46,91.84,29.54,-4.78,96.17,2.476983854589052,3.267118124128319,0,0.5800157324504109,4.069230366195552,14.435702806338668,2.787815907271579,4.961358527187258,0,0,5.865184291731566,7.437465242110193,3.9168997826054692,2.430234636813402,5.0099160610325635,0,2.36478889035061,3.3765182117931545,5.923538539302536,3.198210693662986,0.6355404937639832,,3.26,-2.83,-1.17,86.15,117.43,900.58,140.78,1015.58,270.78,960.58,168.78,1037.58,168.78,995.58,196.78,1000.58,265.78
39.686,0,1.15,0.52,1.10,2.08,0.94,1.01,0.63,0.29,1.80,93.51,28.08,-0.51,87.82,3.209753431947902,2.785640517389402,1.785759486900643,5.895007065963,6.220165747464635,25.59973848517984,4.94993002039846,2.2519716700725256,1.8919051971752197,1.050599361490458,4.498777981381863,2.5048545466270298,0,0,14.744676861185582,4.320189157305285,5.362199934665114,0,7.605691610421054,1.0721621273551136,0,,7.79,-1.03,-1.14,86.76,121.62,901.53,140.34,1016.53,270.34,961.53,168.34,1038.53,168.34,996.53,196.34,1001.53,265.34
39.889,0,0.48,1.07,0.93,0.54,1.94,2.17,2.04,0.93,0.18,91.87,27.52,-0.52,93.48,0,0.44425314553082007,4.118621787671,2.89442342877388,5.0602143381349745,40.40059260558337,3.1061399738304316,1.5328874095156788,0,1.3299349230900406,0,5.322218078654259,4.440928615629673,4.343045756649226,11.395450228489935,5.093665000963956,3.8802454294636846,5.143903673160821,5.32542781682685,4.098278184654191,0,,7.57,-0.65,-0.88,86.44,121.51,900.50,140.07,1015.50,270.07,960.50,168.07,1037.50,168.07,995.50,196.07,1000.50,265.07
40.130,0,0.84,0.39,0.22,0.08,0.02,1.84,2.13,0.40,1.57,93.33,28.85,-3.29,93.46,4.948303692503832,2.160936383833177,5.203531569521875,4.003875582264737,2.6862515875324604,22.84406289458275,5.703726955200546,3.607021464202553,1.9201448957901448,4.913788180463016,0.48939471412450075,2.2047015673015267,5.613184612244368,0,14.935605942793192,3.2061629721848295,3.0448674322105944,3.102380203548819,5.51906945867464,2.8105141702108085,0.3692940871696919,,8.42,-5.36,-2.86,83.96,117.54,901.24,138.47,1016.24,268.47,961.24,166.47,1038.24,166.47,996.24,194.47,1001.24,263.47
40.400,0,1.20,1.22,1.51,2.20,0.19,1.49,1.98,1.58,1.58,91.83,35.99,-5.06,91.65,4.038868062440306,5.395360256452113,0.3246810116479173,6.1355583624541765,3.005132338129915,24.067458288744092,3.503091693506576,1.8216187216341497,0.7341877652797848,3.0275482477247717,4.12723992113024,0,3.188216859474778,3.5775353539083152,12.858046109434216,5.44122265310958,1.5105026671662927,1.9320702757686377,4.204785635354929,4.196615798398852,3.658947807038203,,7.03,-1.15,-1.57,85.87,121.53,901.73,141.71,1016.73,271.71,961.73,169.71,1038.73,169.71,996.73,197.71,1001.73,266.71
40.715,0,1.34,1.08,0.54,0.89,0.27,1.42,0.28,0.42,1.24,94.84,29.63,-7.11,93.56,3.3650804393598808,0.5379024801077321,5.844931574543007,3.9591810315009206,2.453428701502271,50.09807309508324,4.08792789739091,0,0.7472867250908166,0.4988789991475642,6.191262981388718,1.5274212339427322,0.6329817431978881,0,10.229920967761426,0.143288921075873,1.6981180403381586,0,6.365984678673558,0,3.3673600084148347,,4.41,-0.69,-1.01,86.81,120.48,899.33,141.05,1014.33,271.05,959.33,169.05,1036.33,169.05,994.33,197.05,999.33,266.05
40.911,0,1.55,0.77,0.96,2.10,0.45,0.67,1.46,1.89,0.29,92.67,26.03,-4.39,92.56,0,2.424972598697059,0.6307758262194691,2.9668028415646406,6.0048991128942,11.981242523994297,6.409908117586747,2.248229502681643,1.9159987228922546,3.4002116441726686,0,1.8882189693395048,5.731576904654503,0.10299892242997899,13.245925745759159,5.095602605831809,3.9192451033741236,2.6850563418120146,7.1903292872989555,0,0,,3.69,-2.08,-0.06,84.86,119.12,900.33,139.36,1015.33,269.36,960.33,167.36,1037.33,167.36,995.33,195.36,1000.33,264.36
41.132,0,0.12,0.83,0.40,1.12,0.12,1.81,1.07,0.81,1.51,92.52,34.46,-7.60,95.30,0.40982034916523835,0.7696323008975012,1.8885756347188725,1.2686276128795,2.208507228526287,49.647516794502735,5.9866728113498535,0,3.998667974723503,1.0440376375056806,8.01374090462923,2.0099400701001287,0.9230640633031726,1.906302708433941,11.936511043328792,3.2315692008892074,2.919056087732315,6.150837283581495,6.1926377365598455,5.026885301573202,1.3584606391377747,,6.21,0.60,-0.64,84.77,122.40,898.41,139.20,1013.41,269.20,958.41,167.20,1035.41,167.20,993.41,195.20,998.41,264.20
41.416,0,1.48,0.88,0.25,1.25,2.04,1.11,1.82,0.63,1.68,94.56,33.39,-0.88,91.93,1.5987654649093748,2.106014541722834,1.640218396345154,2.5232669308967886,4.656656108722091,27.972473468165845,1.824409370101057,4.737997094374149,1.889647105941549,2.727458525300026,5.206696774810553,0.09097227756865323,6.920457503758371,3.7185683133266867,15.889000074956567,4.673610648736357,0.9189654854126275,6.62182879447937,6.267087759952993,2.1612132743466645,82.26431509992108,,5.26,1.32,-2.71,85.92,122.55,901.36,138.22,1016.36,268.22,961.36,166.22,1038.36,166.22,996.36,194.22,1001.36,263.22
41.654,0,1.01,2.05,2.02,0.78,0.58,0.26,0.39,0.95,0.19,94.18,34.57,-0.54,96.54,0.3404964512586597,1.3679209702182562,1.3307659191545098,4.492983449120074,3.831174044194631,33.27015509130433,3.987582868384197,5.702375243380666,2.3640277886297554,0.4808974232897163,4.577171285636723,6.684041311731562,2.0051164641045034,4.707426625024527,13.032907805982976,2.078750223936513,1.52272237977013,3.0180233628489077,5.769358252570965,2.0241881052497774,3.1266204840503633,,6.02,-2.02,-1.97,86.59,122.64,900.96,138.04,1015.96,268.04,960.96,166.04,1037.96,166.04,995.96,194.04,1000.96,263.04
41.798,0,0.07,1.79,0.98,0.99,1.48,0.14,1.89,2.03,1.04,94.36,29.07,-5.23,90.91,0.22797855085227647,1.4723049329826607,2.6811004096921534,2.6472924655955286,5.569605915779248,51.56501802522689,6.309305352787487,0,0,5.00025911649689,2.4205606654286385,4.5113342818804085,5.788397960364819,4.514589750897139,13.79158400863409,0.9029316039150581,1.8944929214194417,2.764470651745796,3.4193914694618437,7.025470336666331,97.59609769238159,,5.50,0.95,-3.51,85.78,122.17,900.43,141.74,1015.43,271.74,960.43,169.74,1037.43,169.74,995.43,197.74,1000.43,266.74
41.908,0,0.75,1.84,0.54,0.48,0.38,1.18,2.04,0.20,1.78,93.21,25.94,-3.17,96.78,5.444408271224238,1.765255808713846,0.7728457772312685,0.6658387480210513,4.82357257259544,42.838079725857824,1.149339635204524,4.303672120850534,0,4.459039848856628,3.769878890365362,4.44775112811476,2.6684253523126245,2.522742961430922,11.425721075199544,4.629743108269759,3.626218072604388,9.133568704593927,7.668931754925288,0.0415227091871202,1.7964338483288884,,3.78,-0.08,-0.98,84.97,119.24,900.31,139.44,1015.31,269.44,960.31,167.44,1037.31,167.44,995.31,195.44,1000.31,264.44
41.983,0,0.85,0.91,0.65,1.60,1.08,0.60,0.25,1.58,1.88,92.53,32.74,-4.57,92.95,2.3888833818770943,1.5510589354205875,3.581423083455302,4.320516239441931,3.199040194130503,34.98879995197058,3.5158200956415384,2.3012765019945802,3.90025765937753,2.973295737504959,3.8790600383654237,0.7929091393016279,0.6590892300009727,0,12.342782617229968,0,0,2.2332080914638937,2.9785645704390484,0.02374502900056541,1.7176353768445551,,3.45,4.13,-0.28,85.67,122.08,898.99,139.73,1013.99,269.73,958.99,167.73,1035.99,167.73,993.99,195.73,998.99,264.73
42.316,0,0.83,1.55,0.74,2.17,2.04,1.27,0.70,1.94,1.92,93.49,36.37,-3.89,88.25,3.094329025461339,3.0318717648973688,3.4533024558704346,1.945480475118384,8.854799627857282,48.8593207411468,2.1825610510306435,3.9390997771546243,3.681515199597925,2.3418190052174035,0,1.1695569001603872,2.2463626004755497,3.6571257652156053,12.14334200013429,0,1.1868291534483433,3.852932073175907,5.9352803072799,0.5018789088353515,0,,1.62,2.15,-2.09,86.06,117.92,901.35,139.61,1016.35,269.61,961.35,167.61,1038.35,167.61,996.35,195.61,1001.35,264.61
42.388,0,1.45,1.58,0.45,0.42,0.04,0.69,1.80,0.24,1.90,94.58,27.08,-1.44,94.13,2.044552394649945,1.1835775685263799,2.8378121323976666,5.539132551727817,5.945048118350096,32.70702484436333,1.043533911369741,2.3728897167555987,0.5125589470844716,1.356050036288798,2.43898159917444,2.43731539696455,1.1986272507347167,1.7970937027037142,9.511121078785509,2.8373417482385412,3.7135054911486804,0,4.788064961559139,1.6356286171358079,3.5339630108792335,,4.70,3.03,-0.91,86.14,118.06,900.19,141.27,1015.19,271.27,960.19,169.27,1037.19,169.27,995.19,197.27,1000.19,266.27
42.604,0,0.07,0.97,1.09,0.67,2.05,0.70,1.82,0.13,1.93,93.28,34.42,-5.38,96.52,1.1034293701592834,4.520501722674817,4.646900181816891,0.6465961452759803,4.595430642827414,38.731092093512416,1.7892472341889514,0,1.0629972841124982,1.7162473013252022,2.8590950346551836,0.7402055289130658,5.081405564211309,0.6629130141809583,9.161899101901799,3.1430557261779906,5.213781796395779,0.565344215836376,4.903875987571665,4.555846900679171,2.9621794600971043,,1.26,3.92,-2.07,84.15,120.36,899.04,139.27,1014.04,269.27,959.04,167.27,1036.04,167.27,994.04,195.27,999.04,264.27
42.669,0,1.38,0.54,1.31,1.51,0.44,0.86,1.06,2.12,1.13,91.89,30.38,-3.37,92.32,2.5425113146426157,2.783497987058945,2.1610759788472205,4.266815672097728,6.306283996687271,44.2955416534096,4.026209674822167,2.9697016296349465,1.125628418289125,5.185491594821215,6.275284310337156,5.449222192168236,4.631862635258585,1.3316089299321177,9.750960425268858,3.308873825087212,3.4036607472226024,8.710265926085413,6.833001742656343,3.97723251581192,3.862258961889893,,1.02,5.26,-0.32,83.20,122.26,899.28,140.71,1014.28,270.71,959.28,168.71,1036.28,168.71,994.28,196.71,999.28,265.71
42.990,0,1.79,2.18,0.72,0.09,1.69,0.56,0.82,0.75,0.43,93.07,36.46,-1.85,96.82,2.532945426898077,1.2945130324456842,1.3433819390228021,0.6554706783965232,5.1622782515222205,29.257505651097745,4.907586587546393,3.5488037669658663,0,3.151739113312215,1.6050983578898013,5.251608308171853,7.193778484594077,1.3035830285493284,13.096127494256944,4.608751549748703,1.888091272674501,4.874411930330098,4.60954292751383,3.934288165764883,0,,-0.38,1.67,-0.91,85.68,117.85,900.89,138.41,1015.89,268.41,960.89,166.41,1037.89,166.41,995.89,194.41,1000.89,263.41
43.209,0,1.91,1.07,2.10,0.55,0.98,1.68,0.28,1.41,6.36,89.73,31.04,-4.58,90.87,1.3250208130035221,0.7228636433603244,4.0165639549491265,5.129732834650204,4.2408201477117835,13.60121718980372,3.2064682242460547,3.9218491963669657,0,0.9215546286292375,2.460904283914715,2.4960336443036795,4.430541857611388,1.9411221726145595,12.921845320649446,3.164524031481706,0.0077112047001719475,5.236067798919976,6.078499368317425,3.075944582466036,4.2934642501641065,,2.23,6.48,-0.42,85.99,117.10,899.14,141.46,1014.14,271.46,959.14,169.46,1036.14,169.46,994.14,197.46,999.14,266.46
43.318,0,1.20,2.14,2.20,1.98,1.66,1.94,2.09,1.38,10.12,85.07,29.53,-9.85,87.88,7.092496703057154,3.7188592436956243,9.366583181316173,3.8226594280544663,7.414622175833211,45.594991243910044,3.71195635907352,2.003028267417103,2.2129958528093994,2.015965329501778,6.670817908365279,0.7698876766953617,0,3.2172969117667525,6.987980208843947,1.9773283028183504,1.1939406055025756,2.492419496178627,8.414829336060212,3.4907729271799326,0.6673853031825274,,3.91,1.43,0.66,86.03,120.14,898.71,139.67,1013.71,269.67,958.71,167.67,1035.71,167.67,993.71,195.67,998.71,264.67
43.612,0,1.80,1.77,0.81,1.49,0.15,0.41,1.09,1.63,30.64,67.81,42.46,-14.76,72.87,8.20528307529908,0,13.758128848723999,0.8627570192795249,2.2166261158324776,42.16152536775917,2.2898436669260263,4.320182573217899,5.527197431074455,3.6309904603101315,0,0,4.0162688051350415,5.336623868253082,12.381698528807611,5.304314320585691,0,3.968858817592263,5.972440649177879,0.09393534925766289,4.383326474111527,,1.55,6.71,-1.00,84.43,120.00,898.96,141.00,1013.96,271.00,958.96,169.00,1035.96,169.00,993.96,197.00,998.96,266.00
43.876,0,1.60,2.17,0.44,0.69,0.10,0.79,0.21,0.76,48.44,52.86,45.83,-19.91,92.72,10.066558431955025,2.47304791836068,22.735411061039137,2.366013158429414,3.4400299034733326,18.933250007685274,1.1495403196895495,0,0.587740137707442,1.9911652007326484,0.5567410960793495,0.13111085258424282,7.57201868109405,3.9545627351477743,10.189955209437759,2.210493287462741,0.38590434193611145,1.1260872185230255,3.2617756247427314,0,0,,-0.92,1.55,-0.49,83.74,121.79,900.13,141.59,1015.13,271.59,960.13,169.59,1037.13,169.59,995.13,197.59,1000.13,266.59
44.057,0,0.04,0.67,1.32,1.80,0.59,0.47,1.83,1.64,53.35,46.02,48.22,-22.00,93.97,12.545805003323833,1.3070882899919525,22.87211557220157,2.9729811196681113,6.928789705238305,24.874017463065684,1.5909397943411023,0.7856147010996937,1.7235992092173547,3.2408049131929877,4.161189143545926,0,8.573931651189923,0,6.027363419067115,4.318046132917516,1.654321859125048,8.415230219252408,4.308341808808036,1.6876108418218791,4.827058490831405,,1.08,5.07,0.15,84.62,121.11,898.29,138.07,1013.29,268.07,958.29,166.07,1035.29,166.07,993.29,194.07,998.29,263.07
44.119,0,0.27,1.41,1.71,0.82,0.62,1.38,2.04,1.20,68.94,32.30,64.34,-25.47,90.19,17.646726926193676,3.4001338231377307,29.728231887963805,0.8876643636077644,3.6729385840194304,11.138770403340459,4.753711652196944,2.481178182326257,1.0948959407396615,1.2631207909621298,0,0,2.465723587665707,2.650289520835504,6.75330952282995,3.601412811372429,1.0532764219678938,8.331706962548196,4.158086243658326,1.2636949266307056,61.67397869518027,,-1.83,3.45,1.45,86.85,121.39,898.48,141.51,1013.48,271.51,958.48,169.51,1035.48,169.51,993.48,197.51,998.48,266.51
44.247,0,1.78,0.81,0.13,0.71,0.01,0.68,0.60,0.50,59.40,41.14,51.03,-23.28,88.89,15.630140130417406,4.405372791178524,28.440183901465463,2.224942736234516,5.910106379752978,34.42775106616318,3.18960262327455,1.198878922443837,0,2.547186911199242,3.2999703576788306,3.826517350040376,4.7567525720223784,3.113914834400639,7.799748368989676,4.689462408628315,1.0244134073145688,3.8299878481775522,4.100026188893244,2.05341640743427,67.13444979023188,,2.18,6.83,1.24,87.00,119.14,900.41,140.32,1015.41,270.32,960.41,168.32,1037.41,168.32,995.41,196.32,1000.41,265.32
44.511,0,1.83,0.64,0.28,0.49,0.49,0.20,0.63,0.90,45.73,54.09,47.65,-15.67,94.76,13.412435915094767,5.06694210274145,22.968648786622964,0.9967605528980492,2.6649728828156363,26.056488000322133,0.3131402411730959,0.8628424951620399,3.2769493111409247,0,0,5.316741202026606,1.8122100443579257,4.814611624069512,7.041129476390779,1.9942533350549638,4.007796850055456,9.58940189378336,3.646183450832032,0,0.3140647381078452,,1.50,4.08,0.04,86.55,121.80,899.36,139.29,1014.36,269.29,959.36,167.29,1036.36,167.29,994.36,195.29,999.36,264.29
44.845,0,0.97,0.81,0.38,0.31,0.53,0.42,0.52,1.29,17.34,79.20,41.30,-10.17,91.14,2.8426630928634973,0.5034716919530182,7.052653831385509,1.3158165257424117,6.579925261521712,21.16352753667161,5.135932512977161,1.424068786147982,1.4736403364222497,4.6727690118551255,3.989831448532641,6.967914468143135,1.9058961002156138,0,5.599114412050694,3.321122257793322,2.378777720965445,5.635411989875138,7.414667849736288,0.5846036043949425,1.2446969957090914,,-2.09,7.50,2.38,85.60,120.62,898.40,140.27,1013.40,270.27,958.40,168.27,1035.40,168.27,993.40,196.27,998.40,265.27
45.055,0,1.12,0.56,0.65,2.07,1.22,0.58,1.22,0.11,7.24,89.13,30.24,-8.69,95.88,3.859695618033545,0.7939830828225238,8.449939049775054,2.827394291376695,3.8644374994514514,33.99306170968339,5.4823344589909535,3.971172736696899,3.4228400678839535,0,0.44358970457687974,0.2646996467374265,2.6295733018778265,2.6268677102588116,14.153433929532767,1.7953123926604166,3.4380385763943195,6.748534580692649,6.159558483273722,5.249560144729912,3.413090093526989,,-2.83,8.17,-1.57,83.02,118.39,900.26,141.58,1015.26,271.58,960.26,169.58,1037.26,169.58,995.26,197.58,1000.26,266.58
45.127,0,0.36,1.52,0.97,1.72,2.01,0.15,0.40,0.17,5.93,89.64,34.12,-3.41,94.02,0.8318427293264552,4.690876275673508,3.233704811736245,2.9693971636518834,5.487855129437521,14.029080674052238,5.16601060142275,4.236394898667932,0.8060092250816524,3.328401675913483,5.609190536197275,3.403735621832311,2.717364982701838,0.5625679588224739,9.078315949179231,0,0.9421669477596879,5.68630031729117,6.23012545621954,1.7068481026217341,3.5482671190984547,,0.56,6.79,-1.55,86.29,120.91,899.51,140.19,1014.51,270.19,959.51,168.19,1036.51,168.19,994.51,196.19,999.51,265.19
45.431,0,1.81,2.18,0.26,1.33,1.74,0.23,0.68,0.91,1.54,93.35,29.66,-7.04,96.51,1.0327411423576995,1.1888194129103793,4.234711097823457,1.58053667251952,8.671686458848416,24.72950212378055,6.1102251395815985,2.667550171762705,0,0,0,2.3349618643987924,1.008430514484644,3.6807946273311973,9.65646861266345,1.6612572807772086,0,4.764861183706671,8.851072627361864,1.8763213199563324,0,,0.58,6.02,-0.08,85.89,119.07,901.52,140.09,1016.52,270.09,961.52,168.09,1038.52,168.09,996.52,196.09,1001.52,265.09
45.493,0,0.18,0.80,0.00,0.54,1.85,0.45,1.56,1.99,0.33,93.77,30.23,-7.11,96.49,1.7284646663349124,2.24449889594689,2.0665119491517543,2.4846142592467366,3.3772262123459953,43.41059631900862,5.558492115838453,3.7150847819820045,0.5495710582472384,1.1837957978434863,6.282419177703559,1.3857326118741184,0,3.883217194676399,4.226935889571905,2.9185939775779843,4.573197366669774,4.923265236895531,5.076335954512469,0,0,,1.02,10.14,1.42,86.74,121.37,899.85,139.58,1014.85,269.58,959.85,167.58,1036.85,167.58,994.85,195.58,999.85,264.58
45.587,0,1.74,1.68,0.31,0.11,0.46,0.69,1.97,1.75,0.72,94.67,28.73,-4.64,96.52,1.2018325382098558,1.8635612133890391,4.6335222814325245,3.5953826509788636,2.9355532393837347,19.491296669002622,2.5014257265720516,3.742937451042235,6.229240525513887,1.0591377417929468,7.63103411346674,2.638848946429789,7.564088987186551,0,10.400849493145943,4.09255363367498,0,2.255389104131609,7.203141640718095,2.4123066645115614,1.4579252740368247,,-4.98,10.35,-0.35,84.90,121.01,901.95,141.62,1016.95,271.62,961.95,169.62,1038.95,169.62,996.95,197.62,1001.95,266.62
45.912,0,0.26,0.14,1.15,0.12,0.58,1.66,0.38,1.80,1.58,94.33,25.84,-4.03,93.13,3.1173944338317963,4.362674556067214,2.0593659507343545,1.868507277909666,7.602074107942172,34.172740726266056,5.0989285781048235,0,3.1299024673644453,5.433165375515818,2.279464651364833,2.184579970082268,0.707764676772058,0,11.221745935902,2.2750525050889703,2.449653654359281,1.8293242738582194,6.726910828626715,5.463746189605445,0,,-4.89,9.97,2.45,85.79,122.32,901.94,138.95,1016.94,268.95,961.94,166.95,1038.94,166.95,996.94,194.95,1001.94,263.95
46.050,0,0.61,0.30,1.42,0.73,1.64,0.60,1.27,0.83,1.67,92.31,27.54,-6.66,93.41,5.705341952862218,5.39799956693314,4.059282436738722,5.6358014005981385,7.279725141981617,25.217246865853667,6.384342887345701,2.1807003858685494,4.469114976469427,1.064696382228285,3.116084778215736,1.1900455672293901,0,0,10.029023619052023,0.029227754911407722,3.0251520415768027,4.556889975909144,4.534617275735363,0.36185197974555194,2.1445188287179917,,-5.10,8.23,2.07,85.84,118.39,901.77,139.61,1016.77,269.61,961.77,167.61,1038.77,167.61,996.77,195.61,1001.77,264.61
46.162,0,0.34,1.01,0.35,0.21,1.97,0.40,1.12,1.17,1.45,93.20,35.32,-2.45,92.66,3.9528250089474026,5.4100195383653045,1.8207087788917122,2.8864254494011403,8.383232498415746,33.06877282448113,1.7256644394947216,4.07028169343248,2.964350298512727,2.7887570001743733,0,1.841159496922046,2.9351793131791055,1.9766314886324108,16.7099563180469,0,6.555078785400838,3.720098866149783,7.909855707786046,0.9753366175573319,0.36630952544510365,,-1.12,7.24,-0.47,85.91,122.71,900.63,138.61,1015.63,268.61,960.63,166.61,1037.63,166.61,995.63,194.61,1000.63,263.61
46.334,0,0.50,0.64,1.76,1.32,1.89,1.76,2.13,1.23,0.33,91.71,30.09,-2.54,94.79,1.0524036067072302,4.287295839563012,3.280336793572642,3.926632779408247,7.374069152912125,30.79776802053675,2.0129954202566296,0,1.2883663969114423,3.4285698898881676,1.5392376850359142,3.2262315317057073,2.7873452827334404,4.79002348058857,16.088953889478,3.4204450457170608,0,2.5802944526076317,8.329544860729948,4.9246274589095265,0,,-3.36,10.32,1.02,85.06,118.66,900.35,139.07,1015.35,269.07,960.35,167.07,1037.35,167.07,995.35,195.07,1000.35,264.07
46.548,0,1.90,2.08,1.36,1.48,0.03,1.70,1.61,1.81,1.58,93.81,31.57,-4.46,78.95,5.653457070686855,4.882877399143763,1.242667395886965,5.508169974507764,3.5484597643185403,35.58383904956281,4.922086608479731,1.5917814230546354,4.813359415624291,0.2886686682887376,2.85834923107177,2.1550672156736255,4.1373196304775774,2.0102814396377653,10.079665501639248,3.2094458524649965,4.607473696116358,1.928128500469029,7.280445253485814,4.431115941144526,3.0313563463278115,,-5.28,4.77,-0.36,86.63,122.69,898.60,138.89,1013.60,268.89,958.60,166.89,1035.60,166.89,993.60,194.89,998.60,263.89
46.883,0,0.20,0.26,1.75,2.08,2.00,0.49,0.09,1.76,1.87,92.34,23.42,-5.86,90.77,0.9304988388577473,0.9343122192891316,2.5266073139617222,4.888776040254161,5.332421146212146,41.82967009488493,1.093874034564942,1.1634469262138012,2.274361610179767,4.877697633933276,7.613166907802224,0.006277881097048521,3.9670895654708147,0,15.358638735320419,0.49710787517484256,0,4.680411189328879,7.719013206372038,1.4085317759308964,95.67885533208027,,-5.31,9.67,0.77,86.00,117.47,899.60,139.84,1014.60,269.84,959.60,167.84,1036.60,167.84,994.60,195.84,999.60,264.84
47.020,0,1.95,0.13,0.52,1.77,0.13,1.72,0.43,0.97,1.82,92.39,35.07,-4.42,96.40,1.8748943162010985,2.6118057589745147,2.048340039495379,0.13161733656190355,5.49571174309589,42.81382030574605,2.4690392412478106,3.1761682781763376,6.229706817306578,4.1168902556039395,3.823792604729533,7.190169157227501,2.3465055911801755,0.40492953658103925,16.76827375084162,4.739663165570237,1.484618071001023,3.5970855173654854,7.293688982976601,6.401175870327279,3.092803400242701,,-6.13,9.74,-0.19,84.88,118.09,898.55,138.09,1013.55,268.09,958.55,166.09,1035.55,166.09,993.55,194.09,998.55,263.09
47.087,0,1.70,1.61,1.08,0.62,1.08,0.02,1.47,0.91,1.70,93.85,26.80,-6.92,94.34,3.1133657835936175,0.2731785279465839,5.736706232102588,0.2034458886180075,6.433998791421764,41.24094608658925,6.492878463398665,2.9038259871676564,0,4.074652889296413,3.666550122667104,4.460777975153178,3.057413174305111,2.5876141810789703,13.087997565418481,0.8512503732228653,4.236202829517424,4.0032370663248,5.159838111703284,0,2.252780687296763,,-6.37,7.25,-0.21,83.17,118.40,901.08,141.66,1016.08,271.66,961.08,169.66,1038.08,169.66,996.08,197.66,1001.08,266.66
47.186,0,0.75,0.07,1.35,0.29,0.69,1.90,0.33,0.75,1.13,92.05,23.00,-1.84,93.89,3.1273560505686326,1.391236055432819,0,0.7224035579990598,6.49954810152296,24.9330596011132,3.1672812729142605,1.0141008446738127,4.003596348688006,1.107399293165654,0,0.33719247533008456,3.2564201331697404,0.7591444867197423,11.058884118236602,0.5339513297798111,1.0375391733832657,8.231420926749706,4.365981599627994,0.07875462784431875,0.6362503718119115,,-2.53,9.32,0.24,83.81,120.35,898.80,138.58,1013.80,268.58,958.80,166.58,1035.80,166.58,993.80,194.58,998.80,263.58
47.321,0,0.16,1.41,0.76,0.48,1.33,1.53,0.86,1.04,0.14,92.14,35.50,-6.79,89.02,4.789961156882345,0,0,2.576882718447596,7.286814500475303,12.788416580297053,2.6975403449730946,4.3526579659990965,0,2.5720192508772017,4.589914913289249,3.496837321203202,2.306916158180684,1.5654828519839792,10.27797548243776,1.2782228193525222,0,1.4828745191916823,7.078814608445391,0,0,,-6.92,4.62,4.54,85.40,117.01,901.45,138.01,1016.45,268.01,961.45,166.01,1038.45,166.01,996.45,194.01,1001.45,263.01
47.521,0,0.93,1.22,1.26,0.94,0.68,1.97,0.47,1.09,1.30,93.14,30.07,-3.01,89.17,4.845544588328339,2.4297434667823836,3.989881875100546,4.281714918902144,7.788416580781341,44.43646577280015,4.10267473126296,4.29286909557879,1.2201037728227675,0.9637965687736871,0,5.842267471831292,7.69452249398455,1.4816862846259027,6.059306304808706,0,2.5439918590709567,3.326216585934162,7.687273064851761,5.129243758507073,3.3382417594548315,,-2.47,7.33,4.91,83.25,121.24,899.14,138.55,1014.14,268.55,959.14,166.55,1036.14,166.55,994.14,194.55,999.14,263.55
47.755,0,1.68,1.05,0.17,0.57,2.17,1.52,1.64,0.33,0.16,92.25,34.02,-2.31,90.22,2.3867867059307173,2.34221794384066,1.910305419685319,0.9277789804246277,5.098119051456451,48.32324460847303,4.711901244777255,4.9601143920421595,4.0344845787622035,4.04404248027131,2.829348687082529,0.0027987733483314514,5.0583417462185025,3.7907328664138915,15.57948829697445,0.16733907091896993,0,7.663090391550213,5.904799473341555,5.528497340390459,4.404241872020066,,-4.99,7.44,1.80,83.63,118.25,901.59,138.10,1016.59,268.10,961.59,166.10,1038.59,166.10,996.59,194.10,1001.59,263.10
47.877,0,0.41,1.14,0.08,1.26,2.00,1.38,0.94,1.33,1.99,93.37,29.89,-1.93,94.88,1.5486765449307858,2.6653507749084384,5.085033977148123,4.473704660907388,9.32850761782378,14.899496956262738,4.49499484449625,1.3684119802527128,0.641324324766174,1.308056514300406,3.2023162278346717,0.27415967732667923,0,2.606537519926205,13.770764071326703,0.48290134453214684,5.346786257810891,0,4.753317385092378,2.8556539432611316,3.3751711500808597,,-5.07,4.72,0.76,85.87,118.80,900.37,140.49,1015.37,270.49,960.37,168.49,1037.37,168.49,995.37,196.49,1000.37,265.49
48.116,0,1.53,0.71,1.17,0.88,1.33,1.37,0.12,1.69,1.26,93.61,27.85,-7.40,94.82,2.0866985023580495,3.260209945170209,3.6894835760025306,3.8941196306608616,8.39330746155698,9.663923019077629,5.992444073921069,4.735689887702465,0,0.7163566845096647,2.2729839594103396,0,5.669701453763992,4.969910986470058,13.793378455676137,2.0556585738342257,4.271733174100518,2.562541159335524,6.595775004341267,2.3560332225169986,4.12961371243,,-3.05,5.76,4.65,83.61,121.78,898.05,139.27,1013.05,269.27,958.05,167.27,1035.05,167.27,993.05,195.27,998.05,264.27
48.277,0,1.39,1.09,1.83,1.12,0.72,1.36,1.47,0.99,0.73,92.13,29.33,-7.52,91.33,3.7133024009317164,5.444627162674442,2.782877000235021,1.3756947197206317,4.517097978461534,31.84515589987859,4.280656278692186,2.933680042512715,1.7902835092972964,2.8336648437939584,2.1185804321430624,0,3.324997457675636,1.5182159674726425,15.462737193163484,1.8791188364755365,3.0702420244924724,4.016764656640589,6.6830591037496925,1.554671173915267,0,,-5.78,5.85,4.58,83.85,117.80,899.21,141.24,1014.21,271.24,959.21,169.24,1036.21,169.24,994.21,197.24,999.21,266.24
48.493,0,2.10,0.57,0.68,0.83,1.61,1.40,0.42,1.90,2.18,94.41,33.37,-3.90,90.61,2.4083876447426156,3.0988028013380244,3.1150725671369583,0,8.775968095208519,38.497464498504996,1.4793329630978405,0,4.967747538117692,4.904803568702191,0,1.7550667363684624,4.564784271642566,2.909095597341657,13.075819977372884,0.6703072995645925,1.1430860608816147,1.8424851624295115,6.179764259704388,2.5604316792450845,0.14212308218702674,,-6.75,8.11,3.85,85.98,118.61,900.14,141.81,1015.14,271.81,960.14,169.81,1037.14,169.81,995.14,197.81,1000.14,266.81
48.589,0,0.35,1.75,0.30,1.05,1.26,2.09,1.08,1.77,1.77,93.77,28.99,-1.98,87.86,4.159979036259465,3.046081369998865,5.068951198770664,5.972999010561034,6.869641631403938,29.092347322031856,1.0633121445775031,3.485965400915593,5.960971642052755,0.9148399793542921,1.3359442809596658,5.7363267506007105,5.556600194424391,1.1703801673185081,4.42750970043242,4.474139712066389,0,4.627255519852042,6.287995593724773,4.758481054101139,0.37257247301749885,,-7.92,8.05,5.17,85.32,117.17,901.30,141.60,1016.30,271.60,961.30,169.60,1038.30,169.60,996.30,197.60,1001.30,266.60
48.850,0,1.06,0.07,0.90,0.17,1.08,1.63,1.85,1.43,1.84,92.34,33.91,-3.65,92.49,4.4544609633600345,1.2198085137410088,4.317528472002596,3.393584595927969,7.741073307967745,16.066810566931963,5.918200873536989,5.160310504212975,3.3108125699218363,0.42546230215579284,5.408336509019136,3.3001469066366553,1.3638796960003674,0,8.882041960749774,2.1648722510645166,0,4.815721911843866,8.0041266219737,2.3668525693938136,0,,-6.27,5.82,3.29,86.11,119.25,898.03,140.66,1013.03,270.66,958.03,168.66,1035.03,168.66,993.03,196.66,998.03,265.66
49.050,0,0.08,0.68,0.42,2.12,0.19,1.81,1.44,2.11,0.11,93.41,34.18,-3.68,93.26,3.4976592431403697,3.101557891489938,2.714298329586163,2.3998515456356113,7.074586259112693,14.543929618317634,3.260285590519197,3.8897166305966677,1.053272482007742,4.84528926756233,5.777846671175212,5.482634893851355,4.1435553431510925,4.257862950172275,13.887072855625302,2.595300392145291,3.5235261260531843,2.1930118673481047,5.248037873054854,5.988980397582054,0.05122202821075916,,-4.71,4.27,4.16,86.92,117.52,899.63,138.78,1014.63,268.78,959.63,166.78,1036.63,166.78,994.63,194.78,999.63,263.78
49.242,0,0.89,0.82,1.20,0.56,1.07,1.93,1.04,1.49,0.35,92.19,31.30,-3.82,96.23,2.9447667442122474,0,3.9626073093293233,1.3359238350857052,5.2425565693574026,45.71031643263996,3.00448961451184,0.03595883641391984,6.740613900590688,4.8769657140970235,3.184858434833586,0,0,3.5837615633849054,4.187034010346979,2.643110869047232,0,7.248686865903437,3.769195701307617,0,1.0400556104723364,,-4.08,4.40,1.79,85.22,121.45,899.31,138.66,1014.31,268.66,959.31,166.66,1036.31,166.66,994.31,194.66,999.31,263.66
49.521,0,0.67,1.11,0.03,1.86,0.69,1.55,0.48,0.72,1.79,94.76,26.40,-4.09,90.07,2.159074406856671,0.7185691088903696,0.4959939424041657,3.7413260666280985,6.226708273468539,9.945894767530262,1.181965553481132,2.2320009815879165,5.434259727364406,3.4869065107777715,0,1.0648358738981187,3.744836159516126,0.442418756969273,14.309284097719939,0,0.32834907388314605,2.187188344541937,5.138380496846512,0,3.5787717788480222,,-7.48,3.73,3.90,86.52,118.70,900.07,140.47,1015.07,270.47,960.07,168.47,1037.07,168.47,995.07,196.47,1000.07,265.47
49.708,0,1.34,0.83,0.28,1.27,1.49,0.90,0.53,0.51,0.69,94.47,29.66,-4.51,95.67,0.8191914264205842,4.584952054638416,1.9584228389896454,3.3388571817427874,3.8033693663869057,46.29011936392635,2.0325539455283432,2.6138647759146987,1.8686372856609523,0.46229875992983605,5.657620464451611,0,0.43767177360132337,5.161473804172129,7.521980380062014,4.85711305603385,2.7072554430924356,6.981929073110223,4.312102999975905,4.31475660414435,3.571325506316498,,-3.59,6.54,4.68,83.03,122.92,898.44,138.01,1013.44,268.01,958.44,166.01,1035.44,166.01,993.44,194.01,998.44,263.01
49.842,0,0.06,0.84,2.07,0.76,1.67,1.64,0.40,2.01,1.57,93.21,24.22,-5.02,94.24,0.8312432272220032,0,1.4712772285565734,2.3532130087073897,6.166988285765983,24.345451191533357,4.285911657707766,4.166932185720652,0,1.6964797351509335,0.09263639152050018,4.516876476118341,5.599287439137697,0,14.358791692163795,0,0.6840494554489851,4.843360367696732,4.200935629582964,0.6754398865159601,1.9537352167535573,,-5.33,9.92,1.57,86.53,121.23,899.80,141.17,1014.80,271.17,959.80,169.17,1036.80,169.17,994.80,197.17,999.80,266.17
50.052,0,1.73,0.29,0.57,1.09,1.77,0.50,1.27,1.39,1.84,92.27,32.32,-0.24,94.41,5.133288092664443,2.5977734980871903,1.0584536398621278,4.238884859317913,7.734658123315312,22.305725826416165,1.195497613074258,4.374294854160398,0.31358685879968107,1.3972791893035175,1.3883463582023978,1.1814021416939795,2.7329282141290605,4.181964448755608,10.975932551771402,0,2.5723886536434293,6.7806911412626505,8.215175712960772,0,0.6107304249890149,,-3.93,7.05,4.36,83.67,119.77,901.25,141.29,1016.25,271.29,961.25,169.29,1038.25,169.29,996.25,197.29,1001.25,266.29
50.222,0,1.79,0.69,1.29,0.88,1.15,1.04,1.78,0.04,0.53,93.40,33.80,-2.62,89.57,2.1489186439989134,3.215598979522474,4.664917406849563,4.74276704649441,4.3137355758948255,31.688877121079713,5.589277294976637,5.262557149995119,0,4.461696348171682,2.2392494743689895,3.425168282818049,0.617347271181643,5.24973824787885,13.152216087486595,0.8611325130937622,4.209346759598702,0.4399966816417873,5.792894304082729,5.796182515565306,0,,-3.75,7.31,5.63,85.61,119.87,899.63,139.55,1014.63,269.55,959.63,167.55,1036.63,167.55,994.63,195.55,999.63,264.55
50.297,0,0.48,0.92,1.16,2.00,0.41,0.60,0.18,0.60,0.28,94.56,27.91,-4.86,93.17,0,3.44751996784471,0,0.39202393937855984,4.652325663333759,22.707231224048883,6.44332430860959,4.072390696778894,1.1070250624325126,2.7565005501918494,5.152257037349045,4.455454970011488,4.828132834285498,0.3977090093214066,6.071641377676278,4.377312181079761,1.3246713033877313,2.13341826479882,6.607160175060853,0.25233047595247626,2.9300773499999195,,-7.07,7.59,4.42,86.94,120.40,898.31,141.34,1013.31,271.34,958.31,169.34,1035.31,169.34,993.31,197.34,998.31,266.34
50.517,0,0.18,2.00,1.30,1.68,0.13,1.35,1.88,0.67,1.75,94.41,26.97,-5.12,95.26,4.126052695843391,4.409871952258982,0.1584354988159613,4.381518314545975,5.759978821324185,19.187421794980764,5.125100959953852,2.2580197172611953,0,4.461113506387919,2.138749080710113,4.459638302214444,5.914610885549337,0.14771323562599736,9.252645797561854,5.053621057770215,1.718890346121043,6.890042387880385,2.2982652201037856,0,2.3522836337797344,,-3.17,4.58,3.28,85.65,118.98,901.05,138.23,1016.05,268.23,961.05,166.23,1038.05,166.23,996.05,194.23,1001.05,263.23
50.597,0,0.75,0.08,1.65,0.51,1.59,0.92,1.45,1.11,1.48,94.83,31.92,-3.36,93.07,5.165701131192035,0,1.2191403148742395,1.6125387802626938,3.9878226388851186,31.411211831029505,5.1267626998247575,0,1.8880428250413388,3.946192852705717,0.6571121918968856,1.7766365446150303,1.6518902708776295,0.4313535402063282,3.7249778163991873,0.37275468553882085,0,0,8.468872041585854,1.6846295311115682,0.7296773842535913,,-3.83,8.41,5.03,83.48,121.89,898.57,140.05,1013.57,270.05,958.57,168.05,1035.57,168.05,993.57,196.05,998.57,265.05
50.746,0,1.72,2.06,0.90,0.64,0.67,0.91,2.17,0.97,0.08,91.63,34.88,-6.44,88.44,3.248261660495773,1.0908368450589476,5.670434893597848,1.6079414010420443,4.601827810294926,46.801042148377746,3.061494709341787,4.213340040296316,4.83512835111469,4.71483612678945,7.341126352082938,0,8.017033678013831,1.436793495649472,8.479555625710637,2.9649287274293603,3.9103984818793833,6.8113241395913064,7.338554181270301,3.546556338435039,0.2642255472019315,,-8.33,2.35,4.03,85.23,118.12,901.01,139.72,1016.01,269.72,961.01,167.72,1038.01,167.72,996.01,195.72,1001.01,264.72
50.970,0,1.75,1.67,1.92,0.23,1.34,1.06,1.01,1.37,0.81,93.32,27.58,-1.82,90.59,5.251841913093813,0,3.652810864029452,0.8065812986064702,4.480563248400577,36.90365825779736,6.589324186579324,4.44192432269454,3.976185923907906,1.1450265302695337,4.447874458506703,3.5468739594798535,1.8408082891255617,3.758997694477439,9.803521393071861,1.4562585848988965,4.1025113123469055,0.04410087922587991,8.152270329180173,6.221496090525761,1.9357615490444005,,-5.71,8.66,4.46,83.60,118.64,900.49,141.01,1015.49,271.01,960.49,169.01,1037.49,169.01,995.49,197.01,1000.49,266.01
51.291,0,1.02,1.42,1.17,1.70,1.40,0.59,0.47,1.09,0.78,93.52,25.28,-3.98,94.05,2.3445819602906703,4.740127920312807,1.6952827560156583,5.386991276964546,8.744473207439295,31.4269226975739,4.072676028171554,1.4774931820482018,5.081152427941561,4.430839476697146,0,2.7753855492919683,1.3188497708179057,2.2494919409416614,16.69017655003816,1.4646917458530515,1.9911681259982288,0.349370779003948,3.353888434101828,5.556750042596832,1.8886493355967104,,-3.00,4.97,3.32,86.54,121.69,900.99,140.36,1015.99,270.36,960.99,168.36,1037.99,168.36,995.99,196.36,1000.99,265.36
51.404,0,1.94,1.02,1.52,1.39,0.41,0.68,1.12,0.87,1.56,92.13,29.48,-0.28,87.86,0.5314981405483561,0.26782805260736486,5.569404249847867,3.133947474202141,5.364534324794076,38.21073731034994,5.842902455921285,1.744433717504144,3.6877180722076446,2.5211492918245493,2.4981982125900686,4.034592525567859,7.7822048384696245,0,12.820027008261532,0,2.820858725812286,5.180860406719148,7.500629301560111,4.099236973794177,3.2374761630780995,,-3.84,7.36,4.42,84.83,119.87,900.15,141.81,1015.15,271.81,960.15,169.81,1037.15,169.81,995.15,197.81,1000.15,266.81
51.668,0,2.17,1.76,1.27,1.78,1.35,0.41,1.23,1.76,0.90,91.73,34.92,-4.37,94.19,0,3.0959253066917882,3.487737519489601,4.808742260774598,8.69952420735266,37.93933824123815,5.185452534421347,5.230117880143226,6.636106391204521,4.255640248358249,4.549818961881101,4.061229900224134,6.055749992374331,1.2592660894431176,11.839663840290159,2.446151839629747,0.9972019689157605,5.001370911020786,3.548837079801597,5.327054133405909,0.00652296538464725,,-7.39,7.18,6.40,83.66,120.17,898.98,138.20,1013.98,268.20,958.98,166.20,1035.98,166.20,993.98,194.20,998.98,263.20
51.974,0,0.75,0.11,2.10,0.08,1.94,1.14,1.37,1.75,0.38,92.55,25.64,-2.15,94.49,2.5885969511047007,1.3347243816591798,1.3312401766562836,2.682407342065126,3.493954844730906,47.38131252909079,2.8887145207729192,5.406084381826222,4.4107779040932655,1.5204928591102362,0,0,2.9275128417648375,4.713124670600519,6.638318760581313,3.5553968036174775,1.3562706727534533,8.068656722083688,6.648177786809392,1.688995053526014,3.4975534819532186,,-6.16,1.38,4.98,86.87,117.61,900.11,141.51,1015.11,271.51,960.11,169.51,1037.11,169.51,995.11,197.51,1000.11,266.51
52.281,0,0.21,0.28,1.78,1.39,0.80,1.97,1.29,1.73,0.55,94.20,36.85,-5.60,90.01,4.95313543968834,4.876096184598282,4.267131782611832,1.8909358167648316,8.110741937872953,18.003668724559247,6.670239475206472,0.9928985306061806,0.15939662768505514,1.8174688868224624,1.7095589633099735,5.633861081209034,1.9258418837562203,0.09034227930009386,7.37113076429814,5.221714241290465,3.166495032608509,0.8709741570055485,6.66126825730782,2.908837623661384,99.00163083011284,,-4.95,3.41,3.49,84.66,118.00,900.80,141.23,1015.80,271.23,960.80,169.23,1037.80,169.23,995.80,197.23,1000.80,266.23
52.589,0,0.22,0.49,0.28,1.27,1.03,2.04,1.77,0.48,0.60,92.30,28.84,-0.75,92.88,4.57346786652226,1.2831358381314204,4.621831089169718,2.8573932489100846,4.515734244547784,27.669378832913935,5.650536666251719,0.4462065541930498,2.7799914586357772,1.7274634083919227,2.7423039847053587,2.3380633336491883,0,3.688575241146609,4.612093567121774,1.882511092503555,0.9556665937416255,0.3365868548862636,6.211702855564654,7.340024108765647,1.7976454503368586,,-4.75,3.73,2.09,86.96,118.35,899.96,138.27,1014.96,268.27,959.96,166.27,1036.96,166.27,994.96,194.27,999.96,263.27
52.838,0,0.85,1.19,0.74,0.97,1.26,0.20,2.17,1.73,0.60,93.57,27.52,-1.62,90.67,0.11444935579784188,1.735773426713422,4.100094772293232,2.7608833859860895,7.9027663308940825,35.976690590847284,1.9847084468230607,2.5438533298112453,0,0,4.133834644686431,7.334709417074919,0,3.367345479493961,12.786985389702021,0.8613360881339758,3.771073719020933,4.709230576641858,8.303063119631261,0,70.71553246537223,,-1.22,4.59,5.75,85.41,117.12,899.31,141.54,1014.31,271.54,959.31,169.54,1036.31,169.54,994.31,197.54,999.31,266.54
53.088,0,0.02,0.18,0.77,2.03,0.43,0.02,0.61,2.04,1.02,92.35,27.65,-2.62,94.48,1.6435766650689763,4.476864037266933,3.0259529458219188,2.924010124066845,8.28188453898765,44.44598339963704,4.372691252478399,0.1406493320874871,3.090418550185859,4.997446271572262,7.867157876025885,2.1868358766660094,4.312867821659893,2.1703364551160487,11.072327004503459,1.0108727163681759,3.089839276392013,8.926112467423081,5.810464931512252,6.037826277315617,5.617107532219961,,-1.12,2.30,3.07,85.73,121.42,898.23,140.55,1013.23,270.55,958.23,168.55,1035.23,168.55,993.23,196.55,998.23,265.55
53.190,0,1.15,0.92,1.31,2.09,1.74,0.87,1.73,0.97,0.00,93.60,25.70,-2.45,55.47,0.6670079720765356,3.6196752039249986,1.0576387872640045,5.874878273811191,7.891105286316015,19.280701195821166,4.392778421053663,0,3.9468019094783813,0,0.9444662542082369,3.4909587029833347,5.853320716414601,0,8.872354482207447,3.676772953057662,3.971282164566219,0,4.136495945914649,7.683095404179767,5.057856316678226,,0.08,2.69,4.34,85.00,120.73,900.68,139.87,1015.68,269.87,960.68,167.87,1037.68,167.87,995.68,195.87,1000.68,264.87
53.382,0,0.94,1.20,0.36,1.34,0.92,1.75,1.17,0.56,2.14,94.39,33.60,-0.73,95.73,2.953206049776636,5.175164801557548,5.776557090496645,3.6690368006471545,3.5710503736464307,43.35572870494798,0.7627328193746505,2.746993415672332,1.2747687306255102,4.921617926489562,0,2.208616900490597,0.5663568405434489,0.341971868388355,13.50786261001602,1.328013940169476,3.102147432975471,4.922368959058076,5.935064747151919,0,3.270893602631986,,-2.25,3.98,2.63,84.17,117.64,901.98,138.60,1016.98,268.60,961.98,166.60,1038.98,166.60,996.98,194.60,1001.98,263.60
53.476,0,1.13,1.46,0.05,1.27,0.40,1.96,1.00,0.11,1.78,93.09,27.52,-1.24,88.96,3.233306539114565,0.4390992559026925,1.7353603726299478,0.59349719658494,7.939711477067322,10.018444589804858,5.642894868156873,0,3.48172071040608,1.9055853529088198,3.6418070616200566,2.1341534743551165,5.79435327462852,0,7.702852561846376,3.5834790706355126,0.7703344780020416,5.511152141261846,4.302118151951581,0,96.23007099051028,,-2.78,0.59,2.33,84.50,119.23,899.85,141.32,1014.85,271.32,959.85,169.32,1036.85,169.32,994.85,197.32,999.85,266.32
53.666,0,2.06,1.23,2.07,1.02,1.15,0.39,0.30,0.40,1.65,92.63,33.78,-4.12,94.65,2.9741484187729657,0.9657346729654819,6.314871400166303,4.728886861614883,7.181798003395088,15.894015782512724,6.6094180037034675,3.4539104058407246,6.8601790212560445,2.5813323357328772,2.260816851630807,3.0053711170330644,7.3923231437802315,0.1613602621294561,7.171797090023755,2.679280308401212,1.0161309726536274,7.0662455898709595,3.5080105728050697,2.586928380653262,4.12659319024533,,-0.66,1.91,4.71,84.11,121.63,899.54,139.57,1014.54,269.57,959.54,167.57,1036.54,167.57,994.54,195.57,999.54,264.57
53.825,0,1.20,1.74,1.52,0.12,0.79,0.54,0.37,1.62,0.69,94.66,23.59,-7.06,92.18,1.4957996053155513,3.9375771078746764,2.9249943791283295,2.3143841588124636,5.874879764169455,14.10318661807105,0.8440688476897775,5.314917565397918,1.2868372262455523,0,0,5.668306764448062,4.627966859377921,1.7281123440992086,11.062392900288106,1.3724223502632231,0.83756398037076,0.6691681244410574,7.82966232124716,1.3019212286453694,0,,-4.02,2.80,2.71,83.35,118.43,901.31,140.43,1016.31,270.43,961.31,168.43,1038.31,168.43,996.31,196.43,1001.31,265.43
54.055,0,0.07,1.31,0.28,1.68,1.28,0.24,1.97,1.18,0.40,94.08,36.18,-7.37,95.21,0.4583252398343758,3.5052515545627103,2.4107813897822052,3.6979270052630455,3.477626980389468,18.40248858835548,2.4687967808917164,2.8046607930026948,1.4066503243520856,0.8399432391114532,5.904000587761402,0.40547750028781593,0.6931174825876951,1.9149606970511375,16.223381460569797,1.1018143818387762,4.7572386879473925,8.01336447428912,8.72915966576431,1.9372529170941561,1.3655877930577844,,-2.87,-2.72,1.74,83.19,118.86,901.48,141.04,1016.48,271.04,961.48,169.04,1038.48,169.04,996.48,197.04,1001.48,266.04
54.261,0,1.92,1.95,0.36,2.14,1.63,0.35,2.11,2.14,1.08,93.22,32.87,-1.40,91.59,0.027548812818713575,0.8775092818075789,6.072953107613139,6.733674862636254,4.778218115628697,10.651506156194955,1.6823583913734184,2.2243916078656913,0.39287394960410893,4.229156331047416,4.305472967214882,0,3.1208338793367147,2.156382036814466,13.454816480688752,3.876157774864696,0,0.9093848043121397,7.131672947867774,3.095375777222216,2.8633004031144083,,-3.33,-3.63,1.22,83.84,120.64,901.23,138.20,1016.23,268.20,961.23,166.20,1038.23,166.20,996.23,194.20,1001.23,263.20
54.462,0,0.32,0.07,0.26,0.91,0.10,0.04,1.11,0.87,1.00,93.64,24.52,-4.35,90.22,3.6441639040270823,3.7990234362659976,1.3452763852477072,4.31071718624793,4.273485729391687,38.115538756828755,0.14833726163487881,3.979490345157683,0,4.930638804677874,2.7092329510487616,0.8448821282945573,5.247028978541493,0.7142060594446957,5.174933798797428,1.4541677600005642,0.061956091318279505,6.617755186278373,7.270073284958489,5.19737389171496,70.69549603899941,,2.26,-0.73,1.09,85.94,122.46,900.57,141.53,1015.57,271.53,960.57,169.53,1037.57,169.53,995.57,197.53,1000.57,266.53
54.574,0,1.76,0.87,0.75,0.82,1.50,1.98,1.52,0.05,0.17,93.52,25.55,-0.72,89.12,3.660843612602912,3.4597473663510754,0.2957636407157409,1.23832442083396,7.47994520812761,20.134979345835745,4.799706258368678,4.985172016937286,2.208327700383961,4.8520878128521145,4.430324485525489,0.5833828533068299,4.815274261403829,0,16.544032855778934,3.0751042301161213,6.059936088509858,3.5234563923440874,8.050227478113957,0,2.030328414402902,,2.28,1.97,4.99,85.76,122.21,898.17,140.70,1013.17,270.70,958.17,168.70,1035.17,168.70,993.17,196.70,998.17,265.70
54.726,0,1.07,0.89,0.92,1.29,0.62,2.05,0.44,2.13,0.41,91.76,27.03,-1.26,94.29,1.9305023895623163,1.106749503011815,2.1702029241202396,3.7830221185926347,7.6076987541280685,31.8419706588611,2.6653273300733415,0.04414611101150534,1.1954624655190855,1.7161005602777006,3.0955344778485596,0.9718258127104491,0,2.511021936396137,11.25405891692266,2.6176075186999515,0.7353822472505271,2.935030166991055,5.050785847380757,1.123112173518166,0.8128024006728083,,0.85,-4.95,1.83,85.30,119.68,901.10,138.47,1016.10,268.47,961.10,166.47,1038.10,166.47,996.10,194.47,1001.10,263.47
54.800,0,0.32,2.03,0.11,0.84,1.83,0.41,1.84,1.85,1.24,92.98,28.42,-3.40,87.78,4.790585088017396,5.919454445620067,4.701189842345193,3.5057428409624842,8.72190711680334,27.678980328142643,2.3664209670154377,0.08723864590749164,3.624105918686837,4.886222308371217,1.5030451412312686,2.8951408530119807,0,0.3133864523842931,16.3419688029401,2.4255407801037654,5.0097555122338235,8.664226346183568,9.244467460908927,3.2587005409877747,1.0404142749030143,,0.33,-2.78,5.21,86.64,119.85,898.52,139.75,1013.52,269.75,958.52,167.75,1035.52,167.75,993.52,195.75,998.52,264.75
54.964,0,1.07,1.29,1.01,1.44,1.58,0.20,0.70,1.70,1.83,94.14,27.70,-6.67,91.63,5.036498153908179,2.2675503828097137,1.238755339817144,1.8656652432307603,5.929717729948461,46.67615367891267,2.941198712680489,5.043998208455742,1.6270804088562727,2.1087919761799276,2.5981548596173525,3.674711902393028,6.092388678342104,0.6384489805344491,16.672105442490427,4.390172375300899,1.2461826782673597,4.441344699356705,6.276113544050604,2.043575526215136,5.244237354258075,,-2.51,-2.84,3.77,86.02,117.55,900.73,140.99,1015.73,270.99,960.73,168.99,1037.73,168.99,995.73,196.99,1000.73,265.99
55.290,0,1.36,1.08,0.82,1.71,1.38,0.84,0.66,0.34,0.98,92.70,29.23,-1.95,94.21,2.5279632593737915,3.6173848994309084,4.322817383864894,4.886783733116463,6.789929181956686,15.657085774932057,4.465843808813952,1.5138571793027222,6.554127741372213,4.939522679150104,0,4.166096822824329,6.530240021646023,3.237855673134327,10.393685075286776,4.8912941609648986,0.9468442951329052,2.465748944785446,3.596660743798129,6.36588596785441,2.423712231684476,,-0.30,-2.71,4.44,84.87,118.61,898.75,138.33,1013.75,268.33,958.75,166.33,1035.75,166.33,993.75,194.33,998.75,263.33
55.465,0,0.98,1.46,1.80,1.97,1.70,2.08,0.08,0.59,1.01,93.00,28.60,-6.57,90.05,4.716738836471922,4.427284323773347,0.6969144654925912,0.9335603875014931,9.127364166029729,27.887504543643445,4.618745128647424,4.926981131564826,0,4.728795782979578,2.167703296523541,0,2.494102950207889,5.100501788575203,7.240905642081052,1.5401956158736723,1.6666119624860585,3.300216390285641,4.6434520457079635,4.239297029795125,2.488945757271722,,1.08,-4.52,5.32,85.45,122.45,899.09,138.67,1014.09,268.67,959.09,166.67,1036.09,166.67,994.09,194.67,999.09,263.67
55.547,0,1.39,0.27,0.75,2.14,1.74,0.85,1.24,1.79,1.97,93.76,26.87,-2.90,96.97,0.319165605092421,4.159635311225429,4.824616617071443,4.380277872327715,3.6938736383104693,30.247660565190017,4.060306079080329,1.2664932871982457,5.516564222751185,0.38618001893162734,3.3027567621320486,0.7840937718283385,3.6176028731279075,4.897602717215195,13.485913554951548,4.797626720601693,0,5.408779658377171,7.0817728724097835,1.53530612308532,4.884173781378195,,1.09,-5.32,3.84,85.12,120.14,900.93,140.88,1015.93,270.88,960.93,168.88,1037.93,168.88,995.93,196.88,1000.93,265.88
55.854,0,1.99,1.90,1.67,0.57,1.85,0.51,1.21,1.65,0.70,93.67,31.14,-0.74,63.24,5.178064010627567,0.0857215120457111,3.651651038466953,1.0045507657900457,4.433437905926257,24.77414962509647,1.0180843671085311,1.978300251401961,2.0219809028785676,0,3.79669891577214,0.804890257306397,4.643884452525526,3.208134087687358,7.066587653066964,1.4654061611928046,5.477923688013107,3.7361419764347374,6.344077681098134,5.895935172215104,0,,1.94,-3.32,3.49,84.08,121.60,900.59,138.34,1015.59,268.34,960.59,166.34,1037.59,166.34,995.59,194.34,1000.59,263.34
56.028,0,1.04,1.09,1.30,1.45,2.17,0.49,0.95,0.14,1.33,92.69,26.02,-2.93,91.04,2.4900915652979165,4.234079251205548,4.296129932482727,2.711484063062817,8.720748989591375,13.429859148804098,2.317155699292198,2.3367239894717935,0,3.703516980651766,1.4552019713446498,5.555474944412708,2.8669363539665937,3.1274412912223486,14.457043819054961,3.213252695919946,3.4196533989161253,1.6760386088863015,8.34862829652615,1.8423498789779842,0,,0.37,-6.32,1.55,84.10,119.45,898.49,141.84,1013.49,271.84,958.49,169.84,1035.49,169.84,993.49,197.84,998.49,266.84
56.322,0,2.00,1.16,2.05,0.62,1.14,2.12,1.89,2.14,1.68,92.20,24.21,-7.86,92.50,5.073247073395178,0.22553649307228607,0.9624273885181176,2.513883120212704,5.621872904081829,33.36214059358463,4.6954019817058,0.919580528140068,3.29746545269154,3.104389951694757,6.0083162086084485,2.48360986658372,5.159286445006728,4.647108349064365,8.91153291637078,5.52374361555092,0.7528545130044222,4.959660463500768,6.314654172654263,0.37100577959790826,2.430105160921812,,0.53,-5.83,1.75,85.05,119.33,900.88,138.93,1015.88,268.93,960.88,166.93,1037.88,166.93,995.88,194.93,1000.88,263.93
56.650,0,1.61,1.62,1.83,0.83,1.53,1.53,0.79,0.60,0.92,92.82,26.16,-0.96,87.91,1.8009176085935907,4.658949811081402,2.332093349993229,2.6129309706296775,6.438858603937551,28.636232518590987,6.379041911428795,0.6754774190299213,0,0.1255228043720127,4.618046431336552,0,2.108780823647976,2.0691608301736415,9.331900875139983,3.6351128872903065,6.329246835783124,6.469695667270571,4.262168382471428,2.5060639085713774,0.7438980317674577,,3.16,-2.33,0.76,83.83,117.01,898.03,141.12,1013.03,271.12,958.03,169.12,1035.03,169.12,993.03,197.12,998.03,266.12
56.990,0,1.93,1.29,0.34,0.39,0.84,0.52,0.15,1.66,0.70,94.61,35.05,-3.27,88.98,3.308959739981219,1.464066134020686,3.02767168095801,2.027175105251372,6.60284144979436,50.87852613488212,3.919012539112009,0.3780630946345629,0.5954230548813939,1.9737553784064947,3.1081633823923767,1.422455514781177,3.8761147004552186,4.855514712082222,9.526899244226517,2.0417998194880784,0,4.668383446056396,8.504165896675548,6.717641416937113,3.1599428441841155,,4.88,-5.41,4.66,84.98,121.49,899.69,141.42,1014.69,271.42,959.69,169.42,1036.69,169.42,994.69,197.42,999.69,266.42
57.053,0,1.47,0.96,0.62,0.08,1.82,1.49,1.71,2.05,0.58,91.99,31.64,-2.50,91.24,3.4316398396436125,4.900133764417842,4.289622547896579,0.7144151054695249,6.3011502439994365,30.212787311524153,4.375685401028022,4.963995182421058,2.796841573435813,4.496288135647774,5.611554276198149,1.257871815469116,0,3.073001875281334,12.448304625172169,2.322802118798718,2.1695558656938374,2.054726805537939,6.741069175982847,1.1583693260326982,1.0741476954426616,,4.95,-7.67,1.50,85.98,118.32,901.02,139.32,1016.02,269.32,961.02,167.32,1038.02,167.32,996.02,195.32,1001.02,264.32
57.333,0,1.87,1.46,1.48,1.80,1.83,1.89,0.23,1.34,1.01,93.58,23.40,-0.74,95.32,3.455287901191041,1.6397046520840375,3.2537239006720484,5.673363921139389,6.5146305764466526,23.2910684524104,4.907588022621349,4.403859751839191,0.22362761944532394,1.4159031216800213,6.852894210722297,0,0.9458554512821138,1.5408120451681317,15.335317422691734,3.554834945285693,1.0286926189437509,2.338181990198791,9.267959263250232,4.711602427531034,3.9263382903300226,,4.20,-5.12,0.20,85.28,120.62,899.07,139.30,1014.07,269.30,959.07,167.30,1036.07,167.30,994.07,195.30,999.07,264.30
57.589,0,1.37,0.38,1.07,1.95,1.66,1.31,0.21,0.16,0.92,94.06,23.86,-0.86,87.00,0,1.221490197465755,2.1360861136065794,2.0583696993533525,3.39107768275775,30.22871010378003,1.5259481918066742,2.0497540903650227,0.7879652776755393,1.396145789399743,4.273015643935651,3.701510281767696,2.4690054547972977,0.020621993476524825,10.953563370462508,4.5976138802012425,2.339859769679606,2.9839673950336874,5.640343520948663,4.492118772119284,0.13869123347103596,,3.58,-7.77,2.00,86.43,118.55,898.99,139.03,1013.99,269.03,958.99,167.03,1035.99,167.03,993.99,195.03,998.99,264.03
57.695,0,0.61,0.52,0.91,0.09,1.97,0.00,0.20,2.03,0.90,93.53,33.27,-3.45,88.48,4.727827834952622,2.7101944800000637,2.2179171539377425,0.20273033019155262,4.190009118262679,39.5040834993124,3.0112288187025116,2.6442507809214293,0.13977996679022908,1.3158849760703744,0.5865738303400576,4.553997398819774,1.8638738938607275,1.03631361765787,4.011363763157278,2.0314720670785755,1.2366590108722448,1.4242680855095387,4.569342926274985,1.4999274464789778,4.314144523814321,,2.88,-8.69,3.51,84.89,120.34,901.35,138.45,1016.35,268.45,961.35,166.45,1038.35,166.45,996.35,194.45,1001.35,263.45
57.771,0,0.14,0.46,0.42,1.01,2.15,0.82,0.19,0.77,0.31,94.36,23.56,-3.35,93.77,4.458998013376259,1.8024566699983553,3.194819131060503,5.279376061884687,4.3051557961525395,46.62986679235473,5.36950129494071,0.6580438179150225,0,4.968010060545057,4.721879936289042,7.657963184872642,0.8875577347353101,4.701997468927875,9.353364611435682,2.8037947642756627,0,7.6491111908108,9.533842643122188,1.0315991102252156,3.754474855028093,,5.30,-4.65,3.42,85.44,122.47,898.97,138.22,1013.97,268.22,958.97,166.22,1035.97,166.22,993.97,194.22,998.97,263.22
58.104,0,1.20,1.82,1.94,0.09,1.51,0.71,0.38,1.33,1.60,92.81,31.92,-1.06,95.63,5.034621744565666,0.5780959061812609,4.8843347718426955,0.23879704941064128,7.477230329462327,39.307613254059106,6.603321847203188,1.3542981934174896,5.195535363862291,3.416402522493154,4.336957977153361,0.7664075274951756,2.947635549120605,3.97013001085259,13.203556144330651,4.013351466180756,2.066455391701311,3.3576863687485456,3.6204133475897837,0,4.49790566903539,,2.82,-3.69,3.40,85.36,122.48,900.05,141.46,1015.05,271.46,960.05,169.46,1037.05,169.46,995.05,197.46,1000.05,266.46
58.286,0,0.27,0.33,1.49,0.02,1.66,2.20,0.60,0.11,1.33,93.86,26.00,-3.12,93.40,2.155789438453503,2.853137798816897,0,2.0707262866664675,3.9372839777311306,24.78086703689769,4.623832988622598,0.22325802087783808,0.9442635297309607,4.097691139467061,1.6034618415869772,3.252644798485562,7.225803275126964,3.214795673219487,16.09235349165276,3.5356459812587127,3.540342287160456,2.8704781970009208,9.21007194685284,4.461341923568398,2.111666022101417,,4.46,-9.01,0.68,85.66,118.57,900.21,139.88,1015.21,269.88,960.21,167.88,1037.21,167.88,995.21,195.88,1000.21,264.88
58.378,0,0.57,1.40,1.73,1.61,0.12,0.65,1.80,0.17,0.31,94.26,29.59,-6.79,92.61,0,3.146395937469788,1.150150876995176,5.388561065038666,3.3336412080796434,47.95636041741818,6.714845854649321,4.82889070276171,3.7142021912150085,0,1.5877693933434784,2.5262151102069765,7.608773545827717,3.2764467107877135,12.95332370441407,4.870397154293023,2.456992437131703,6.412270434666425,3.925812618131749,0.5479466207325459,0,,3.71,-5.55,2.77,85.14,120.82,901.57,138.55,1016.57,268.55,961.57,166.55,1038.57,166.55,996.57,194.55,1001.57,263.55
58.643,0,0.56,1.96,1.86,0.53,0.27,2.02,1.17,1.05,0.00,94.34,24.85,-4.04,95.66,3.7020035861572254,4.904776343260892,4.423360231155529,0.09603254479356149,8.0545363715617,31.84890680992976,6.011123336758464,3.8649842689931395,0,5.276545213535428,4.582737451884896,4.7919006664305925,0,4.438440149277449,4.326620694901794,0,0.3429951025173068,5.409271946176887,6.924033709359355,4.549252303084359,2.0378857576288283,,6.86,-3.95,1.96,85.39,120.64,901.50,139.69,1016.50,269.69,961.50,167.69,1038.50,167.69,996.50,195.69,1001.50,264.69
58.845,0,0.60,1.60,0.89,1.94,0.11,2.17,1.59,1.89,1.43,93.13,30.57,-1.86,90.94,5.3442259973380715,2.438299756683409,4.861171817439608,1.1710876489616933,2.3516545374318953,40.25706235691905,4.983404191839509,0,0.33870401442982256,0.013462063185870843,2.6643573688343167,6.113415127852932,0.07382019236683846,3.5827500435803086,8.054134489838034,4.620370205044747,1.9137100554071367,1.6316280299797654,3.7847643022239206,2.1174094777088612,4.095823134295642,,7.82,-8.04,1.58,84.06,118.66,899.78,139.74,1014.78,269.74,959.78,167.74,1036.78,167.74,994.78,195.74,999.78,264.74
58.969,0,0.90,0.99,0.02,0.01,1.43,1.26,1.52,0.03,0.32,94.09,27.70,-3.38,89.11,0.4839426962099971,2.415632729791105,4.37437697139103,1.4311329750716686,8.965085223070346,39.08512783702463,4.2296724178828295,4.864373720083385,4.480981439817697,2.6958018322847783,5.598371741361916,0,1.422075107228011,0,9.588755850419403,4.668845238666981,2.803748827893287,0,7.170875801653601,2.7446631274651736,5.585010993294418,,7.16,-5.48,0.92,83.49,120.07,901.12,140.89,1016.12,270.89,961.12,168.89,1038.12,168.89,996.12,196.89,1001.12,265.89
59.251,0,0.82,0.50,0.48,0.78,1.40,0.94,1.01,2.07,1.48,94.44,35.13,-5.85,95.37,3.6545238000433895,0.9988826145883651,1.276749318474904,2.4635168223083017,5.624437454533763,33.77663711179048,1.9150359073420988,1.624105931483209,0.44858098588883877,3.4058991831541063,0.4612448187544942,0,3.61519878404215,0,6.746661689635367,3.0004913923610004,4.106855174060911,6.571999408304691,5.930582519373857,1.6447141498792917,1.5822086732368916,,7.28,-10.73,-1.96,86.14,120.40,898.35,138.01,1013.35,268.01,958.35,166.01,1035.35,166.01,993.35,194.01,998.35,263.01
59.573,0,0.84,0.94,0.97,0.10,1.55,0.27,1.76,2.08,1.87,92.79,32.58,-1.42,96.62,5.309721885807813,5.26830214834772,5.450872045867145,4.98007875720039,4.393579046539962,29.037749660667032,2.377269327850081,5.0990122294798494,3.5779155110940337,1.996838567946106,0,1.8166413996368647,8.44225473375991,3.2734283982403576,7.133240386955439,1.4401791762467475,4.160988391377032,2.766875494271517,4.692138772774488,1.5421162678394467,0,,5.14,-10.67,2.43,86.63,117.27,898.72,140.09,1013.72,270.09,958.72,168.09,1035.72,168.09,993.72,196.09,998.72,265.09
59.805,0,0.78,1.74,0.01,0.00,0.31,1.48,0.64,0.42,0.10,92.04,35.14,-1.94,96.03,3.5316594261396674,0.568640037579462,3.308420995515771,0.5061381123960018,7.646802622238174,25.186676738318056,0.6457417841767894,1.3145846508815886,4.621012064861134,1.438303785528988,0,4.4702711624559015,6.600023823324591,1.050425087409094,10.53744442185387,0.3008601944800464,3.6052057673223317,1.0448490865528584,2.8384115804824983,0.0445458369795233,2.1065683371853083,,7.58,-10.29,2.35,84.27,119.46,901.64,139.94,1016.64,269.94,961.64,167.94,1038.64,167.94,996.64,195.94,1001.64,264.94
60.101,0,0.26,1.74,0.65,0.47,1.30,0.38,2.04,1.13,1.29,92.06,28.19,-4.40,86.61,0.6864809207944202,1.4852383164456118,1.831608915491961,5.795440788762644,5.506092879008502,23.030528083909303,4.633455743920058,4.956700441166759,6.205109183676541,3.0909395437315106,4.68456304538995,3.0505933889653534,3.2731734006665647,1.0212883388344198,9.018577536549419,1.5369448535935955,2.630801882594824,1.484626016113907,6.531555453073233,4.973322404548526,0,,5.87,-9.04,0.79,86.28,119.67,900.15,140.45,1015.15,270.45,960.15,168.45,1037.15,168.45,995.15,196.45,1000.15,265.45
60.333,0,0.10,0.05,0.44,0.48,1.45,1.58,1.30,0.34,1.52,93.37,31.06,-6.16,94.71,4.905020577167161,2.2343745810212567,4.506243182527832,3.471666614050046,6.889490683153272,28.717064782511443,3.819789961841889,0,0.33692055218853056,3.629437677226961,3.3886438286863267,5.074545107083395,2.575903401710093,2.812939339755103,8.441561821568758,1.248575933999382,2.6276010195724666,2.025962844491005,6.984833907540888,5.056235226336867,1.9733607494272292,,6.83,-5.56,1.12,84.09,121.11,899.11,140.91,1014.11,270.91,959.11,168.91,1036.11,168.91,994.11,196.91,999.11,265.91
60.558,0,1.11,1.67,0.57,0.32,0.44,2.15,1.48,0.96,1.75,91.70,24.23,-6.98,89.79,5.647794889323413,3.203927172999829,3.4703008697973567,2.7792573978006843,2.728830302064307,29.179572184104472,3.3974115350283682,5.113738085236401,4.7507257459219545,2.7162272309698166,2.7766088848002255,3.4141678754240274,1.626599959563464,0.8496092760097236,14.723159716986121,4.667991995736957,3.6095835836604238,8.48668408440426,8.1463778097881,0,0,,6.27,-5.73,0.46,85.89,119.01,898.43,140.57,1013.43,270.57,958.43,168.57,1035.43,168.57,993.43,196.57,998.43,265.57
60.769,0,1.22,1.79,1.65,0.64,0.53,0.99,1.19,0.51,0.60,93.37,36.70,-2.34,90.78,1.4992200923897325,1.5645015422720463,0.49002835425082614,0.25540806774049996,4.370564920878969,36.63934019766748,2.7123385338811206,3.1636734083667397,0,4.847149784862995,0.4556781272403896,0.8185588766355067,3.6419068621471524,4.7278947160113605,11.2366201322712,1.7929565973486752,1.3816917948424816,8.402790155727416,5.4367620803276075,2.3076496564317495,0,,5.88,-8.26,-2.06,86.74,122.90,898.95,141.57,1013.95,271.57,958.95,169.57,1035.95,169.57,993.95,197.57,998.95,266.57
60.991,0,1.09,0.94,1.91,17.13,1.72,2.07,1.33,0.71,1.98,79.78,31.33,-15.16,96.57,4.403198946337215,3.0747307445621117,5.9185416356008504,9.760864250066529,5.002437730841338,31.31850723642856,4.559786069463007,3.3169501968845725,2.848257010569796,0.5473639823868872,5.201156212482601,5.77651860518381,3.1794212996028364,0,5.131065586935729,2.9860232274839653,1.0894403965212405,8.697137353941798,4.38882932599634,6.167923158267513,0,,8.62,-9.47,-1.01,85.27,119.20,900.22,141.46,1015.22,271.46,960.22,169.46,1037.22,169.46,995.22,197.46,1000.22,266.46
61.141,0,1.10,1.10,0.52,20.02,1.83,1.26,1.33,1.29,0.82,77.99,34.89,-17.41,85.37,3.667858686703257,0.11258094476070246,2.218791577429511,9.501634874108362,7.2541545466287065,34.19174306746572,6.223222957435064,4.1582050300016995,0.6187219899147749,2.5965036604180933,0,3.1250321657862514,3.346148755867034,2.1870565969962628,9.062852429579944,0.3428923928039147,1.855780266225338,4.358956441748887,8.170684666675516,0.3376133239362389,0,,7.53,-7.13,-0.10,86.53,122.07,898.82,141.71,1013.82,271.71,958.82,169.71,1035.82,169.71,993.82,197.71,998.82,266.71
61.207,0,1.63,0.90,0.88,29.44,0.99,1.55,0.57,1.45,0.36,69.98,46.09,-24.59,87.13,2.026855332250707,4.860457493620925,2.4361122676264495,14.004105570252989,7.878457942907699,26.306022028904408,0.7486016094917431,2.615707626286894,1.6786096629220992,3.5351658115908506,3.170588817447424,0,2.4040008285082877,0,13.706395432949066,2.2865951425442472,2.1867020684294403,0,8.049587538442575,4.052413701545447,0,,5.42,-6.26,-2.23,84.33,117.40,901.84,141.10,1016.84,271.10,961.84,169.10,1038.84,169.10,996.84,197.10,1001.84,266.10
61.298,0,0.48,0.82,2.07,37.50,2.02,1.12,0.96,0.10,1.43,62.10,43.26,-27.45,93.72,4.222872510957531,2.415438570943661,1.4483675479283558,20.331478625359317,7.188788694147952,17.517355133779347,6.346892075333744,4.883512965925037,5.358862152323127,4.6817702531442045,0,1.1143577683251351,2.9100067676045,1.2340023151692003,7.148192227762193,4.595544134224765,0,0,5.5018449663510545,4.581838926533237,1.3128960016183555,,5.16,-9.19,-1.88,85.56,120.55,899.08,141.71,1014.08,271.71,959.08,169.71,1036.08,169.71,994.08,197.71,999.08,266.71
61.477,0,0.53,2.14,1.69,42.64,1.89,0.14,1.15,1.22,1.49,56.16,52.49,-30.24,90.73,2.770752529092133,1.9484114825725554,4.530005840645172,22.40285265997764,6.747067171633244,29.40257316501811,6.799007336935029,4.539098139926791,2.8807357780169696,1.316005346365273,5.145558664575219,0.021220748778432608,0,0,12.776508487816901,1.2579385595582426,0,2.4677835777401924,5.448004011753946,5.829046165570617,3.2053722662385553,,5.28,-8.71,0.60,83.82,118.08,901.97,138.94,1016.97,268.94,961.97,166.94,1038.97,166.94,996.97,194.94,1001.97,263.94
61.724,0,1.20,1.28,0.37,52.89,0.55,0.44,0.30,1.26,1.47,46.36,52.15,-44.61,93.29,3.623403369807638,1.5016842451179402,3.3312169232731685,21.265288350420132,6.965589323975146,47.30909031117335,5.9791850707726555,2.1964989931695165,0,3.58071169981733,0.15249755792319775,4.03503606445156,0,5.019032119745389,9.460222155544907,0.08886350510176255,3.973104660399258,6.7730657565407455,7.985316834431142,0.15708676422946155,94.29813247919083,,7.84,-6.80,-3.37,84.77,120.57,898.63,139.68,1013.63,269.68,958.63,167.68,1035.63,167.68,993.63,195.68,998.63,264.68
61.987,0,0.44,1.93,0.79,41.89,1.81,1.06,0.53,0.59,0.86,56.49,49.13,-33.74,93.10,3.2688709507510065,4.484184350492432,0,19.825646180964608,5.29884959384799,13.96785941068083,2.9495287245837973,0,5.7605871465057135,0,0,3.1516615625005215,2.6729484549723566,2.500287710512057,14.090374991316349,0.8595376339647918,3.5025530965067446,6.198991098906845,4.204354482702911,6.075667071621865,0,,2.43,-4.18,-3.47,86.98,122.08,899.03,141.62,1014.03,271.62,959.03,169.62,1036.03,169.62,994.03,197.62,999.03,266.62
62.281,0,1.03,0.20,1.99,24.89,1.32,0.77,0.58,0.85,1.76,73.47,35.49,-23.95,96.14,0.24280121489893647,4.181190332188271,3.443370703984983,14.30967026586963,6.645444015958346,14.832684356719255,5.999731242656708,3.156168627738953,0.3663570370990783,0,0.053754352033138275,0.2949386911932379,4.492439206223935,1.529995464840904,12.306271472405642,2.6133919722074643,2.310480139683932,0.06022381642833352,8.353386231879703,5.205050681019202,2.125896366080269,,2.45,-8.23,0.11,84.34,119.00,898.25,139.89,1013.25,269.89,958.25,167.89,1035.25,167.89,993.25,195.89,998.25,264.89
62.542,0,1.26,0.18,0.63,0.00,1.87,1.48,0.30,0.24,1.48,93.51,23.56,-7.87,95.96,4.944674684987404,0.42563477975782016,2.251059585609473,2.80292902992107,7.324143064087257,32.60264575993642,5.341083110496402,0.9519332942180334,0,4.9325173009559515,7.2229721657931805,0,2.1851289994083345,3.4806074057053773,15.949272236246616,0,4.024401376023889,0,6.009557871324942,2.2548154888208956,0,,1.77,-8.68,-4.45,83.54,122.84,901.24,140.20,1016.24,270.20,961.24,168.20,1038.24,168.20,996.24,196.20,1001.24,265.20
62.727,0,0.04,1.98,0.76,0.71,1.35,0.27,1.20,0.13,0.12,92.25,29.78,-0.32,94.07,4.442528651594184,2.978658058005385,1.6760718995379285,2.002397078340873,6.7623003879655155,26.345580328721553,6.071308118244633,0,0.47039633709937334,4.0567344215139745,2.2268163124099374,0,4.267205139622092,3.8224756534118205,10.206866968721151,0,1.4618425411172211,1.7038606237620115,6.572891728365794,0.8714386515785009,2.4586406140588224,,3.91,-6.99,-1.98,83.37,118.45,899.46,141.70,1014.46,271.70,959.46,169.70,1036.46,169.70,994.46,197.70,999.46,266.70
62.941,0,0.37,0.85,0.84,1.86,0.27,0.33,1.25,0.40,2.07,93.27,29.10,-4.84,90.71,4.702709494256414,5.396192445768975,3.726489591514692,4.68996967711486,5.118347559412942,20.455549894832075,2.0242827268317343,4.00732733245939,0,4.660472156610339,5.523783884011209,0.5459622987546027,0,0,13.229197165928781,0,0,3.4274635375477374,7.371769517632202,5.083167064236477,90.80108831683174,,1.38,-3.18,-3.00,85.78,118.89,901.59,139.58,1016.59,269.58,961.59,167.58,1038.59,167.58,996.59,195.58,1001.59,264.58
63.273,0,0.52,0.45,1.65,0.89,1.76,0.01,0.09,1.36,0.69,94.38,33.87,-6.68,87.27,0.8885331130540002,2.3184590189019216,4.1231795914005485,4.429458105349913,7.444636081680656,23.75542917335406,4.357779601821676,0.008545565046370385,4.590664172079414,3.115373014640063,2.8206507763825357,0.7448719518724829,0.021415111608803272,3.234642106220126,8.862406927403063,0.5579157939134167,3.409198710229248,7.425377637147903,9.525853549893945,0,1.8853243407793343,,4.63,-7.66,-3.71,83.78,121.37,901.20,139.63,1016.20,269.63,961.20,167.63,1038.20,167.63,996.20,195.63,1001.20,264.63
63.479,0,1.80,1.82,1.86,0.60,2.12,0.97,1.97,2.15,0.05,91.77,25.13,-5.82,95.72,2.282872003819793,5.340041625034064,2.484781735870056,1.3337090714275837,6.171147581180557,26.665469782892615,5.381189352320507,2.7498844393156467,6.225806024856865,3.9507007231749594,3.8015335737727582,0.9474020437337458,1.916763294953853,2.972459687991068,6.454105301443487,1.5635163054056465,5.30660760961473,4.8751668352633715,7.4466721384134145,2.73466450558044,0,,5.88,-7.58,-2.43,83.05,120.36,900.01,140.05,1015.01,270.05,960.01,168.05,1037.01,168.05,995.01,196.05,1000.01,265.05
63.548,0,1.21,1.20,0.78,0.90,0.62,0.25,2.05,1.30,0.80,92.17,30.74,-7.05,89.19,3.072704091235064,4.779401443828829,0.4294722278695553,1.6319871404487643,3.084466198785231,31.943241311237216,1.4733743561664596,0.17586349034681925,2.9659300060011446,3.6075417224690316,3.493883889634162,3.297559651080519,6.4021959118545055,1.2797427727654576,9.850249512717127,1.9319724271586165,0.04797741072252393,1.576991815585643,7.565075200004503,4.632764745736495,0,,2.03,-7.46,-4.40,85.21,122.61,898.76,138.09,1013.76,268.09,958.76,166.09,1035.76,166.09,993.76,194.09,998.76,263.09
63.669,0,1.48,1.09,2.16,0.29,0.02,1.21,0.49,1.42,1.42,94.55,28.99,-2.21,91.76,5.4297446942050005,1.8428770611993968,4.191264686337672,4.517916447892786,2.4476067116530613,42.32622684724629,4.62327644857578,0.6062582944519819,3.4308381665032357,1.0164756712689997,1.123567895963788,0,7.573876651469618,4.583726407727227,10.141294989157469,4.604695315156132,0,1.9323898013681173,6.716691963314079,7.023726563900709,0,,5.84,-6.25,-4.80,86.89,119.57,898.35,141.63,1013.35,271.63,958.35,169.63,1035.35,169.63,993.35,197.63,998.35,266.63
63.872,0,1.91,1.72,0.12,1.91,0.70,2.08,1.76,0.31,0.33,93.05,33.09,-6.77,87.96,2.7520600414974616,3.040817309054546,0.9028167818719521,6.139966731509194,7.066430203672499,45.999123458750546,0.176840952807106,3.557850461062044,2.3400901423301548,0,0.718833037186414,1.7848541371058673,0,1.106831786846742,3.6708798836916685,4.740713645354845,2.996607751119882,4.714223289396614,2.8743425544537606,0,80.22677398612723,,0.89,-2.98,-4.31,84.18,121.15,901.95,139.38,1016.95,269.38,961.95,167.38,1038.95,167.38,996.95,195.38,1001.95,264.38
63.948,0,0.29,1.00,1.78,0.56,2.01,1.79,1.63,0.45,1.24,94.50,28.58,-6.03,87.57,5.3160929110366855,5.725751685258001,3.4018029154883695,3.6080469221808014,6.005641999999061,21.121717768721282,1.8617998159024864,0,1.422661418095231,3.2546364831738175,0.26655686600133777,3.521298013627529,4.936005972325802,5.016917765354737,14.124773997291923,3.56751674933359,1.3520686621777713,4.781485854648054,8.072911157449708,0,1.78860260755755,,0.10,-7.01,-3.74,83.81,121.30,898.57,138.61,1013.57,268.61,958.57,166.61,1035.57,166.61,993.57,194.61,998.57,263.61
64.204,0,1.83,0.38,0.75,2.12,0.57,1.90,1.45,0.28,1.23,91.93,26.24,-7.28,91.92,5.335355585557409,4.04858947226312,2.1179468520544473,2.4609976664837454,8.227433039303868,22.433488353621215,2.7336522594094275,3.073073173929006,2.019090358633548,1.0000516835972668,0.6811225432902575,2.9402666753157973,3.8655610559508204,2.790549771077931,15.02323654253036,4.3307615118520335,0,3.9705874752253294,6.912204591110349,2.726866837358102,71.24249179195613,,2.43,-1.64,-1.39,86.96,119.12,899.36,139.45,1014.36,269.45,959.36,167.45,1036.36,167.45,994.36,195.45,999.36,264.45
64.477,0,1.10,0.71,0.25,0.68,2.02,1.18,0.74,1.67,1.01,93.19,26.49,-4.47,87.50,0.7847742899600414,0,4.246374807930551,0.9330429870821537,7.179084062576294,47.432902842760086,1.2946061787428333,0,0.4917615274898708,1.1496792791597548,6.498815868515521,0.12872447888366878,5.273554868996143,1.3416616659890859,7.385156309530139,2.7808405018784104,3.970114065334201,4.401657149195671,3.966138050891459,6.548266863217577,3.6124033264350146,,1.67,-3.89,-4.01,83.90,121.16,899.27,138.51,1014.27,268.51,959.27,166.51,1036.27,166.51,994.27,194.51,999.27,263.51
64.643,0,1.13,1.01,1.97,0.08,1.33,1.14,0.92,1.33,1.38,93.52,27.93,-6.46,96.15,1.9831716052023691,4.272687782323919,2.5656722552794964,4.096435388708487,4.396317314105108,47.874734232667834,3.748619309463538,3.4007526851817964,3.084801949793473,3.3241665404476226,4.633616489823908,5.504893456818536,4.451417223550379,1.3713459092564881,16.525344504527748,4.890947721679694,0.6190420049242675,7.012083688285202,7.489888578662649,1.7591013838537037,2.2545533305965364,,-0.23,-4.29,-5.30,85.00,117.45,900.36,139.95,1015.36,269.95,960.36,167.95,1037.36,167.95,995.36,195.95,1000.36,264.95
64.793,0,2.17,0.68,0.22,2.15,0.64,1.98,2.13,0.13,0.70,94.16,34.84,-4.79,89.69,5.024266264592297,3.628591502155177,5.804129878613167,5.439808626687154,2.565718792034313,49.64433556469157,0.7888427578145638,0.7656529046595097,1.5960622227285057,3.7677658267691734,1.9495543646626174,3.6925423135980964,8.275078233797103,3.3603849544841795,11.63078597575426,4.398108522170223,0,2.987668566405773,6.406001035878435,0,1.5869362091179937,,3.21,-2.16,-1.85,86.91,119.65,898.08,140.62,1013.08,270.62,958.08,168.62,1035.08,168.62,993.08,196.62,998.08,265.62
64.956,0,2.12,1.54,0.94,1.05,1.17,0.69,1.54,1.68,2.16,91.66,26.29,-6.09,91.94,5.171166292857379,0,5.019059656029567,5.058235486391931,7.414817076921463,13.763324556872249,5.411062164860778,0,3.3505901058670133,1.709463717788458,0,0.9098234362900257,5.578672311734408,2.5896718265116214,11.145363305117936,3.261193883754313,2.001997378654778,2.9529495886527,8.095577406324447,5.394798627356067,0,,0.60,-1.86,-4.50,83.52,122.36,898.02,140.93,1013.02,270.93,958.02,168.93,1035.02,168.93,993.02,196.93,998.02,265.93
65.050,0,1.36,0.57,0.67,1.59,0.05,0.90,0.44,0.06,0.03,94.97,34.72,-0.22,90.51,3.4424638013914226,0.7899887253995983,2.4537823932059113,0.36185185978189116,3.2288088183803483,25.343443846795708,1.1312042695470153,1.3461045077629388,1.4648395872209221,3.073715434111655,0,3.0439910204149783,4.401242279447615,0,12.907451702151448,3.3818097270745784,0.020147607196122408,2.9764606710523367,5.045687764477916,3.5042688087560236,0,,0.46,-2.01,-5.33,86.34,121.86,898.50,139.82,1013.50,269.82,958.50,167.82,1035.50,167.82,993.50,195.82,998.50,264.82
65.241,0,0.85,0.63,0.44,1.50,1.42,1.84,1.38,1.81,0.49,94.51,32.70,-2.21,96.73,1.3586917850840838,2.713616981403902,0.2887513627670706,4.455368602257222,4.308720366661436,17.38896938180551,2.7636170310433954,4.247829012572765,0,1.0370131485722958,1.9602086953818798,0,0.8192910365760326,2.0401826638914646,12.897134450264275,3.99533985205926,4.809205988422036,2.366502419114113,3.6270416175341236,3.013161736074835,4.3517632400617,,-1.74,-0.29,-1.82,83.89,120.97,901.37,139.25,1016.37,269.25,961.37,167.25,1038.37,167.25,996.37,195.25,1001.37,264.25
65.434,0,0.65,1.27,1.57,1.67,1.87,2.08,1.90,1.52,1.15,92.33,30.32,-2.93,96.70,1.458731020335108,1.1401975364889951,2.764889177926816,4.1524917020648715,4.9030440526874735,15.391583201941103,2.200071767065674,2.216476669237018,1.6477299300022423,1.633579275496304,4.8479373645968735,2.539531933609396,0.18155844742432237,0.9008655541110784,14.378294602539391,1.3865743670891968,1.9229358593001962,6.757645696867257,6.284385613906197,2.3510300614871085,0,,-0.99,-4.71,-1.57,86.55,118.22,901.50,138.81,1016.50,268.81,961.50,166.81,1038.50,166.81,996.50,194.81,1001.50,263.81
65.590,0,1.99,0.30,0.22,1.63,1.89,0.33,2.01,0.47,1.09,93.56,28.92,-4.73,91.43,5.220825150930323,1.6789955171989277,4.648248403347098,4.887380707962438,3.476492407801561,36.24404398538172,4.825510276271961,4.358677074983715,2.8552991345059127,3.132536891978234,1.865186638198793,5.276074908906594,6.483091545291245,0.50914298013784,7.993716603983193,1.5499244981212543,3.056701227091253,5.8176456722430885,8.834131300006995,3.3330188549589366,1.4134638933464885,,-1.87,-2.40,-5.51,83.47,120.94,900.83,140.56,1015.83,270.56,960.83,168.56,1037.83,168.56,995.83,196.56,1000.83,265.56
65.768,0,2.02,0.97,0.28,0.57,1.07,0.02,1.24,0.07,0.99,94.24,29.17,-0.03,88.21,0.35792844847310334,1.4094642598880456,2.151095783612691,5.885396999744698,5.279022351265885,41.69301311066374,5.496067781327293,0,4.569596920162439,0.450307618752122,1.0172012862749398,0.2253369700629264,2.1424125591292977,0,9.553227176629008,4.489011501581408,0,8.935994470026344,7.318872788450681,7.331986634293571,4.53863569535315,,1.08,-2.92,-5.92,85.09,119.52,898.87,141.25,1013.87,271.25,958.87,169.25,1035.87,169.25,993.87,197.25,998.87,266.25
65.985,0,0.72,2.06,0.07,1.66,0.36,0.41,1.41,1.84,0.59,93.69,25.87,-5.65,94.94,4.9072994856257,0,4.5438191344169905,2.855154947508127,3.88851184730418,20.45174752175808,5.479978967853822,2.935823874026537,2.5355658000335097,1.3053454707004128,0,0,4.205579810310155,4.715558509426192,7.016807019636035,1.1034692108538002,1.5014922516420484,6.062835957389325,5.449932388579473,1.982014368288219,4.395371157908812,,-3.61,0.67,-1.87,85.32,122.33,900.43,138.79,1015.43,268.79,960.43,166.79,1037.43,166.79,995.43,194.79,1000.43,263.79
66.138,0,0.30,1.39,1.24,1.53,0.15,1.87,0.85,1.67,0.06,93.66,33.30,-3.37,69.39,0.09464234324637788,4.001018061744981,4.741450420822948,0.5679220065753907,5.581656485083513,38.457956777885556,6.586466769385152,3.0645868621207777,1.7544204322621226,4.829738717060536,2.8975019683130085,5.7552955388091505,6.821388704236597,0,9.103364377077668,1.1804017448658124,1.2171701351180673,5.0325460699386895,7.916567471292801,3.209311773534864,93.18522263504565,,-4.02,-3.49,-1.45,86.56,119.58,900.14,138.80,1015.14,268.80,960.14,166.80,1037.14,166.80,995.14,194.80,1000.14,263.80
66.324,0,1.51,1.20,1.26,1.53,0.17,0.75,1.66,0.40,0.43,92.14,26.51,-7.56,94.76,1.8596623838460071,5.102418331499211,4.217557909544557,1.5096325201820582,4.1707455293182285,28.47010247502476,3.5050666970899327,0.3589446056261658,3.196604470256716,0.6254345650598405,5.8923626421019435,0,1.4021066185086966,0.902977631893009,12.319536956641823,5.059350254242308,5.891799248754978,1.2961789560504258,3.1102643924113362,7.088903805008158,1.896918518235907,,0.44,-2.21,-4.00,84.51,117.23,899.04,140.95,1014.04,270.95,959.04,168.95,1036.04,168.95,994.04,196.95,999.04,265.95
66.518,0,0.46,1.72,0.09,1.79,1.54,0.21,0.57,1.09,1.57,92.61,34.58,-1.50,94.26,4.418893526145258,1.1335528879193588,0.982175607611425,5.0774619972240185,6.541622740677558,28.807929161470383,0.45301095321774465,2.5405045549944045,5.5653043107595295,2.111292621679604,0,0,2.814645564649254,4.388229781100526,9.795039582978934,5.101489393957891,3.5544525254517794,0,3.5560161355556925,0,61.91716142045334,,-1.61,2.51,-2.90,86.12,118.90,901.15,138.89,1016.15,268.89,961.15,166.89,1038.15,166.89,996.15,194.89,1001.15,263.89
66.665,0,2.02,0.81,1.96,1.30,0.46,0.50,0.20,1.22,0.58,92.50,24.72,-6.75,95.05,0,0,0.32385434804484214,4.655837839692831,2.9313618644187223,39.98107044631615,5.622593309730291,2.723604368232191,4.224331793608144,3.5757442802377044,4.470665106084198,4.207571805920452,1.850989954546094,0.04603089483454825,7.496273295264691,0,5.257154516875744,3.093064528889954,5.812109206928872,1.2075952482409775,1.7895967019721866,,-4.88,-0.12,-4.80,84.56,118.64,899.06,139.10,1014.06,269.10,959.06,167.10,1036.06,167.10,994.06,195.10,999.06,264.10
66.897,0,1.55,1.66,0.48,1.25,1.36,0.60,0.00,0.23,0.05,93.14,24.49,-0.09,89.56,4.61849214812275,1.954534920840524,1.091480321614072,0.45486473650671577,4.797222819905728,20.878733134362847,1.3704077352536843,4.046035773232579,3.4054493892472237,1.2306324970535933,3.0365160405635834,1.0584157591219991,0,2.750676284469664,8.720624599400907,1.7848803471634165,4.922003606334329,9.600030877161771,6.7971306935511535,2.6147914435714483,1.541544261854142,,-0.76,4.07,-5.12,84.27,122.67,899.68,140.24,1014.68,270.24,959.68,168.24,1036.68,168.24,994.68,196.24,999.68,265.24
67.042,0,0.58,1.31,0.46,0.01,0.25,2.13,1.96,0.26,1.24,93.77,26.85,-2.04,89.36,1.3433161491714416,2.790367477806285,3.543746489416808,2.4468200999125838,4.0403096024040135,37.101263819262385,1.7294243353884666,2.0648838472366333,7.195993900066242,5.6036096602119505,1.3534751571714878,3.186984649626538,0.2186793889850378,3.746059433501214,16.8601155991666,3.3037426963914185,0.9663782841525972,7.441759653855115,5.019005326433107,5.777674027020112,1.1491632526740432,,-0.47,-0.15,-3.37,85.16,117.94,898.59,141.84,1013.59,271.84,958.59,169.84,1035.59,169.84,993.59,197.84,998.59,266.84
67.334,0,1.76,0.19,0.36,1.46,0.98,0.45,2.09,1.57,2.09,92.12,30.48,-4.40,54.16,5.341300284489989,4.463435138063505,3.021054280907847,0.9024973998218782,3.5955296498956155,33.57462089834735,3.606620367523283,0,2.295325853396207,2.846838130801916,3.1234333980828524,4.693440032424405,1.6638236339204013,3.4656486444640904,12.59165580175817,4.302678105020895,2.4170424113981426,3.3384560965932906,6.677988080005162,0.8570017940364778,1.82002461142838,,-0.94,3.05,-6.34,84.67,120.53,898.24,138.05,1013.24,268.05,958.24,166.05,1035.24,166.05,993.24,194.05,998.24,263.05
67.450,0,0.64,1.12,1.16,0.35,0.29,0.67,1.00,0.08,0.54,93.14,31.22,-2.24,96.49,1.5923446791945026,2.0357575316680596,0.6782461589621378,4.17888892580755,3.190091970767826,36.69812330277637,4.316109196096659,3.9804202335327865,3.59089350909926,1.0385717140324413,0,6.045218006009236,5.221738815307617,2.676969391843304,3.434680628236383,4.1923314057895915,2.5921071297489107,2.967432771343738,3.026195074468851,0.5728600895963609,0,,-5.88,3.34,-1.92,83.64,122.61,901.23,141.20,1016.23,271.20,961.23,169.20,1038.23,169.20,996.23,197.20,1001.23,266.20
67.759,0,0.43,0.26,1.60,0.99,0.94,0.32,1.73,0.87,1.24,94.11,36.40,-1.04,95.22,0.5930508036958053,1.9098489379277455,4.034802791113034,4.19088999814354,4.74820793508552,17.15653556305915,5.9972697497112675,1.8868775897286834,3.46813943143934,0.48813177006319153,3.533876166678965,5.052582389907911,6.903022913262248,1.2860701394453646,7.964396926891059,1.78580959467683,3.5794353461824358,6.733080759178847,7.121124926628545,2.5618076948449016,89.70503637846559,,-1.04,2.61,-2.67,85.36,122.56,900.83,139.34,1015.83,269.34,960.83,167.34,1037.83,167.34,995.83,195.34,1000.83,264.34
68.066,0,0.12,1.09,1.12,0.14,0.90,2.09,0.37,2.04,0.93,93.70,29.85,-3.48,88.57,3.039776530247182,1.6479017183650284,2.826410813615657,3.201741005256772,8.173073563813233,27.04426090652123,1.9768298657611014,2.8410201859101654,2.036050517577678,1.3974569470621647,0.36827805172652006,4.341706225881353,3.113001824822277,4.1369963106047365,12.286264588572084,0,3.5370160681195557,5.865097374655306,6.038582261898555,4.055506775388494,4.127192639512941,,-2.96,5.84,-1.95,83.14,119.39,898.78,139.00,1013.78,269.00,958.78,167.00,1035.78,167.00,993.78,195.00,998.78,264.00
68.359,0,1.06,1.48,0.60,1.40,1.07,0.63,0.35,2.04,1.32,93.28,27.60,-7.43,95.14,3.5977394539816308,3.361319924914278,0.7138299734983597,5.211916968906299,4.593539754450322,41.777823163196445,2.604994370415807,4.669521275572478,3.3889636038802564,2.1550967531092464,2.6697089415974915,5.5751990233547986,3.94719594810158,3.1669181158952417,12.877965887524187,0.41803133695852024,1.9336622077971697,2.9342753496021032,5.057010027784854,3.3628989183343947,0.5878297153394669,,-3.95,6.07,-5.67,85.59,120.98,899.53,141.13,1014.53,271.13,959.53,169.13,1036.53,169.13,994.53,197.13,999.53,266.13
68.512,0,0.99,1.26,0.75,1.79,0.43,0.04,1.21,0.89,0.21,93.81,35.40,-1.02,55.36,0.2377616349374878,2.8677169290138407,0.7247420825622974,3.263913651397452,8.129052787800319,20.96329532796517,2.247328431298956,3.1500606601685286,0.2472341030370444,0,3.8328108061105013,2.8546146552544087,2.2703181174583733,1.6228394565545021,13.922352482620628,2.7946280911983923,0,1.7024694755673409,4.89496209430974,4.285537383053452,0,,-6.63,1.30,-5.25,85.69,120.32,900.19,140.12,1015.19,270.12,960.19,168.12,1037.19,168.12,995.19,196.12,1000.19,265.12
68.599,0,1.55,2.05,1.33,2.09,1.32,0.04,1.74,0.15,1.64,94.19,36.03,-6.42,95.61,0.8528861310146749,2.932162415282801,4.459441312076525,0.8918929093889894,8.455687797046266,18.69817343307659,5.395176636893302,4.8566838316805665,5.544822555966675,2.890371234770864,2.006608780939132,6.058742449851707,0,0,11.717887074537575,2.3765523402299733,0.5243407501839101,6.154730228241533,8.01947008643765,2.1671317317523062,0,,-7.91,5.22,-2.01,83.39,120.47,900.73,141.87,1015.73,271.87,960.73,169.87,1037.73,169.87,995.73,197.87,1000.73,266.87
68.740,0,1.05,0.47,0.55,1.27,1.33,1.16,1.08,0.82,0.75,94.18,34.58,-0.70,87.47,3.4748448258358984,2.41380738215521,3.379476060401648,5.243106632269919,4.771526197227649,37.850304204039276,1.8238591642118989,1.1325443925894798,3.4598939700517803,2.207358630467206,7.368513900786638,4.462335953954607,4.569877127185464,2.574705869089812,9.148934380095453,4.25030730811879,1.0492230639792979,5.837706481572241,7.0423530102008955,4.696598412236199,1.2484818657394499,,-5.15,3.53,-4.87,83.88,122.10,899.00,139.97,1014.00,269.97,959.00,167.97,1036.00,167.97,994.00,195.97,999.00,264.97
69.005,0,1.98,0.82,1.80,0.06,1.18,2.11,0.96,0.29,1.92,92.83,26.34,-3.88,93.45,3.695486890212633,3.504056039568968,2.0310509774042296,0,4.124141009454616,35.91602577874437,4.372284265770577,3.2743054647557437,2.3653276378754526,4.621172786932439,6.193903599400073,0.9901396215427667,4.543152851052582,3.910196278588846,13.638046459723263,3.5175962029909718,1.2329785781912506,1.0770061421208084,4.250094114313834,2.737057480029762,4.453668164089322,,-4.05,3.06,-4.05,84.98,121.86,900.12,139.14,1015.12,269.14,960.12,167.14,1037.12,167.14,995.12,195.14,1000.12,264.14
69.201,0,0.47,0.55,1.22,0.68,2.08,1.76,1.50,1.89,2.00,93.95,27.76,-7.53,93.01,3.5319261008733887,2.4288722643395886,2.6423183856718246,0.8460206604469569,6.125530702602118,33.41025166818872,1.5511009354144334,2.2499268355593087,4.432836168212816,4.513242565914989,3.40073486790061,0.3553594872355461,3.7727518435567617,0.23187825309112675,7.6470059113577005,0,3.6431347890757024,3.2663559336215258,6.208725932016969,6.648813701234758,0.8591028708033264,,-7.03,7.35,-1.76,83.09,120.86,901.73,138.12,1016.73,268.12,961.73,166.12,1038.73,166.12,996.73,194.12,1001.73,263.12
69.370,0,1.91,0.16,1.54,1.78,1.21,1.66,1.99,2.10,1.61,93.25,31.56,-7.54,95.85,0.888931290302426,1.3922676930669695,1.2230803379043937,1.621469814833254,4.672616696786136,21.09067956591025,2.842637432506308,3.6541728192940357,3.3663212466053665,5.103738008830696,3.9086163947358727,3.54315183730796,1.4044204414822161,4.757988206055016,12.60918127950281,0.540384544664994,1.2512753382325172,5.713162451516837,6.706548784226179,2.1436579092405736,2.755238919518888,,-5.07,8.64,-5.96,84.61,121.16,898.78,140.67,1013.78,270.67,958.78,168.67,1035.78,168.67,993.78,196.67,998.78,265.67
69.520,0,0.49,1.80,1.88,1.04,0.95,0.65,2.04,1.16,1.51,91.99,24.41,-0.35,91.87,3.1026700230874122,1.6404912433121357,3.586643770709634,5.154166208505631,4.926000695410185,20.067927790805697,3.7684843266615644,1.3313917238265276,3.5153969498351216,0,1.1012473166920245,0.2572822030633688,5.827456068713218,1.5109062332473697,11.758958521466703,0.67193377670832,0,5.717027104925364,7.108918068190105,4.185801748884842,0.005221746861934662,,-4.52,3.64,-3.92,84.09,117.05,900.59,138.01,1015.59,268.01,960.59,166.01,1037.59,166.01,995.59,194.01,1000.59,263.01
69.586,0,1.02,1.21,1.59,0.29,0.18,0.60,1.92,1.16,0.75,93.06,33.02,-7.88,88.13,2.302875731708482,0.10276806154288343,4.9201802824158225,4.7221559095382695,3.25702725160867,30.89573769690469,1.730450477870181,0.4154881764762104,4.231373209506273,4.0988976621814075,2.0950644090771675,4.629094776697457,3.5822817469015718,3.1691944848932327,7.408830332830548,2.5006370634865016,2.980983765795827,3.9421076509170234,2.212557380571962,2.1783927460201085,0,,-3.92,5.70,-5.16,85.79,121.14,898.17,139.38,1013.17,269.38,958.17,167.38,1035.17,167.38,993.17,195.38,998.17,264.38
69.740,0,2.07,1.77,0.33,0.35,1.65,1.99,0.65,0.87,0.17,94.40,29.78,-1.14,87.37,4.893804879728705,3.0048225431703033,4.828477989844978,0.6995512072369459,5.610248027876951,25.529741264414042,4.897172420099378,4.961313209999353,5.9705955339595675,2.5234521234594287,1.8092705053277314,3.9931202582083642,3.045840854756534,2.9789061304181814,13.44874382050708,3.129221608284861,0.4767732033506036,6.322185417637229,6.514454314871691,3.963429559022188,1.3284580616746098,,-3.40,6.24,-3.04,84.86,122.55,899.96,139.51,1014.96,269.51,959.96,167.51,1036.96,167.51,994.96,195.51,999.96,264.51
69.944,0,0.36,1.35,1.30,0.49,0.62,0.57,0.26,2.13,0.81,93.47,28.52,-5.15,89.15,2.378040866339579,4.0101134002674375,2.246002086293884,4.777119366712869,4.196612155949697,36.56623135181144,1.164452732121572,0.5078888016194107,5.063124826643616,0.9487690095975996,0.7140766032971442,3.018008426995948,0,4.252223648568615,9.902015347853304,1.824268081607297,1.755874435417354,4.793476726859808,7.123282900685444,2.5023978669196367,0,,-4.32,5.07,-1.50,85.26,121.55,898.92,140.33,1013.92,270.33,958.92,168.33,1035.92,168.33,993.92,196.33,998.92,265.33
70.199,0,1.11,1.13,0.46,1.79,0.06,1.33,1.83,1.58,0.89,93.59,30.98,-6.77,93.78,4.486937760859728,4.030387213546783,0.4356288939202204,6.659639305789024,3.6285782143240795,42.555012471508235,0.3902064369060101,1.7768067388236521,4.333076850045472,1.0287253177538513,2.0893617644906044,6.8541483820881695,0.2076095575466752,0.050431801481172656,5.168250987567007,0,2.3078922699205577,8.172777404543012,4.918267607805319,2.7508713798597455,0.8332264304626733,,-4.80,9.80,-4.09,83.34,119.82,901.49,138.41,1016.49,268.41,961.49,166.41,1038.49,166.41,996.49,194.41,1001.49,263.41
70.423,0,1.42,1.61,1.57,1.21,0.09,1.24,0.09,0.80,1.44,92.36,26.03,-3.65,87.14,4.086171375438571,3.725273290136829,3.6461948229605334,0,3.521522029936314,15.296063325367868,2.5907542428933086,1.0392110376060009,3.839407304301858,1.0722462554462253,1.2223099004477262,4.841155357426032,5.842309118248522,4.784878268195316,11.773261955995114,0.07391726893372841,1.990991500671953,9.701560677960515,4.351992706917226,1.7371733766049147,0,,-4.75,8.57,-1.20,84.92,120.47,901.50,140.40,1016.50,270.40,961.50,168.40,1038.50,168.40,996.50,196.40,1001.50,265.40
70.746,0,0.69,2.17,1.78,2.17,0.32,0.31,1.61,1.86,1.03,91.75,34.05,-2.18,95.31,5.127496146922931,0.9264932986348868,5.641272011883557,4.302761538866907,2.705217491188087,21.716143265366554,6.254249101667665,1.7008205929212274,0.1248999978415668,2.573530515730381,4.0093712587840855,0,2.4619228541851044,4.325981955826283,11.782162199933083,2.5156293800473213,0,0,2.5644235206162556,4.331349229440093,0,,-6.77,3.74,-2.96,83.52,120.56,899.69,141.74,1014.69,271.74,959.69,169.74,1036.69,169.74,994.69,197.74,999.69,266.74
71.056,0,0.07,0.28,0.47,1.47,0.42,0.67,0.00,0.50,1.54,92.54,32.73,-3.37,90.21,5.037132357894443,2.4813892798731105,3.012722252663225,0.5654412244353444,6.030279353833757,41.61564188962802,1.4140578756574542,1.1244394325837495,2.763735129032284,3.869281453695148,8.032899793703109,4.137893027160317,4.75641242461279,0,13.40490295825526,0,1.1246792180463672,8.303320491220802,6.565262433611788,5.7285552870016545,1.9393791232723743,,-4.76,4.80,-5.14,84.17,121.66,899.01,138.33,1014.01,268.33,959.01,166.33,1036.01,166.33,994.01,194.33,999.01,263.33
71.223,0,1.89,0.62,0.37,0.97,1.61,1.04,0.37,0.09,1.41,94.62,35.60,-6.82,91.47,4.703408832666464,0,2.8633513210481034,2.813259462127462,4.6733510007383305,35.495505791623145,4.451896758726798,2.018235533200204,6.041838238714263,0.10964263509958982,0.5789681053720415,1.6724655446596444,2.0612211297266185,4.045713477125391,5.161623866651207,0,2.5045892954804003,3.575682603754103,5.652797379600816,4.537008536746725,0,,-3.54,7.24,-1.40,86.17,118.92,900.24,139.03,1015.24,269.03,960.24,167.03,1037.24,167.03,995.24,195.03,1000.24,264.03
71.545,0,1.03,2.06,1.90,1.57,0.51,0.85,0.62,0.89,1.86,92.51,23.10,-7.33,91.16,0,2.8669735674047843,3.8149673261120918,1.7205779596883803,6.975639365925454,41.037114494945854,2.147455650847405,1.964514298643917,0.8659193001221865,1.9949796148575842,1.5632250127382576,0.28861902421340346,5.616435217671096,0.25325921691954134,8.871308741904794,0.32865431716199955,3.2831590049900115,3.901488904375583,4.847586847045459,0,4.8119175885804,,-3.19,8.18,-4.54,85.25,121.59,898.91,138.40,1013.91,268.40,958.91,166.40,1035.91,166.40,993.91,194.40,998.91,263.40
71.768,0,0.11,0.94,0.01,2.12,2.12,1.76,0.17,0.71,0.66,92.38,24.85,-5.37,88.17,1.3812417122395706,2.4491646073525772,0.8436064901435749,4.62218510513194,5.274982440010644,15.21313666459173,1.372622938454151,1.4874551353789864,2.9886926943436265,0.751547482889146,0,2.224825080251321,5.631304677575827,0,12.493085403013975,3.4629958609724416,4.894384192768484,3.611311255954206,9.01073277866002,6.034871494397521,73.60224776854739,,-4.95,7.53,-0.67,83.66,122.30,898.10,138.19,1013.10,268.19,958.10,166.19,1035.10,166.19,993.10,194.19,998.10,263.19
71.920,0,1.37,0.42,0.78,1.56,1.41,0.15,1.05,0.38,1.06,93.79,33.51,-3.31,94.80,1.161320830374025,4.596853297925554,0.8988562330184506,3.064558144481853,5.436848953426815,40.60199558502063,3.2857842882396655,4.920180383548141,3.514487925451249,0.7001089929975568,2.301801284775138,3.952923943521455,1.6775836371816695,0,9.998778167292475,4.173150039245375,0,0.8824749104678631,5.674163034795783,0,1.1890919082798064,,-7.17,4.67,-1.51,83.14,120.70,901.69,140.54,1016.69,270.54,961.69,168.54,1038.69,168.54,996.69,196.54,1001.69,265.54
72.168,0,1.12,0.78,1.74,0.17,0.61,0.57,1.13,1.75,1.73,93.22,35.61,-2.89,88.33,0.19095627363305567,4.660694464412518,1.594553785300814,4.213149785222486,4.909711777442135,15.909676761366427,1.3966114548267798,2.1438468547910454,0.3379050176590681,4.639821405410767,0,5.402535553323105,6.058831903617829,1.6706389735173435,11.773704915083945,1.0084440463175999,1.945924990810454,3.082407127600163,7.863380183535628,4.312720803078264,0,,-4.91,8.05,-0.93,84.99,119.70,899.46,138.55,1014.46,268.55,959.46,166.55,1036.46,166.55,994.46,194.55,999.46,263.55
72.293,0,1.92,0.66,2.19,0.74,0.26,1.12,0.92,1.83,1.84,92.60,31.86,-6.26,89.28,0.3097833698801695,3.3021101523190737,5.24573230819311,0.9632745587639508,4.098718885388226,12.487706166692078,6.179848985769786,2.1386166528984907,2.269155688583851,2.976231891643256,1.2738253972493112,0.4508981571998447,4.797423621173948,5.287025973415002,13.780314440838993,1.062205430585891,0,2.9313582577742636,6.227763594798744,2.3352570296265185,0,,-7.54,6.41,-4.88,83.48,117.38,899.72,141.66,1014.72,271.66,959.72,169.66,1036.72,169.66,994.72,197.66,999.72,266.66
72.549,0,1.24,0.19,0.53,0.34,0.58,2.15,2.02,1.74,1.55,94.36,36.07,-1.01,95.91,4.013270794628188,1.6119005832821132,4.420380016467535,5.165404728557915,3.8089977575186644,39.73219348723069,4.5332799177384,2.1357591485232117,2.4137942641973495,2.636249029710889,1.6143795107491314,1.650807032827288,0,0.021913764597848218,9.172323962505907,1.9578338668122885,2.004720017313957,1.658076824620366,6.782621262120083,0.09179802634753287,0,,-2.14,7.85,-3.56,84.27,122.25,901.36,138.60,1016.36,268.60,961.36,166.60,1038.36,166.60,996.36,194.60,1001.36,263.60
72.820,0,0.85,0.85,2.07,0.42,0.71,0.23,0.01,0.13,0.17,92.21,29.38,-7.10,82.69,2.7494401411153375,2.420951300859451,0.892531986050308,0,5.071315874597058,28.817527935374528,4.701016716356389,4.155787288434803,5.697420733049512,0.17114676641300308,5.345621409360319,2.4016974482219666,6.3954243790358305,3.8425517727248373,4.91675194658339,4.214684092402458,0,5.004677871707827,4.390209319991991,5.86772972648032,0,,-5.06,8.69,-1.17,84.43,121.75,898.99,138.85,1013.99,268.85,958.99,166.85,1035.99,166.85,993.99,194.85,998.99,263.85
73.044,0,2.14,0.64,0.75,1.05,1.51,1.13,1.56,0.29,1.93,92.33,29.20,-3.76,93.35,3.9952790015330537,2.1958739686524495,6.704117130246013,0.41114618374966083,4.063493229825981,35.29113244172186,5.2175909807439895,2.56232818312943,6.404636963270605,3.7143398643657566,3.2559540504589677,0.7328092318493873,3.7306085899472237,4.935365858674049,12.804211190436035,3.164425172493793,2.681540417484939,5.201322676148266,6.6748648753715685,6.227393870940432,1.9785250131972134,,-3.32,8.04,-1.98,83.48,118.99,898.76,138.88,1013.76,268.88,958.76,166.88,1035.76,166.88,993.76,194.88,998.76,263.88
73.346,0,1.23,1.40,1.92,0.47,1.80,0.84,0.43,1.85,1.71,93.60,29.87,-4.61,92.66,2.590891241696663,0.46814692851621675,5.347985500497744,0,5.663606804660521,19.02226282702759,5.7992385401623325,3.6704422478936616,1.7101655097212642,5.138578146267682,1.3493023258633912,1.3501350283622742,3.2580067380331457,0,9.288312336374073,4.132040236103348,6.090948860626668,4.171842625364661,4.363747469973751,1.7582361660897732,0,,-3.58,6.89,-1.77,85.17,120.42,901.42,138.37,1016.42,268.37,961.42,166.37,1038.42,166.37,996.42,194.37,1001.42,263.37
73.661,0,0.84,0.82,1.45,1.31,1.84,1.43,0.64,2.11,1.99,94.36,29.89,-4.33,93.03,3.280106795602478,3.9868176315212622,3.9533982436405495,0.3946422689687461,6.800762286232784,43.834282299969345,1.7894368434790522,0.49494433840736773,1.8062597091775388,5.436226598843932,0,0,0.5798318479210138,4.520485262395814,9.493123647850007,4.393647627509199,0.4755032677203417,4.451300122775137,6.629243699805811,0.6994485007598996,0,,-3.61,5.71,-1.60,86.21,118.33,898.89,141.76,1013.89,271.76,958.89,169.76,1035.89,169.76,993.89,197.76,998.89,266.76
73.755,0,0.27,0.48,1.10,1.59,2.11,0.48,0.68,2.09,2.08,93.87,29.73,-6.98,95.30,4.522602247577161,4.040419889613986,5.184747713087127,2.918828248921782,4.62176011143718,26.911706304177642,3.6285020221490414,1.8244158798083663,2.902777963783592,0,4.499411093071103,3.6271555626299232,6.859789892099798,2.2248845557123422,17.21739316917956,0,2.5858436333946884,1.6385167157277465,9.797602301570588,2.1832459862343967,3.725513564189896,,-0.75,6.83,0.47,84.66,117.50,901.96,140.22,1016.96,270.22,961.96,168.22,1038.96,168.22,996.96,196.22,1001.96,265.22
73.845,0,0.31,1.29,0.33,1.27,0.25,0.01,0.92,0.88,0.81,94.59,25.04,-2.94,90.74,0.20526977805886393,0.9777983070584013,1.550816697641276,2.4150106261577458,4.939372069756501,21.00425192154944,0.5329006453277545,1.871817045789212,5.974795390386134,3.0246757846325636,0.20453938515856862,3.63665557699278,4.6503763580694795,3.8140555306058377,10.806590184643865,0,1.5775765888392925,1.8582163006067276,4.462949380991049,2.203247553203255,0,,-2.08,8.19,-1.70,86.42,122.50,899.48,139.42,1014.48,269.42,959.48,167.42,1036.48,167.42,994.48,195.42,999.48,264.42
74.069,0,0.87,0.49,1.02,2.03,1.75,0.93,1.97,1.36,0.43,93.91,35.97,-4.16,89.82,0.47383011019788723,0.8680429795756934,0.41613201363012164,6.401773773953319,6.000053433743306,46.46213535498828,3.3074054604629053,1.6052722341008483,0,5.257367186285555,4.9974077311344445,1.9387844980228692,0,4.681776191554963,11.399145754948258,4.358018577303738,0.7632128396071494,6.459168688394129,7.55372482530307,0.289885948644951,2.6016593822278082,,-5.02,6.76,0.49,84.08,117.50,900.72,140.73,1015.72,270.73,960.72,168.73,1037.72,168.73,995.72,196.73,1000.72,265.73
74.403,0,0.94,1.60,0.84,1.69,2.07,1.70,0.93,1.82,2.18,91.64,23.61,-4.94,91.83,1.318419291740283,0.8472503499593587,4.999978963765316,3.5488993805274367,5.67494690018706,39.24386507784948,1.0043381484691052,2.147811118848622,2.6089150682091713,1.020159889608622,2.3711122423410416,0,5.71246994426474,0.9959071452822537,12.785201507918536,0.7292759860772637,1.508925102185458,5.4754579602740705,6.607953860210255,0,3.4893343281000853,,-3.99,8.90,-2.52,86.46,119.79,901.13,140.59,1016.13,270.59,961.13,168.59,1038.13,168.59,996.13,196.59,1001.13,265.59
74.487,0,0.29,1.92,0.58,0.63,1.10,1.22,0.69,1.55,1.93,92.12,32.95,-1.85,93.71,0.34377294067759046,0,3.061490572029725,2.143958437172696,5.779540131059475,29.3804045249708,4.760597447212786,2.0105338066257534,0,0.3156182767823337,3.585155362263322,1.0485415032599121,5.475460988469422,1.7501378599181772,9.894612870123236,2.8799945625523105,0,6.564323378261179,3.894111804976128,0,1.1062703419011086,,-4.47,6.19,-2.74,84.70,120.16,898.44,138.53,1013.44,268.53,958.44,166.53,1035.44,166.53,993.44,194.53,998.44,263.53
74.669,0,1.87,1.16,0.30,1.64,2.17,1.84,0.41,1.96,0.08,92.44,25.58,-7.13,95.29,1.7859313427191226,0,3.6606048234505577,0.08310463966801773,4.844525176738388,45.169148275628686,4.040832358994521,1.748663053289056,0.8348334517795593,4.493332263827324,1.3653693906962872,2.567453074036166,0.7812895090319216,0.6847846851218491,9.351430616490543,2.4944629165064542,3.680775553919375,5.398828340228647,4.535911997403018,3.5956818498671055,2.454814972355962,,-0.48,5.52,-1.65,84.92,122.30,898.70,139.23,1013.70,269.23,958.70,167.23,1035.70,167.23,993.70,195.23,998.70,264.23
74.855,0,0.46,1.25,1.18,1.79,1.67,1.51,0.77,1.88,1.52,93.97,25.84,-0.63,89.72,0.6716197253204883,1.512432482931763,2.5690151166589934,1.0900315761007366,7.63256453639362,9.492721577640623,3.2666431030025707,2.049947489257902,4.152122366940603,1.5664762723073364,1.885347188450396,1.2763283243402839,6.651203750632703,2.6711104544904085,6.108781425021589,4.324612352568656,0,3.6710204272530973,8.007817675485276,0,4.231712990440428,,-3.43,6.44,-2.87,85.26,118.34,899.37,140.53,1014.37,270.53,959.37,168.53,1036.37,168.53,994.37,196.53,999.37,265.53
74.988,0,1.15,0.96,1.33,0.26,0.12,0.64,1.34,0.35,0.80,94.20,32.42,-2.24,88.49,5.345756577886641,0.8112718287855385,1.604307753555477,3.528534344024956,3.227906127250753,26.89722883189097,1.9211773871211335,3.623054279293865,1.2462128540500998,3.339134539421648,1.2861226284876466,0,2.6247775414958596,1.1913677289336921,9.534179252069443,1.150363689027727,1.6941116196103394,2.4226000867784023,7.303269224171527,4.987339061452076,0,,-1.39,4.54,1.72,83.39,122.55,901.24,139.14,1016.24,269.14,961.24,167.14,1038.24,167.14,996.24,195.14,1001.24,264.14
75.237,0,18.64,0.99,0.94,1.31,0.25,1.70,0.52,0.00,0.84,79.09,32.36,-22.89,88.53,5.210096817808226,0.2674223594367504,11.82645181388693,2.4721824629977345,4.999665212379768,26.926837626378983,3.709244672721252,4.833483107332141,0,1.9116247416287662,0,4.169183365534991,1.6600008867681026,6.941762714032479,13.384756821207702,1.8796246498823166,1.8916537961922586,9.077295775990933,6.9124954865407195,0.8563965519424528,92.45365907391533,,0.31,3.77,-0.38,85.29,121.59,901.07,140.31,1016.07,270.31,961.07,168.31,1038.07,168.31,996.07,196.31,1001.07,265.31
75.538,0,62.56,1.46,0.27,0.42,0.29,1.68,1.55,2.07,0.48,37.66,54.80,-62.13,88.99,3.071406515603885,0,31.045896080449353,5.572228983379901,2.239747036569752,52.03877811040729,1.1703087852103637,1.335499451626092,5.351974790683016,2.535691663976759,1.650560236070305,2.330258263507858,3.8793893647380173,12.040804567581466,9.693716431371868,4.194418602176011,0,0,3.1215886967396367,4.946801711572334,1.980873487656936,,-0.69,3.32,-2.15,86.01,117.02,899.24,140.70,1014.24,270.70,959.24,168.70,1036.24,168.70,994.24,196.70,999.24,265.70
75.765,0,27.51,2.13,0.95,0.58,0.47,0.71,0.76,0.15,2.19,71.37,46.84,-32.37,94.92,3.1991382139083,3.715276532107964,15.23982278692942,1.2155010087601843,8.017490044310689,16.208675301633775,1.6788274836260824,0,0,0,2.242234186269343,2.6086321419570595,3.7474609748460352,9.711302123168245,4.249847968574613,3.58647029963322,3.5354634881950915,2.8933141762390733,7.305141384676099,1.296240279218182,0,,2.34,2.55,1.95,85.43,119.53,900.83,139.68,1015.83,269.68,960.83,167.68,1037.83,167.68,995.83,195.68,1000.83,264.68
76.021,0,6.71,1.58,0.24,0.18,0.80,0.22,1.91,0.77,0.88,90.16,33.32,-13.02,95.08,3.948293787185103,1.1096166944596915,8.349390002505839,0.32707591840997363,7.619168634042143,29.71364876907319,0.6598091778811068,2.5690945930965245,1.512413380900398,4.12239008333534,4.716425651684403,3.254481072537601,2.682981946505606,4.071629222086811,9.602853165995331,5.323610027479008,4.672049576882273,1.9683156553655863,5.591039586588741,3.9522032905369997,1.3133708909153938,,1.55,8.06,-0.40,86.87,117.84,899.92,138.31,1014.92,268.31,959.92,166.31,1036.92,166.31,994.92,194.31,999.92,263.31
76.189,0,0.14,0.67,1.93,1.93,1.64,2.07,0.10,0.02,0.62,94.32,31.06,-4.30,52.85,2.756419413057156,2.404083694261499,0.5294562384113668,3.165379385156557,4.538777314960026,10.67071746243164,1.8884763883193956,4.330033443514258,0.6097880909219384,3.1459433421306313,0.8701080903410912,0.9008495807647705,1.1160660493187606,3.842431643269956,12.735853505637497,2.6648685217415915,4.0810648635961115,4.082778520416468,9.229843084109016,0,0,,2.33,7.92,2.80,85.23,121.38,901.29,140.13,1016.29,270.13,961.29,168.13,1038.29,168.13,996.29,196.13,1001.29,265.13
76.522,0,0.53,2.06,1.07,0.82,0.56,0.64,0.96,1.64,2.17,92.91,29.25,-2.02,91.95,5.605645058881492,3.786137706646696,3.80005138526205,0.3285405432991686,6.022905255723745,42.48944287886843,0.9138856609817596,4.960410545151681,4.590505648171529,0,0,0,3.775023206602782,0,11.64442203225568,1.4762760606873782,2.1941221011802554,5.025082564447075,7.65133163632825,3.995006254641339,2.4353329301811755,,2.32,7.36,1.95,83.25,117.97,901.22,138.32,1016.22,268.32,961.22,166.32,1038.22,166.32,996.22,194.32,1001.22,263.32
76.619,0,1.20,1.23,0.36,0.87,1.92,0.51,1.32,0.70,0.62,92.08,29.59,-3.10,93.34,4.507586218221113,3.326936471881345,1.748389752698131,5.164847780633718,6.569815600574948,37.3836070029065,0.2526371835032477,1.87807899357751,2.286679171025753,1.0007348018325866,3.5277101173996925,0,4.004980739671737,2.2334339687321334,13.149316129665822,1.3495510292146355,0.9308798331767321,3.0651636319234967,7.619769553686492,4.076347311493009,93.26490621268749,,2.35,5.61,0.98,85.47,122.66,899.79,141.37,1014.79,271.37,959.79,169.37,1036.79,169.37,994.79,197.37,999.79,266.37
76.848,0,0.24,0.79,1.53,0.67,0.92,0.35,1.09,0.26,1.37,92.25,33.32,-7.29,95.59,0.9799716840730981,5.036843692767434,2.4369600345846263,3.2274157667439427,6.433299417924136,31.906995933968574,3.564272445277311,0.7513646033592525,3.170094278175384,0,3.2374681304208934,0.17980215209536254,4.55120449187234,0,15.849669601116329,4.327805596147664,5.007515288889408,4.2007330702617764,7.608697549980134,3.5293015390634537,0.204271036433056,,0.83,6.12,2.15,86.11,121.19,899.15,139.32,1014.15,269.32,959.15,167.32,1036.15,167.32,994.15,195.32,999.15,264.32
77.093,0,0.78,0.46,0.66,0.83,1.55,2.01,0.25,1.11,0.21,91.97,29.22,-1.64,87.79,2.3396610464761034,2.4231595662189647,5.204586803470738,4.450915415426716,8.38650727679953,48.64145114226267,5.541238825186156,4.784682925790548,0.6732634457293898,5.503013590425253,2.1252198396250606,5.2868018336594105,4.7940179239958525,2.2421160297188907,4.977352841179818,4.9859045546362175,3.666137165389955,0,5.917992184925825,4.141181439161301,0,,3.58,0.41,0.23,86.49,119.33,899.92,141.65,1014.92,271.65,959.92,169.65,1036.92,169.65,994.92,197.65,999.92,266.65
77.169,0,1.72,0.32,0.63,1.35,0.24,1.24,0.25,1.57,0.50,92.73,28.55,-4.02,92.46,0,1.232282666908577,0.6048588590323924,3.856496477853507,4.272593424902298,33.976156583055854,4.702568358159624,2.545340281073004,4.721944383112714,4.60649945423007,3.1940099727362394,2.0986299254000187,5.203565354458988,5.0565082184411585,12.033168091215193,0,4.970397816505283,4.72113785892725,6.331496624327265,1.4989295119885355,1.9769993908703327,,4.48,1.77,1.13,84.51,117.50,898.31,138.99,1013.31,268.99,958.31,166.99,1035.31,166.99,993.31,194.99,998.31,263.99
77.463,0,1.92,0.20,1.91,0.66,1.27,1.19,1.86,1.71,1.82,93.47,29.26,-7.98,93.43,4.714398098648526,1.151035679108463,4.618636947842315,2.8600588063616303,3.8573186299670486,25.23370182234794,6.884348322357982,5.301336079705507,1.7436076502781361,4.941704310514033,1.0252670757472515,3.449276354862377,2.7488298816606402,1.969181489478797,7.874414442256093,0,0.9375684494152665,4.976682174950838,8.203678256953136,0,2.1878488215152174,,1.88,3.95,3.85,86.57,118.59,898.31,139.99,1013.31,269.99,958.31,167.99,1035.31,167.99,993.31,195.99,998.31,264.99
77.590,0,0.71,1.37,0.27,1.41,1.37,0.23,0.58,1.95,0.38,93.51,32.97,-2.44,96.59,1.7838765313709155,4.914429911994375,4.108785589896142,2.2188942450005564,3.178079800121486,21.041553523857147,1.326223086984828,1.2180020176433026,3.105940282344818,4.428900278285146,7.855916800908744,4.677688956959173,5.97770029027015,0.9644585403986277,9.118092150613666,2.8426755557535217,1.7210566643625498,4.225023181177676,4.326680033747107,4.13940693042241,0.7738147072959691,,0.80,2.95,-0.61,86.43,120.85,901.72,141.53,1016.72,271.53,961.72,169.53,1038.72,169.53,996.72,197.53,1001.72,266.53
77.750,0,0.71,1.56,0.59,1.63,0.22,1.93,0.54,0.35,0.76,93.71,28.97,-1.72,88.40,2.797654499877244,3.4488400956615806,1.1848998577706515,3.590821779370308,5.286307334345765,15.901377344503999,4.893483186024241,5.055079447012394,0,3.27779084013775,6.4429115345701575,4.067673854762688,7.272346828132868,4.148342327047139,5.944070458877832,3.033454824704677,3.600619920529425,3.4889051150530577,6.530488544828258,0,2.4803543016314507,,3.11,4.03,3.42,85.17,122.49,899.03,141.70,1014.03,271.70,959.03,169.70,1036.03,169.70,994.03,197.70,999.03,266.70
77.841,0,1.03,0.70,1.90,0.33,1.44,2.18,1.42,0.72,1.60,93.28,25.49,-2.05,87.43,4.863290621219203,1.7754363377112896,5.7796000708220525,3.6161360596865415,5.8050308949872855,23.905292411800474,5.419084556261078,1.393035307787359,1.9110608478076756,4.612295058593154,2.0315770022571087,3.5177314672619104,3.6844308148138225,0.08528351726941752,9.900452341251075,3.909654834298417,2.326390308327973,10.396786823868752,9.15981518963352,3.4552639906760305,0.09619912854395807,,0.79,1.56,0.56,84.71,118.92,899.59,140.41,1014.59,270.41,959.59,168.41,1036.59,168.41,994.59,196.41,999.59,265.41
78.168,0,1.81,1.49,1.74,0.79,0.32,1.55,1.54,0.90,1.81,92.51,25.25,-1.01,96.66,2.8081506029982117,2.324040919030085,2.8985639292700216,2.757540658563375,7.015129443933256,44.327061218209565,5.831346671981737,0.7513543593324723,0,3.5342575076781215,3.029263153206557,3.0372670681681484,0,4.610561335580424,11.391041146740317,5.136516768829897,2.751013305503875,4.765098122879863,3.6693555364152415,0.3258590504992753,2.2672140416689217,,1.73,0.04,1.22,86.74,121.55,898.23,141.95,1013.23,271.95,958.23,169.95,1035.23,169.95,993.23,197.95,998.23,266.95
78.504,0,1.49,0.27,1.84,0.00,1.48,0.52,1.25,1.64,0.85,94.64,31.14,-0.73,91.50,1.3297183719417083,0,1.1698398421937601,3.674768270654604,4.034783743037842,43.232030818238854,2.601423481362872,0,0.25824575684964657,0,7.465734532568604,3.9759128012228757,4.139561116229743,5.091373058417812,4.330841523762793,0.44191576855722836,1.1539200502447784,6.3242017505690455,6.865303018563427,0,0.8850924291182309,,6.15,1.86,0.61,86.19,120.94,901.15,138.87,1016.15,268.87,961.15,166.87,1038.15,166.87,996.15,194.87,1001.15,263.87
78.768,0,1.32,1.84,0.73,1.86,1.51,0.98,0.98,2.09,0.97,93.13,25.34,-3.59,90.51,1.53289483058732,0.07534037951845685,1.2361136463563889,5.657224224237725,5.353335860599763,39.34146059444174,5.833676159777679,2.449361980278045,6.471873062197119,0.21534942336380514,7.511006912682205,0,0,4.161150061432272,7.291556892748922,2.5669955686805768,4.986333433073014,5.129066176246852,3.603114556721412,2.440894389990717,0,,4.47,-2.58,4.82,85.65,122.99,901.65,140.20,1016.65,270.20,961.65,168.20,1038.65,168.20,996.65,196.20,1001.65,265.20
78.968,0,1.86,1.66,1.11,0.68,1.44,1.08,1.94,0.82,0.24,94.64,28.55,-1.07,92.41,4.872722328505478,4.003453414211981,0.3672578007727858,4.253507765000686,5.586363024492748,32.24192300578579,2.8309961141552775,5.433998928386718,2.7003288865089417,3.355604430474341,6.243895393330604,4.107299969065934,2.7260044058784842,0.5941585310548545,13.084541406035424,4.828000645865686,3.2142933504655957,4.782638992648572,9.037027201349847,3.347195634385571,1.4574488459620625,,2.59,3.42,1.77,86.97,118.05,900.40,140.27,1015.40,270.27,960.40,168.27,1037.40,168.27,995.40,196.27,1000.40,265.27
79.126,0,1.19,0.27,1.25,1.66,1.22,0.25,1.65,1.95,2.19,93.02,23.27,-4.86,92.99,5.313269106606022,3.834959947085008,3.8442788155050946,2.215099664367736,7.660617303848267,31.699923385865986,1.9193083704449236,2.4999696112237872,5.391824807971716,0,1.1366633540019393,3.8762703128159046,6.963507749140263,0,11.367101519685239,2.2241235893499107,0.2673676833510399,7.228208633605391,3.6077053957618777,0.8381637544371188,91.11053368868306,,4.79,-3.14,4.79,85.19,118.79,900.58,140.26,1015.58,270.26,960.58,168.26,1037.58,168.26,995.58,196.26,1000.58,265.26
79.329,0,0.03,1.95,1.81,1.82,0.71,1.50,0.77,2.04,1.99,93.02,25.74,-2.38,60.28,4.128161793099716,3.720749178575352,1.2297022955957804,3.301523561794311,3.369722348689102,35.02409424679354,2.0595461181364954,0.9071279943920674,2.4911569571122527,2.4051837568916383,5.896613968536258,1.912387314485386,2.813893200829625,4.860994881857186,10.714449403267354,0.24716657324694102,0.060701397713273764,0.6869833930395544,3.8019335435563697,6.029037039959803,1.0934789227321744,,2.64,-3.32,4.45,84.43,119.80,899.65,140.03,1014.65,270.03,959.65,168.03,1036.65,168.03,994.65,196.03,999.65,265.03
79.555,0,0.61,2.12,0.38,1.62,0.65,0.18,0.20,1.84,1.74,93.52,24.99,-5.94,94.68,4.441645182361826,0,1.5466226142132657,0.593589335102588,5.172621183744631,34.00764096621424,0.8262987232301384,5.1377911802381275,4.61553865741007,2.5760663530416785,0,0,0,2.288271711682901,8.47045262331143,0.07406206407584248,1.9611030099913478,0.037501891143620014,7.494662002627738,2.585589081281796,0,,5.04,-1.64,5.23,86.62,120.69,898.15,138.84,1013.15,268.84,958.15,166.84,1035.15,166.84,993.15,194.84,998.15,263.84
79.626,0,0.74,0.69,1.28,0.55,1.14,2.17,1.66,2.05,2.14,92.58,28.93,-6.16,96.23,5.506971747269854,4.467765306821093,4.023083797362633,2.5002148833312097,5.79778790500015,48.024439508095384,1.0091000144835562,0.7867596079781651,2.9991983361542225,0.3980982063710692,2.4281096337363124,2.7650183516088873,6.439035250805318,2.661638443181291,10.389963635150343,4.688176048034802,5.671453402843326,4.033183476887643,5.119775690939278,5.814927824307233,0.4309979067184031,,8.11,1.79,3.66,85.61,118.42,901.98,141.49,1016.98,271.49,961.98,169.49,1038.98,169.49,996.98,197.49,1001.98,266.49
79.804,0,0.34,0.09,2.04,2.19,1.70,0.92,1.73,0.88,0.61,92.91,30.26,-0.60,94.63,0,0.01675550157669914,2.8553760025044905,3.5570240424666557,5.738948319405317,27.924453150015324,4.717207055003382,5.153008003290743,4.199714948888868,3.0333126949705185,2.215532879345119,0,1.805495328269899,0.4267901885043828,10.102996455002575,0,0.035527379252016544,3.7689316510222852,4.060258987210691,0.8635016630869359,2.2793465852737427,,4.70,-3.07,3.21,84.12,119.80,898.26,141.33,1013.26,271.33,958.26,169.33,1035.26,169.33,993.26,197.33,998.26,266.33
80.094,0,1.86,1.35,0.91,0.12,1.12,0.26,0.29,0.11,0.38,93.16,32.68,-1.40,90.51,4.265127438656054,3.5368477273499592,0.17051538778934638,3.1594513048324737,8.339266026192345,51.29650734644383,5.153629269800149,0.34283974999561906,1.3966119745746255,2.5938759302161634,0,0,4.007742335088551,0.38981441629119207,7.883170788530261,2.292144226641394,5.353873127140105,2.3316838801838458,8.93174107865896,5.914619473274797,3.624113028869033,,4.86,-1.94,2.29,85.53,121.72,901.73,139.03,1016.73,269.03,961.73,167.03,1038.73,167.03,996.73,195.03,1001.73,264.03
80.238,0,0.38,1.54,1.77,1.01,1.25,1.94,0.58,1.54,0.26,92.03,35.59,-5.11,89.04,2.6608130270196124,2.099338505719788,4.717555517745204,2.0449273410346365,7.894317813171074,34.53495396533981,5.151917558745481,1.496836688090116,0.8623799656052142,3.631194688715041,0,5.531279016518965,2.7959162243641913,3.0884578506555407,12.99508081857115,3.417282589706592,4.352392201311886,3.3820156836882234,7.035987945413217,0.0032809670083224773,0,,8.49,-0.32,5.36,84.86,121.32,899.20,139.95,1014.20,269.95,959.20,167.95,1036.20,167.95,994.20,195.95,999.20,264.95
80.319,0,2.18,1.16,0.10,0.97,1.24,0.98,0.70,1.95,2.01,92.66,25.51,-5.09,91.24,2.3936518311174586,0.5740559671772645,5.328607059991919,5.307363634714857,6.034064154392109,34.416747643612325,5.2507922475924715,3.3439630447886883,6.8355778434779495,4.967927338890732,2.2649936573579907,5.090611305087805,1.7961858990602195,2.205214125933126,11.914297041222454,3.660581191224046,0.20895737363025546,3.1579419099725783,5.295974347731098,4.514491614187136,87.13672950584441,,8.51,-4.95,4.51,86.81,118.42,901.02,139.95,1016.02,269.95,961.02,167.95,1038.02,167.95,996.02,195.95,1001.02,264.95
80.493,0,0.06,1.04,0.53,0.67,2.09,0.87,1.16,0.25,0.26,92.83,36.54,-4.57,93.56,3.4681130376271905,5.349953563744203,4.3873760178918015,5.835674650408327,5.1692659536423164,40.38044741842896,2.0929703859146684,0,2.1783168939873576,4.976604775227607,0.03857296518981457,0,3.5133831426501274,4.646357931839303,4.8554698920622466,2.0942641098145396,5.087916270829737,2.9277335796505213,6.358784202518873,2.5230680159293115,0.5581980552524328,,3.38,-4.98,1.71,86.34,122.67,901.90,138.45,1016.90,268.45,961.90,166.45,1038.90,166.45,996.90,194.45,1001.90,263.45
80.650,0,2.13,2.18,1.36,0.41,1.18,2.10,0.49,1.76,0.99,91.98,25.14,-6.48,93.78,0.33838907841593047,0.28477391987107703,2.247805184503086,4.083635900411755,8.189905768395402,20.263659542426467,5.131100521259941,3.8694572428800167,5.166545187588781,1.9981254609115422,2.7448385786265135,1.8486443704459816,2.88713916298002,0.7512323593255132,10.48197893138975,2.141363732693717,3.0381455160677433,3.638449552934617,8.544056719276123,6.28780294302851,1.5586014571599662,,6.18,-1.61,5.82,86.92,122.14,898.51,141.51,1013.51,271.51,958.51,169.51,1035.51,169.51,993.51,197.51,998.51,266.51
80.913,0,1.51,1.50,1.82,1.93,0.60,1.73,0.38,2.14,1.62,92.93,36.15,-0.87,91.22,3.6067139632441103,1.6423021731432526,2.9447853992134334,1.6301378894597294,7.839379300209694,19.97743766894564,4.574298866372556,3.748512354530394,7.471735738450661,3.476551504228264,5.415099939331412,3.7985081654042006,0,2.9208689192682504,4.370243855807931,0,0,6.783519383519888,5.359366721608676,3.088878658367321,1.056180106010288,,3.15,-3.06,4.79,85.21,118.89,901.87,140.75,1016.87,270.75,961.87,168.75,1038.87,168.75,996.87,196.75,1001.87,265.75
81.227,0,1.52,1.09,0.96,0.67,1.78,1.59,1.66,1.28,0.43,94.42,27.05,-4.73,89.58,5.13890494142659,5.220738508319482,0.404864234738052,6.226493039857596,7.353565582581796,26.015397286508232,1.903722818242386,4.535991387721151,3.5234230651985854,2.677821110673249,0,0,0,1.4684172070771457,16.66563332810998,0.7835122594889254,0.3577161314897239,0,4.521265845200978,0,0.2836918586399406,,5.36,-6.92,5.76,83.10,119.82,898.72,139.16,1013.72,269.16,958.72,167.16,1035.72,167.16,993.72,195.16,998.72,264.16
81.432,0,0.56,1.66,0.51,1.93,1.84,1.65,1.23,1.63,2.17,92.75,30.68,-3.13,94.09,4.158879427188076,4.723775013699196,3.2217559304926544,4.501981580099091,8.24482395171188,45.33368219342083,1.4513059397460895,1.827357981111854,2.0206889586988837,5.241101493127644,3.132556540891528,2.395453996025026,2.3780483272857964,1.0013344633765517,10.688468181341886,4.897887406148948,1.5796711184084415,0.7310602739453316,5.984652458122,5.437470134114847,2.820731114130467,,4.95,-7.85,4.98,83.19,122.55,899.17,140.05,1014.17,270.05,959.17,168.05,1036.17,168.05,994.17,196.05,999.17,265.05
81.506,0,0.50,1.40,1.46,0.05,0.29,1.76,0.54,0.55,1.12,94.33,28.41,-4.94,92.45,4.819524309546686,3.142215262888931,3.0187491774652155,0.9854337166715412,2.543514422951266,36.456842746119946,2.657965903915465,4.370685423761606,6.755516593810171,1.3820709900930526,5.791427379939705,3.686890315497294,5.857801012694836,3.4439405937679113,5.717280330993235,3.304082022109069,0.3282777410931885,0,6.734824640853331,0.8200143224094063,0,,4.58,-7.20,2.34,85.89,122.38,900.77,138.40,1015.77,268.40,960.77,166.40,1037.77,166.40,995.77,194.40,1000.77,263.40
81.842,0,0.93,1.18,0.42,2.06,0.85,0.98,0.25,1.50,1.66,91.92,36.32,-2.24,87.73,0.2948270026408135,4.774720163084567,5.364486075644382,5.358610213566571,6.171752399220131,50.98577969940379,1.48872560239397,0.07828346779569983,4.319384461268783,0,5.205005021765828,3.1184964638669044,2.673930167220533,0.3880652917269618,13.42505562081933,4.332579473685473,1.4637522329576313,3.0006394195370376,7.889632231653668,1.242516482481733,4.794554193271324,,7.59,-4.71,3.23,85.06,120.56,901.50,139.09,1016.50,269.09,961.50,167.09,1038.50,167.09,996.50,195.09,1001.50,264.09
82.020,0,0.93,2.08,0.88,0.33,2.00,1.33,0.34,1.85,1.67,93.42,25.08,-7.85,95.49,2.697380171744153,1.5934898207895456,0.78211961530149,2.406520203668624,4.081400660001673,49.55855347216129,6.017049776995554,1.4794627211242917,6.2313847506884485,2.154260932803154,5.035348487086594,4.07011475157924,4.963027712423354,0,11.558807147536427,0,2.2024099929258227,3.999510123860091,4.840137240584008,1.5098919426091015,2.2708204959053546,,4.68,-8.14,1.55,84.93,118.57,901.21,141.53,1016.21,271.53,961.21,169.53,1038.21,169.53,996.21,197.53,1001.21,266.53
82.173,0,0.52,1.01,1.80,0.74,0.12,2.15,0.19,0.88,1.62,92.47,34.74,-7.81,95.18,3.8854981850646437,1.1426829205360263,0.8701656934712081,5.097540221456438,7.17606626435183,21.622186501976103,3.3316814907593653,3.5940826151520016,4.377874303609133,1.3902774646319451,0,2.4212070601060987,0.9269335200078785,0,14.905788487736135,0,0.8602096629329026,3.0573574365116656,5.442854758547619,1.7153369293082505,0,,4.02,-6.22,3.81,85.09,117.05,898.58,139.39,1013.58,269.39,958.58,167.39,1035.58,167.39,993.58,195.39,998.58,264.39
82.264,0,1.39,0.39,1.48,1.84,1.22,0.96,0.66,2.13,1.97,91.76,32.52,-0.43,89.82,4.009714333685115,2.0604028459638357,3.75115903750062,3.0763323859870435,8.466948643983342,24.8455939036794,5.8169772526947785,3.706822263058275,2.6173459871206433,1.6471042676083743,0,4.804926510667428,3.2240699040703475,0.5995174406841399,4.824334878101945,2.8811571944504974,0.07666811719536781,1.6480585797689855,5.003262355304323,2.6469525669235736,0,,3.61,-4.48,4.68,85.52,121.51,901.31,139.74,1016.31,269.74,961.31,167.74,1038.31,167.74,996.31,195.74,1001.31,264.74
82.570,0,1.93,0.52,1.46,0.97,1.30,1.31,0.31,2.02,0.79,93.42,27.43,-1.79,90.55,0.34807250507641596,0.9766819495474919,6.2681091869249945,2.196915541412309,5.657154897563159,45.52925441041589,4.485599793796427,5.261895543392748,0.8310884481761605,4.588658321071416,3.018582542426884,0.7039019521325827,5.906225760933012,0,14.182580752093344,0,5.947051088325679,5.790977277327329,8.18047718314454,0,2.4089635270647705,,5.32,-3.10,4.68,85.67,119.12,899.10,140.84,1014.10,270.84,959.10,168.84,1036.10,168.84,994.10,196.84,999.10,265.84
82.681,0,1.71,1.06,0.43,1.00,1.07,0.65,0.76,1.50,0.93,94.92,27.49,-0.84,92.12,0.10883299673907487,1.6258917266968638,4.847480879034848,0.18972915425896675,8.4492762647802,47.64911558944732,0.7823431653669104,0.3818055306561292,6.849836660316214,4.212011759821325,3.076586397830397,2.1377985815051943,8.362468698062003,4.930175506528467,13.717332781013102,0,0,3.702418964356184,3.2730645753210412,5.271395409712568,0.07300029206089675,,5.03,-7.07,5.29,84.83,117.63,900.88,140.79,1015.88,270.79,960.88,168.79,1037.88,168.79,995.88,196.79,1000.88,265.79
82.862,0,0.21,0.00,0.16,1.11,0.50,1.01,0.84,0.09,1.31,92.94,31.89,-5.61,91.07,4.268846199484543,2.060681107174605,2.1958283691946416,1.8320587871968748,5.0102584542520345,45.168297628406435,2.853096892428584,4.779776277262718,3.9083060235716403,1.9164851675368846,4.442189473193139,0.8721516595687717,0,4.772103595640511,9.563222297243774,0.8935910470969977,1.0825859024189413,5.261033297050744,4.969794149566442,3.219035829883069,0.1168745756149292,,5.98,-8.89,4.05,85.16,118.19,899.65,138.32,1014.65,268.32,959.65,166.32,1036.65,166.32,994.65,194.32,999.65,263.32
83.147,0,0.95,0.92,0.14,0.07,0.02,0.50,1.03,0.32,1.16,94.33,36.37,-3.60,93.94,4.098607109598816,1.0468851188197732,0.04624978607986119,2.7152883260510863,6.690397779461928,29.623931088950485,4.467806010437198,1.648369567319751,2.6373034985736012,0.12064053315669288,0.5559181957505643,6.310747366165742,6.993617065250874,1.3837628679629415,12.960320860985666,1.4624242641031744,4.345671139657497,6.148683559149504,4.653834078400396,0,0,,4.49,-3.86,3.95,85.12,120.12,900.73,140.49,1015.73,270.49,960.73,168.49,1037.73,168.49,995.73,196.49,1000.73,265.49
83.345,0,0.69,0.98,2.11,0.47,0.76,1.10,1.16,0.56,0.45,92.74,28.89,-6.23,96.97,0.1385886424221101,2.1019537120126186,2.2811551391473044,5.778809226602316,4.6854750057170165,26.9017224018462,3.2407341373385865,5.294154385365546,2.9522268921136856,2.5432910191453995,0,0,5.616695878095925,3.183326377319172,13.835395537093282,0.7988297229819001,3.1146779847331345,2.952764163725078,2.938742907452397,0,3.166165661998093,,3.95,-7.22,6.40,84.15,120.50,900.66,141.05,1015.66,271.05,960.66,169.05,1037.66,169.05,995.66,197.05,1000.66,266.05
83.589,0,2.07,0.36,0.28,0.51,0.01,0.74,1.73,1.79,2.08,92.08,27.92,-3.64,96.89,4.831115845171735,4.128423233050853,1.106873137666844,2.8560343227162956,7.1355611320678145,44.33479808177799,3.397540823556483,0,0,4.3299156407453125,4.877375635318458,0,3.2260723700746894,0.32138647860847414,14.040018098708241,0,5.8426718530245125,0.7507914425805211,5.559671229468659,4.771163462428376,2.6480253709014505,,5.84,-10.15,6.41,86.11,118.02,901.35,140.41,1016.35,270.41,961.35,168.41,1038.35,168.41,996.35,196.41,1001.35,265.41
83.827,0,1.78,1.25,1.29,0.99,2.14,1.93,0.76,0.07,0.12,92.88,33.28,-7.09,88.54,2.9744102515140547,0.5074549087090419,3.4103881145268677,0.8563056686241182,9.377686020038091,32.1831933776848,3.5470453272107987,1.963420905508101,3.0248524146154523,2.8144281714595856,2.7868050900287926,2.028645294951275,2.880331741645932,1.4041984284669162,16.19123084332794,2.998024122570641,0.5993827166967094,5.071066916454583,5.979047802076675,2.651310335844755,2.19500002800487,,4.18,-7.80,4.01,86.61,118.94,899.93,138.23,1014.93,268.23,959.93,166.23,1036.93,166.23,994.93,194.23,999.93,263.23
83.998,0,0.67,0.22,1.17,2.01,0.67,1.31,1.23,0.08,1.19,93.60,31.77,-6.50,94.34,0,1.214728224975988,1.8715365250967442,3.0931061192415656,8.387879831981845,40.47513341950253,3.8299955523572864,2.5581221013702455,4.800193323288113,3.5136940934695304,4.877502355724573,0.800193395698443,4.5593397142365575,3.5895098049566148,15.72457769555971,4.519527906989679,1.9379369067028165,6.841999446041882,5.544239581837319,4.719932308187708,5.469485656823963,,2.49,-9.38,6.05,86.50,118.81,899.50,140.78,1014.50,270.78,959.50,168.78,1036.50,168.78,994.50,196.78,999.50,265.78
84.316,0,0.94,0.84,0.18,2.14,1.34,1.77,1.72,0.08,0.23,92.22,24.56,-1.01,87.15,2.136082267276943,3.2735341917257754,3.2619851591018962,2.961192399002612,7.703309412910603,43.37451345613226,1.1547011404531076,0,5.283310698810965,2.7365315678529445,0.3458950691856444,0,0,2.0879440520051866,8.405572563838213,4.046116131329909,0,0.6317975516431034,6.968120554820635,3.214678432326764,0.6327575538307428,,1.51,-11.00,3.65,83.11,121.41,900.15,142.00,1015.15,272.00,960.15,170.00,1037.15,170.00,995.15,198.00,1000.15,267.00
84.594,0,1.65,0.94,1.12,1.23,1.75,2.14,0.40,0.66,2.00,92.65,34.82,-4.88,87.55,3.78918026397936,2.1679371275473387,4.823786953245289,1.0449940320663158,6.410372829474509,50.58654841966927,3.6747747497400267,0,0,5.846160061340779,4.425282413139939,4.041063328273594,6.876786139793694,5.252170063303783,10.91654197221622,4.08060879622586,0,3.4041247284039855,7.005461211111396,3.0545745657291263,3.0481906339991838,,1.51,-9.65,3.92,83.37,121.37,898.67,138.73,1013.67,268.73,958.67,166.73,1035.67,166.73,993.67,194.73,998.67,263.73
84.892,0,1.46,1.42,1.94,0.75,1.40,1.53,0.49,1.99,0.91,94.36,26.62,-1.26,91.83,2.2487425408791752,5.076654233876615,2.057969675534405,4.124235931467265,4.063845751290209,37.150725486688316,1.9223655206384138,0.15508593099191792,4.1371198133565485,4.18614205852151,1.1773847239091992,0,0.8161467262543738,2.859161987295374,12.664729319717736,0.5040548970364034,2.1064023952931166,9.923067214433104,7.244584157331847,2.84448348544538,3.4191576498560607,,4.80,-11.38,3.32,84.16,120.19,901.28,140.22,1016.28,270.22,961.28,168.22,1038.28,168.22,996.28,196.22,1001.28,265.22
84.964,0,0.60,1.33,1.21,1.94,1.79,0.61,0.51,1.09,0.38,92.84,26.01,-3.37,88.16,0.3404673073673621,3.7746070925379174,4.581476530004293,5.240218365723267,4.223070164215751,21.5051602544263,4.878268809686415,1.6222263406403363,1.0857556448318064,1.956726799197495,7.100295604672283,2.8213879889808595,4.324460679665208,2.9735771079175173,16.218622174244373,4.840574076264165,0,4.4286898877471685,6.496127612828277,2.683769542258233,66.82030833140016,,0.64,-5.38,3.74,83.05,119.00,898.42,141.67,1013.42,271.67,958.42,169.67,1035.42,169.67,993.42,197.67,998.42,266.67
85.203,0,1.89,1.44,1.28,0.08,1.93,0.21,1.01,0.40,1.08,94.30,27.27,-0.47,95.11,3.475758333699778,2.2653809116687627,2.641924723298289,3.6402217223495246,5.124108102698811,10.181679371744394,3.431333002494648,0,6.405732515500858,1.4950100927613676,5.685761822853237,6.945511130383238,5.541969861835241,3.992093963967636,8.401720388252288,3.5515523848030717,1.5547561631537974,2.4855897589586675,9.015885702944361,0,2.5103617755230516,,-0.90,-6.77,4.12,83.48,121.60,899.70,141.93,1014.70,271.93,959.70,169.93,1036.70,169.93,994.70,197.93,999.70,266.93
85.412,0,1.00,0.15,1.99,1.16,0.92,0.54,0.36,0.59,0.12,94.23,36.24,-6.85,67.17,0,2.644776361808181,2.875240373453125,0.16776484789326807,5.229592369375751,16.42165595665574,1.1307083557592703,0,4.401149883167818,4.276569415926933,1.790325437206775,1.4591210191138089,3.942224906757474,1.6885927571356296,4.189119282681495,0,1.3434689338319004,2.223304081708193,7.112169458428398,4.496568396920338,0,,3.23,-6.23,3.60,85.63,120.25,899.67,141.19,1014.67,271.19,959.67,169.19,1036.67,169.19,994.67,197.19,999.67,266.19
85.665,0,1.16,1.31,0.68,0.09,2.07,1.00,1.51,1.08,1.32,94.13,32.74,-2.41,59.39,4.8582776131806895,0.14858681687619546,3.807883269288577,2.2394486532639712,6.733023885907605,47.58172178454697,1.3813814859371631,2.4127041116170584,0.5333676489535719,0.1319910840503873,5.7834301153197885,4.812669019214809,4.402857431676239,3.5538371572177856,10.81803130472079,0,0.17053854186087847,9.375156308989972,4.8532458015065645,7.4023991886060685,3.969768926035613,,0.27,-7.82,3.27,83.21,119.95,898.34,141.78,1013.34,271.78,958.34,169.78,1035.34,169.78,993.34,197.78,998.34,266.78
85.900,0,0.70,1.56,0.06,0.03,1.32,0.59,0.89,1.88,0.72,94.04,27.73,-5.74,93.66,0,5.266999831399881,0,0.6624599442910402,3.209248554212973,37.00983261037618,2.908736892975867,0.5187790643423797,5.231635796837509,4.850151880718768,0.4240474565885961,0,4.593115040101111,2.462289721351117,8.815063156820834,4.144242946882732,2.4866284020245075,3.171749378554523,6.545774208372459,0,3.851619286928326,,-2.24,-5.85,2.83,85.91,121.53,900.42,139.37,1015.42,269.37,960.42,167.37,1037.42,167.37,995.42,195.37,1000.42,264.37
86.065,0,1.46,1.03,0.16,0.10,1.82,2.04,0.56,0.84,1.12,92.74,30.11,-4.60,96.81,2.427178770969622,1.6915100220358,1.7116729403426874,5.171138629177586,4.032251224848442,26.439009860157967,3.6778213837184013,4.925704170037061,0,0.3541274269670249,6.199305875692517,2.5917268425691873,6.660957405343652,1.627904140064493,4.388951379340142,0,0,6.531747722066939,8.556651194174774,0,4.809156144736335,,1.34,-11.15,1.37,84.98,120.64,901.51,138.67,1016.51,268.67,961.51,166.67,1038.51,166.67,996.51,194.67,1001.51,263.67
86.242,0,1.70,1.22,1.94,1.01,0.06,0.56,1.98,2.09,1.38,91.86,29.52,-3.07,90.38,2.0269123674044387,0.22990402027498913,4.949253358705901,2.3565943039674315,7.746984571968206,51.2245295974426,6.738162201433442,4.8001470536552375,4.251583027187735,0,4.499591284431517,2.6623789474833757,3.865900198929012,4.357555723087862,8.804126642234625,2.0991523126559333,0,5.951053120661527,4.12946403961163,2.3382197881583124,0,,1.08,-7.95,1.87,84.47,119.21,898.58,140.81,1013.58,270.81,958.58,168.81,1035.58,168.81,993.58,196.81,998.58,265.81
86.302,0,0.82,0.15,0.18,0.50,0.50,0.43,1.08,1.04,0.08,94.72,27.73,-1.48,96.97,0,2.2112746231723577,5.267977958046831,4.9753863394074145,8.164700528103857,40.22122064977884,2.544285528222099,1.4465898586250843,0,0.003700468353927011,5.922527368180454,0,3.687829683534801,4.093056322308257,13.219020112697034,0,1.9300935021601617,7.059892399702221,4.412643348351121,1.5513499749358743,2.8712265989743173,,-0.97,-9.72,2.58,85.61,121.47,898.42,138.17,1013.42,268.17,958.42,166.17,1035.42,166.17,993.42,194.17,998.42,263.17
86.492,0,0.80,1.80,0.44,1.60,0.87,1.52,1.49,1.46,0.10,93.46,33.81,-6.35,91.73,4.601729756519198,3.6274907009210438,2.5020785964000973,6.048116165939719,7.9671085995668545,13.688472537323833,5.53399043076206,1.691043698973954,4.039777849102393,1.6724745615758003,0.9621455473825336,4.911946727894247,0.8571302792988718,4.134652264062315,4.4621565455570815,3.910736842220649,0,5.299798235762864,5.9434947188338265,4.302262483164668,2.7761123918462545,,-3.14,-9.41,2.92,83.72,117.68,898.64,141.05,1013.64,271.05,958.64,169.05,1035.64,169.05,993.64,197.05,998.64,266.05
86.670,0,1.77,1.43,0.42,0.21,0.02,0.87,0.09,0.80,1.12,94.72,28.88,-3.62,96.89,0,3.065895896148868,0.9154256719071419,2.962530165361241,3.552425073538907,33.49120464222506,0.4984573408495634,0,0,0.030345633607357758,3.2717469055205584,3.00731877470389,3.1050208057276905,1.1384519384615124,5.293904865514487,1.8912920351466163,3.5875363019295037,2.0237014763988554,3.531932270987891,0,0.018655323889106512,,-1.15,-10.95,1.72,85.62,122.28,901.38,139.03,1016.38,269.03,961.38,167.03,1038.38,167.03,996.38,195.03,1001.38,264.03
86.744,0,1.38,1.40,0.88,1.73,0.70,1.97,1.41,1.08,1.65,92.81,33.73,-7.33,96.03,0,2.1716295026009904,4.675618440634571,5.481451351391152,6.46673614458181,34.91206712089479,6.190295819193125,2.9414966320618987,3.093030931893736,5.125183271225541,0.14009919622913003,1.9753740320447832,0,5.252604466052726,5.800936068445445,0,1.1666711173020303,1.787022026721388,8.067931423680857,4.097992304712534,1.4608931264374405,,1.73,-8.85,1.79,83.97,117.17,900.88,140.94,1015.88,270.94,960.88,168.94,1037.88,168.94,995.88,196.94,1000.88,265.94
86.886,0,0.23,0.78,0.85,0.74,1.32,1.51,0.67,1.79,0.05,93.43,26.21,-0.77,94.13,0.14775359815917888,3.943030392099172,2.6070380428526554,5.2896539997868235,4.333089296882972,21.91321866866201,3.018359839869663,3.5615748979710045,7.181841740151867,5.236072208248078,4.117785008624196,1.3545851726084948,0,3.5828363252989948,10.482313353978096,0.4605276087112724,3.0000560651533306,0.7451079105958343,5.08979303904809,4.186995138879865,3.1382111327257007,,-2.01,-9.51,2.87,84.65,119.28,901.94,140.47,1016.94,270.47,961.94,168.47,1038.94,168.47,996.94,196.47,1001.94,265.47
87.056,0,0.08,1.46,1.15,0.54,0.61,1.24,1.18,0.92,1.45,92.33,23.35,-2.41,93.30,0.4933118206867948,0.4784372916212307,3.7617464032769203,4.770786905707791,4.4091384885367,15.463849159888923,5.611374096060172,0,4.287285833153874,0.1609598843008282,2.5803867881186306,1.5300738306250423,7.062868096400052,0.5070812293700873,9.34833560878411,2.3900967526296153,3.66129639884457,6.7500935308635235,3.0407163693103936,1.1762129915878177,0.8409625415224582,,-3.31,-9.51,4.07,85.81,117.69,899.02,140.29,1014.02,270.29,959.02,168.29,1036.02,168.29,994.02,196.29,999.02,265.29
87.236,0,0.58,1.48,0.32,0.59,2.14,1.45,0.14,2.01,1.24,91.94,34.36,-2.77,92.40,1.0868431057268753,2.3858562529319896,1.4400453831534832,2.014170062011108,5.575670010773465,33.77980096405372,1.3755522556835786,0,6.2471985693555325,4.4581955138221385,2.466799497138709,0,0.35933507792651653,1.558489809073508,15.34802680514753,0.4977883685333655,0.8534524482674897,3.3164987582713366,8.149853662056849,3.8314969800412655,2.28144120471552,,-4.09,-4.36,1.53,84.69,118.86,900.07,138.16,1015.07,268.16,960.07,166.16,1037.07,166.16,995.07,194.16,1000.07,263.16
87.375,0,0.90,1.53,0.56,1.34,0.86,0.05,2.18,1.94,1.71,93.95,24.29,-4.24,92.47,5.658524557505734,1.1026522810338069,4.096121089980006,6.341955491872504,4.553464484582655,47.36778167122975,0.4875288557028399,4.1128954191878435,6.279382447246462,4.237725759036839,2.5303256632760167,3.6233934806659818,5.332357568666339,2.873861668165773,7.268572055157275,2.2021712435269727,1.143460768274963,4.939547337125987,6.775134744090028,5.0591694295872,1.063118465943262,,-1.43,-4.47,3.94,84.79,120.70,901.22,139.91,1016.22,269.91,961.22,167.91,1038.22,167.91,996.22,195.91,1001.22,264.91
87.444,0,1.33,1.00,0.88,0.09,0.21,1.49,0.03,1.21,0.18,93.45,26.33,-5.04,71.33,4.467357613611966,0,2.6206361208483573,3.2104244946315887,7.912630194076337,23.094981524161994,1.8734562364872547,1.5107016129791737,0,2.691886096559465,1.9712029779329896,4.935596673982218,6.15154434973374,0,9.241887604668737,2.8622545766457916,0.22943163430318236,2.1285293232649565,5.556345630972646,5.003974620485678,5.105912665603682,,-1.60,-3.55,2.93,83.31,117.98,899.54,139.48,1014.54,269.48,959.54,167.48,1036.54,167.48,994.54,195.48,999.54,264.48
87.759,0,1.52,0.04,1.63,1.90,1.70,1.58,0.13,2.12,1.88,93.37,31.21,-0.48,91.09,0.23430978653021128,3.9633695181459188,3.7195011707907546,4.8362136023119096,3.4048644559783856,14.795150416903198,5.702652681316249,0,7.340962658869103,0.8168708304688335,1.180111851543188,5.3156016387511045,7.167833446059376,0,6.887411882057786,3.4486334167048334,3.206494258251041,2.4022870832122862,4.535535578005947,1.6408440067898482,0,,-4.80,-5.68,3.19,85.90,119.36,899.78,139.20,1014.78,269.20,959.78,167.20,1036.78,167.20,994.78,195.20,999.78,264.20
87.872,0,0.04,1.34,1.11,0.76,0.37,1.73,1.86,1.11,0.05,94.13,32.95,-1.61,96.48,3.6471835012221705,0.8299272544914857,4.5681344998534765,3.992503161644563,3.7019578545959666,9.792985898908228,5.6434747042367235,0.3182793179526926,0,0.1847102092020214,4.220553905703127,2.7843704868573695,6.1450191722251475,1.8234881328418853,12.373748767022043,4.530411863340996,1.6036593103781343,0,4.724260266735219,6.204738557804376,3.0728900630492717,,-1.64,-6.88,2.10,86.99,122.59,900.17,141.72,1015.17,271.72,960.17,169.72,1037.17,169.72,995.17,197.72,1000.17,266.72
87.942,0,0.79,0.55,1.54,0.36,1.20,0.17,1.85,0.12,1.43,92.83,25.24,-1.01,96.08,5.513332752576098,2.7013460722286253,1.851125257946551,4.428982026074081,8.3411850748118,23.20185588579625,6.753106176364236,1.5830592829547823,4.636128099635243,0,5.636729772202671,1.7572340669576079,6.771946110762656,2.6364208199828862,9.796666635926812,0,2.680418191011995,6.089527011848986,7.914463894767687,2.048028628109023,3.1252226564101875,,-5.12,-7.99,3.36,84.57,120.11,901.94,139.21,1016.94,269.21,961.94,167.21,1038.94,167.21,996.94,195.21,1001.94,264.21
88.209,0,1.35,1.36,1.32,0.86,1.87,1.05,0.61,1.13,0.23,92.10,24.87,-6.62,92.67,2.0521634565526616,1.5076060553779826,3.9210692652408037,5.482139592533931,7.129278045468964,24.36909658368677,4.353549306164496,3.9291508025489748,1.6083809826523066,4.1249136353097855,0.7961409003473818,0,4.117669114843011,0,6.3348667554743585,3.54263790870551,6.400433910544962,3.0202668430283666,5.85455174326431,0,2.0282247313298285,,-0.43,-2.65,0.64,86.17,118.22,900.14,139.49,1015.14,269.49,960.14,167.49,1037.14,167.49,995.14,195.49,1000.14,264.49
88.533,0,2.14,0.67,0.02,1.59,1.85,0.96,1.32,1.37,1.85,94.45,32.95,-0.85,96.00,3.162654084414244,4.276956123532727,2.7535016646236183,6.060326624400914,8.953478994164616,43.30621643457562,2.0745929029071704,2.7745088285766544,4.566553816897795,2.5145371007733046,2.3836796139366925,1.8820178592577577,2.89158041914925,4.723367455694825,7.970128458179534,2.40168079235591,1.279428550042212,5.279543738812208,5.542041795402765,3.733466074569151,88.02959482558072,,-6.43,-8.62,1.09,85.53,120.26,900.87,141.50,1015.87,271.50,960.87,169.50,1037.87,169.50,995.87,197.50,1000.87,266.50
88.768,0,0.36,0.65,0.71,1.32,0.25,1.30,0.62,0.76,0.92,93.81,35.04,-7.24,92.09,1.546864496744238,3.8929640779970214,3.4704519211128355,1.917678584652022,3.165551447528414,36.029102191794664,5.450196067313664,4.609813193120063,2.98239890858531,2.768816955015063,0.545694634784013,3.034926435444504,3.9487712206318974,3.597499394696206,9.854995398502798,1.2135448991553859,0.3155291825532913,0,5.791166567192413,1.647223706357181,0.5518939071334898,,-3.26,-7.48,2.51,83.46,120.20,900.46,140.91,1015.46,270.91,960.46,168.91,1037.46,168.91,995.46,196.91,1000.46,265.91
89.078,0,0.46,1.42,0.14,1.96,0.78,1.74,0.75,0.67,1.60,92.52,23.56,-3.69,88.63,2.336674022669904,5.087169889337384,4.797336992337368,6.002370407907293,7.495486782933585,22.782996399328113,1.631887460197322,2.920838215537369,4.8708831067197025,0.7610083719529213,5.352371928747743,3.2517775488086045,0,1.0140763460006563,8.283725949916988,0,1.3286904175765812,9.349369462113827,6.998609426920302,4.666398322209716,3.0286760253366083,,-3.20,-4.00,4.06,84.19,121.99,898.90,138.79,1013.90,268.79,958.90,166.79,1035.90,166.79,993.90,194.79,998.90,263.79
89.388,0,1.09,1.82,0.75,0.03,0.91,0.59,1.31,1.06,1.84,94.81,34.42,-1.63,89.61,1.2441227111453195,1.788490002299659,4.454506767224521,2.551315599186346,7.372602370358072,16.253995875362307,3.7977505538612606,4.729321477413178,3.804239052347839,4.200676245130598,0.48010970558971167,3.2898947305511683,6.29247627267614,0.010756455324590242,15.536128337141125,0.08355500964913531,2.458003306761384,0,7.372451937221922,0.40602778550237417,0,,-6.34,-1.89,2.27,83.98,121.74,899.82,138.67,1014.82,268.67,959.82,166.67,1036.82,166.67,994.82,194.67,999.82,263.67
89.687,0,13.04,1.46,2.00,1.20,1.02,1.19,1.29,2.20,2.19,84.43,32.67,-19.13,88.20,5.0637968110339715,4.712233122508041,11.46716747333112,3.876381421787664,6.522472718590871,46.86160188820213,2.1939553474076092,2.7385059224441646,0.7143227362539619,0.17079431578516946,4.902673564385623,0,0,5.495735878861705,5.947320687919855,0.21754711926449088,2.59760794788599,7.039837069809437,4.246898784255609,0,0,,-7.59,-2.42,-1.15,83.97,118.77,900.69,140.14,1015.69,270.14,960.69,168.14,1037.69,168.14,995.69,196.14,1000.69,265.14
89.857,0,28.58,1.33,1.31,1.47,1.43,0.28,2.01,0.78,2.13,70.01,44.86,-31.05,95.59,0.7204771047318355,0.749070176272653,16.293855167055863,1.9530832778755576,5.160622165212407,23.577315696980804,2.538710994599387,3.4658355610072613,2.713792397407815,3.638809850830585,1.7654177723452449,5.22852031653747,1.2174657471477985,8.310043701006617,9.254568828083574,1.6311508586863055,2.673546432517469,6.158441282343119,5.916813593870029,6.196759011363611,0,,-4.26,-4.21,-0.25,84.19,120.00,898.05,139.28,1013.05,269.28,958.05,167.28,1035.05,167.28,993.05,195.28,998.05,264.28
90.005,0,40.25,0.77,0.33,1.47,0.24,0.73,0.73,0.78,1.49,59.51,53.25,-43.29,92.61,3.3448959326697514,3.7869177602464332,22.57015258894543,1.8990760985482487,2.7928519143629815,23.045918574091047,1.3272740683984012,0.9018970937654376,0.9656724235974252,1.8952712793648243,6.405271091032773,0.5627228578086942,0,11.494492254578542,7.335903974138201,2.2588752396730705,5.993973758537322,0,4.932363581871614,0,2.56614560354501,,-5.48,-3.19,1.85,85.19,117.05,901.72,140.29,1016.72,270.29,961.72,168.29,1038.72,168.29,996.72,196.29,1001.72,265.29
90.151,0,54.78,0.06,2.00,2.18,2.03,2.11,1.12,0.27,1.25,45.46,52.69,-50.66,94.16,4.453784593944438,0.2030956110218538,30.094692665962285,0.9881555099505932,3.7448833392234517,43.58732697647065,5.305383917526342,4.797060069069266,3.530589685542509,0.4632384784519674,4.362551970407367,3.066064751241356,1.9913504356518388,13.45397898949674,10.307270253971218,2.648280881433748,2.385701436083764,2.773636437021196,8.809509745123796,2.431407020194456,86.65840244665742,,-2.73,-5.75,0.74,83.18,117.26,898.24,139.65,1013.24,269.65,958.24,167.65,1035.24,167.65,993.24,195.65,998.24,264.65
90.405,0,70.45,1.70,1.30,0.03,1.60,0.22,0.99,1.65,2.15,32.24,56.65,-70.16,91.90,0.6636540991207589,1.9443041791440918,39.672175882800644,4.585819187639281,6.113474306869321,45.495960702653974,1.625384809076786,0.9327522034570577,0.5668739057146013,4.0412499258294705,2.411005149129778,5.153798622079194,5.7121230801567435,14.180853338978132,11.097304515708238,3.3067573249666022,5.318507154006511,5.8089066706597805,4.563893906720914,1.47601219965145,0,,-5.59,-1.69,0.59,84.38,118.62,898.86,139.07,1013.86,269.07,958.86,167.07,1035.86,167.07,993.86,195.07,998.86,264.07
90.532,0,73.24,1.99,0.87,0.27,0.89,0.87,1.11,2.16,2.07,30.30,64.35,-68.51,90.75,1.9912086859764533,5.25095816438552,37.13368517925638,2.613537812596187,6.807802956015803,46.461894595995545,2.1624306513229383,1.3464544876106084,4.782657770672813,4.50248415729031,0,2.5153365472797304,1.5606705732643604,13.857320847320004,10.790853812396527,0.783802376505919,2.275272448081523,6.271268161945045,5.579459442268126,3.8524921406060457,0,,-5.21,-2.51,1.36,86.42,118.07,900.80,140.70,1015.80,270.70,960.80,168.70,1037.80,168.70,995.80,196.70,1000.80,265.70
90.660,0,64.94,0.09,1.05,1.18,1.58,1.82,2.05,0.22,0.11,36.76,54.51,-58.98,95.19,2.329678088813089,4.6420421491609885,34.968817597502934,5.498681154968217,5.1678132830839605,28.825236342381686,5.117625946714543,1.6957664741761982,3.9595620257314295,5.108588729240001,1.7890193788334727,4.6069268230348825,2.899847522377968,12.627804940650648,9.55169388499111,0,4.995015071704984,1.0866960636340082,5.27157056405209,4.860762358410284,1.6165977716445923,,-6.16,-4.35,2.98,83.36,120.04,900.67,138.08,1015.67,268.08,960.67,166.08,1037.67,166.08,995.67,194.08,1000.67,263.08
90.919,0,45.12,0.92,0.01,1.44,0.40,0.88,1.13,1.83,0.90,54.81,43.94,-43.62,96.35,5.057415155088529,1.9875930493697522,25.352345385481875,5.562377309799194,3.820697247707285,25.384294700343162,2.596282103448175,4.963842286262661,1.9221116264816374,0,4.096623143646866,1.5004395546857268,1.4625699170865119,11.033057645438348,12.586107070613654,1.9249875814840198,3.1300397808663547,4.094998348504305,3.0756610234593973,0,1.9104121627751738,,-8.37,1.64,-1.53,84.07,121.71,900.73,141.54,1015.73,271.54,960.73,169.54,1037.73,169.54,995.73,197.54,1000.73,266.54
90.998,0,41.56,1.57,0.58,0.51,0.52,0.65,0.02,0.87,1.32,57.91,44.29,-45.33,95.02,0.4133989226026462,2.269636198156513,22.58472900423219,0.04972181151621058,3.6515065753273666,14.724564371164888,1.0453272965969518,3.062016937788576,0.2433617478236556,2.291167548168451,4.534710807725787,2.0161232803948224,4.210067366715521,8.752152084477236,16.88872834628448,3.082335154931061,1.7346859234385192,1.6338585712946951,3.7777722901478414,2.7273124144412577,1.1484815943986177,,-6.91,0.45,1.20,86.17,118.02,901.64,141.63,1016.64,271.63,961.64,169.63,1038.64,169.63,996.64,197.63,1001.64,266.63
91.292,0,8.30,0.34,1.15,0.99,1.97,0.48,1.40,1.82,0.17,86.55,28.82,-12.29,89.56,4.118638462042436,4.204180980939418,5.7968779032816125,1.0800699938461182,5.262102947048843,31.685719275381416,1.4400491161271929,1.7321900394558907,1.6416888642124832,2.743083099704236,0,3.0975443616043776,0,3.1395034007522815,12.98395470922813,5.260414037890732,4.052653846796602,5.408884301315993,5.222830599900336,2.098995003849268,2.275767353363335,,-6.56,0.74,-0.54,86.01,121.40,901.80,139.10,1016.80,269.10,961.80,167.10,1038.80,167.10,996.80,195.10,1001.80,264.10
91.501,0,1.68,1.65,0.54,0.74,0.95,2.07,0.43,1.33,0.84,94.44,36.27,-4.66,88.51,1.581756120342761,3.8977136961650105,0.7070350616704673,2.5822553205490113,3.0579787732800465,18.80936881247908,4.1357270095963035,0,0.5417548033874482,4.507570634428411,5.634052264038473,1.1612011576071382,3.06675902986899,2.299814715459943,6.9331569466181096,2.113321559811011,1.9146839631721377,4.76588868489489,4.847008041036315,6.446571695385501,78.2466321690008,,-6.72,-1.95,-0.24,86.98,122.32,899.40,139.14,1014.40,269.14,959.40,167.14,1036.40,167.14,994.40,195.14,999.40,264.14
91.667,0,1.81,2.19,0.40,2.01,1.11,1.49,1.91,0.74,0.95,92.35,24.83,-4.01,91.39,5.671245003407821,0.8855455562006682,2.225575399650261,1.6018514304421845,2.795345319774933,41.35268293879926,1.200088386447169,0.13853245295584227,3.133818054571748,0.9352844883315266,0.6473209303803742,4.2556907965335995,3.0758166471496224,4.626645310223102,5.6091202746145425,3.818042528955266,4.9806476454250515,7.865944453049451,8.188925429484808,0.01822558045387268,1.3654547373298556,,-3.20,2.67,0.77,84.19,118.21,898.72,139.08,1013.72,269.08,958.72,167.08,1035.72,167.08,993.72,195.08,998.72,264.08
91.801,0,1.10,1.82,1.90,0.47,1.79,2.00,0.64,0.01,0.05,93.60,33.14,-3.92,88.19,0,4.779582969634793,0.9745650177169591,3.811460987823084,3.797362274052575,11.04407537728548,5.759634647890925,5.384297564551234,4.790143682155758,0.10804718337953112,3.0684086792171,0.6532483894843608,1.484610389918089,1.5988237425126135,7.670541664231568,3.329304193579592,0,5.6659224345348775,9.420862536048517,2.0760326751042157,3.866328215226531,,-3.20,0.37,-2.53,84.54,120.76,901.13,141.74,1016.13,271.74,961.13,169.74,1038.13,169.74,996.13,197.74,1001.13,266.74
92.056,0,1.47,1.20,2.08,0.12,0.93,0.73,2.17,0.86,0.03,91.96,32.27,-4.29,92.45,0,4.7606771044898775,1.4132706436654554,3.9565301532670856,7.2054392966069285,26.876736626960337,4.6628735745325685,2.5963040442205965,0.693956654286012,0,3.310402326285839,2.519814091268927,0.7408064100891352,2.154116725930944,6.183781467769295,1.7754940532054753,5.49989304272458,6.512810637708753,5.210378810502589,0,62.72983514564112,,-6.37,2.53,-1.76,84.87,118.56,898.94,140.74,1013.94,270.74,958.94,168.74,1035.94,168.74,993.94,196.74,998.94,265.74
92.310,0,0.35,1.39,2.14,2.17,0.64,0.09,1.46,2.03,2.11,91.98,30.02,-2.42,77.34,5.8336503799818455,2.0846966960933058,2.8862594301998614,3.187837423775345,2.5285358679341154,38.82295810384676,1.7414429082069542,5.025016046240926,0.3323391836602241,0,7.602890135720372,6.448236864991486,4.706997728906572,3.024632061645389,12.846335255410523,0.9130528697464615,1.738220777362585,4.36537379398942,4.809622053052299,0,1.9888953370973468,,-8.37,0.13,-2.03,85.53,120.83,900.13,141.99,1015.13,271.99,960.13,169.99,1037.13,169.99,995.13,197.99,1000.13,266.99
92.428,0,0.25,1.06,1.93,0.20,1.57,1.89,0.34,0.65,1.72,93.54,23.89,-2.26,89.27,0.518448612880893,0.7675631367834286,4.398812280232087,2.820086692487821,4.22557159983553,14.34680236922577,3.6992302296450363,3.482638754826039,0.6127954823896289,0.9177375647053125,6.817301037255675,5.07397213135846,3.891860702075064,0,6.688728750701994,0.9050100045418366,6.103173612616956,3.2219805703498423,6.400737198395655,0.73412801977247,2.415186782134697,,-7.91,-0.90,-2.03,87.00,119.85,899.97,139.36,1014.97,269.36,959.97,167.36,1036.97,167.36,994.97,195.36,999.97,264.36
92.702,0,1.42,0.87,1.81,0.47,0.84,0.60,0.51,1.98,1.00,93.78,30.18,-4.85,64.90,3.1516699000075463,2.8424286431167274,4.4787356989830736,2.5394836836867034,3.2243182593211532,22.04744708398357,6.765326676145196,2.907014555633068,0.6427692519500852,1.237841395623982,3.183953491039574,0,3.6103978576138616,0.5776513136923311,5.006448074411601,3.310406909333542,3.0812879246659577,1.1255712690763175,4.659238441884518,0.06365559436380863,4.262283338466659,,-8.23,4.62,0.88,83.97,119.31,901.59,141.10,1016.59,271.10,961.59,169.10,1038.59,169.10,996.59,197.10,1001.59,266.10
92.946,0,0.35,0.34,0.54,0.91,1.00,0.60,0.90,2.13,0.00,92.11,24.69,-3.23,90.70,3.6233200762653723,4.74409327597823,0.1893866010941565,4.995128009160981,5.077338955905288,24.01580207562074,3.7251632896717637,2.273472516126931,0,2.9364297804236412,1.6054853978566825,5.908256395487115,3.5600122273899615,1.9752000076510012,7.773424490634352,2.9482620369875803,0,0.36062414245679975,3.3673986084386707,1.6789392449427396,2.6789076800923795,,-6.41,2.24,0.02,84.41,118.76,898.27,139.61,1013.27,269.61,958.27,167.61,1035.27,167.61,993.27,195.61,998.27,264.61
93.269,0,1.19,1.46,2.05,0.62,2.05,1.50,0.22,0.15,0.89,93.01,31.27,-6.17,90.51,0,0.0738528822781519,5.688468571612612,2.8647136325296017,5.596805668538437,23.453040818218142,2.5297581899212673,1.4413879960775375,1.8226556731387973,0.3891522138379515,5.394876667298377,3.4055072809569538,7.278430379927158,1.3253394044935702,7.632179071027785,2.958181318468414,1.0205028858035803,3.69967944920063,7.867614510534331,2.005126823671162,66.23956110700965,,-8.16,6.72,-1.14,86.02,121.95,901.28,139.72,1016.28,269.72,961.28,167.72,1038.28,167.72,996.28,195.72,1001.28,264.72
93.584,0,1.02,1.46,2.05,1.87,1.72,1.07,2.16,1.41,0.56,94.38,32.68,-1.97,91.24,5.072004397651181,5.466411224519834,4.732101344107651,1.3909170110151168,3.8076846263185145,13.586199879646301,5.441132926265709,4.075596175435931,4.965925872558728,1.7727073102630677,5.557216465473175,3.463028355734423,2.0619574673473835,5.159571234053001,13.429475691784173,0.8168253236170857,0.5839821826666594,3.289873853325844,4.119289531428367,1.9326809514313936,3.2798541337251663,,-2.63,0.86,-2.04,83.65,118.84,901.40,138.12,1016.40,268.12,961.40,166.12,1038.40,166.12,996.40,194.12,1001.40,263.12
93.694,0,2.12,0.96,1.31,0.62,0.67,1.55,0.31,0.63,0.23,93.45,29.47,-7.52,83.55,2.0695238541020085,1.9696793674258517,0.3991106675192717,2.5403472407441585,8.244166928161867,19.858222926035523,1.6381247030803934,0.92299448531121,2.4795427811332047,3.304667268544436,3.1885214718058705,4.336123049724847,3.4700099383480847,1.432654574736953,13.8035677732341,0.6831852830061691,5.041592395864427,5.213308706879616,2.603183265342377,5.201020579086617,0.995564880548045,,-7.63,4.26,-3.40,83.75,118.85,900.27,140.57,1015.27,270.57,960.27,168.57,1037.27,168.57,995.27,196.57,1000.27,265.57
93.999,0,1.84,0.32,2.07,2.18,1.47,0.86,0.31,0.92,1.71,92.41,31.07,-0.19,96.89,4.069177604285069,2.685179724521004,4.487618784117513,1.3362534410413351,6.320568490345031,15.930569978430867,3.793484908877872,5.493403407931328,4.914741804590449,3.9917247303947807,1.8647585702128708,5.079571162117645,8.458779714535922,2.841048416150734,11.818627971634267,0,2.167499909643084,1.8727832920849323,3.6319605321437116,0.41910535539500415,0,,-4.09,3.50,-1.36,86.29,117.07,900.31,138.74,1015.31,268.74,960.31,166.74,1037.31,166.74,995.31,194.74,1000.31,263.74
94.331,0,1.11,2.19,0.76,1.93,0.73,1.36,0.11,1.71,1.53,91.59,26.98,-6.88,87.89,3.3733747823443263,3.025804891018197,3.6663994305860252,1.4537738700583578,4.470265082148835,24.3440517433919,5.339146496239119,0.6763060246407986,0.6907462358940393,0,1.1571331825107336,5.051615226315334,2.691925819963217,1.0189837066456677,5.135512680467218,3.7555642921011896,0.19417158141732216,6.180507026147097,6.9766280041914435,3.571911308215931,0,,-3.25,4.60,-3.60,85.06,120.78,900.65,139.15,1015.65,269.15,960.65,167.15,1037.65,167.15,995.65,195.15,1000.65,264.15
94.623,0,2.06,1.49,1.88,1.27,0.92,2.03,1.76,2.04,1.88,93.78,23.67,-0.00,92.51,4.260595876574516,4.892316709132865,5.281389255877585,1.1783526793867347,3.0725485614687207,20.998729083687067,2.5784393711946905,4.732043637149037,2.1118617970496416,0.9153185146115721,0,0,0.09223551582545042,0,11.594508670158685,1.0097587252128868,0,5.122722006868571,2.9449046274088326,3.716626992681995,0,,-5.57,4.32,-1.93,83.90,117.47,901.45,138.40,1016.45,268.40,961.45,166.40,1038.45,166.40,996.45,194.40,1001.45,263.40
94.904,0,0.73,0.16,0.16,0.53,0.43,1.38,0.30,1.77,1.95,93.19,24.51,-4.46,96.44,0.3196315443469211,1.4504918344551698,2.614452569899149,3.941917869737372,2.790331792277284,41.7004170822911,0.9099717060104013,0,5.034741605864838,1.543761602882296,3.1280520572327077,0.8185345605015755,0,1.9304137856792658,14.275327738672495,4.713405552427284,1.029310496058315,8.285431216005236,4.032047254811041,1.26339688943699,3.2771364755462855,,-0.55,2.68,-1.45,84.10,121.82,901.37,139.38,1016.37,269.38,961.37,167.38,1038.37,167.38,996.37,195.38,1001.37,264.38
95.083,0,0.80,0.15,1.37,0.74,1.93,1.37,1.82,1.81,0.54,92.88,31.93,-3.32,89.03,3.4553011929616333,5.72959898551926,5.045485708885826,3.651699742991477,5.924863780271262,50.423034814186394,2.4936048295348883,2.0096670582890512,3.7248115902766585,2.7491245767101646,3.585303974803537,3.758951158961281,0.6701811645179987,4.297831284897402,15.590080847032368,0,0,1.93545803707093,6.796865629553795,1.248804397182539,4.624582813354209,,-3.94,8.26,-2.39,83.07,121.41,901.60,140.01,1016.60,270.01,961.60,168.01,1038.60,168.01,996.60,196.01,1001.60,265.01
95.280,0,0.36,1.83,0.27,0.26,0.87,1.67,0.79,1.76,0.42,94.17,24.90,-0.21,92.92,5.262086510849185,2.844281869078986,0.4305281588062644,0,4.8187679847097025,33.15046898787841,4.5047973290784284,2.9128367588855326,2.920447879470885,0.5267662628367544,0.2797645046375692,1.9642135535832494,0,3.9682480981200934,14.495149207171053,3.094750963752158,2.855891924351454,2.162788760382682,6.555628061429598,3.7884097821079195,3.0565068118739873,,-0.10,8.07,-3.41,86.24,122.26,898.70,141.46,1013.70,271.46,958.70,169.46,1035.70,169.46,993.70,197.46,998.70,266.46
95.439,0,0.66,0.83,0.85,1.80,1.26,2.06,0.87,2.18,1.66,94.51,28.32,-1.48,91.12,4.1734148076176645,2.7278302809223534,0.08658637248445311,1.0690763633139433,5.991004977892153,45.946756712626666,4.217141284397803,0.09169154196977614,4.293277932098135,1.714936164878309,6.153343649581075,2.4027348726522177,0,0,6.725818495098501,2.374366934634745,5.282943078316748,3.8979376181960106,6.932262641177513,6.159757121000439,3.1565078103449196,,-1.31,8.95,-1.21,86.24,120.69,901.93,139.06,1016.93,269.06,961.93,167.06,1038.93,167.06,996.93,195.06,1001.93,264.06
95.566,0,0.94,1.12,1.76,1.98,0.68,0.12,1.76,0.81,0.46,92.12,25.77,-7.29,93.42,0.02166784859262405,4.391092941071838,0,5.224526786226779,3.1658734538592395,44.22625953890383,4.010791991138831,5.5990334680303935,6.294420342892408,1.8232196085713803,5.884925910271704,5.914000937482342,0,4.942304362924769,12.086872305087745,0.8120525206811724,1.2170066055841744,8.260303421411663,6.367462297715247,3.8107608212158084,0,,-3.73,7.00,-1.80,84.25,119.24,901.08,140.08,1016.08,270.08,961.08,168.08,1038.08,168.08,996.08,196.08,1001.08,265.08
95.646,0,1.64,1.32,0.42,1.79,0.09,1.52,0.04,1.42,0.90,92.83,36.29,-2.91,94.64,3.5263002278609203,3.0872405598172916,1.3013209440559148,1.8447541107144207,6.054483099528588,33.12660075630993,4.878893873561173,2.555082345958799,0,1.5407540450431405,7.52564010489732,5.022484390297905,2.23153237067163,1.9026171472296118,11.721161946523935,4.326933377790265,0.4304607701487839,0,2.586116260248236,0,0.2749328704085201,,-0.38,10.15,-3.47,85.17,119.27,900.95,138.05,1015.95,268.05,960.95,166.05,1037.95,166.05,995.95,194.05,1000.95,263.05
95.874,0,1.75,1.98,1.82,1.64,0.10,0.25,1.60,1.71,1.36,91.88,36.52,-6.95,94.01,5.628951802621596,0,0.7489759850455449,5.769832855788991,6.472964852275327,26.569339653477073,6.8274886921280995,5.561219720635563,0,0,1.468339689541608,0,2.430268954485655,2.9272632392402738,15.230820281598717,4.747805641856976,3.966716888360679,3.126672544516623,3.985383481523022,3.62747438182123,0,,1.05,8.53,-3.24,86.85,122.14,898.37,139.52,1013.37,269.52,958.37,167.52,1035.37,167.52,993.37,195.52,998.37,264.52
96.168,0,0.34,0.80,0.29,1.07,0.54,0.73,1.85,1.91,2.14,93.51,28.20,-4.26,91.29,0.030788036664016527,3.04342096534092,5.939772582040169,1.9627071593236174,4.112368450220674,38.111286306753755,3.1601125429617243,2.7927341128140686,3.712278106948361,0,5.588882661424577,0.625161511823535,0.46330806612968445,0,10.795955053083599,0.7182068214891477,0,5.6036279406398535,5.197692230250686,3.959007765399292,4.243004287127405,,-0.22,5.26,-1.44,85.42,120.30,900.52,139.99,1015.52,269.99,960.52,167.99,1037.52,167.99,995.52,195.99,1000.52,264.99
96.497,0,1.54,1.07,1.85,1.20,1.68,0.06,0.88,0.34,1.29,94.53,26.48,-4.21,90.16,0.5881382345361637,2.391359213250689,3.0285442645754665,4.968712929403409,3.526392076737247,25.97348556574434,1.2461821366334336,5.088144644200802,5.620200976030901,0.31781130222603693,5.536536842118949,6.751671782229096,7.738167945295572,5.03495117193088,8.328938736096024,4.611213386976161,0,0,7.448870524768718,5.776754703838378,1.5329629266634583,,0.22,10.36,-5.14,85.90,119.89,901.13,141.04,1016.13,271.04,961.13,169.04,1038.13,169.04,996.13,197.04,1001.13,266.04
96.694,0,1.18,0.86,0.64,1.72,1.16,1.50,1.34,1.03,1.27,92.97,25.63,-1.92,88.09,2.5135236196313056,1.0793332343921067,0.6673214801214638,6.4051952077075835,3.3731950290873645,22.414119533263147,0.5629407198633998,0.13876710420474403,3.509627838153392,0,0,2.951145950704813,8.381076164077967,0.5556335608661174,12.00604686703533,2.1789036297984423,0,10.738600712735206,4.110384973119944,3.8364443499594927,67.93736386718228,,-1.97,9.17,-1.70,85.33,121.69,901.97,138.29,1016.97,268.29,961.97,166.29,1038.97,166.29,996.97,194.29,1001.97,263.29
96.954,0,0.45,0.63,0.06,0.91,1.78,1.53,1.22,1.49,1.61,92.37,28.51,-7.44,91.04,4.380381509680301,0,0.7521630552457643,1.4839569680951534,4.981978650046512,35.55245170928538,2.263816775009036,4.311165010891855,4.3430435745976865,5.420781621132046,0,6.728455621283501,6.048817262984812,0.29549090632237496,12.151263616811484,4.914295942746103,0,3.6747705317102373,7.880250884415582,6.082961387466639,0,,-1.64,5.57,-4.82,86.55,121.13,899.35,138.99,1014.35,268.99,959.35,166.99,1036.35,166.99,994.35,194.99,999.35,263.99
97.250,0,1.97,1.83,0.07,0.30,0.91,1.33,0.88,2.17,0.37,91.60,31.02,-1.00,94.90,5.080482785152272,0.7020362028386442,4.333914911160246,1.8019655868969857,7.502052996521815,50.620394511613995,0.4707513173576445,0.8028045585565269,6.399561993312091,1.6518812124058604,4.569738757330924,5.427982775960118,2.9316856199875474,0,10.951096003372221,0.342793398043141,0.2366325152106583,10.114861775189638,6.02922933456488,3.4426154231186956,95.656377596315,,3.69,8.78,-3.09,84.76,121.75,898.44,140.38,1013.44,270.38,958.44,168.38,1035.44,168.38,993.44,196.38,998.44,265.38
97.498,0,1.70,0.62,1.74,1.20,0.35,1.13,0.29,0.13,0.31,93.55,32.49,-5.56,90.81,4.060588137204759,2.33079382085707,2.488075834484771,3.287340452028438,4.970044811037369,47.60134717030451,2.611099994555116,5.561604668330402,5.687448311364278,1.1468221613019707,4.701590371783823,2.497282045194879,5.531604481860995,2.975649605449289,14.183156777322292,1.5552364347921683,2.093031194061041,1.0603963024914265,7.560598572301679,3.791498100152239,3.013850851217285,,-1.02,6.32,-3.98,83.61,121.55,900.99,138.39,1015.99,268.39,960.99,166.39,1037.99,166.39,995.99,194.39,1000.99,263.39
97.757,0,1.15,1.38,0.16,1.07,2.20,1.73,0.92,1.02,2.16,94.08,23.53,-2.25,95.25,1.1062498176796365,3.1899814179865644,2.8936872456595304,4.2036501909140505,4.4056942618731405,43.675935367587954,2.6761623366735874,0.3513451126031577,1.6962110938038677,1.6430338328704241,4.375125288963318,2.5118601692374796,3.5950878909789026,1.6104609142243862,9.923515980057418,0,4.425142208579928,5.331218825653195,5.0056061176676305,6.020551728550345,4.059385079657659,,4.24,8.22,-2.76,87.00,118.13,899.12,139.36,1014.12,269.36,959.12,167.36,1036.12,167.36,994.12,195.36,999.12,264.36
98.012,0,1.63,1.64,0.01,2.06,0.72,0.23,1.13,1.24,1.97,93.23,36.68,-5.71,87.49,2.5054567717760805,3.3649007789324967,5.085408724327571,4.766724635194987,5.407851207964122,38.168840552680194,4.323076403955929,0.9863258737325666,5.470586610259488,1.281504574995488,1.4155352809466422,2.6619926523417234,4.532433330081403,0.3346689797658473,6.299172389563173,5.147512856004759,5.399018508382142,4.024911943357438,4.815688828956336,0,76.16798294754699,,5.02,7.50,-4.00,85.06,119.22,901.89,139.13,1016.89,269.13,961.89,167.13,1038.89,167.13,996.89,195.13,1001.89,264.13
98.313,0,1.34,1.13,0.03,1.27,2.17,1.10,1.04,0.59,1.52,91.80,25.56,-1.92,90.27,4.319062021169811,3.056675903638825,1.792830189391971,6.042688107173889,9.332469715839252,23.432280484586954,0.7351241582306103,0.2490105663612483,1.0694466398563236,2.2640554812178015,4.616154205519706,6.08969103381969,1.9936635657213628,5.031245839688927,7.559840516950935,0,0.4336204994469881,5.90678808838129,9.202983816685155,0,2.2019148871768266,,3.27,9.09,-4.54,86.32,122.62,898.33,138.31,1013.33,268.31,958.33,166.31,1035.33,166.31,993.33,194.31,998.33,263.31
98.379,0,0.86,0.37,1.72,1.76,1.17,0.99,0.21,1.21,2.01,94.07,35.98,-2.32,93.77,2.9671354475105183,4.46319583223667,2.35510589776095,5.761701951185241,8.44164574661292,13.720494086388499,2.689295943127945,5.317507465649396,5.598417204106227,4.8692055526375775,0.6527012279257178,5.099978232290596,1.5898263487033546,3.062534091556445,12.323727426510304,4.981048214775511,0,4.984058162197471,3.3705976247880614,0,3.0049071356188506,,1.93,8.43,-1.73,84.67,122.77,899.45,138.54,1014.45,268.54,959.45,166.54,1036.45,166.54,994.45,194.54,999.45,263.54
98.488,0,0.60,0.91,1.67,0.14,0.53,2.09,2.13,1.54,0.45,94.46,36.08,-6.66,92.00,0,3.7196893311804162,5.102755841785111,1.5605538762640205,3.6632760810386387,17.27921301452443,4.145398248312995,4.335335035696626,0.07611660356633365,0.5629753910377624,3.070989295374602,6.668571463087574,0,4.524091223170981,10.430567409787328,0.8351967397192492,4.513233546633273,3.247170606162399,5.433046466289088,2.8748466426040977,0,,0.94,4.46,-1.60,83.81,122.95,899.32,140.58,1014.32,270.58,959.32,168.58,1036.32,168.58,994.32,196.58,999.32,265.58
98.744,0,0.98,0.89,0.42,1.23,1.52,0.79,1.39,1.08,1.96,92.59,25.30,-3.74,91.53,1.2525638916483146,0,4.39603044198826,0.34138378924690205,8.551561666121707,10.961806496605277,2.049616426625289,4.972176786735654,1.6344852491747588,4.537688796352596,4.090306204743683,3.4318354355636984,4.513474656734616,0.34622362317517386,15.076146440207959,1.6824511751299722,3.682770605199039,0,4.33513723119162,3.5844863129314035,0,,0.69,5.27,-3.19,86.99,117.19,898.61,138.12,1013.61,268.12,958.61,166.12,1035.61,166.12,993.61,194.12,998.61,263.12
98.865,0,0.63,1.99,0.19,1.70,1.61,1.56,1.03,1.71,1.50,91.77,32.70,-0.98,91.43,5.530862126895226,3.333534109569155,2.462116452623159,4.799003182398156,6.401849949294701,19.041018872056156,2.932420309772715,0,0,4.089206303134561,3.9687036308459938,4.673689775401726,0,3.516469566896558,10.238072276804596,3.6371026041964067,2.6619888292625546,4.762194495648146,3.4807768604811287,5.974743151804432,0.16136458260007203,,2.80,4.31,-2.07,85.96,119.37,900.58,138.96,1015.58,268.96,960.58,166.96,1037.58,166.96,995.58,194.96,1000.58,263.96
99.119,0,1.36,0.52,0.71,2.11,1.37,0.21,1.64,1.50,1.84,94.22,30.83,-0.35,90.93,1.9944329608697444,2.0483773602638395,1.824229599782266,5.808735463917255,8.061574622495101,43.65215744031593,5.750658245850355,1.455011756327003,2.3434919530991465,2.7173189309798182,2.2602746626362205,2.1898366948589683,2.084651411511004,5.183358909720555,12.998372644223274,2.933513191090897,5.070433265529573,8.293723898008466,3.54151425360702,3.3393152316566557,0.20662605785764754,,1.74,7.13,-2.21,86.14,119.73,900.94,141.53,1015.94,271.53,960.94,169.53,1037.94,169.53,995.94,197.53,1000.94,266.53
99.415,0,1.34,1.27,0.65,2.07,0.20,1.46,0.99,0.79,1.09,93.94,27.43,-1.01,93.21,0.7321618450433016,4.733134372346103,5.149321062774398,2.978974530790001,7.137842250782996,15.960985643789172,2.1025640970794486,2.1127068626135586,4.4474518245551735,4.76999006588012,2.226512792520225,0,0.07278367504477501,0.3539674492087217,8.08648021813482,0.7220398728922008,0,7.308326636441052,4.70584030482918,3.318150531966239,5.200644922675565,,2.02,5.22,-2.05,85.45,121.50,901.48,140.17,1016.48,270.17,961.48,168.17,1038.48,168.17,996.48,196.17,1001.48,265.17
99.664,0,1.79,1.28,1.33,1.59,0.64,0.19,1.42,1.80,0.53,92.91,31.45,-5.51,88.00,4.345972937601619,3.482383953151293,2.2600930708274247,4.28840585517697,2.5225734334718437,24.764878475572914,1.766738710226491,3.1657983914017676,7.228011057944968,2.3030271720327438,0.17013032315298915,3.941815855912864,1.6565763261169195,1.3663421221636236,14.077663754746318,0.030445105521939908,2.395726155489683,5.343768795020878,3.5621126595046375,2.798557185102254,70.70632433798164,,1.93,9.64,-1.75,83.82,120.88,900.07,140.94,1015.07,270.94,960.07,168.94,1037.07,168.94,995.07,196.94,1000.07,265.94
99.919,0,0.79,0.26,0.59,1.39,1.16,1.29,0.66,1.49,0.76,94.56,31.40,-4.84,88.44,0.586552910530008,3.6222728728083893,0.7625734669901432,2.03741544126533,3.94976115972735,13.529824508819729,3.0385941872373223,4.818648973479867,1.8381972638890147,0,1.2162873577326536,3.7728615631349385,2.431325232144445,0.31256492255255575,7.031769159603865,4.6570087576145305,3.326877837534994,4.438098598271608,4.9529835492093115,2.503866101615131,0.1208924395032227,,3.06,6.39,-3.00,83.19,118.46,901.49,138.74,1016.49,268.74,961.49,166.74,1038.49,166.74,996.49,194.74,1001.49,263.74
