time stamp,anger,contempt,disgust,fear,joy,sadness,surprise,sentimentality,confusion,neutral,engagement,valence,attention,inner brow raise,brow raise,brow furrow,eye widen,cheek raise,lid tighten,nose wrinkle,upper lip raise,dimpler,lip corner depressor,chin raise,lip pucker,lip stretch,lip press,mouth open,jaw drop,lip suck,eye closure,smile,smirk,blink,blink rate,pitch,yaw,roll
1705282200.0000,0.0398,0.0255,0.0264,0.0370,0.4454,0.0422,0.0870,0.1141,0.0807,0.4612,0.6622,0.5231,0.6975,0.0000,0.1067,0.0972,0.0625,0.2480,0.0096,0.0216,0.0597,0.1240,0.0231,0.1627,0.0731,0.1523,0.1080,0.0667,0.1069,0.0839,0.1565,0.3638,0.1430,0.0000,15.72,7.7499,2.9312,8.0097
1705282200.0667,0.0449,0.0369,0.0206,0.0332,0.4176,0.0317,0.0832,0.1099,0.0814,0.4844,0.6327,0.6296,0.7224,0.0379,0.0841,0.0518,0.0052,0.2103,0.0000,0.0000,0.1195,0.0201,0.0000,0.1561,0.0973,0.0885,0.0789,0.0177,0.0348,0.1064,0.1115,0.3504,0.0828,0.0000,11.26,14.7192,14.9468,-1.4440
1705282200.1333,0.0580,0.0351,0.0221,0.0103,0.4097,0.0325,0.0915,0.1035,0.0661,0.5028,0.6354,0.6479,0.7058,0.0800,0.0187,0.1036,0.0524,0.2015,0.0675,0.0101,0.0317,0.0781,0.0139,0.0920,0.0617,0.0912,0.1013,0.0870,0.0936,0.1321,0.1248,0.2635,0.0189,0.0000,13.18,-0.1503,9.6421,6.7963
1705282200.2000,0.0401,0.0233,0.0236,0.0188,0.4046,0.0000,0.0883,0.1137,0.0823,0.5231,0.6387,0.6425,0.7239,0.0419,0.0509,0.0238,0.0539,0.2507,0.0000,0.0273,0.1574,0.0220,0.0000,0.0663,0.0886,0.1829,0.1350,0.0603,0.1110,0.0636,0.1068,0.3399,0.1591,0.0000,15.64,11.9770,-1.6115,4.6126
1705282200.2667,0.0372,0.0252,0.0220,0.0062,0.3953,0.0115,0.1012,0.1230,0.0898,0.5130,0.6408,0.5576,0.7312,0.0000,0.0200,0.0999,0.1044,0.2322,0.0466,0.0355,0.0918,0.1842,0.0000,0.1106,0.0292,0.1308,0.0342,0.1088,0.0982,0.1276,0.1161,0.1985,0.0938,0.0000,14.03,-0.5060,5.2021,-7.0318
1705282200.3333,0.0232,0.0381,0.0295,0.0105,0.3973,0.0245,0.0926,0.1052,0.0927,0.5119,0.6369,0.5693,0.7052,0.0631,0.0169,0.0485,0.0505,0.2548,0.0000,0.0392,0.1558,0.0899,0.0000,0.0686,0.2112,0.0750,0.1515,0.0610,0.1434,0.0111,0.1218,0.3723,0.0928,0.0000,19.15,8.1984,15.7541,-3.2295
1705282200.4000,0.0403,0.0251,0.0232,0.0273,0.3999,0.0365,0.0842,0.1081,0.0978,0.4945,0.5998,0.6267,0.7240,0.0000,0.0000,0.0721,0.0396,0.2514,0.0000,0.0372,0.0801,0.0589,0.0639,0.1586,0.0673,0.0603,0.1530,0.0651,0.0292,0.0447,0.0317,0.3176,0.1162,0.0000,12.61,6.8796,1.1445,-2.0696
1705282200.4667,0.0277,0.0323,0.0084,0.0237,0.4202,0.0286,0.0838,0.1105,0.0867,0.5069,0.5791,0.6081,0.7225,0.1032,0.0112,0.0443,0.0208,0.2719,0.0128,0.0000,0.1242,0.1236,0.0469,0.0384,0.1080,0.1099,0.1497,0.0354,0.0971,0.0414,0.1147,0.3393,0.1399,0.0000,8.99,11.8410,4.2408,3.1910
1705282200.5333,0.0325,0.0297,0.0013,0.0143,0.4216,0.0161,0.0952,0.1001,0.0663,0.5337,0.5736,0.5548,0.6708,0.0090,0.1110,0.0386,0.0458,0.2309,0.0000,0.0301,0.0764,0.0567,0.0035,0.1296,0.0978,0.0273,0.0996,0.0350,0.0642,0.1162,0.1456,0.3879,0.1393,0.0000,16.12,10.5474,8.2741,-2.2602
1705282200.6000,0.0302,0.0403,0.0000,0.0131,0.4185,0.0262,0.1067,0.1097,0.0679,0.5124,0.6342,0.6273,0.7303,0.0123,0.1011,0.0714,0.1072,0.2415,0.0000,0.0000,0.0642,0.0682,0.0245,0.1296,0.1016,0.1393,0.1851,0.0950,0.1096,0.1199,0.1042,0.3906,0.0992,0.0000,17.36,3.9890,9.7201,4.0205
1705282200.6667,0.0355,0.0400,0.0057,0.0110,0.4225,0.0260,0.0867,0.1387,0.0695,0.4986,0.5906,0.5502,0.6469,0.0104,0.0000,0.0000,0.0707,0.2344,0.0614,0.0521,0.0764,0.0726,0.0268,0.1910,0.1096,0.0782,0.1378,0.0661,0.1070,0.1735,0.0722,0.3155,0.1110,0.0000,21.70,-4.1634,9.8618,-0.1000
1705282200.7333,0.0384,0.0428,0.0106,0.0297,0.4216,0.0273,0.0774,0.1175,0.0844,0.4902,0.6114,0.5169,0.6159,0.0239,0.0626,0.0753,0.0385,0.2931,0.0146,0.0000,0.1609,0.1207,0.0157,0.0004,0.0838,0.0345,0.1486,0.0040,0.0964,0.1298,0.2155,0.2775,0.0561,0.0000,19.39,18.6803,-17.2743,-8.0626
1705282200.8000,0.0425,0.0351,0.0029,0.0127,0.3983,0.0156,0.0884,0.1199,0.0707,0.5283,0.5795,0.4567,0.5851,0.0000,0.0855,0.0214,0.0124,0.2104,0.0137,0.0456,0.0566,0.1220,0.0000,0.1775,0.1075,0.0873,0.0985,0.0806,0.0000,0.0612,0.0719,0.3620,0.1790,1.0000,12.85,13.2716,9.3139,2.6398
1705282200.8667,0.0454,0.0284,0.0000,0.0250,0.4121,0.0085,0.0889,0.1065,0.0847,0.5203,0.5637,0.5057,0.5819,0.0170,0.0000,0.1156,0.0548,0.2635,0.0362,0.0000,0.0256,0.0763,0.0321,0.0316,0.1358,0.0578,0.0259,0.0028,0.0344,0.1785,0.1172,0.3748,0.0904,0.0000,16.22,11.8991,3.7540,-0.3438
1705282200.9333,0.0375,0.0256,0.0010,0.0270,0.4337,0.0132,0.0809,0.1006,0.1082,0.5034,0.6251,0.5731,0.6359,0.0467,0.0660,0.0871,0.0749,0.2718,0.0879,0.0416,0.0988,0.0985,0.0194,0.0835,0.0791,0.0871,0.0551,0.0007,0.1166,0.0588,0.0761,0.3887,0.0446,0.0000,15.71,-4.8755,-10.6907,-4.4799
1705282201.0000,0.0356,0.0411,0.0000,0.0294,0.4178,0.0210,0.0831,0.1131,0.1026,0.4937,0.6372,0.5338,0.6188,0.0203,0.1470,0.0437,0.0748,0.2388,0.0000,0.0260,0.0074,0.0473,0.0705,0.0801,0.1529,0.0438,0.1691,0.0374,0.0895,0.1889,0.0598,0.3939,0.1319,0.0000,10.62,0.4608,5.9854,1.2201
1705282201.0667,0.0240,0.0420,0.0000,0.0442,0.3940,0.0341,0.0905,0.1183,0.0855,0.5003,0.6474,0.5464,0.6033,0.0503,0.1044,0.1074,0.0444,0.2423,0.0081,0.0300,0.0814,0.0755,0.0655,0.1516,0.0770,0.0335,0.1553,0.0407,0.0092,0.0379,0.0983,0.2473,0.1086,0.0000,12.75,10.5046,5.7981,0.9837
1705282201.1333,0.0398,0.0485,0.0130,0.0413,0.4066,0.0521,0.0809,0.1139,0.0799,0.4745,0.6639,0.4810,0.6889,0.0724,0.0185,0.0899,0.0522,0.2726,0.0406,0.0081,0.1923,0.0065,0.0114,0.1824,0.1155,0.0716,0.2049,0.0000,0.1696,0.1022,0.0905,0.3114,0.0000,0.0000,11.72,6.6594,-1.1860,-1.5958
1705282201.2000,0.0537,0.0526,0.0093,0.0342,0.4029,0.0379,0.0620,0.1030,0.0796,0.4988,0.6400,0.5039,0.7311,0.0283,0.0460,0.0630,0.0670,0.2664,0.0491,0.0447,0.0573,0.0241,0.0149,0.1406,0.1707,0.0764,0.0157,0.0000,0.0725,0.0189,0.2479,0.3714,0.0288,0.0000,11.86,3.6773,-4.3533,-7.4716
1705282201.2667,0.0622,0.0414,0.0238,0.0316,0.3973,0.0245,0.0501,0.0996,0.0658,0.5222,0.5956,0.4797,0.6999,0.0969,0.0230,0.0729,0.0145,0.2067,0.0233,0.0192,0.1399,0.1147,0.0137,0.1665,0.0899,0.0823,0.0831,0.0223,0.0857,0.1125,0.0526,0.3740,0.1329,0.0000,14.51,-4.1978,4.5801,3.3163
1705282201.3333,0.0485,0.0410,0.0219,0.0322,0.3969,0.0274,0.0532,0.1066,0.0632,0.5255,0.5827,0.4352,0.7015,0.0524,0.0323,0.1725,0.1234,0.2395,0.0050,0.0103,0.1326,0.1946,0.0238,0.1940,0.0600,0.0700,0.0899,0.0006,0.0763,0.1379,0.2134,0.3079,0.1113,0.0000,18.99,11.7810,0.9746,-2.3121
1705282201.4000,0.0686,0.0395,0.0268,0.0181,0.3864,0.0192,0.0592,0.1200,0.0436,0.5312,0.6113,0.4261,0.7093,0.0837,0.0057,0.0002,0.0189,0.2097,0.0120,0.0565,0.0892,0.1002,0.0347,0.1771,0.1205,0.1011,0.0979,0.0430,0.1158,0.0950,0.1318,0.4667,0.1086,0.0000,13.85,-3.6196,-3.4521,-5.2349
1705282201.4667,0.0653,0.0336,0.0251,0.0235,0.4102,0.0316,0.0629,0.1180,0.0430,0.5121,0.6157,0.3126,0.6661,0.0206,0.0562,0.1470,0.0458,0.2446,0.0327,0.0296,0.0824,0.1364,0.0301,0.1025,0.0273,0.0878,0.1552,0.0656,0.0612,0.0755,0.0719,0.3530,0.1862,0.0000,12.97,1.7266,12.7423,-0.9326
1705282201.5333,0.0433,0.0437,0.0191,0.0408,0.4116,0.0194,0.0738,0.1265,0.0277,0.5164,0.6092,0.3023,0.7155,0.0000,0.0252,0.0050,0.0202,0.3017,0.0000,0.0109,0.0714,0.0603,0.0000,0.0772,0.0771,0.1003,0.1038,0.0000,0.0000,0.1091,0.0378,0.2483,0.1431,0.0000,14.87,1.4449,5.8049,0.0613
1705282201.6000,0.0411,0.0525,0.0041,0.0249,0.4419,0.0048,0.0869,0.1387,0.0191,0.5116,0.6070,0.2149,0.7852,0.0000,0.0284,0.0000,0.0489,0.2211,0.0354,0.0087,0.0000,0.0774,0.0355,0.0423,0.0534,0.1214,0.0000,0.0572,0.1712,0.1318,0.1381,0.3162,0.1221,0.0000,15.31,0.2503,13.8890,2.0801
1705282201.6667,0.0475,0.0448,0.0023,0.0238,0.4026,0.0036,0.0834,0.1347,0.0407,0.5299,0.6101,0.3692,0.8270,0.0422,0.1056,0.1359,0.0679,0.2211,0.0259,0.0000,0.0779,0.1333,0.0163,0.1552,0.0590,0.1241,0.1240,0.0329,0.0803,0.0547,0.0703,0.3150,0.0329,0.0000,12.25,11.5360,7.9638,1.0435
1705282201.7333,0.0428,0.0385,0.0128,0.0199,0.4008,0.0201,0.0946,0.1304,0.0613,0.5072,0.6031,0.4117,0.7341,0.0367,0.0693,0.0490,0.0931,0.2256,0.0368,0.0000,0.0762,0.1354,0.0000,0.1848,0.1632,0.1030,0.0614,0.0457,0.0793,0.0399,0.1140,0.3159,0.0902,0.0000,16.20,12.2788,-0.4924,-2.3854
1705282201.8000,0.0329,0.0300,0.0143,0.0206,0.4059,0.0424,0.0972,0.1189,0.0749,0.4977,0.5773,0.4501,0.6895,0.0410,0.0819,0.0796,0.0334,0.2901,0.0332,0.0410,0.0976,0.1682,0.0358,0.1059,0.0998,0.2066,0.1024,0.0688,0.1032,0.1362,0.1021,0.3108,0.1395,0.0000,14.63,9.7554,8.4448,1.0897
1705282201.8667,0.0226,0.0281,0.0174,0.0126,0.3950,0.0448,0.0921,0.1144,0.0616,0.5268,0.5483,0.4338,0.6770,0.0000,0.0604,0.0817,0.0888,0.2009,0.0056,0.0754,0.0735,0.0524,0.0000,0.1811,0.1561,0.0977,0.0550,0.0524,0.0950,0.0538,0.0576,0.2588,0.0216,0.0000,17.41,-5.7021,-8.3169,2.7425
1705282201.9333,0.0266,0.0281,0.0073,0.0099,0.4001,0.0246,0.0763,0.1105,0.1073,0.5256,0.5478,0.4854,0.7515,0.0417,0.0594,0.0631,0.0230,0.2646,0.0489,0.0490,0.1209,0.1436,0.0000,0.1468,0.1057,0.1568,0.1401,0.0004,0.0921,0.0583,0.0520,0.4023,0.1030,1.0000,14.02,16.6339,-1.4978,4.7244
1705282202.0000,0.0364,0.0335,0.0131,0.0058,0.4088,0.0111,0.0724,0.1046,0.0929,0.5329,0.5519,0.4903,0.7700,0.0808,0.1199,0.0473,0.0409,0.2840,0.0000,0.0359,0.0650,0.0098,0.0120,0.0819,0.0223,0.1113,0.1329,0.0820,0.0863,0.0638,0.0876,0.3191,0.1323,0.0000,12.95,9.3066,16.3236,4.4073
1705282202.0667,0.0386,0.0333,0.0111,0.0049,0.3970,0.0000,0.0722,0.1131,0.0928,0.5422,0.5861,0.4620,0.8128,0.0000,0.0401,0.1367,0.0481,0.2448,0.0688,0.0422,0.0278,0.1248,0.0000,0.0659,0.1235,0.1379,0.0659,0.0882,0.0336,0.1427,0.0376,0.3513,0.1256,0.0000,18.16,10.8936,12.1263,7.1139
1705282202.1333,0.0463,0.0403,0.0216,0.0157,0.4215,0.0000,0.0954,0.1087,0.0752,0.5053,0.6207,0.4478,0.7229,0.0000,0.1560,0.0161,0.0281,0.2606,0.0000,0.0611,0.0567,0.1718,0.0084,0.0738,0.1410,0.0595,0.1299,0.0566,0.1318,0.2455,0.0836,0.3187,0.1271,0.0000,14.77,-1.1826,-3.8051,1.7656
1705282202.2000,0.0404,0.0482,0.0231,0.0185,0.4357,0.0256,0.1152,0.0998,0.0804,0.4678,0.6384,0.3949,0.7187,0.0444,0.0731,0.0871,0.0577,0.2439,0.0146,0.0128,0.0858,0.0630,0.0266,0.0551,0.0471,0.1607,0.1256,0.0571,0.0081,0.0679,0.1674,0.3582,0.0532,1.0000,20.83,9.5501,-7.5929,1.3998
1705282202.2667,0.0535,0.0470,0.0258,0.0193,0.4161,0.0298,0.0971,0.1144,0.0624,0.4808,0.6425,0.3427,0.7389,0.0000,0.0692,0.0582,0.0636,0.2886,0.0269,0.0311,0.0501,0.0440,0.0493,0.0548,0.0755,0.0860,0.0963,0.0595,0.1050,0.1666,0.1627,0.2991,0.1397,0.0000,13.31,7.8940,-2.1129,3.2699
1705282202.3333,0.0622,0.0267,0.0283,0.0184,0.4256,0.0048,0.0748,0.1075,0.0578,0.5164,0.6367,0.3748,0.6921,0.0000,0.1221,0.0582,0.0000,0.2317,0.0000,0.0493,0.1136,0.0623,0.0593,0.1185,0.1282,0.1945,0.1890,0.0246,0.0210,0.0785,0.1438,0.4379,0.0737,0.0000,17.77,-21.1861,-4.7540,-0.6069
1705282202.4000,0.0695,0.0332,0.0253,0.0115,0.4094,0.0000,0.0761,0.1074,0.0492,0.5311,0.6526,0.4520,0.7529,0.0000,0.1490,0.0301,0.0000,0.2405,0.0321,0.0323,0.0000,0.0675,0.0541,0.0146,0.0437,0.1461,0.1181,0.0030,0.0631,0.0393,0.1869,0.3310,0.1069,0.0000,13.13,18.0865,-5.0274,-0.3585
1705282202.4667,0.0684,0.0140,0.0175,0.0244,0.3902,0.0000,0.0504,0.1134,0.0456,0.5656,0.6850,0.5206,0.7811,0.0506,0.1176,0.0168,0.0216,0.2423,0.0620,0.0376,0.1625,0.1059,0.0000,0.0745,0.1056,0.1537,0.1443,0.0465,0.0744,0.1562,0.1781,0.3685,0.1159,0.0000,13.17,12.1361,13.0598,1.1407
1705282202.5333,0.0440,0.0264,0.0268,0.0292,0.3844,0.0000,0.0671,0.1206,0.0183,0.5699,0.6538,0.5532,0.7654,0.0342,0.0000,0.0000,0.0562,0.2376,0.0158,0.0323,0.1155,0.0685,0.0065,0.0976,0.0000,0.0346,0.0711,0.0181,0.1183,0.0555,0.1122,0.4054,0.0957,0.0000,13.01,9.5023,8.8503,9.5096
1705282202.6000,0.0528,0.0082,0.0274,0.0243,0.3999,0.0011,0.0474,0.1396,0.0572,0.5453,0.5830,0.4857,0.7348,0.0183,0.0063,0.0449,0.0202,0.2473,0.0407,0.0663,0.1229,0.1646,0.0000,0.1555,0.0151,0.0424,0.1380,0.0586,0.0833,0.1056,0.0868,0.3771,0.0569,0.0000,20.59,4.7068,0.6640,7.2348
1705282202.6667,0.0376,0.0108,0.0202,0.0249,0.4080,0.0000,0.0551,0.1216,0.0518,0.5620,0.5501,0.4028,0.7040,0.0701,0.0000,0.0170,0.0642,0.2554,0.0432,0.0646,0.1167,0.1615,0.0000,0.1972,0.0684,0.1833,0.0553,0.0173,0.1235,0.0934,0.2359,0.3875,0.0819,0.0000,17.69,9.1451,8.3209,6.9636
1705282202.7333,0.0477,0.0086,0.0098,0.0191,0.3850,0.0054,0.0624,0.1319,0.0357,0.5766,0.6302,0.3812,0.6670,0.0000,0.0054,0.1205,0.0000,0.1768,0.0259,0.0116,0.0600,0.0713,0.0000,0.1162,0.0671,0.1312,0.0877,0.0237,0.1705,0.1409,0.1520,0.2448,0.0903,0.0000,19.40,12.5075,-6.1300,1.9442
1705282202.8000,0.0596,0.0000,0.0024,0.0249,0.3656,0.0226,0.0906,0.1296,0.0548,0.5499,0.6152,0.3156,0.6530,0.0328,0.0000,0.0870,0.0608,0.2063,0.0159,0.0007,0.1269,0.1373,0.0000,0.1603,0.1347,0.0882,0.1308,0.0644,0.1517,0.1044,0.1476,0.2836,0.1271,0.0000,14.37,-4.0231,-7.2177,-4.4935
1705282202.8667,0.0676,0.0033,0.0079,0.0428,0.3801,0.0203,0.0706,0.1355,0.0657,0.5237,0.6176,0.3565,0.6713,0.0000,0.0693,0.1333,0.0789,0.2495,0.0370,0.0453,0.0683,0.1299,0.0511,0.0576,0.0028,0.1012,0.0772,0.0120,0.0902,0.0905,0.1245,0.3494,0.0670,0.0000,14.79,9.3240,-0.1381,-4.3316
1705282202.9333,0.0784,0.0057,0.0152,0.0537,0.4007,0.0183,0.0715,0.1345,0.0626,0.4956,0.5821,0.3592,0.6476,0.0211,0.0375,0.0513,0.0446,0.2399,0.0949,0.0611,0.0705,0.1805,0.0125,0.0905,0.0997,0.0685,0.0827,0.0027,0.0935,0.0748,0.1130,0.2239,0.1914,0.0000,14.49,6.6497,1.3012,-1.1197
1705282203.0000,0.0851,0.0082,0.0244,0.0597,0.3950,0.0355,0.0709,0.1331,0.0402,0.4887,0.6135,0.4251,0.6572,0.0800,0.0857,0.0000,0.0756,0.2304,0.0581,0.0683,0.1014,0.0584,0.0412,0.0449,0.0925,0.1913,0.1121,0.0199,0.1544,0.0825,0.1487,0.3022,0.0380,0.0000,14.94,8.8787,-16.8936,3.4317
1705282203.0667,0.0739,0.0050,0.0260,0.0549,0.4105,0.0442,0.0779,0.1208,0.0494,0.4824,0.6422,0.4526,0.6502,0.0564,0.0197,0.1000,0.0135,0.2487,0.0173,0.0708,0.2174,0.1281,0.0000,0.1538,0.0095,0.0723,0.0747,0.0225,0.1558,0.0263,0.1197,0.2276,0.0950,0.0000,16.53,2.8947,2.1264,-7.7884
1705282203.1333,0.0862,0.0080,0.0117,0.0613,0.4248,0.0303,0.0827,0.1369,0.0649,0.4559,0.6244,0.4502,0.6828,0.0199,0.0798,0.0904,0.0345,0.2621,0.0025,0.0049,0.1289,0.1423,0.0000,0.0000,0.0536,0.0624,0.1034,0.0509,0.1075,0.2006,0.1060,0.3310,0.1064,0.0000,12.17,0.5557,8.0584,10.5154
1705282203.2000,0.0702,0.0146,0.0158,0.0568,0.4032,0.0545,0.0877,0.1271,0.0976,0.4435,0.6407,0.3996,0.6622,0.0033,0.0263,0.0656,0.0522,0.2972,0.0000,0.0416,0.1226,0.0091,0.0604,0.1023,0.0612,0.1091,0.1262,0.0229,0.1451,0.0536,0.0036,0.4047,0.1620,0.0000,15.39,5.9147,6.7641,4.7859
1705282203.2667,0.0810,0.0034,0.0212,0.0594,0.3786,0.0476,0.0981,0.1243,0.0740,0.4675,0.6489,0.4607,0.6648,0.0676,0.1037,0.0483,0.0145,0.2280,0.0482,0.0583,0.2471,0.1219,0.0268,0.0586,0.0988,0.1359,0.0434,0.0305,0.1555,0.0612,0.1345,0.2141,0.1228,0.0000,19.80,2.6021,-3.9137,-1.7369
1705282203.3333,0.0921,0.0233,0.0181,0.0467,0.4004,0.0552,0.1009,0.1136,0.0513,0.4590,0.5740,0.4414,0.6139,0.0701,0.0558,0.0304,0.0583,0.2425,0.0447,0.0326,0.1122,0.0932,0.0272,0.0876,0.1293,0.0649,0.0396,0.0510,0.0145,0.1122,0.1408,0.2854,0.1808,0.0000,16.57,-2.0195,-12.5121,8.4643
1705282203.4000,0.1038,0.0258,0.0214,0.0407,0.4411,0.0372,0.1058,0.1054,0.0825,0.4218,0.6379,0.4071,0.6396,0.0632,0.0978,0.0975,0.0231,0.2503,0.1099,0.0111,0.1058,0.1613,0.0188,0.2112,0.0448,0.1233,0.0851,0.0222,0.1400,0.1152,0.1071,0.3422,0.0835,0.0000,15.01,11.8465,7.6034,-0.2454
1705282203.4667,0.0943,0.0310,0.0210,0.0479,0.4128,0.0451,0.1009,0.1172,0.0784,0.4309,0.6890,0.4146,0.7115,0.0247,0.1197,0.0844,0.0469,0.2137,0.0691,0.1001,0.0537,0.1656,0.0000,0.1455,0.0716,0.1140,0.0076,0.0391,0.0988,0.0908,0.1457,0.2893,0.0665,0.0000,11.91,-5.5964,25.1142,8.7828
1705282203.5333,0.0738,0.0384,0.0204,0.0331,0.3864,0.0391,0.0903,0.1251,0.0780,0.4693,0.7162,0.4719,0.6712,0.0000,0.0000,0.0196,0.0587,0.2437,0.0516,0.0290,0.0510,0.1637,0.0000,0.1530,0.0833,0.1451,0.1790,0.0391,0.1409,0.1352,0.0000,0.3653,0.0427,0.0000,16.72,-4.2319,-24.6586,1.7503
1705282203.6000,0.0681,0.0368,0.0212,0.0273,0.3881,0.0482,0.0714,0.1281,0.0643,0.4880,0.7271,0.4513,0.7245,0.0437,0.0787,0.1207,0.0092,0.2136,0.0584,0.0860,0.2098,0.0238,0.0352,0.0623,0.1525,0.0930,0.1555,0.0000,0.2695,0.1195,0.1687,0.3149,0.0981,0.0000,9.43,14.2139,8.7938,4.1012
1705282203.6667,0.0676,0.0292,0.0128,0.0285,0.3736,0.0621,0.0578,0.1222,0.0644,0.5091,0.6966,0.4807,0.6739,0.0518,0.0630,0.0907,0.0083,0.2041,0.0314,0.0000,0.1350,0.0953,0.0000,0.0189,0.1071,0.0625,0.0639,0.0476,0.0824,0.0858,0.1251,0.3356,0.1002,0.0000,18.43,-11.5970,-6.8613,0.7570
1705282203.7333,0.0504,0.0273,0.0150,0.0083,0.3767,0.0481,0.0614,0.1145,0.0614,0.5422,0.7074,0.5169,0.6597,0.0643,0.0734,0.0190,0.0022,0.2440,0.0232,0.0342,0.0784,0.0000,0.0000,0.0735,0.0626,0.1578,0.1864,0.0000,0.0970,0.0439,0.1280,0.2518,0.1222,0.0000,12.33,4.9932,-6.2079,0.3755
1705282203.8000,0.0618,0.0300,0.0339,0.0204,0.4116,0.0450,0.0707,0.1249,0.0702,0.4790,0.6790,0.5058,0.6950,0.0649,0.0477,0.1028,0.0489,0.1961,0.0204,0.0016,0.0054,0.0475,0.0000,0.1644,0.0000,0.2119,0.1255,0.0544,0.0358,0.0673,0.0930,0.3164,0.1241,0.0000,15.14,-9.8753,-7.6208,3.4854
1705282203.8667,0.0584,0.0438,0.0380,0.0316,0.3934,0.0336,0.0797,0.1014,0.0731,0.4882,0.7366,0.5037,0.6803,0.0530,0.0400,0.1162,0.0569,0.2501,0.0181,0.0000,0.1229,0.1564,0.0876,0.0413,0.0953,0.0014,0.1621,0.0233,0.0843,0.0912,0.1202,0.3568,0.0000,0.0000,13.34,4.8682,0.4992,-4.1716
1705282203.9333,0.0676,0.0490,0.0409,0.0287,0.4100,0.0338,0.0719,0.0922,0.0501,0.4935,0.7602,0.4695,0.6658,0.0461,0.0000,0.0267,0.0510,0.3059,0.0323,0.0166,0.0704,0.1308,0.0396,0.1404,0.0844,0.0841,0.0918,0.0353,0.0942,0.0938,0.0862,0.3060,0.2083,0.0000,15.13,-7.6676,-5.3921,-3.8370
1705282204.0000,0.0764,0.0580,0.0308,0.0400,0.4144,0.0266,0.0774,0.1043,0.0212,0.4905,0.7523,0.4482,0.6771,0.0395,0.0000,0.0242,0.0303,0.1931,0.0111,0.0665,0.1031,0.1811,0.0499,0.0400,0.0755,0.0000,0.0662,0.0130,0.1118,0.1011,0.1320,0.3234,0.1343,0.0000,20.17,3.5231,-8.3210,6.1325
1705282204.0667,0.0855,0.0613,0.0301,0.0430,0.4415,0.0341,0.0778,0.1224,0.0252,0.4475,0.8236,0.4237,0.6827,0.0732,0.0423,0.0706,0.0720,0.2483,0.0198,0.0503,0.1450,0.0965,0.0251,0.1118,0.0087,0.1001,0.1365,0.0142,0.1555,0.0627,0.0851,0.3902,0.0697,0.0000,9.99,13.5157,-8.0112,2.7140
1705282204.1333,0.0777,0.0566,0.0166,0.0370,0.4458,0.0324,0.0880,0.1222,0.0496,0.4445,0.8887,0.3444,0.7119,0.0571,0.0335,0.0240,0.0870,0.2847,0.0273,0.0237,0.1426,0.0563,0.0106,0.1365,0.0367,0.1205,0.0000,0.0495,0.1532,0.0667,0.1467,0.2934,0.0756,0.0000,15.50,4.2486,25.7612,-8.8995
1705282204.2000,0.0554,0.0435,0.0251,0.0212,0.4380,0.0228,0.0656,0.1187,0.0671,0.4856,0.8359,0.3275,0.7692,0.0000,0.0599,0.0074,0.0399,0.2685,0.0408,0.0588,0.0680,0.1353,0.0338,0.0991,0.1380,0.1171,0.1306,0.0634,0.1583,0.0917,0.0349,0.4162,0.0740,0.0000,19.37,14.5308,1.3601,5.9684
1705282204.2667,0.0485,0.0336,0.0211,0.0244,0.4271,0.0141,0.0714,0.1092,0.0739,0.5061,0.7684,0.3166,0.7139,0.0814,0.0394,0.0439,0.0000,0.2839,0.0180,0.0502,0.0327,0.0804,0.0028,0.1100,0.0659,0.0691,0.0440,0.0158,0.1321,0.0626,0.1156,0.3605,0.1907,0.0000,18.47,4.2067,16.5721,-6.0575
1705282204.3333,0.0442,0.0273,0.0260,0.0290,0.4625,0.0142,0.0509,0.0911,0.0769,0.5066,0.6864,0.2768,0.6504,0.0077,0.0322,0.0338,0.0512,0.3003,0.0000,0.0459,0.1205,0.0722,0.0000,0.0700,0.1439,0.0796,0.0997,0.0784,0.1170,0.0357,0.1861,0.3614,0.0632,0.0000,15.98,10.1183,10.0214,9.2942
1705282204.4000,0.0557,0.0192,0.0284,0.0256,0.4680,0.0253,0.0742,0.1020,0.0847,0.4701,0.6627,0.3361,0.6164,0.0000,0.0809,0.1068,0.0468,0.3126,0.0558,0.0344,0.1241,0.1378,0.0255,0.1048,0.1318,0.1464,0.1253,0.0465,0.1781,0.0776,0.0845,0.4070,0.0901,0.0000,12.88,17.6546,8.1386,-0.2492
1705282204.4667,0.0504,0.0037,0.0243,0.0226,0.4686,0.0213,0.0729,0.1033,0.1088,0.4745,0.6944,0.3836,0.6714,0.0422,0.0027,0.1021,0.0332,0.3029,0.0599,0.0444,0.1195,0.0985,0.0358,0.1080,0.0322,0.1235,0.1135,0.0507,0.1850,0.0961,0.0689,0.3539,0.0615,0.0000,20.60,-1.8566,1.1142,4.6654
1705282204.5333,0.0226,0.0118,0.0130,0.0270,0.4383,0.0533,0.0774,0.0868,0.0747,0.5171,0.7597,0.3491,0.6854,0.0320,0.0344,0.0706,0.0731,0.2853,0.0000,0.0000,0.1831,0.0476,0.0124,0.0568,0.1033,0.1022,0.0918,0.0000,0.1983,0.0567,0.0198,0.3493,0.1343,0.0000,9.47,13.4842,-5.2923,-9.5411
1705282204.6000,0.0276,0.0159,0.0000,0.0321,0.4382,0.0375,0.0848,0.0695,0.0660,0.5371,0.7406,0.4284,0.6556,0.0514,0.0456,0.0207,0.1078,0.2517,0.0462,0.0000,0.1674,0.1063,0.0204,0.1897,0.1516,0.1437,0.1768,0.0244,0.1099,0.0937,0.0000,0.2689,0.0382,0.0000,18.48,8.2701,7.1317,2.9034
1705282204.6667,0.0431,0.0037,0.0008,0.0316,0.4596,0.0551,0.0760,0.0666,0.0725,0.5147,0.7265,0.5241,0.6954,0.0445,0.1007,0.0927,0.0352,0.2239,0.0062,0.0306,0.0000,0.0384,0.0427,0.0939,0.1965,0.1279,0.0680,0.0722,0.1633,0.0611,0.1363,0.3805,0.1121,0.0000,13.82,-3.7508,-1.5226,-3.4193
1705282204.7333,0.0145,0.0000,0.0057,0.0107,0.4543,0.0583,0.0765,0.0670,0.0913,0.5330,0.6910,0.5604,0.7014,0.0611,0.0231,0.0514,0.0513,0.2887,0.0000,0.0000,0.0153,0.1344,0.0426,0.1053,0.1805,0.0924,0.0426,0.0356,0.2325,0.1383,0.1325,0.3480,0.1136,0.0000,16.98,16.3949,-7.6061,0.7895
1705282204.8000,0.0063,0.0014,0.0167,0.0157,0.4203,0.0641,0.0772,0.0726,0.0811,0.5468,0.6757,0.5816,0.6983,0.0495,0.0543,0.0199,0.0435,0.2748,0.0000,0.0510,0.0875,0.1249,0.0000,0.0982,0.1695,0.1819,0.0998,0.0384,0.0607,0.0852,0.0459,0.4123,0.1093,0.0000,18.87,14.4750,12.6927,8.3223
1705282204.8667,0.0272,0.0142,0.0118,0.0217,0.4162,0.0529,0.0844,0.0839,0.0982,0.5137,0.6515,0.5270,0.6575,0.0305,0.0083,0.0947,0.0551,0.2958,0.0000,0.0575,0.1168,0.1240,0.0000,0.0716,0.0622,0.0855,0.1138,0.0000,0.0517,0.0755,0.0651,0.3209,0.0510,0.0000,12.32,-2.8787,1.8190,-0.9610
1705282204.9333,0.0284,0.0331,0.0139,0.0386,0.4449,0.0306,0.0691,0.0792,0.0800,0.5093,0.6366,0.5566,0.5898,0.0359,0.0723,0.0626,0.0300,0.3008,0.0097,0.0000,0.1136,0.1326,0.0141,0.1713,0.1576,0.1538,0.0743,0.0275,0.0829,0.0899,0.1008,0.3908,0.0999,0.0000,17.89,2.5048,-4.9944,-0.3526
1705282205.0000,0.0357,0.0348,0.0283,0.0385,0.4493,0.0045,0.0756,0.0875,0.0717,0.5045,0.6670,0.5102,0.6141,0.0264,0.0532,0.0811,0.0381,0.3053,0.0209,0.0780,0.1065,0.0624,0.0589,0.0599,0.0732,0.0744,0.1118,0.0293,0.1273,0.1935,0.1894,0.2836,0.1460,0.0000,13.75,-1.1040,5.4773,6.2202
1705282205.0667,0.0468,0.0273,0.0280,0.0261,0.4562,0.0241,0.0736,0.1066,0.0596,0.4911,0.6809,0.4615,0.6356,0.0294,0.0914,0.0619,0.0853,0.2384,0.0390,0.0000,0.0883,0.0045,0.0304,0.0494,0.1492,0.1288,0.1984,0.0680,0.0843,0.1181,0.1174,0.3369,0.1772,0.0000,16.04,4.1708,9.8283,1.5971
1705282205.1333,0.0358,0.0359,0.0348,0.0391,0.4315,0.0260,0.0693,0.1162,0.0719,0.4836,0.6315,0.5525,0.5813,0.0585,0.1726,0.0000,0.0561,0.2639,0.0112,0.0304,0.0667,0.1270,0.0344,0.0545,0.1788,0.0871,0.1254,0.0262,0.0679,0.0986,0.0597,0.2932,0.0172,0.0000,11.77,5.2794,2.7467,-7.6595
1705282205.2000,0.0372,0.0373,0.0292,0.0376,0.4534,0.0312,0.0713,0.1130,0.0668,0.4739,0.6364,0.6409,0.5533,0.0000,0.1083,0.0000,0.0577,0.3373,0.0420,0.0264,0.0693,0.1537,0.0158,0.1337,0.1683,0.0355,0.1065,0.0000,0.0821,0.0760,0.1311,0.4055,0.0730,0.0000,7.67,8.7632,-10.8953,-1.9316
1705282205.2667,0.0341,0.0436,0.0288,0.0262,0.4522,0.0424,0.0668,0.1280,0.0513,0.4759,0.6256,0.6511,0.5154,0.0206,0.0230,0.0000,0.0284,0.2420,0.0613,0.0152,0.1086,0.1553,0.0292,0.0904,0.0241,0.0011,0.1766,0.0000,0.0747,0.0296,0.1337,0.3648,0.1366,0.0000,17.97,15.4560,2.3602,-1.8153
1705282205.3333,0.0215,0.0457,0.0350,0.0373,0.4383,0.0277,0.0343,0.1302,0.0399,0.5141,0.6526,0.6947,0.4506,0.0591,0.0254,0.0321,0.0000,0.3177,0.0000,0.0085,0.1179,0.0000,0.0265,0.1265,0.2228,0.1295,0.1253,0.0319,0.1359,0.0021,0.0392,0.3445,0.0645,0.0000,11.25,5.5958,9.1650,5.0681
1705282205.4000,0.0133,0.0312,0.0335,0.0405,0.4353,0.0287,0.0319,0.1534,0.0545,0.5067,0.6240,0.6421,0.5422,0.0241,0.0000,0.0000,0.0000,0.3212,0.0000,0.0000,0.0751,0.1940,0.0000,0.1084,0.0721,0.0000,0.1701,0.0291,0.0558,0.1342,0.1046,0.3939,0.0777,0.0000,13.58,2.9707,-6.5300,-1.6606
1705282205.4667,0.0155,0.0168,0.0344,0.0352,0.4461,0.0317,0.0511,0.1414,0.0547,0.5039,0.6418,0.6565,0.5536,0.0433,0.0000,0.0706,0.0221,0.2455,0.0000,0.0000,0.2075,0.0843,0.0089,0.0863,0.1174,0.1717,0.0557,0.0506,0.1377,0.1322,0.0634,0.3405,0.1577,0.0000,11.54,-2.0787,11.0680,0.0215
1705282205.5333,0.0100,0.0173,0.0361,0.0269,0.4481,0.0164,0.0720,0.1387,0.0396,0.5170,0.6555,0.6023,0.5754,0.0243,0.1120,0.0777,0.0804,0.2719,0.0000,0.0046,0.1670,0.0498,0.0035,0.0414,0.0547,0.1470,0.1657,0.0442,0.1586,0.1719,0.1143,0.3131,0.1661,0.0000,19.17,8.6070,-18.7284,-5.4272
1705282205.6000,0.0052,0.0371,0.0303,0.0192,0.4388,0.0353,0.0757,0.1324,0.0504,0.5053,0.6442,0.6270,0.5842,0.0099,0.0736,0.0000,0.0375,0.2278,0.0233,0.0269,0.0801,0.0114,0.0551,0.1803,0.0630,0.2012,0.1111,0.0551,0.0799,0.0408,0.1192,0.2721,0.1195,0.0000,14.77,7.6687,-9.1322,5.4185
1705282205.6667,0.0145,0.0458,0.0158,0.0285,0.4426,0.0402,0.0658,0.1123,0.0698,0.4988,0.6068,0.5872,0.6060,0.0000,0.0631,0.0104,0.0240,0.3028,0.0088,0.0186,0.1071,0.0910,0.0255,0.1040,0.0431,0.0497,0.0860,0.0216,0.1689,0.0829,0.0547,0.4667,0.0718,0.0000,15.61,-3.7261,3.7010,7.9260
1705282205.7333,0.0000,0.0424,0.0189,0.0062,0.4211,0.0469,0.0596,0.1228,0.0669,0.5292,0.5985,0.6255,0.6271,0.0499,0.1003,0.0460,0.0010,0.2468,0.0041,0.0000,0.0746,0.0693,0.0476,0.1532,0.1859,0.0635,0.0785,0.0318,0.0863,0.0000,0.1228,0.3061,0.0624,0.0000,19.44,-16.9717,-14.2225,-2.4166
1705282205.8000,0.0018,0.0273,0.0216,0.0131,0.4328,0.0502,0.0620,0.1290,0.0440,0.5310,0.6685,0.6117,0.6815,0.0310,0.0829,0.0108,0.0121,0.2254,0.0000,0.0264,0.0628,0.1400,0.0000,0.0791,0.0884,0.1958,0.0866,0.0447,0.0355,0.1524,0.1204,0.3823,0.0994,0.0000,16.62,-7.8351,-8.2332,0.9647
1705282205.8667,0.0000,0.0272,0.0359,0.0151,0.4397,0.0608,0.0503,0.1246,0.0392,0.5243,0.6245,0.6209,0.6233,0.0768,0.0545,0.0392,0.0387,0.2586,0.0000,0.0202,0.0643,0.1617,0.0057,0.0909,0.1615,0.1235,0.0671,0.0048,0.1785,0.1202,0.1342,0.2898,0.0089,0.0000,19.39,5.5162,2.1902,-2.1916
1705282205.9333,0.0000,0.0335,0.0377,0.0198,0.4023,0.0670,0.0488,0.1261,0.0677,0.5183,0.5822,0.5645,0.6025,0.0594,0.0674,0.0000,0.0895,0.2088,0.0000,0.0456,0.0040,0.0646,0.0714,0.1406,0.0961,0.0793,0.1372,0.0324,0.1514,0.1491,0.1206,0.3658,0.1317,0.0000,14.05,4.3439,-0.0656,2.6792
1705282206.0000,0.0000,0.0424,0.0491,0.0220,0.3723,0.0713,0.0391,0.1270,0.0558,0.5326,0.5889,0.5598,0.6970,0.0000,0.0567,0.0271,0.0420,0.2718,0.0532,0.0000,0.1165,0.2004,0.0741,0.0000,0.0624,0.0353,0.0584,0.0406,0.1337,0.0969,0.1213,0.2590,0.1485,1.0000,12.52,22.3915,-0.0792,-5.0854
1705282206.0667,0.0138,0.0330,0.0316,0.0148,0.3446,0.0646,0.0618,0.1194,0.0521,0.5586,0.5629,0.5378,0.7683,0.0498,0.0000,0.0266,0.0866,0.1654,0.0000,0.0000,0.0504,0.1305,0.0305,0.1013,0.0629,0.0867,0.0656,0.0361,0.1017,0.1268,0.0290,0.3694,0.0759,0.0000,15.81,0.7659,-2.0102,-2.0013
1705282206.1333,0.0283,0.0218,0.0178,0.0216,0.3316,0.0727,0.0497,0.1236,0.0809,0.5513,0.5401,0.5602,0.7327,0.0007,0.0200,0.0822,0.0564,0.2141,0.0000,0.0249,0.0729,0.0777,0.0000,0.1316,0.0853,0.1765,0.1854,0.0707,0.1400,0.0308,0.0938,0.2597,0.0739,0.0000,12.16,-0.2419,1.8841,-5.4665
1705282206.2000,0.0419,0.0242,0.0139,0.0342,0.3451,0.0671,0.0753,0.1316,0.0780,0.5133,0.6554,0.5510,0.7251,0.0678,0.0415,0.0157,0.0587,0.2480,0.0371,0.0585,0.0723,0.1568,0.0973,0.0847,0.1625,0.1250,0.1958,0.0176,0.0882,0.0433,0.1303,0.3501,0.1205,0.0000,14.36,1.1917,-2.1509,15.7657
1705282206.2667,0.0490,0.0160,0.0053,0.0187,0.3611,0.0557,0.0756,0.1330,0.0858,0.5198,0.6859,0.6081,0.7056,0.0723,0.0503,0.0512,0.0779,0.2467,0.0520,0.0169,0.1439,0.1773,0.0105,0.1331,0.0971,0.0667,0.0897,0.0800,0.0475,0.0604,0.1060,0.3118,0.1269,1.0000,14.08,-2.7886,3.9627,1.9733
1705282206.3333,0.0469,0.0136,0.0071,0.0294,0.3739,0.0230,0.0851,0.1398,0.1007,0.5084,0.6970,0.5561,0.6555,0.0536,0.0020,0.0591,0.0264,0.2101,0.0000,0.0482,0.1123,0.0984,0.0170,0.0697,0.1242,0.0825,0.1482,0.0907,0.1001,0.1534,0.0515,0.2012,0.1606,0.0000,9.24,6.7412,-4.2085,-1.2107
1705282206.4000,0.0387,0.0227,0.0114,0.0327,0.3844,0.0210,0.0898,0.1400,0.0673,0.5153,0.6546,0.5301,0.6231,0.0408,0.0667,0.0517,0.0246,0.2549,0.0354,0.0311,0.1754,0.0970,0.0248,0.0946,0.0675,0.0940,0.0380,0.0276,0.1496,0.1162,0.0570,0.2324,0.1206,0.0000,15.09,-6.3480,-21.6255,-4.5067
1705282206.4667,0.0418,0.0230,0.0136,0.0458,0.3609,0.0372,0.0871,0.1315,0.0619,0.5182,0.7093,0.6472,0.6167,0.0000,0.0475,0.0268,0.0775,0.1838,0.0000,0.0255,0.0495,0.1078,0.0285,0.1185,0.1090,0.0755,0.0961,0.0439,0.0713,0.0935,0.2061,0.3029,0.1320,0.0000,11.08,10.3076,3.0615,3.5070
1705282206.5333,0.0521,0.0067,0.0170,0.0485,0.3778,0.0435,0.0936,0.1391,0.0538,0.5008,0.7866,0.6208,0.6389,0.0804,0.0000,0.0994,0.0861,0.2316,0.0283,0.0192,0.0831,0.0884,0.0040,0.1247,0.0953,0.1151,0.0723,0.0310,0.0986,0.0486,0.0221,0.4054,0.1775,0.0000,13.26,8.1533,-0.8901,-10.5515
1705282206.6000,0.0542,0.0019,0.0144,0.0421,0.3773,0.0740,0.0811,0.1479,0.0536,0.4921,0.7084,0.5613,0.6593,0.0944,0.0879,0.1177,0.0380,0.2464,0.0737,0.0160,0.0260,0.1671,0.0072,0.0460,0.0572,0.0497,0.0963,0.0246,0.1688,0.0602,0.0379,0.2640,0.0954,0.0000,15.23,0.6720,-2.1180,2.4247
1705282206.6667,0.0427,0.0054,0.0214,0.0586,0.3936,0.0552,0.0912,0.1302,0.0662,0.4812,0.7007,0.4700,0.6133,0.0535,0.0688,0.0157,0.0562,0.2398,0.0000,0.0483,0.0601,0.1836,0.0536,0.0591,0.0362,0.0252,0.1412,0.0835,0.0137,0.0921,0.1813,0.2908,0.1012,1.0000,11.88,3.8965,7.5214,4.8158
1705282206.7333,0.0422,0.0177,0.0215,0.0488,0.3943,0.0721,0.0867,0.1210,0.0784,0.4704,0.6826,0.4669,0.6407,0.0701,0.0136,0.0106,0.0153,0.2026,0.0290,0.0000,0.0936,0.0578,0.0283,0.0000,0.1535,0.1601,0.0223,0.0908,0.0210,0.1527,0.0280,0.3979,0.0504,0.0000,10.94,13.7479,2.6311,3.1796
1705282206.8000,0.0450,0.0157,0.0205,0.0492,0.4088,0.0682,0.0595,0.1239,0.0700,0.4836,0.7312,0.5557,0.6890,0.0552,0.0268,0.0043,0.0325,0.2871,0.0000,0.0581,0.1112,0.1122,0.0961,0.0643,0.0771,0.1307,0.1448,0.0410,0.1803,0.0995,0.1540,0.3321,0.1642,0.0000,8.61,14.2922,-13.9683,-1.9188
1705282206.8667,0.0556,0.0092,0.0241,0.0408,0.4194,0.0703,0.0717,0.1105,0.0546,0.4863,0.7280,0.4741,0.6544,0.1232,0.0464,0.0106,0.0929,0.2569,0.0010,0.0716,0.0579,0.0941,0.0424,0.0420,0.0189,0.1928,0.0983,0.0303,0.1042,0.1825,0.1074,0.2612,0.1422,0.0000,11.12,20.1632,8.6507,13.1236
1705282206.9333,0.0425,0.0117,0.0082,0.0485,0.4270,0.0647,0.0762,0.1160,0.0543,0.4906,0.6563,0.3936,0.6903,0.0496,0.0000,0.0763,0.0429,0.3080,0.0409,0.0000,0.0589,0.0334,0.0255,0.1324,0.0358,0.1932,0.1055,0.0115,0.1717,0.0314,0.0629,0.3714,0.1571,0.0000,16.65,6.8958,-0.9380,0.4666
1705282207.0000,0.0461,0.0180,0.0138,0.0484,0.4352,0.0690,0.0642,0.1208,0.0386,0.4876,0.6811,0.4170,0.7108,0.1550,0.0775,0.0982,0.0812,0.2566,0.0000,0.0197,0.0958,0.0710,0.0622,0.1277,0.0711,0.0141,0.0859,0.0242,0.0949,0.1966,0.1333,0.2815,0.0748,0.0000,13.67,2.1748,5.2086,3.1233
1705282207.0667,0.0515,0.0052,0.0340,0.0419,0.4812,0.0618,0.0868,0.1141,0.0476,0.4455,0.7135,0.4544,0.7227,0.1192,0.0422,0.0418,0.0412,0.3267,0.0000,0.0381,0.1052,0.1684,0.0609,0.1844,0.0864,0.1921,0.1406,0.0853,0.1281,0.1099,0.1640,0.4793,0.1239,1.0000,10.61,1.5596,-9.4696,-7.5716
1705282207.1333,0.0403,0.0000,0.0320,0.0414,0.4820,0.0674,0.0833,0.1314,0.0558,0.4398,0.7428,0.5125,0.7540,0.0415,0.0000,0.0487,0.0730,0.2648,0.0344,0.0000,0.0888,0.1395,0.0545,0.0000,0.0461,0.0567,0.2336,0.0529,0.0932,0.0822,0.1742,0.3930,0.0648,0.0000,11.89,20.7285,0.2219,-3.9005
1705282207.2000,0.0441,0.0113,0.0234,0.0278,0.4413,0.0653,0.0882,0.1463,0.0557,0.4580,0.7199,0.4961,0.7698,0.1295,0.0135,0.1185,0.0866,0.2475,0.0004,0.0521,0.1116,0.2112,0.0297,0.1012,0.1401,0.0801,0.1411,0.1038,0.0537,0.0449,0.0730,0.3008,0.1133,0.0000,13.61,11.3394,-3.6713,-9.8805
1705282207.2667,0.0277,0.0028,0.0229,0.0166,0.4650,0.0750,0.0788,0.1493,0.0482,0.4683,0.7171,0.4797,0.6624,0.0613,0.0793,0.0521,0.0662,0.2595,0.0000,0.0456,0.0121,0.0000,0.0229,0.0713,0.1561,0.0186,0.0443,0.0762,0.1011,0.0994,0.1061,0.3634,0.0074,0.0000,15.28,7.9469,-0.4121,-1.9817
1705282207.3333,0.0000,0.0036,0.0250,0.0153,0.4699,0.0701,0.0897,0.1474,0.0447,0.4806,0.6866,0.4766,0.6235,0.0661,0.0607,0.0177,0.0381,0.2719,0.0235,0.0000,0.1206,0.0773,0.0897,0.0802,0.0801,0.0794,0.1127,0.0857,0.1009,0.1460,0.1158,0.3795,0.0920,0.0000,18.76,11.9147,-24.4996,8.5386
1705282207.4000,0.0042,0.0197,0.0305,0.0161,0.4660,0.0596,0.0925,0.1466,0.0550,0.4659,0.7010,0.5561,0.6270,0.0000,0.0822,0.0828,0.0891,0.3103,0.0000,0.0029,0.0384,0.0780,0.0640,0.1584,0.1589,0.1706,0.0915,0.0306,0.1203,0.0996,0.1375,0.4385,0.0805,0.0000,12.26,7.1465,-11.5693,-6.8548
1705282207.4667,0.0000,0.0298,0.0341,0.0157,0.4757,0.0495,0.0995,0.1366,0.0638,0.4572,0.6610,0.5553,0.6393,0.0312,0.0214,0.0344,0.0452,0.1947,0.0394,0.0745,0.0860,0.0823,0.0585,0.1313,0.1562,0.1417,0.0440,0.0499,0.1044,0.0259,0.2083,0.2936,0.2274,0.0000,11.22,-2.0393,22.8374,2.7491
1705282207.5333,0.0132,0.0134,0.0375,0.0002,0.4827,0.0465,0.0900,0.1242,0.0359,0.4938,0.6746,0.5985,0.6136,0.0762,0.1335,0.0493,0.0190,0.2914,0.0052,0.0347,0.1636,0.2324,0.0000,0.1641,0.1493,0.1092,0.0676,0.0275,0.1161,0.0935,0.1054,0.4424,0.1344,0.0000,14.46,12.2011,-4.5905,6.2521
1705282207.6000,0.0130,0.0155,0.0370,0.0057,0.4210,0.0484,0.0928,0.1295,0.0297,0.5245,0.7262,0.5913,0.6101,0.0588,0.0462,0.0111,0.0198,0.2727,0.0000,0.0000,0.0839,0.0527,0.0984,0.1016,0.0503,0.1775,0.1051,0.0000,0.0772,0.0000,0.0350,0.2900,0.0615,0.0000,13.26,8.5942,4.8836,17.1338
1705282207.6667,0.0112,0.0273,0.0459,0.0084,0.4190,0.0536,0.0734,0.1314,0.0372,0.5155,0.7337,0.5142,0.6592,0.0557,0.0263,0.0106,0.0756,0.2912,0.0491,0.0000,0.1962,0.1000,0.0436,0.1441,0.1190,0.2046,0.0305,0.0563,0.0607,0.0713,0.1354,0.3047,0.0617,0.0000,16.55,8.8770,-1.6031,-0.4943
1705282207.7333,0.0102,0.0251,0.0380,0.0150,0.3977,0.0348,0.0769,0.1301,0.0571,0.5291,0.7155,0.4852,0.6624,0.0181,0.0285,0.1006,0.0843,0.2245,0.0541,0.0481,0.1362,0.0785,0.0015,0.0353,0.0941,0.1453,0.0858,0.0751,0.0657,0.1237,0.0679,0.2919,0.1608,0.0000,17.91,8.5997,6.1392,-8.4107
1705282207.8000,0.0152,0.0289,0.0418,0.0320,0.3637,0.0279,0.1024,0.1322,0.0942,0.4969,0.6930,0.4828,0.6544,0.0000,0.0715,0.1041,0.0114,0.1985,0.0245,0.0283,0.0727,0.0611,0.0119,0.0690,0.1241,0.1165,0.0522,0.0412,0.0477,0.0717,0.1073,0.2509,0.1643,0.0000,13.25,-2.5317,15.6347,3.6311
1705282207.8667,0.0170,0.0281,0.0280,0.0315,0.3918,0.0139,0.1157,0.1326,0.0593,0.5094,0.7785,0.4664,0.7009,0.0000,0.1436,0.1271,0.0637,0.2675,0.0806,0.0000,0.0895,0.0849,0.0162,0.1180,0.1140,0.0887,0.0485,0.0693,0.1163,0.1245,0.0000,0.3100,0.0614,0.0000,14.38,9.6647,6.7991,0.9945
1705282207.9333,0.0392,0.0161,0.0273,0.0229,0.3876,0.0428,0.1216,0.1243,0.0736,0.4868,0.7321,0.5079,0.6177,0.0953,0.0582,0.0426,0.0759,0.2283,0.0203,0.0299,0.0000,0.1403,0.0387,0.1358,0.0986,0.1140,0.0669,0.0856,0.1706,0.1187,0.1091,0.3533,0.0867,0.0000,17.90,4.0296,-15.5593,8.3433
1705282208.0000,0.0249,0.0000,0.0344,0.0222,0.3914,0.0422,0.0979,0.1402,0.1150,0.4791,0.7192,0.5138,0.6644,0.0588,0.0815,0.0253,0.0000,0.2373,0.0330,0.0013,0.0341,0.1471,0.0167,0.1019,0.0158,0.0581,0.1062,0.0443,0.1119,0.0329,0.1617,0.3113,0.1343,0.0000,14.58,12.7033,-5.5619,-3.0871
1705282208.0667,0.0207,0.0000,0.0468,0.0222,0.4269,0.0389,0.1149,0.1124,0.1164,0.4604,0.7183,0.5966,0.7152,0.0788,0.1165,0.0421,0.0742,0.2210,0.0716,0.0357,0.1368,0.1437,0.0000,0.1155,0.0341,0.0240,0.0799,0.0710,0.1326,0.0529,0.1020,0.3258,0.0788,0.0000,14.65,2.0743,-4.6682,-2.5911
1705282208.1333,0.0194,0.0102,0.0377,0.0254,0.4619,0.0184,0.1156,0.1295,0.1124,0.4418,0.7019,0.6436,0.6110,0.0407,0.1115,0.0066,0.1193,0.2709,0.0000,0.0000,0.1522,0.1520,0.0566,0.0542,0.1197,0.1321,0.1391,0.0291,0.0539,0.0394,0.1436,0.4228,0.1479,0.0000,13.67,4.1632,8.8774,-1.0088
1705282208.2000,0.0287,0.0126,0.0337,0.0367,0.4469,0.0198,0.1227,0.1300,0.1394,0.4177,0.7861,0.6240,0.6236,0.0150,0.0503,0.0644,0.0917,0.2271,0.0882,0.0000,0.0430,0.1365,0.0275,0.1232,0.0781,0.0742,0.0893,0.0440,0.0037,0.1396,0.0103,0.4439,0.1487,0.0000,10.25,-8.3007,-5.0054,2.8926
1705282208.2667,0.0437,0.0153,0.0299,0.0270,0.4322,0.0298,0.1300,0.1253,0.1161,0.4305,0.7686,0.5796,0.6137,0.0708,0.1064,0.0733,0.1207,0.2861,0.0980,0.0651,0.0527,0.1158,0.0602,0.1005,0.1378,0.1603,0.0164,0.1057,0.2219,0.0000,0.1306,0.3566,0.1441,0.0000,14.03,1.4543,12.7138,-2.3703
1705282208.3333,0.0140,0.0324,0.0390,0.0306,0.4470,0.0456,0.1148,0.1323,0.1081,0.4218,0.7382,0.6020,0.7100,0.0971,0.0830,0.1075,0.0275,0.2437,0.0325,0.0028,0.0996,0.0391,0.0191,0.0619,0.1607,0.1099,0.2111,0.0918,0.0785,0.0397,0.0000,0.3785,0.0490,0.0000,15.31,-4.4746,6.3970,3.1596
1705282208.4000,0.0089,0.0234,0.0317,0.0365,0.4304,0.0361,0.1164,0.1177,0.1109,0.4528,0.7492,0.6500,0.7698,0.0058,0.1155,0.0377,0.0564,0.2917,0.0000,0.0319,0.0995,0.1057,0.0062,0.0422,0.0853,0.1045,0.0616,0.0560,0.0924,0.0583,0.0720,0.3080,0.1153,1.0000,16.32,-0.7258,-11.6391,10.7797
1705282208.4667,0.0256,0.0326,0.0294,0.0389,0.4226,0.0690,0.0941,0.1117,0.1121,0.4384,0.6614,0.6289,0.7885,0.0000,0.1187,0.0290,0.0584,0.2532,0.0000,0.0375,0.1051,0.0377,0.0491,0.1275,0.1339,0.1489,0.1590,0.0068,0.0927,0.0812,0.0730,0.3815,0.0992,0.0000,15.86,-1.7991,-6.4759,3.7961
1705282208.5333,0.0212,0.0146,0.0315,0.0478,0.4183,0.0826,0.1143,0.1093,0.0886,0.4431,0.6392,0.5935,0.7633,0.0873,0.1068,0.0663,0.0828,0.2885,0.0195,0.0170,0.1556,0.0008,0.0297,0.1564,0.0992,0.0684,0.1536,0.0372,0.0809,0.1270,0.0821,0.3730,0.0660,0.0000,20.41,1.2126,11.0506,-4.2292
1705282208.6000,0.0246,0.0189,0.0321,0.0353,0.4140,0.0868,0.1206,0.1206,0.0823,0.4389,0.5983,0.6200,0.7053,0.0917,0.1543,0.0000,0.0765,0.3137,0.0000,0.0309,0.1091,0.1072,0.0095,0.0935,0.0670,0.1005,0.1181,0.0138,0.0875,0.0909,0.0720,0.3088,0.1546,0.0000,12.74,8.9643,-1.2381,-2.5993
1705282208.6667,0.0286,0.0231,0.0382,0.0155,0.4351,0.0728,0.1195,0.1139,0.0617,0.4550,0.5514,0.5514,0.7732,0.0311,0.0474,0.0406,0.0614,0.3197,0.0067,0.0409,0.1105,0.1786,0.0657,0.0599,0.0684,0.1274,0.1608,0.1070,0.0382,0.1336,0.0872,0.2907,0.1036,0.0000,15.95,13.9892,6.9706,0.8827
1705282208.7333,0.0350,0.0099,0.0529,0.0117,0.4271,0.0698,0.1042,0.1301,0.0627,0.4580,0.6152,0.6274,0.7615,0.0858,0.0293,0.0616,0.0217,0.2302,0.0209,0.0527,0.1217,0.1214,0.0272,0.0094,0.1410,0.1088,0.0692,0.0739,0.1382,0.0520,0.0777,0.3762,0.0753,1.0000,12.75,7.1018,4.1495,1.6161
1705282208.8000,0.0355,0.0000,0.0526,0.0116,0.4114,0.0698,0.0908,0.1191,0.0570,0.4912,0.5936,0.5934,0.7254,0.0000,0.0000,0.0565,0.0847,0.2393,0.0402,0.0810,0.0729,0.0960,0.0559,0.0747,0.0827,0.1227,0.1457,0.0678,0.0957,0.0783,0.0959,0.2183,0.1461,0.0000,16.17,-7.4597,-6.6274,-6.7187
1705282208.8667,0.0353,0.0011,0.0529,0.0119,0.4430,0.0684,0.0906,0.1323,0.0467,0.4707,0.7163,0.6139,0.6990,0.0000,0.0042,0.0843,0.0342,0.2161,0.0097,0.0034,0.0252,0.1518,0.0000,0.1058,0.0580,0.1302,0.1548,0.0608,0.0493,0.0357,0.1157,0.3184,0.1211,0.0000,17.19,10.9569,1.0661,-2.4658
1705282208.9333,0.0417,0.0262,0.0523,0.0244,0.4388,0.0583,0.0911,0.1460,0.0564,0.4390,0.7496,0.4703,0.6820,0.0921,0.0374,0.0654,0.0335,0.2392,0.0157,0.0323,0.0598,0.1037,0.0532,0.0821,0.0000,0.1048,0.0876,0.0113,0.0668,0.1169,0.0681,0.3114,0.0908,0.0000,15.42,18.4578,3.2071,0.9214
1705282209.0000,0.0397,0.0376,0.0454,0.0157,0.4337,0.0677,0.0702,0.1337,0.0439,0.4674,0.7937,0.5095,0.7611,0.0838,0.0996,0.0463,0.1096,0.2624,0.0180,0.0000,0.1533,0.0457,0.0000,0.1677,0.0737,0.1582,0.1415,0.0311,0.0238,0.1506,0.1463,0.3844,0.1003,0.0000,18.21,-7.2472,8.2588,0.2010
1705282209.0667,0.0397,0.0374,0.0402,0.0159,0.4408,0.0602,0.0670,0.1562,0.0362,0.4639,0.7697,0.6186,0.7905,0.0920,0.0071,0.0159,0.0406,0.2869,0.0179,0.0223,0.0831,0.1634,0.0401,0.0287,0.2123,0.0452,0.0902,0.0702,0.1001,0.1779,0.0564,0.3493,0.1220,0.0000,17.79,4.7479,-3.2593,3.3973
1705282209.1333,0.0351,0.0282,0.0331,0.0033,0.4104,0.0515,0.0961,0.1548,0.0588,0.4772,0.7548,0.6349,0.7138,0.0437,0.0581,0.0907,0.0572,0.2048,0.0000,0.0878,0.0951,0.0246,0.0525,0.0620,0.0560,0.1546,0.1573,0.0670,0.0948,0.0708,0.1472,0.2913,0.0811,0.0000,12.94,11.9535,0.8219,0.0922
1705282209.2000,0.0318,0.0286,0.0262,0.0223,0.3975,0.0664,0.0808,0.1395,0.0364,0.5023,0.8200,0.6672,0.7218,0.0000,0.0798,0.0000,0.0000,0.2528,0.0171,0.0391,0.1123,0.1147,0.0200,0.1939,0.1190,0.1056,0.2053,0.0096,0.1595,0.1066,0.1093,0.2261,0.1444,0.0000,12.57,2.2347,-0.0946,-8.1523
1705282209.2667,0.0461,0.0096,0.0284,0.0071,0.4028,0.0474,0.0895,0.1169,0.0262,0.5356,0.7165,0.5537,0.6771,0.0268,0.1149,0.0179,0.0878,0.2469,0.0562,0.0111,0.1296,0.1694,0.0041,0.0442,0.0000,0.0093,0.0768,0.0381,0.1329,0.1305,0.0830,0.2883,0.1186,0.0000,15.34,-2.2177,-3.6230,-3.8135
1705282209.3333,0.0506,0.0200,0.0434,0.0248,0.3814,0.0250,0.0783,0.1060,0.0380,0.5395,0.7141,0.5702,0.6641,0.0560,0.0000,0.0000,0.0609,0.2312,0.0681,0.0000,0.0553,0.1518,0.0000,0.2052,0.1238,0.1282,0.0761,0.0192,0.0989,0.1515,0.0370,0.3563,0.0576,0.0000,15.03,-3.6885,-0.6718,4.6007
1705282209.4000,0.0552,0.0240,0.0470,0.0138,0.3918,0.0318,0.0852,0.1022,0.0272,0.5330,0.7027,0.5051,0.6432,0.0358,0.0057,0.0582,0.0594,0.2467,0.0319,0.0409,0.1507,0.0915,0.0479,0.1186,0.1583,0.1356,0.0911,0.0523,0.0220,0.0892,0.1134,0.3296,0.0173,0.0000,10.81,1.0910,-5.4549,-6.4187
1705282209.4667,0.0669,0.0267,0.0471,0.0245,0.3927,0.0487,0.0807,0.1104,0.0397,0.4976,0.6591,0.5079,0.6828,0.0000,0.0623,0.0666,0.0899,0.2101,0.0688,0.0687,0.0310,0.1528,0.0101,0.0945,0.1241,0.1740,0.0376,0.0432,0.0669,0.0955,0.0342,0.3309,0.1444,0.0000,16.23,-8.6854,-1.3114,3.0810
1705282209.5333,0.0611,0.0244,0.0472,0.0232,0.3808,0.0612,0.0790,0.1181,0.0303,0.5048,0.5963,0.5158,0.6562,0.0891,0.0428,0.0311,0.1122,0.2409,0.0000,0.0790,0.1123,0.1693,0.0466,0.0738,0.1223,0.1291,0.1030,0.0385,0.0205,0.0911,0.0790,0.2113,0.0944,1.0000,15.72,-14.6840,-2.3390,3.9735
1705282209.6000,0.0519,0.0116,0.0403,0.0136,0.3614,0.0596,0.0963,0.1318,0.0122,0.5328,0.6262,0.4869,0.6484,0.0935,0.0207,0.0029,0.0457,0.1894,0.0013,0.0134,0.0604,0.1360,0.0000,0.2150,0.1014,0.0524,0.0941,0.0548,0.1899,0.0969,0.1376,0.3621,0.0606,0.0000,12.67,14.5365,-1.5339,-3.7177
1705282209.6667,0.0392,0.0043,0.0276,0.0163,0.4018,0.0546,0.1055,0.1386,0.0275,0.5108,0.6608,0.4689,0.6268,0.0152,0.1317,0.0000,0.0161,0.2390,0.0430,0.0150,0.0000,0.0963,0.0440,0.1135,0.0867,0.0716,0.0000,0.0423,0.1738,0.0407,0.0857,0.2731,0.2032,0.0000,17.83,0.9705,-0.2130,1.1495
1705282209.7333,0.0340,0.0119,0.0227,0.0211,0.3789,0.0465,0.1048,0.1271,0.0518,0.5207,0.6758,0.5039,0.6091,0.0545,0.0803,0.0489,0.0292,0.2430,0.0045,0.0243,0.1158,0.1309,0.0357,0.0928,0.1208,0.0531,0.1248,0.0129,0.1086,0.1986,0.0498,0.3062,0.1323,0.0000,13.95,13.6586,1.1919,4.8610
1705282209.8000,0.0358,0.0000,0.0109,0.0341,0.3791,0.0293,0.1166,0.1322,0.0344,0.5365,0.6951,0.4896,0.6311,0.0300,0.0939,0.0025,0.1094,0.2201,0.0000,0.0358,0.0950,0.0135,0.0000,0.0795,0.0601,0.0594,0.2031,0.1138,0.1008,0.0949,0.0338,0.3116,0.1140,0.0000,14.49,-1.0757,-0.3640,1.0386
1705282209.8667,0.0338,0.0151,0.0192,0.0311,0.3879,0.0536,0.0974,0.1331,0.0253,0.5221,0.6443,0.3838,0.6745,0.0420,0.0262,0.0261,0.1227,0.2330,0.0000,0.0487,0.1137,0.1593,0.0004,0.0753,0.0889,0.1720,0.1335,0.0284,0.1090,0.0061,0.1175,0.2625,0.1474,1.0000,16.85,15.7853,-1.2923,3.1931
1705282209.9333,0.0338,0.0298,0.0175,0.0261,0.3999,0.0520,0.0849,0.1358,0.0320,0.5129,0.6661,0.4788,0.6955,0.0861,0.0116,0.0000,0.0710,0.2067,0.0333,0.0450,0.1193,0.1311,0.0275,0.0641,0.0000,0.0296,0.1616,0.0190,0.0501,0.1553,0.1746,0.3873,0.1960,0.0000,19.58,22.6011,-0.1561,4.2223
1705282210.0000,0.0479,0.0416,0.0098,0.0239,0.3938,0.0313,0.0889,0.1213,0.0372,0.5226,0.6536,0.5213,0.6618,0.1028,0.1089,0.0184,0.0145,0.2403,0.0093,0.0188,0.1445,0.0000,0.0443,0.0735,0.0105,0.1835,0.0502,0.0030,0.0621,0.1705,0.0528,0.3130,0.0869,0.0000,13.65,-16.5726,18.1642,-9.5320
1705282210.0667,0.0411,0.0286,0.0172,0.0185,0.3829,0.0235,0.0935,0.1387,0.0325,0.5341,0.6671,0.5891,0.6360,0.0000,0.1358,0.0000,0.0430,0.2694,0.0677,0.0000,0.1854,0.1397,0.0138,0.1826,0.1649,0.0870,0.1450,0.0509,0.1867,0.0907,0.0471,0.3130,0.1131,0.0000,19.25,2.1315,14.7338,-4.6468
1705282210.1333,0.0337,0.0147,0.0276,0.0151,0.4172,0.0412,0.1193,0.1247,0.0734,0.4798,0.6633,0.5981,0.6264,0.0027,0.0730,0.0337,0.1160,0.2494,0.0295,0.0219,0.0934,0.1278,0.0280,0.0406,0.0876,0.0213,0.1263,0.0918,0.1300,0.1126,0.1166,0.3326,0.0916,0.0000,20.22,4.5671,9.9289,1.9079
1705282210.2000,0.0267,0.0239,0.0207,0.0225,0.4183,0.0345,0.1123,0.1243,0.0769,0.4839,0.6339,0.5997,0.6383,0.0000,0.0833,0.0923,0.0942,0.2909,0.0175,0.0000,0.0822,0.2126,0.0261,0.1154,0.0595,0.1151,0.0626,0.0677,0.1707,0.0920,0.0617,0.3096,0.0757,0.0000,15.01,12.2704,14.3434,-3.5537
1705282210.2667,0.0302,0.0252,0.0154,0.0379,0.4353,0.0295,0.0786,0.1113,0.0909,0.4874,0.7038,0.6257,0.5775,0.0399,0.1170,0.0724,0.0465,0.2787,0.0000,0.0000,0.0525,0.1031,0.0096,0.0573,0.0374,0.1226,0.0230,0.0425,0.0634,0.1482,0.1431,0.3150,0.1080,0.0000,16.88,9.4747,1.7403,8.1108
1705282210.3333,0.0431,0.0412,0.0191,0.0310,0.4278,0.0356,0.0875,0.1134,0.0636,0.4825,0.7307,0.5300,0.6218,0.0125,0.0503,0.0229,0.0373,0.2809,0.0239,0.0443,0.0990,0.1116,0.0372,0.1597,0.1299,0.1109,0.1979,0.0058,0.1708,0.0841,0.0540,0.3768,0.1002,0.0000,11.68,11.7096,-5.9335,1.1509
1705282210.4000,0.0592,0.0349,0.0205,0.0285,0.4165,0.0460,0.0886,0.1153,0.0806,0.4660,0.7129,0.5828,0.7046,0.0808,0.1121,0.0682,0.0929,0.2582,0.0879,0.0228,0.0198,0.1186,0.0469,0.1104,0.1954,0.1131,0.0830,0.0000,0.0829,0.1635,0.0742,0.3442,0.1508,0.0000,9.00,12.1634,9.9208,-2.6892
1705282210.4667,0.0641,0.0181,0.0239,0.0340,0.4203,0.0376,0.0745,0.1128,0.0936,0.4728,0.6483,0.5600,0.6808,0.0040,0.0442,0.0871,0.0504,0.2441,0.0465,0.0247,0.0803,0.1420,0.0167,0.0668,0.0330,0.1261,0.0277,0.0407,0.0685,0.1304,0.0414,0.2835,0.0137,0.0000,18.06,6.1394,2.7896,-6.0742
1705282210.5333,0.0832,0.0076,0.0246,0.0358,0.4260,0.0351,0.0590,0.1166,0.1031,0.4654,0.6060,0.5852,0.7080,0.0000,0.0809,0.1505,0.0320,0.2878,0.0642,0.0000,0.0713,0.1749,0.0000,0.1232,0.1520,0.2653,0.0879,0.0293,0.0688,0.1047,0.1650,0.3628,0.1475,0.0000,14.74,-2.4104,-0.4887,-1.8153
1705282210.6000,0.0556,0.0109,0.0365,0.0262,0.4461,0.0139,0.0751,0.1363,0.0761,0.4740,0.6116,0.6365,0.7131,0.0000,0.1153,0.0000,0.0707,0.2961,0.0109,0.0797,0.0122,0.1447,0.0104,0.1798,0.0920,0.1035,0.0675,0.0776,0.0977,0.1083,0.1124,0.3821,0.0638,0.0000,18.45,19.2066,3.3994,9.1969
1705282210.6667,0.0417,0.0107,0.0244,0.0236,0.4713,0.0120,0.0714,0.1218,0.0770,0.4876,0.5962,0.6237,0.7011,0.0757,0.0210,0.0731,0.0846,0.2695,0.0063,0.0000,0.1559,0.1290,0.0139,0.0000,0.2080,0.0714,0.0652,0.0514,0.1179,0.0674,0.1394,0.4325,0.1030,0.0000,15.37,-3.3320,-9.2027,-5.8304
1705282210.7333,0.0456,0.0013,0.0278,0.0249,0.4455,0.0183,0.0597,0.1331,0.0792,0.4988,0.6082,0.5720,0.6664,0.0017,0.0393,0.0219,0.0218,0.2983,0.0595,0.0522,0.0066,0.1049,0.0208,0.1024,0.0627,0.1727,0.0194,0.0000,0.0775,0.0674,0.1859,0.2678,0.0819,0.0000,15.16,-4.1895,-4.5018,10.4352
1705282210.8000,0.0372,0.0017,0.0327,0.0246,0.4672,0.0238,0.0829,0.1338,0.0743,0.4732,0.5804,0.6205,0.6428,0.0773,0.0863,0.0720,0.0495,0.2838,0.0081,0.0818,0.1089,0.1046,0.0120,0.0535,0.0962,0.1126,0.1236,0.0350,0.1626,0.1447,0.0958,0.3288,0.1609,0.0000,18.18,10.6049,-6.6805,-2.4911
1705282210.8667,0.0381,0.0035,0.0260,0.0167,0.4489,0.0383,0.0893,0.1168,0.0784,0.4863,0.5347,0.5842,0.6380,0.0272,0.1425,0.0788,0.0779,0.2713,0.0300,0.0296,0.1034,0.0584,0.0568,0.1164,0.0503,0.0836,0.1163,0.0618,0.0990,0.1006,0.0000,0.4303,0.0580,0.0000,14.96,2.7486,-7.9451,-2.4698
1705282210.9333,0.0496,0.0161,0.0223,0.0106,0.4449,0.0401,0.0896,0.1162,0.1016,0.4654,0.4580,0.5967,0.6415,0.0158,0.0095,0.0423,0.0044,0.2711,0.0284,0.0000,0.1837,0.1063,0.0000,0.0435,0.0487,0.2391,0.1733,0.0860,0.1087,0.0974,0.0600,0.3548,0.1441,0.0000,16.78,8.3040,-4.7363,8.3821
1705282211.0000,0.0532,0.0104,0.0143,0.0000,0.4458,0.0304,0.0847,0.1142,0.1040,0.4858,0.4848,0.6873,0.5740,0.0040,0.0847,0.0485,0.1152,0.2924,0.0000,0.0000,0.1978,0.0963,0.0538,0.0473,0.1230,0.0634,0.0594,0.0253,0.1043,0.0655,0.0039,0.3689,0.0257,0.0000,13.21,2.9204,12.0933,2.0253
1705282211.0667,0.0645,0.0067,0.0262,0.0015,0.4638,0.0000,0.0839,0.1101,0.1241,0.4715,0.4571,0.6203,0.5431,0.0000,0.0087,0.0451,0.0470,0.3006,0.0417,0.0239,0.1170,0.0535,0.0308,0.1300,0.0937,0.1266,0.1091,0.1022,0.0414,0.0802,0.0078,0.3299,0.1416,0.0000,16.82,14.8479,-3.7806,1.7200
1705282211.1333,0.0699,0.0000,0.0355,0.0000,0.4617,0.0161,0.0650,0.1066,0.1132,0.4792,0.4302,0.6331,0.5755,0.0000,0.1288,0.0604,0.0534,0.2584,0.0488,0.0802,0.1455,0.1230,0.0007,0.0937,0.0652,0.2029,0.1094,0.0188,0.0632,0.0315,0.0899,0.3954,0.0446,0.0000,14.62,-4.1961,21.3963,6.8538
1705282211.2000,0.0649,0.0037,0.0305,0.0000,0.4383,0.0163,0.0558,0.1251,0.0854,0.5079,0.4806,0.6851,0.5747,0.0091,0.0394,0.1027,0.0598,0.2117,0.0334,0.0603,0.1495,0.1531,0.0406,0.0961,0.0132,0.1131,0.0142,0.0152,0.0101,0.1388,0.1179,0.3338,0.1160,0.0000,12.43,8.5994,2.3337,15.5145
1705282211.2667,0.0536,0.0139,0.0265,0.0000,0.4367,0.0388,0.0919,0.1438,0.0853,0.4657,0.5037,0.6765,0.5517,0.0424,0.0769,0.1121,0.0446,0.2331,0.0191,0.0603,0.1111,0.1380,0.0000,0.1502,0.1515,0.1150,0.0351,0.0826,0.1097,0.1169,0.0743,0.3517,0.0687,0.0000,15.13,3.5952,-22.1693,-2.9541
1705282211.3333,0.0389,0.0404,0.0298,0.0000,0.3947,0.0444,0.0822,0.1296,0.0720,0.5008,0.5485,0.6490,0.5614,0.0510,0.0616,0.1172,0.1125,0.2156,0.0229,0.0000,0.0563,0.1495,0.0000,0.0821,0.0648,0.1106,0.1545,0.0668,0.1342,0.0893,0.1573,0.3296,0.0565,0.0000,16.20,-1.9249,8.0118,0.1029
1705282211.4000,0.0640,0.0496,0.0353,0.0000,0.3843,0.0329,0.0970,0.1224,0.0628,0.4910,0.5969,0.5899,0.5569,0.0000,0.0411,0.0488,0.0000,0.2534,0.0527,0.0455,0.1345,0.0644,0.0240,0.1853,0.0968,0.0548,0.1031,0.0242,0.0989,0.1336,0.0407,0.3442,0.1385,0.0000,15.02,7.9671,4.0297,-2.8219
1705282211.4667,0.0506,0.0554,0.0417,0.0000,0.3789,0.0076,0.0901,0.1278,0.0469,0.5206,0.6060,0.6034,0.5697,0.0180,0.0329,0.1079,0.0213,0.2197,0.0578,0.0594,0.0819,0.1105,0.0272,0.0802,0.0001,0.0952,0.1417,0.0775,0.0702,0.1414,0.0066,0.3789,0.1057,0.0000,13.89,8.6886,-13.8938,-3.9331
1705282211.5333,0.0739,0.0612,0.0301,0.0000,0.3737,0.0191,0.0964,0.1449,0.0426,0.4949,0.5938,0.5746,0.6035,0.0129,0.0536,0.1074,0.0697,0.2251,0.0000,0.0746,0.1553,0.1297,0.0327,0.0735,0.0343,0.0992,0.1774,0.0000,0.1682,0.1503,0.1014,0.3090,0.1495,0.0000,18.95,-2.4018,-5.8718,7.7454
1705282211.6000,0.0591,0.0571,0.0331,0.0046,0.3577,0.0503,0.0893,0.1450,0.0642,0.4837,0.5621,0.5327,0.6158,0.0000,0.0912,0.0409,0.0333,0.2480,0.0000,0.0448,0.0497,0.1591,0.0484,0.1550,0.1048,0.1224,0.0541,0.0832,0.0918,0.1864,0.1137,0.3568,0.2008,0.0000,15.84,23.6399,-12.3628,-1.3422
1705282211.6667,0.0809,0.0643,0.0312,0.0000,0.3628,0.0442,0.0918,0.1198,0.0648,0.4841,0.5386,0.5275,0.6137,0.0023,0.0530,0.0373,0.0192,0.2301,0.0307,0.0328,0.1184,0.0259,0.0513,0.0731,0.0000,0.0965,0.0994,0.0924,0.0533,0.1571,0.0773,0.3950,0.1054,0.0000,11.21,0.4740,2.5651,3.6060
1705282211.7333,0.0782,0.0618,0.0388,0.0000,0.3899,0.0362,0.1010,0.1303,0.0854,0.4470,0.4851,0.5109,0.6698,0.0000,0.0424,0.1140,0.0317,0.2083,0.0340,0.0586,0.0998,0.0407,0.0023,0.1002,0.1504,0.0855,0.1131,0.0035,0.0862,0.0743,0.0811,0.3602,0.1137,0.0000,16.94,3.9666,-23.2744,-0.7303
1705282211.8000,0.0840,0.0528,0.0381,0.0021,0.4281,0.0452,0.1056,0.1275,0.0693,0.4284,0.5278,0.5329,0.6980,0.0252,0.1034,0.0597,0.0666,0.2565,0.0644,0.0062,0.0000,0.2376,0.0675,0.1513,0.1591,0.0705,0.0122,0.0593,0.1050,0.1216,0.0850,0.3931,0.0989,0.0000,13.59,17.0672,5.0984,6.5266
1705282211.8667,0.0838,0.0301,0.0472,0.0000,0.4052,0.0372,0.0760,0.1218,0.0705,0.4769,0.5830,0.4610,0.7080,0.0322,0.1276,0.1229,0.0178,0.2520,0.0642,0.0472,0.1501,0.1898,0.0724,0.1475,0.1902,0.0604,0.1197,0.0733,0.0217,0.0707,0.0718,0.3517,0.0373,0.0000,15.64,1.1209,-1.8991,-6.8418
1705282211.9333,0.0860,0.0261,0.0349,0.0009,0.3962,0.0411,0.0995,0.1125,0.1015,0.4608,0.6754,0.4821,0.7541,0.0000,0.1095,0.0439,0.0304,0.2166,0.0345,0.0342,0.0976,0.0781,0.0338,0.0917,0.1932,0.0524,0.1411,0.0762,0.1527,0.1948,0.0411,0.2915,0.0860,0.0000,15.97,-6.0990,-11.4291,-1.3860
1705282212.0000,0.0688,0.0265,0.0397,0.0000,0.3668,0.0609,0.0917,0.1133,0.0810,0.4908,0.6984,0.3659,0.7198,0.0079,0.1290,0.1207,0.0724,0.2292,0.0063,0.0568,0.0705,0.0834,0.0634,0.0000,0.0794,0.1276,0.1177,0.0130,0.0922,0.0455,0.0617,0.3114,0.0658,0.0000,17.67,9.1277,4.1982,2.8039
1705282212.0667,0.0702,0.0063,0.0278,0.0044,0.3626,0.0488,0.0858,0.1162,0.0438,0.5405,0.6743,0.4281,0.6519,0.0230,0.0934,0.0000,0.0440,0.2213,0.0000,0.0484,0.0696,0.1887,0.0209,0.1840,0.1012,0.1839,0.0554,0.0000,0.1000,0.0707,0.0385,0.3015,0.0841,0.0000,13.29,-3.5642,-16.0824,4.3286
1705282212.1333,0.0856,0.0080,0.0311,0.0034,0.3657,0.0378,0.1080,0.1232,0.0193,0.5307,0.6154,0.4859,0.6662,0.0427,0.1105,0.0858,0.1020,0.2169,0.0000,0.0151,0.1183,0.0822,0.0355,0.0011,0.0443,0.1058,0.0851,0.0722,0.1366,0.1148,0.0567,0.2152,0.1587,0.0000,12.46,11.8528,10.1020,3.2929
1705282212.2000,0.0832,0.0060,0.0346,0.0223,0.3507,0.0569,0.1113,0.1272,0.0327,0.5051,0.6218,0.4757,0.7264,0.1412,0.0916,0.0950,0.0674,0.2287,0.0017,0.0375,0.1191,0.1328,0.0692,0.1161,0.1403,0.0942,0.1667,0.0571,0.1203,0.1616,0.0880,0.2901,0.0509,0.0000,15.63,7.7386,3.4563,-2.4967
1705282212.2667,0.0904,0.0070,0.0314,0.0375,0.3457,0.0494,0.1079,0.1176,0.0155,0.5186,0.6738,0.4599,0.7628,0.0816,0.0689,0.0687,0.0782,0.2023,0.0575,0.0966,0.0995,0.1296,0.0162,0.1350,0.1223,0.1383,0.1672,0.0262,0.0110,0.0401,0.0754,0.2452,0.1502,0.0000,17.53,8.7271,6.7188,-3.3729
1705282212.3333,0.0729,0.0000,0.0258,0.0335,0.3806,0.0471,0.0976,0.1022,0.0093,0.5387,0.6764,0.3998,0.6925,0.1116,0.0000,0.1087,0.0669,0.2013,0.0531,0.0615,0.1268,0.0940,0.0290,0.1180,0.1393,0.0655,0.1233,0.0130,0.1174,0.0861,0.1019,0.2885,0.1105,0.0000,11.00,15.1779,6.9390,1.0805
1705282212.4000,0.0721,0.0000,0.0129,0.0302,0.3780,0.0583,0.1003,0.0852,0.0336,0.5376,0.6005,0.3376,0.6772,0.0993,0.0267,0.1119,0.0065,0.2700,0.0551,0.0000,0.1253,0.1187,0.0798,0.0721,0.1475,0.0192,0.2081,0.0334,0.0462,0.1565,0.2127,0.2952,0.1482,0.0000,17.80,11.4882,20.0778,-17.3666
1705282212.4667,0.0602,0.0061,0.0194,0.0289,0.3765,0.0736,0.0823,0.1086,0.0353,0.5255,0.5715,0.3388,0.6670,0.0431,0.0441,0.0406,0.0453,0.2191,0.0392,0.0714,0.1197,0.1025,0.0413,0.0903,0.0218,0.0481,0.1118,0.0629,0.1133,0.0211,0.0877,0.3519,0.1086,0.0000,10.96,-3.9670,2.6066,-2.3638
1705282212.5333,0.0641,0.0277,0.0187,0.0226,0.3825,0.0830,0.0850,0.1115,0.0537,0.4906,0.5655,0.3036,0.5952,0.0000,0.0829,0.0278,0.1159,0.2365,0.0000,0.0000,0.0000,0.0762,0.0798,0.0090,0.0715,0.0813,0.1807,0.0377,0.0338,0.1426,0.0811,0.2930,0.1335,0.0000,15.65,3.5877,2.1766,4.4447
1705282212.6000,0.0637,0.0278,0.0200,0.0261,0.3717,0.0639,0.0937,0.1077,0.0599,0.4994,0.5634,0.3293,0.5882,0.0296,0.0548,0.0772,0.1024,0.2107,0.0280,0.0073,0.1139,0.1140,0.0230,0.0496,0.1031,0.1021,0.1414,0.0552,0.0745,0.1211,0.0066,0.3271,0.1038,0.0000,12.04,11.9694,-1.8936,1.8268
1705282212.6667,0.0731,0.0132,0.0104,0.0146,0.3587,0.0723,0.0805,0.0999,0.0613,0.5296,0.6698,0.3926,0.6196,0.0335,0.0080,0.0413,0.0958,0.2605,0.0000,0.0170,0.0892,0.1566,0.0029,0.1156,0.0825,0.0709,0.0313,0.0309,0.0000,0.1171,0.0834,0.2406,0.1208,0.0000,16.52,6.3282,7.0257,-1.3968
1705282212.7333,0.0642,0.0167,0.0092,0.0410,0.3345,0.0794,0.0503,0.1160,0.0568,0.5392,0.6858,0.3413,0.6090,0.0780,0.0000,0.0000,0.0247,0.1392,0.0685,0.0186,0.1364,0.1234,0.0762,0.1272,0.0448,0.1618,0.0635,0.0423,0.1122,0.0407,0.0808,0.2324,0.0613,0.0000,16.78,0.8935,-12.4897,-2.4345
1705282212.8000,0.0676,0.0124,0.0217,0.0260,0.3441,0.0836,0.0523,0.1206,0.0450,0.5360,0.7063,0.3844,0.5173,0.0034,0.0643,0.1086,0.0237,0.2323,0.0565,0.0404,0.0901,0.1005,0.0415,0.0843,0.1267,0.0948,0.1016,0.0171,0.1121,0.1293,0.1308,0.2345,0.1707,0.0000,11.43,11.1008,1.5733,0.3274
1705282212.8667,0.0653,0.0068,0.0191,0.0236,0.3647,0.0815,0.0654,0.1147,0.0631,0.5175,0.6442,0.3776,0.5747,0.1035,0.0768,0.0000,0.0239,0.2274,0.0740,0.0000,0.0631,0.1601,0.0015,0.0482,0.1365,0.0533,0.0867,0.0613,0.0497,0.1279,0.1069,0.2608,0.0556,0.0000,14.34,-3.3612,0.3509,7.3665
1705282212.9333,0.0466,0.0029,0.0326,0.0385,0.3966,0.0746,0.0878,0.1137,0.0549,0.4910,0.6381,0.4777,0.5710,0.0352,0.0609,0.0963,0.0415,0.2580,0.0422,0.0503,0.0228,0.1227,0.0436,0.0667,0.0990,0.0846,0.1057,0.0000,0.0404,0.1005,0.0482,0.3225,0.1034,0.0000,10.48,8.7685,-5.1687,-4.9396
1705282213.0000,0.0373,0.0183,0.0320,0.0271,0.4147,0.0656,0.0988,0.1140,0.0766,0.4693,0.6689,0.5246,0.6139,0.0000,0.0833,0.0632,0.0777,0.3004,0.0000,0.0291,0.0673,0.1202,0.0646,0.0266,0.1679,0.0075,0.0931,0.0554,0.0948,0.0607,0.0705,0.3062,0.0231,0.0000,13.34,-2.5517,-8.9408,-1.2461
1705282213.0667,0.0336,0.0264,0.0292,0.0185,0.4235,0.0623,0.0849,0.1185,0.0727,0.4782,0.6508,0.4555,0.7049,0.0000,0.0575,0.0742,0.0433,0.2446,0.0000,0.0130,0.1122,0.1022,0.0338,0.0689,0.2000,0.0848,0.0637,0.1082,0.1577,0.1030,0.0354,0.3038,0.0477,0.0000,11.81,2.6237,-17.8476,0.5028
1705282213.1333,0.0239,0.0247,0.0346,0.0048,0.4029,0.0392,0.1026,0.1221,0.0806,0.4988,0.6864,0.4260,0.6745,0.0000,0.0000,0.0815,0.0816,0.2587,0.0179,0.0000,0.0661,0.0070,0.0233,0.0962,0.1576,0.0817,0.1215,0.0273,0.0541,0.1142,0.0699,0.3136,0.1468,0.0000,13.71,0.1234,-18.4965,8.1257
1705282213.2000,0.0086,0.0036,0.0379,0.0122,0.3926,0.0481,0.0841,0.1050,0.0878,0.5321,0.6635,0.4557,0.6906,0.0440,0.0773,0.0510,0.0914,0.2532,0.0468,0.0292,0.1154,0.0607,0.0148,0.0840,0.1235,0.0392,0.1046,0.0475,0.1097,0.0106,0.1467,0.2843,0.1059,0.0000,18.28,9.4975,13.9883,1.9628
1705282213.2667,0.0231,0.0097,0.0476,0.0000,0.3936,0.0363,0.0936,0.1178,0.1001,0.5069,0.6962,0.3953,0.6748,0.0227,0.1303,0.1102,0.0749,0.2008,0.0546,0.0512,0.0583,0.0110,0.0000,0.0106,0.1379,0.0000,0.0311,0.0609,0.1775,0.0277,0.0000,0.2873,0.1491,0.0000,15.61,-3.8703,2.4698,9.5552
1705282213.3333,0.0362,0.0096,0.0359,0.0041,0.4246,0.0035,0.0860,0.1153,0.0701,0.5288,0.6931,0.4677,0.6209,0.0000,0.0786,0.0981,0.0260,0.2547,0.0349,0.0330,0.1246,0.1360,0.0169,0.1066,0.1653,0.1087,0.1095,0.0480,0.0602,0.1131,0.1771,0.2870,0.1499,0.0000,14.96,3.5318,14.7002,-5.4787
1705282213.4000,0.0518,0.0214,0.0285,0.0071,0.4056,0.0145,0.0798,0.1174,0.0748,0.5195,0.6851,0.4016,0.6688,0.0000,0.0352,0.1454,0.0142,0.2582,0.0421,0.0445,0.2152,0.0886,0.0000,0.0975,0.1037,0.0434,0.0632,0.0486,0.1225,0.0725,0.0387,0.3154,0.1525,0.0000,16.37,18.6649,-0.7629,1.8257
1705282213.4667,0.0383,0.0205,0.0294,0.0076,0.4086,0.0141,0.0547,0.1151,0.0983,0.5281,0.6654,0.3989,0.6626,0.0000,0.0581,0.1232,0.0000,0.2883,0.0442,0.0341,0.0342,0.1220,0.0242,0.0676,0.1302,0.0513,0.1182,0.0000,0.1481,0.1760,0.0374,0.3051,0.0301,0.0000,15.14,7.7161,-3.8303,-1.0431
1705282213.5333,0.0357,0.0006,0.0171,0.0105,0.4067,0.0275,0.0473,0.1255,0.0925,0.5419,0.7271,0.3412,0.6216,0.0000,0.0000,0.0753,0.0329,0.2954,0.0178,0.0822,0.0561,0.0411,0.0372,0.1523,0.0735,0.0946,0.0673,0.0491,0.1297,0.1283,0.0555,0.2930,0.1005,0.0000,15.30,10.2836,1.0277,2.6406
1705282213.6000,0.0357,0.0119,0.0161,0.0173,0.3912,0.0428,0.0408,0.1245,0.1021,0.5306,0.7030,0.3682,0.6512,0.0757,0.0560,0.0942,0.0441,0.2107,0.0833,0.0441,0.1549,0.0524,0.0162,0.0371,0.0973,0.0130,0.0106,0.0587,0.0389,0.0685,0.1385,0.3631,0.1106,0.0000,9.99,11.2741,-6.1846,1.8579
1705282213.6667,0.0358,0.0163,0.0044,0.0221,0.3766,0.0354,0.0552,0.1232,0.0856,0.5471,0.6956,0.4656,0.6667,0.0151,0.0000,0.0605,0.0336,0.2498,0.0000,0.0000,0.1036,0.1570,0.0000,0.1718,0.1761,0.0576,0.0842,0.0707,0.0715,0.0871,0.1073,0.3986,0.1736,0.0000,18.59,8.8072,-3.5572,-4.1445
1705282213.7333,0.0286,0.0249,0.0197,0.0175,0.4017,0.0285,0.0582,0.1219,0.0774,0.5330,0.7040,0.4416,0.6691,0.0000,0.0000,0.0796,0.0640,0.2537,0.0266,0.0751,0.1045,0.0482,0.0000,0.0771,0.0847,0.1183,0.0866,0.0140,0.1236,0.1532,0.0900,0.3018,0.1188,0.0000,9.97,-1.3035,7.8689,-4.6682
1705282213.8000,0.0345,0.0241,0.0131,0.0166,0.3828,0.0088,0.0687,0.1164,0.0765,0.5551,0.7054,0.4314,0.6231,0.0181,0.1112,0.0425,0.0690,0.1801,0.0000,0.0000,0.0705,0.0614,0.0000,0.0673,0.1185,0.0686,0.0851,0.0412,0.0095,0.1509,0.0806,0.2772,0.1748,0.0000,17.57,19.9998,10.0951,-9.0591
1705282213.8667,0.0396,0.0039,0.0140,0.0195,0.3473,0.0000,0.0795,0.1277,0.0724,0.5776,0.7032,0.4757,0.6543,0.0000,0.0146,0.0970,0.0170,0.1967,0.0000,0.0450,0.0361,0.0738,0.0039,0.0800,0.1223,0.0000,0.1032,0.0469,0.0030,0.1542,0.1141,0.2528,0.1285,0.0000,16.54,6.8357,-16.1176,6.0147
1705282213.9333,0.0394,0.0052,0.0125,0.0224,0.3857,0.0000,0.0683,0.1445,0.0729,0.5494,0.6486,0.5686,0.6423,0.0000,0.0816,0.0486,0.0000,0.2330,0.0216,0.0459,0.0401,0.1022,0.0000,0.0806,0.0000,0.1231,0.0610,0.0543,0.0111,0.1568,0.1149,0.2944,0.0888,0.0000,8.05,17.5193,-6.1780,-1.4900
1705282214.0000,0.0332,0.0130,0.0021,0.0327,0.4094,0.0283,0.0715,0.1537,0.0749,0.5088,0.6505,0.4478,0.6816,0.0000,0.0432,0.0433,0.0430,0.2067,0.0140,0.0000,0.0872,0.1202,0.0364,0.0971,0.1456,0.1227,0.0916,0.0514,0.0596,0.1105,0.0663,0.2665,0.0967,0.0000,18.67,-15.8731,7.3946,1.2995
1705282214.0667,0.0363,0.0051,0.0202,0.0283,0.4552,0.0254,0.0849,0.1611,0.0723,0.4667,0.6672,0.5259,0.7294,0.0000,0.0804,0.0931,0.0518,0.2549,0.0000,0.0124,0.1146,0.1385,0.0000,0.0414,0.1174,0.1134,0.0668,0.0762,0.1180,0.1391,0.2051,0.4763,0.1212,0.0000,13.26,3.6541,2.3247,-3.3298
1705282214.1333,0.0431,0.0000,0.0262,0.0419,0.4646,0.0066,0.0827,0.1815,0.0531,0.4602,0.6411,0.5599,0.7824,0.0403,0.0809,0.1209,0.0987,0.2954,0.0514,0.0339,0.0730,0.0331,0.0000,0.1423,0.1588,0.0000,0.0820,0.1031,0.0098,0.0885,0.0847,0.3191,0.0695,0.0000,9.33,-3.6958,11.0102,-5.3940
1705282214.2000,0.0201,0.0034,0.0232,0.0396,0.4705,0.0114,0.0787,0.1628,0.0426,0.4886,0.6787,0.5380,0.6859,0.0436,0.0665,0.0267,0.0364,0.2898,0.0082,0.0000,0.1102,0.1880,0.0000,0.0351,0.0213,0.1006,0.1733,0.0808,0.1790,0.1168,0.1589,0.3352,0.1589,0.0000,16.91,9.3635,3.4012,-2.5619
1705282214.2667,0.0410,0.0151,0.0342,0.0247,0.4454,0.0298,0.0934,0.1538,0.0401,0.4735,0.5949,0.5176,0.7304,0.0000,0.1329,0.0737,0.1252,0.2110,0.0456,0.0429,0.1265,0.0655,0.0000,0.2913,0.0604,0.1451,0.0339,0.0493,0.1722,0.0489,0.1030,0.3206,0.0267,0.0000,15.57,-24.0599,-4.1034,4.8600
1705282214.3333,0.0505,0.0200,0.0179,0.0183,0.4449,0.0617,0.0801,0.1384,0.0412,0.4762,0.4961,0.4911,0.7142,0.0617,0.0523,0.0000,0.0055,0.2593,0.0565,0.0648,0.0651,0.0252,0.0396,0.0620,0.0024,0.0514,0.1191,0.0834,0.0547,0.0371,0.1756,0.3451,0.0080,0.0000,10.77,6.6201,5.2780,-10.8490
1705282214.4000,0.0541,0.0089,0.0202,0.0159,0.4378,0.0671,0.0828,0.1521,0.0262,0.4810,0.4709,0.4001,0.7145,0.0184,0.0000,0.0673,0.0268,0.2580,0.0000,0.0364,0.0834,0.0607,0.0691,0.0983,0.1515,0.1598,0.0568,0.0618,0.0971,0.0318,0.0480,0.2915,0.1478,0.0000,15.79,2.5317,12.3504,1.9818
1705282214.4667,0.0321,0.0228,0.0217,0.0239,0.4380,0.0588,0.0968,0.1580,0.0381,0.4660,0.5231,0.4152,0.6883,0.0088,0.0517,0.0326,0.0362,0.2424,0.0000,0.0061,0.0729,0.1144,0.0256,0.1890,0.0838,0.1163,0.0722,0.0627,0.0030,0.1143,0.0455,0.2531,0.0189,0.0000,14.68,-2.4807,-3.3046,0.6232
1705282214.5333,0.0336,0.0226,0.0118,0.0102,0.4489,0.0687,0.0785,0.1414,0.0383,0.4876,0.5230,0.4136,0.7490,0.0000,0.0624,0.0891,0.0143,0.2977,0.0198,0.0000,0.0432,0.1456,0.0000,0.0679,0.1402,0.1484,0.0511,0.0511,0.0823,0.1452,0.1014,0.3444,0.0583,0.0000,21.73,-1.3981,6.5796,3.0351
1705282214.6000,0.0302,0.0232,0.0089,0.0000,0.4607,0.0684,0.0782,0.1292,0.0630,0.4829,0.5667,0.4179,0.7854,0.0308,0.1024,0.0437,0.0715,0.2599,0.0166,0.0254,0.0452,0.0448,0.0308,0.1203,0.0210,0.1325,0.0656,0.0819,0.0682,0.0981,0.0846,0.4548,0.0889,0.0000,16.71,-13.3709,-1.3308,-2.4882
1705282214.6667,0.0423,0.0217,0.0050,0.0280,0.4617,0.0743,0.1003,0.1194,0.0787,0.4412,0.5803,0.3938,0.7576,0.0808,0.0680,0.0000,0.0680,0.3067,0.0180,0.0166,0.0176,0.1056,0.0340,0.1128,0.0785,0.0542,0.0944,0.0544,0.1047,0.1047,0.1342,0.3507,0.0964,0.0000,18.18,2.0405,-0.9144,-4.2562
1705282214.7333,0.0578,0.0198,0.0000,0.0223,0.4658,0.0575,0.1109,0.1452,0.0750,0.4274,0.5571,0.5054,0.7474,0.0541,0.0500,0.1112,0.0654,0.2882,0.0511,0.0000,0.0331,0.1006,0.0343,0.1341,0.0947,0.1943,0.1293,0.0534,0.0769,0.1111,0.0471,0.4224,0.0729,0.0000,14.09,-6.3000,16.6540,5.5201
1705282214.8000,0.0565,0.0223,0.0081,0.0118,0.4972,0.0497,0.1072,0.1411,0.0891,0.4102,0.6371,0.4696,0.7514,0.0189,0.0595,0.0739,0.0153,0.2834,0.0488,0.0270,0.0839,0.1300,0.0258,0.0312,0.0236,0.1271,0.1275,0.0035,0.1662,0.0854,0.1020,0.3773,0.0671,1.0000,17.03,16.2533,-17.9641,5.6192
1705282214.8667,0.0575,0.0299,0.0106,0.0225,0.4451,0.0516,0.1091,0.1455,0.0792,0.4294,0.6795,0.5877,0.7303,0.0512,0.0601,0.0682,0.1133,0.2382,0.0453,0.0616,0.1186,0.0744,0.0364,0.1311,0.1549,0.1866,0.1142,0.0838,0.0148,0.0744,0.1224,0.4119,0.1229,0.0000,15.14,11.0668,-10.7555,-4.3412
1705282214.9333,0.0766,0.0313,0.0206,0.0445,0.4103,0.0506,0.1137,0.1417,0.0888,0.4132,0.6320,0.5956,0.6815,0.0701,0.1259,0.0631,0.0877,0.3165,0.0999,0.0440,0.0000,0.1303,0.0000,0.1449,0.1177,0.0932,0.0615,0.1064,0.0522,0.0962,0.0678,0.3242,0.0851,0.0000,13.55,19.4634,1.6604,3.8691
1705282215.0000,0.0643,0.0188,0.0194,0.0262,0.3990,0.0511,0.1077,0.1199,0.1131,0.4484,0.5579,0.6495,0.6860,0.0470,0.1270,0.1028,0.0249,0.2487,0.0499,0.0169,0.0530,0.1034,0.0180,0.1379,0.1224,0.1066,0.1312,0.0066,0.1172,0.0865,0.0178,0.3633,0.1603,0.0000,16.91,-3.1532,3.7728,0.0151
1705282215.0667,0.0515,0.0015,0.0241,0.0293,0.3853,0.0162,0.1077,0.1192,0.1259,0.4835,0.6025,0.6121,0.7103,0.0127,0.0722,0.0733,0.0388,0.2425,0.0748,0.0750,0.0668,0.1150,0.0394,0.1638,0.0029,0.1007,0.1121,0.0301,0.1969,0.0624,0.0159,0.2976,0.1798,0.0000,16.92,0.9313,11.9899,3.5902
1705282215.1333,0.0574,0.0198,0.0232,0.0258,0.3767,0.0083,0.0952,0.1393,0.1122,0.4852,0.6075,0.5764,0.7921,0.0000,0.1003,0.0581,0.0488,0.2569,0.0974,0.0127,0.0148,0.1464,0.0481,0.1332,0.1957,0.0380,0.1179,0.0143,0.1001,0.1686,0.0827,0.3730,0.1091,0.0000,17.55,4.6420,6.0919,1.5323
1705282215.2000,0.0623,0.0372,0.0244,0.0257,0.4220,0.0131,0.0911,0.1169,0.1047,0.4615,0.6049,0.5045,0.8366,0.0142,0.1474,0.1005,0.0206,0.2432,0.0103,0.0874,0.0794,0.1636,0.0409,0.1204,0.1034,0.0853,0.0784,0.0069,0.0947,0.0867,0.0776,0.2793,0.1246,0.0000,13.15,4.5971,2.7317,-8.0086
1705282215.2667,0.0598,0.0202,0.0283,0.0176,0.4384,0.0136,0.1060,0.1330,0.1228,0.4363,0.6291,0.5102,0.7910,0.0000,0.0076,0.1344,0.0352,0.2629,0.0381,0.0000,0.1564,0.0000,0.0238,0.1366,0.1158,0.0775,0.1560,0.0549,0.0872,0.1616,0.1503,0.3833,0.1490,0.0000,17.35,-3.3755,-5.7868,-0.6943
1705282215.3333,0.0449,0.0147,0.0333,0.0204,0.4698,0.0165,0.1122,0.1192,0.1016,0.4404,0.5751,0.4235,0.8108,0.0728,0.1087,0.1166,0.0937,0.3097,0.0360,0.0296,0.0833,0.0992,0.0000,0.0506,0.1477,0.1334,0.0544,0.1027,0.0823,0.1376,0.1597,0.3546,0.1905,0.0000,15.28,13.2145,7.5251,1.5476
1705282215.4000,0.0317,0.0272,0.0194,0.0000,0.4828,0.0120,0.1035,0.1584,0.0941,0.4425,0.6145,0.4222,0.8097,0.0000,0.1113,0.0750,0.0553,0.2622,0.0409,0.0000,0.1223,0.1326,0.0377,0.0544,0.0589,0.1160,0.1335,0.0740,0.0690,0.1681,0.0428,0.4036,0.1307,0.0000,15.12,0.2334,-3.2824,1.0678
1705282215.4667,0.0465,0.0374,0.0176,0.0000,0.4522,0.0193,0.0851,0.1600,0.0877,0.4565,0.6524,0.4276,0.8174,0.0000,0.0000,0.0710,0.0000,0.2668,0.0268,0.0046,0.1307,0.1522,0.0000,0.1178,0.1303,0.1519,0.0710,0.0776,0.0663,0.0448,0.0932,0.3084,0.0982,0.0000,14.54,2.1398,-5.2362,8.6048
1705282215.5333,0.0445,0.0389,0.0149,0.0043,0.4491,0.0205,0.0795,0.1513,0.0984,0.4592,0.6500,0.4895,0.7630,0.0000,0.1570,0.0278,0.0432,0.2813,0.0000,0.0395,0.0000,0.1556,0.0114,0.1910,0.0967,0.0879,0.0547,0.0270,0.1107,0.1344,0.1007,0.3628,0.0520,0.0000,21.76,11.0207,4.4902,-5.6692
1705282215.6000,0.0540,0.0330,0.0199,0.0019,0.4797,0.0306,0.0634,0.1332,0.1050,0.4475,0.7212,0.4769,0.7754,0.0000,0.0290,0.0876,0.0543,0.2500,0.0362,0.0283,0.0753,0.1298,0.0058,0.2116,0.0529,0.1379,0.0351,0.0000,0.0286,0.1081,0.1210,0.4528,0.1253,0.0000,8.95,18.3247,3.3658,-1.4260
1705282215.6667,0.0471,0.0300,0.0234,0.0069,0.4833,0.0353,0.0743,0.1451,0.1257,0.4174,0.6485,0.5585,0.7590,0.0680,0.0000,0.1706,0.0513,0.2622,0.0427,0.0226,0.0801,0.1591,0.0627,0.1003,0.0220,0.1219,0.1469,0.0838,0.0859,0.1159,0.1272,0.5097,0.0982,0.0000,16.42,7.0591,-12.1241,2.4596
1705282215.7333,0.0532,0.0253,0.0238,0.0003,0.4663,0.0220,0.0852,0.1210,0.1120,0.4545,0.6323,0.6129,0.7981,0.0092,0.0791,0.0748,0.0741,0.3113,0.0000,0.0030,0.0132,0.1879,0.0021,0.1154,0.1463,0.1647,0.0708,0.0185,0.0545,0.0741,0.1675,0.3913,0.1478,1.0000,17.82,13.8063,-0.4981,-1.2413
1705282215.8000,0.0407,0.0223,0.0142,0.0022,0.4748,0.0265,0.0792,0.1002,0.1143,0.4753,0.6354,0.6066,0.7332,0.0000,0.0241,0.0939,0.0215,0.2777,0.0538,0.0000,0.1094,0.0946,0.0040,0.1226,0.0783,0.1293,0.1120,0.0761,0.1052,0.1354,0.1204,0.3779,0.0947,0.0000,19.10,5.3111,-12.7510,9.1384
1705282215.8667,0.0219,0.0197,0.0233,0.0000,0.4693,0.0249,0.1043,0.1145,0.1443,0.4467,0.6550,0.6801,0.7667,0.0620,0.0873,0.1185,0.0853,0.3170,0.0348,0.0891,0.0117,0.1398,0.0482,0.0000,0.1044,0.1560,0.0764,0.0299,0.0903,0.1276,0.0633,0.3500,0.0217,0.0000,14.47,16.2099,-14.6589,-5.5616
1705282215.9333,0.0100,0.0230,0.0310,0.0000,0.4601,0.0342,0.1045,0.0927,0.1375,0.4642,0.6038,0.5578,0.7649,0.0266,0.1280,0.1004,0.0204,0.2672,0.0000,0.0660,0.0763,0.1185,0.0532,0.0293,0.1460,0.1174,0.1689,0.0774,0.1523,0.0788,0.1665,0.3534,0.0000,0.0000,13.57,2.7969,-0.4038,0.3491
1705282216.0000,0.0130,0.0290,0.0348,0.0024,0.4152,0.0316,0.1302,0.0962,0.1287,0.4713,0.6576,0.5744,0.8007,0.0114,0.1556,0.1113,0.0894,0.2683,0.0000,0.0000,0.1051,0.1194,0.0323,0.1581,0.1653,0.0783,0.0665,0.0755,0.1992,0.1913,0.0289,0.2288,0.1141,0.0000,16.25,18.5089,9.1294,1.0651
1705282216.0667,0.0107,0.0306,0.0370,0.0000,0.4061,0.0219,0.0936,0.1098,0.1436,0.4880,0.7213,0.5870,0.8818,0.0144,0.0846,0.2044,0.0649,0.2471,0.0288,0.0000,0.1113,0.0181,0.0000,0.1251,0.0852,0.0699,0.0998,0.0166,0.1589,0.0905,0.0623,0.2972,0.0751,0.0000,13.52,-10.8706,8.5860,2.0176
1705282216.1333,0.0000,0.0308,0.0399,0.0051,0.4145,0.0229,0.0915,0.1063,0.1322,0.4941,0.6673,0.5875,0.9290,0.0435,0.1118,0.0435,0.0771,0.2710,0.0000,0.0363,0.0469,0.1092,0.0687,0.1229,0.1362,0.0698,0.0744,0.0441,0.1493,0.1060,0.0000,0.2441,0.0454,0.0000,13.19,9.8600,1.0023,5.5647
1705282216.2000,0.0070,0.0441,0.0447,0.0121,0.4434,0.0153,0.0908,0.1055,0.1104,0.4760,0.6224,0.5585,0.9007,0.0000,0.0440,0.0217,0.0702,0.2567,0.0356,0.0655,0.1289,0.1464,0.0669,0.0822,0.1256,0.0377,0.1392,0.0623,0.0661,0.1666,0.0830,0.3979,0.1709,0.0000,15.40,16.1041,9.3761,0.5921
1705282216.2667,0.0000,0.0469,0.0525,0.0133,0.4487,0.0060,0.0700,0.1135,0.1067,0.4854,0.6306,0.5333,0.9398,0.0193,0.0704,0.0780,0.0316,0.2796,0.0000,0.0174,0.1484,0.1533,0.0000,0.0694,0.1327,0.0615,0.0370,0.0292,0.1609,0.1318,0.1096,0.2444,0.1319,1.0000,17.25,10.3963,10.0353,4.2210
1705282216.3333,0.0000,0.0335,0.0445,0.0221,0.4571,0.0152,0.0591,0.1253,0.1031,0.4841,0.5875,0.6113,0.8872,0.0731,0.0380,0.0000,0.0164,0.2818,0.0000,0.0261,0.0910,0.0591,0.0709,0.1583,0.0895,0.1281,0.0000,0.0446,0.0059,0.0433,0.1123,0.3860,0.0646,1.0000,13.60,10.1397,-4.4020,5.0383
1705282216.4000,0.0000,0.0340,0.0335,0.0222,0.4393,0.0449,0.0624,0.1005,0.0855,0.5066,0.6163,0.5355,0.8791,0.0410,0.0788,0.0858,0.0427,0.2874,0.0000,0.0000,0.1114,0.0442,0.0043,0.1275,0.2055,0.1526,0.1359,0.0109,0.0587,0.1346,0.0569,0.3894,0.1194,0.0000,18.29,9.9116,2.0837,-1.2606
1705282216.4667,0.0208,0.0377,0.0195,0.0242,0.4320,0.0610,0.0644,0.1113,0.0787,0.4902,0.6838,0.5239,0.8389,0.0497,0.0762,0.0098,0.0446,0.2101,0.0211,0.0000,0.1644,0.0519,0.0039,0.0816,0.1921,0.0135,0.0385,0.0088,0.0626,0.0991,0.0575,0.2872,0.0712,0.0000,11.73,7.3914,-7.8275,-0.3611
1705282216.5333,0.0230,0.0315,0.0335,0.0406,0.4393,0.0776,0.0818,0.1078,0.0985,0.4398,0.7478,0.5331,0.8565,0.0932,0.1069,0.1020,0.0745,0.2771,0.0353,0.0322,0.0216,0.0487,0.0043,0.1611,0.0000,0.1148,0.1091,0.0100,0.1398,0.1177,0.0748,0.3128,0.1473,0.0000,13.32,8.7580,-1.8862,6.2563
1705282216.6000,0.0135,0.0424,0.0389,0.0317,0.4640,0.0668,0.0687,0.1163,0.1048,0.4318,0.7327,0.4581,0.8705,0.1259,0.0398,0.0517,0.0070,0.2665,0.0401,0.0017,0.1174,0.0816,0.0403,0.0327,0.1107,0.0455,0.0897,0.0515,0.1079,0.0900,0.1120,0.4286,0.0453,0.0000,9.78,-4.2353,4.8529,7.3533
1705282216.6667,0.0081,0.0412,0.0432,0.0201,0.4361,0.0675,0.0694,0.1255,0.0889,0.4600,0.7003,0.5072,0.8621,0.1237,0.0353,0.0685,0.0344,0.2684,0.0020,0.0615,0.0261,0.1747,0.0716,0.1872,0.0792,0.0824,0.1224,0.0300,0.0754,0.1524,0.0231,0.3631,0.0659,0.0000,13.06,2.7282,-15.8651,3.6112
1705282216.7333,0.0171,0.0354,0.0440,0.0260,0.4140,0.0597,0.0635,0.1042,0.0964,0.4839,0.6261,0.4750,0.8801,0.0288,0.0400,0.0000,0.0000,0.2682,0.0076,0.0373,0.0241,0.1573,0.0353,0.1559,0.1846,0.1365,0.1393,0.0567,0.0257,0.1124,0.0373,0.4917,0.0396,0.0000,12.28,8.5142,-8.3437,10.5000
1705282216.8000,0.0304,0.0301,0.0307,0.0335,0.4293,0.0354,0.0737,0.1166,0.1045,0.4695,0.6694,0.5756,0.8029,0.0587,0.0318,0.0178,0.0000,0.2329,0.0000,0.0232,0.1110,0.2359,0.0000,0.0000,0.0837,0.1782,0.1444,0.0211,0.1349,0.0440,0.1730,0.3569,0.0834,1.0000,15.91,2.3685,-19.9440,-3.7574
1705282216.8667,0.0173,0.0176,0.0352,0.0305,0.4727,0.0414,0.0850,0.0913,0.0975,0.4669,0.6460,0.5468,0.8193,0.0568,0.0468,0.0185,0.0512,0.2254,0.0505,0.0000,0.1053,0.0812,0.0424,0.1762,0.1742,0.0654,0.1695,0.0236,0.0423,0.1782,0.0526,0.4241,0.0766,0.0000,20.37,9.8819,4.6108,-2.5331
1705282216.9333,0.0032,0.0049,0.0312,0.0291,0.4462,0.0472,0.0832,0.1076,0.0902,0.4944,0.7119,0.4853,0.8301,0.0758,0.1003,0.0617,0.0695,0.3082,0.0056,0.0000,0.0471,0.0000,0.0037,0.0306,0.0561,0.2285,0.1373,0.0270,0.1153,0.1095,0.1047,0.4587,0.1174,0.0000,17.80,12.4140,-13.3967,-0.7693
1705282217.0000,0.0222,0.0086,0.0341,0.0328,0.4475,0.0428,0.0872,0.0991,0.0804,0.4872,0.6959,0.3351,0.7344,0.0718,0.0000,0.0204,0.0146,0.2409,0.0332,0.0749,0.1560,0.1233,0.0375,0.1277,0.0884,0.0486,0.1582,0.0815,0.1437,0.0559,0.1855,0.4522,0.1042,0.0000,14.21,-2.9108,-17.0495,4.0914
1705282217.0667,0.0088,0.0012,0.0251,0.0395,0.4199,0.0492,0.0964,0.0948,0.0727,0.5155,0.7024,0.3392,0.7725,0.0032,0.0143,0.0462,0.0357,0.2275,0.0000,0.0495,0.0668,0.0613,0.0087,0.1285,0.0833,0.1265,0.0949,0.0845,0.1747,0.0195,0.0000,0.4214,0.1076,1.0000,12.87,0.5919,4.5130,7.8526
1705282217.1333,0.0070,0.0000,0.0196,0.0373,0.4232,0.0402,0.0968,0.1047,0.0590,0.5273,0.6998,0.3961,0.7475,0.0000,0.0458,0.0262,0.0486,0.2515,0.0000,0.0050,0.0681,0.0354,0.0875,0.1514,0.1601,0.0742,0.0444,0.0632,0.0498,0.0032,0.1361,0.3048,0.0789,0.0000,14.03,-5.6175,0.1604,7.3820
1705282217.2000,0.0086,0.0070,0.0267,0.0026,0.4158,0.0336,0.0963,0.1063,0.0421,0.5566,0.7323,0.4460,0.7114,0.0000,0.0405,0.0117,0.0941,0.2451,0.0261,0.0203,0.0827,0.1182,0.0543,0.1661,0.1825,0.0368,0.0650,0.0182,0.0500,0.0650,0.1742,0.3656,0.1149,0.0000,8.16,-13.8839,15.4879,-3.3334
1705282217.2667,0.0053,0.0204,0.0279,0.0062,0.4420,0.0621,0.0838,0.1015,0.0661,0.5107,0.6959,0.4927,0.7434,0.0796,0.0429,0.0106,0.0511,0.2656,0.0219,0.0339,0.1207,0.1126,0.0154,0.0793,0.1039,0.0362,0.0533,0.0568,0.0929,0.1151,0.1179,0.4026,0.0452,0.0000,17.99,9.5939,-2.9250,-5.9481
1705282217.3333,0.0135,0.0236,0.0312,0.0100,0.4644,0.0794,0.0854,0.1021,0.0575,0.4797,0.7065,0.5355,0.7032,0.0014,0.0669,0.0509,0.0581,0.2695,0.0516,0.0000,0.1606,0.2347,0.0065,0.2485,0.0194,0.1829,0.0991,0.0596,0.1631,0.0724,0.1672,0.3167,0.0826,1.0000,14.15,4.3766,4.5494,-4.5921
1705282217.4000,0.0314,0.0241,0.0323,0.0112,0.4564,0.0499,0.1019,0.1160,0.0397,0.4823,0.6661,0.4773,0.7304,0.0044,0.0771,0.0093,0.1013,0.3363,0.0014,0.0339,0.0000,0.0973,0.0237,0.0450,0.0963,0.1123,0.0657,0.0182,0.0074,0.1083,0.0374,0.3221,0.0661,0.0000,12.09,-6.3240,1.8809,1.3114
1705282217.4667,0.0234,0.0335,0.0242,0.0055,0.4527,0.0431,0.1020,0.1172,0.0647,0.4802,0.6520,0.4966,0.6624,0.0110,0.1165,0.0293,0.1190,0.2705,0.0000,0.0452,0.0800,0.0904,0.0524,0.0983,0.1030,0.0885,0.0367,0.0497,0.0553,0.0815,0.1271,0.2577,0.1069,0.0000,13.44,2.5980,-4.1185,8.6744
1705282217.5333,0.0122,0.0442,0.0306,0.0062,0.4530,0.0436,0.1146,0.1156,0.0757,0.4625,0.6388,0.4477,0.6541,0.0000,0.0496,0.0450,0.0683,0.2272,0.0000,0.0180,0.1812,0.0243,0.0502,0.1053,0.0805,0.0546,0.0636,0.0750,0.0040,0.1688,0.0905,0.3708,0.0000,0.0000,8.00,-9.5961,5.9340,4.4058
1705282217.6000,0.0337,0.0430,0.0370,0.0000,0.4233,0.0399,0.1236,0.1129,0.0741,0.4675,0.6126,0.5460,0.6986,0.0000,0.0928,0.0218,0.0631,0.2920,0.0000,0.0386,0.0558,0.1013,0.0044,0.0709,0.1081,0.1009,0.0000,0.1060,0.1738,0.1223,0.0475,0.2643,0.1435,0.0000,11.63,7.9327,-5.8463,-1.7275
1705282217.6667,0.0371,0.0478,0.0416,0.0107,0.4201,0.0505,0.1106,0.1196,0.0851,0.4461,0.5369,0.4777,0.6105,0.0667,0.1092,0.0411,0.0399,0.2524,0.0194,0.0637,0.1589,0.1021,0.0462,0.1236,0.0766,0.0816,0.1059,0.0270,0.1392,0.0312,0.1214,0.3251,0.0160,0.0000,16.17,5.5469,-7.1372,-4.8533
1705282217.7333,0.0480,0.0303,0.0350,0.0057,0.4495,0.0248,0.1245,0.1075,0.0805,0.4565,0.6195,0.5020,0.5645,0.0000,0.0917,0.0639,0.0900,0.2725,0.0032,0.0049,0.1581,0.0768,0.0000,0.0617,0.1365,0.0321,0.1159,0.0692,0.0568,0.0878,0.0329,0.3755,0.0872,0.0000,22.09,-2.5433,9.0101,0.5589
1705282217.8000,0.0323,0.0336,0.0301,0.0082,0.4582,0.0252,0.1217,0.1155,0.0727,0.4615,0.6348,0.4331,0.6460,0.0237,0.0573,0.0260,0.0861,0.2619,0.0045,0.0000,0.1992,0.1782,0.0003,0.0797,0.0634,0.0275,0.0504,0.0657,0.0969,0.1941,0.1789,0.3456,0.1114,0.0000,15.96,22.5397,0.2415,-2.9897
1705282217.8667,0.0231,0.0446,0.0349,0.0114,0.4543,0.0398,0.1221,0.1157,0.0819,0.4433,0.6211,0.5273,0.6829,0.0909,0.0931,0.0777,0.0783,0.2712,0.0377,0.0000,0.0431,0.0944,0.0000,0.1652,0.0411,0.0144,0.2299,0.0372,0.1356,0.1475,0.0816,0.4464,0.1670,0.0000,15.56,0.3096,-11.4070,-3.7289
1705282217.9333,0.0218,0.0362,0.0272,0.0163,0.4545,0.0270,0.1118,0.1228,0.0863,0.4576,0.6927,0.5653,0.6685,0.0000,0.1530,0.0299,0.0934,0.2728,0.0332,0.0352,0.0617,0.1389,0.0000,0.1564,0.0542,0.0515,0.1107,0.0385,0.0433,0.0536,0.0737,0.3310,0.1395,0.0000,13.63,18.8294,12.2565,2.3947
1705282218.0000,0.0134,0.0208,0.0187,0.0163,0.4401,0.0270,0.0917,0.1308,0.1065,0.4808,0.6879,0.5672,0.7462,0.0000,0.0929,0.0184,0.0638,0.1793,0.0437,0.0353,0.1333,0.1058,0.0000,0.1714,0.1115,0.0899,0.0942,0.0357,0.1537,0.1344,0.1274,0.3726,0.1385,0.0000,14.18,14.4219,-7.5994,-1.6162
1705282218.0667,0.0278,0.0165,0.0075,0.0079,0.4598,0.0386,0.0799,0.1382,0.0918,0.4792,0.6735,0.6595,0.7092,0.0298,0.0748,0.1107,0.0433,0.2844,0.0000,0.0134,0.1047,0.2230,0.0137,0.0637,0.0146,0.1370,0.0666,0.0929,0.0215,0.0612,0.1718,0.3239,0.1171,0.0000,13.73,2.9714,-5.9539,-1.7759
1705282218.1333,0.0461,0.0313,0.0131,0.0106,0.4303,0.0336,0.0820,0.1299,0.0845,0.4832,0.6827,0.6207,0.6453,0.0463,0.0210,0.0829,0.0562,0.2126,0.0369,0.0000,0.0760,0.0610,0.0140,0.1310,0.0899,0.0590,0.0574,0.0258,0.1289,0.1072,0.0680,0.3304,0.1160,0.0000,12.20,0.0234,-17.4420,3.5490
1705282218.2000,0.0319,0.0308,0.0097,0.0000,0.4067,0.0540,0.0820,0.1311,0.0893,0.4987,0.6342,0.5495,0.6606,0.0000,0.1133,0.0320,0.0869,0.2288,0.0390,0.0187,0.1446,0.1469,0.1055,0.0761,0.0289,0.0940,0.0523,0.0547,0.1914,0.0479,0.1978,0.2596,0.1597,0.0000,18.11,26.7134,9.5700,-1.2573
1705282218.2667,0.0433,0.0410,0.0167,0.0063,0.3899,0.0455,0.0819,0.1291,0.0741,0.5034,0.6213,0.5464,0.7786,0.0479,0.1268,0.0424,0.0275,0.1936,0.0207,0.0253,0.0584,0.0865,0.0821,0.1017,0.1512,0.1097,0.1171,0.0000,0.2137,0.1016,0.0000,0.3523,0.0833,0.0000,13.99,-1.5603,-8.0801,-0.5949
1705282218.3333,0.0408,0.0337,0.0040,0.0206,0.4230,0.0458,0.0836,0.1448,0.0908,0.4678,0.7083,0.5159,0.8117,0.0513,0.1262,0.0929,0.0663,0.2489,0.0053,0.0864,0.0684,0.1364,0.0175,0.1619,0.1104,0.2145,0.1302,0.0608,0.1161,0.0397,0.0214,0.3905,0.0962,0.0000,11.32,-2.0482,-4.2361,1.2021
1705282218.4000,0.0518,0.0341,0.0200,0.0164,0.4382,0.0452,0.0772,0.1396,0.0810,0.4578,0.7277,0.4897,0.7494,0.0000,0.0673,0.0805,0.0000,0.2771,0.0777,0.0346,0.0577,0.1513,0.0480,0.1258,0.0516,0.1241,0.0449,0.0415,0.0021,0.0729,0.1555,0.4353,0.0608,0.0000,11.57,3.1955,-10.0449,-5.4993
1705282218.4667,0.0659,0.0210,0.0172,0.0177,0.4692,0.0353,0.0677,0.1515,0.0764,0.4469,0.7636,0.5557,0.7945,0.0965,0.1170,0.0647,0.0052,0.2322,0.0641,0.0491,0.1046,0.1114,0.0556,0.1226,0.1322,0.2190,0.1589,0.0060,0.1078,0.0626,0.0719,0.3729,0.0745,0.0000,13.45,11.3853,-11.8968,0.3158
1705282218.5333,0.0741,0.0215,0.0158,0.0000,0.4745,0.0365,0.1145,0.1539,0.0873,0.4132,0.7354,0.6042,0.7810,0.1021,0.0925,0.1146,0.1038,0.2724,0.0148,0.0037,0.0738,0.0834,0.0000,0.0455,0.1007,0.0991,0.0000,0.0350,0.0236,0.1675,0.2134,0.3869,0.1273,0.0000,13.59,2.2912,-3.3280,-2.6209
1705282218.6000,0.0628,0.0212,0.0130,0.0000,0.4493,0.0478,0.0829,0.1526,0.0917,0.4473,0.7413,0.5944,0.7932,0.0705,0.0079,0.0958,0.0855,0.2966,0.0000,0.0269,0.0431,0.1295,0.0899,0.2077,0.1093,0.0643,0.0779,0.0356,0.0360,0.1684,0.1063,0.3334,0.1654,0.0000,14.57,2.0623,1.0733,-4.0649
1705282218.6667,0.0679,0.0264,0.0224,0.0173,0.4378,0.0640,0.0749,0.1480,0.0898,0.4310,0.7304,0.6065,0.7712,0.0087,0.0275,0.0739,0.0229,0.2653,0.0053,0.0431,0.0966,0.1631,0.0560,0.0995,0.0483,0.0748,0.1621,0.0444,0.1502,0.0944,0.0989,0.3520,0.1043,0.0000,13.31,17.8292,-12.6992,-0.5388
1705282218.7333,0.0713,0.0291,0.0292,0.0228,0.4473,0.0556,0.0753,0.1264,0.0919,0.4306,0.6722,0.5650,0.8469,0.0000,0.0785,0.1005,0.0389,0.3063,0.0406,0.0304,0.1871,0.0935,0.0355,0.0818,0.1912,0.1156,0.1623,0.0696,0.0578,0.1461,0.1344,0.3389,0.1292,0.0000,16.67,4.4348,2.4634,-8.5926
1705282218.8000,0.0734,0.0423,0.0134,0.0240,0.4887,0.0574,0.0938,0.1230,0.0850,0.3993,0.5896,0.6191,0.8228,0.0072,0.1109,0.1295,0.0005,0.2824,0.0562,0.0259,0.0328,0.0183,0.0144,0.1257,0.0921,0.2010,0.0546,0.0449,0.0477,0.1395,0.0531,0.3809,0.1048,0.0000,11.18,15.6445,1.0724,-6.9767
1705282218.8667,0.0591,0.0370,0.0179,0.0157,0.4968,0.0468,0.0838,0.1331,0.0882,0.4130,0.5446,0.5860,0.8880,0.0371,0.0905,0.0290,0.0356,0.2825,0.0360,0.0618,0.1912,0.1686,0.0495,0.1353,0.1553,0.0777,0.0601,0.0899,0.2079,0.0776,0.0435,0.3442,0.1387,0.0000,14.89,18.3098,-16.9086,-4.5684
1705282218.9333,0.0524,0.0332,0.0345,0.0000,0.4835,0.0289,0.0777,0.1373,0.0999,0.4316,0.5504,0.6971,0.8723,0.0000,0.0000,0.0854,0.0413,0.3201,0.0420,0.0384,0.1280,0.0673,0.0000,0.0838,0.1371,0.0373,0.0614,0.0601,0.0688,0.1360,0.1492,0.3747,0.0512,0.0000,17.92,24.7771,0.5329,-5.3471
1705282219.0000,0.0477,0.0367,0.0354,0.0000,0.5109,0.0273,0.0797,0.1417,0.0986,0.4131,0.6141,0.6638,0.9195,0.0000,0.0462,0.1333,0.0472,0.2818,0.0926,0.0268,0.0850,0.0343,0.0203,0.0623,0.1355,0.0989,0.2346,0.0565,0.0672,0.1233,0.0594,0.3840,0.1282,0.0000,7.88,2.8711,-2.8001,6.6794
1705282219.0667,0.0401,0.0352,0.0344,0.0069,0.5081,0.0203,0.0586,0.1428,0.0975,0.4337,0.6344,0.6156,0.9309,0.0000,0.0019,0.0961,0.0000,0.2804,0.0482,0.0560,0.0828,0.1030,0.0000,0.0968,0.1172,0.1165,0.0618,0.0236,0.1345,0.0661,0.0695,0.3110,0.1395,0.0000,12.28,7.6246,-11.7321,-0.2525
1705282219.1333,0.0326,0.0456,0.0314,0.0259,0.4632,0.0000,0.0785,0.1349,0.0867,0.4607,0.6581,0.6393,0.8875,0.0115,0.0217,0.0859,0.0000,0.2352,0.0430,0.0407,0.0876,0.0506,0.0315,0.0979,0.1352,0.0000,0.1383,0.0184,0.0200,0.0804,0.1617,0.4770,0.1047,0.0000,12.30,-13.5725,-8.5415,-2.5694
1705282219.2000,0.0327,0.0530,0.0375,0.0183,0.4442,0.0233,0.0894,0.1402,0.0884,0.4438,0.6632,0.6247,0.8453,0.0000,0.0734,0.0739,0.0211,0.2909,0.0591,0.0000,0.1538,0.0989,0.0613,0.1036,0.0741,0.1941,0.0933,0.0482,0.0789,0.1224,0.0915,0.3687,0.0717,0.0000,12.93,6.9078,-8.2321,-1.2267
1705282219.2667,0.0322,0.0477,0.0339,0.0258,0.4290,0.0081,0.0917,0.1398,0.0568,0.4809,0.6969,0.6392,0.8111,0.0003,0.0192,0.0315,0.0515,0.2576,0.0655,0.0203,0.1206,0.1596,0.0000,0.1158,0.0000,0.0915,0.0601,0.0300,0.1553,0.0806,0.1420,0.3291,0.1505,0.0000,18.41,3.8239,-4.3214,3.3629
1705282219.3333,0.0395,0.0385,0.0316,0.0141,0.4476,0.0272,0.0702,0.1370,0.0369,0.4945,0.7674,0.5625,0.8044,0.1358,0.1758,0.0000,0.0406,0.3096,0.0056,0.0240,0.1116,0.1660,0.0000,0.2115,0.0768,0.1220,0.0000,0.0000,0.1262,0.1020,0.1104,0.3082,0.0701,0.0000,16.58,-0.4567,-10.4731,1.5758
1705282219.4000,0.0375,0.0329,0.0272,0.0256,0.4741,0.0432,0.0772,0.1533,0.0147,0.4686,0.7228,0.5354,0.8476,0.0226,0.0213,0.0090,0.0342,0.2646,0.0000,0.0000,0.0347,0.0586,0.0065,0.1204,0.1599,0.1160,0.1032,0.0000,0.0934,0.1005,0.1788,0.3657,0.0784,0.0000,15.39,9.8583,8.3437,1.0965
1705282219.4667,0.0378,0.0387,0.0393,0.0062,0.4480,0.0608,0.0710,0.1431,0.0160,0.4835,0.6728,0.4848,0.8145,0.0631,0.0166,0.0387,0.0393,0.3089,0.0370,0.0000,0.1314,0.0610,0.0406,0.0783,0.1126,0.1320,0.0076,0.0254,0.2143,0.2104,0.1457,0.3956,0.1220,0.0000,12.71,15.8654,1.5445,-1.2661
1705282219.5333,0.0264,0.0233,0.0390,0.0134,0.4362,0.0536,0.0747,0.1460,0.0443,0.4858,0.7355,0.5473,0.8132,0.0000,0.0016,0.0423,0.0000,0.2218,0.0160,0.0000,0.1770,0.1793,0.0185,0.1142,0.1286,0.0991,0.0769,0.0812,0.1460,0.1180,0.0679,0.3462,0.0599,0.0000,14.41,-1.7137,0.6343,-3.0604
1705282219.6000,0.0328,0.0248,0.0473,0.0234,0.4672,0.0518,0.0758,0.1544,0.0688,0.4322,0.7778,0.5476,0.8538,0.1065,0.0675,0.0375,0.0663,0.2724,0.0266,0.0507,0.1316,0.1005,0.0044,0.0558,0.0378,0.0544,0.1783,0.0682,0.0677,0.1135,0.1212,0.4488,0.2008,0.0000,20.79,11.8605,-9.5382,12.6578
1705282219.6667,0.0286,0.0276,0.0433,0.0095,0.4721,0.0363,0.0684,0.1500,0.0648,0.4597,0.7760,0.4367,0.8652,0.0000,0.1022,0.0057,0.0557,0.2689,0.0415,0.0331,0.1448,0.0723,0.0457,0.0954,0.0267,0.0996,0.0983,0.0529,0.0971,0.0864,0.1656,0.4143,0.0228,0.0000,18.34,8.3155,4.0189,4.0142
1705282219.7333,0.0391,0.0313,0.0391,0.0059,0.4568,0.0547,0.0807,0.1537,0.0601,0.4472,0.7352,0.3663,0.7828,0.0297,0.0898,0.0362,0.0406,0.2866,0.0122,0.0031,0.1992,0.0914,0.0203,0.0782,0.1309,0.1054,0.0775,0.0107,0.0633,0.1179,0.1130,0.4201,0.1290,0.0000,19.85,13.0942,1.2477,-14.3324
1705282219.8000,0.0379,0.0354,0.0385,0.0113,0.4689,0.0461,0.0824,0.1516,0.0487,0.4475,0.7302,0.3824,0.7787,0.0242,0.0272,0.0315,0.0675,0.2457,0.0384,0.0000,0.0925,0.0117,0.0246,0.0821,0.1428,0.1281,0.1293,0.0079,0.0543,0.0388,0.1531,0.3853,0.1332,0.0000,19.90,0.8455,0.2291,8.4480
1705282219.8667,0.0513,0.0436,0.0348,0.0061,0.4796,0.0256,0.0895,0.1465,0.0618,0.4368,0.7610,0.3351,0.7968,0.0882,0.0453,0.0807,0.0175,0.3211,0.0150,0.0136,0.0893,0.0960,0.0445,0.0976,0.0767,0.0768,0.1374,0.0535,0.1392,0.0917,0.0000,0.4629,0.0528,0.0000,11.87,15.5787,12.7279,-3.6557
1705282219.9333,0.0390,0.0077,0.0167,0.0000,0.5001,0.0497,0.0809,0.1628,0.0481,0.4570,0.7937,0.3696,0.8476,0.0148,0.0771,0.0351,0.0000,0.2691,0.0000,0.0490,0.1481,0.1598,0.0271,0.0527,0.1252,0.1487,0.0624,0.0180,0.1988,0.0699,0.1173,0.4112,0.1195,0.0000,18.11,-1.8845,-6.4890,5.7853
1705282220.0000,0.0557,0.0044,0.0043,0.0000,0.4960,0.0317,0.0710,0.1513,0.0804,0.4632,0.7394,0.4381,0.7774,0.0000,0.0326,0.0684,0.0407,0.2753,0.0342,0.0483,0.0854,0.0785,0.0185,0.0971,0.0609,0.0084,0.0756,0.0115,0.1552,0.0074,0.1356,0.3627,0.1343,0.0000,12.74,1.4179,8.8651,4.5548
1705282220.0667,0.0591,0.0000,0.0000,0.0013,0.4697,0.0511,0.0702,0.1301,0.0816,0.4822,0.7536,0.3789,0.8066,0.0651,0.0297,0.0454,0.0647,0.2794,0.0217,0.0372,0.1237,0.1881,0.0000,0.0099,0.1512,0.1766,0.1293,0.0602,0.1370,0.1017,0.0000,0.3595,0.1617,0.0000,13.26,-2.9362,12.2684,0.6407
1705282220.1333,0.0486,0.0011,0.0160,0.0040,0.4616,0.0541,0.0749,0.1350,0.0791,0.4753,0.7892,0.3134,0.7566,0.0620,0.0641,0.0534,0.0423,0.2677,0.0465,0.0389,0.1523,0.1004,0.0105,0.0536,0.0819,0.1882,0.0630,0.0971,0.0631,0.0812,0.0399,0.3136,0.0454,0.0000,16.96,-9.2094,-16.3083,2.0705
1705282220.2000,0.0638,0.0000,0.0156,0.0151,0.4741,0.0738,0.0841,0.1327,0.0910,0.4299,0.7569,0.3431,0.7836,0.0521,0.1283,0.0601,0.0381,0.2670,0.0288,0.0000,0.1800,0.1387,0.0486,0.1704,0.1109,0.0615,0.1102,0.0604,0.0531,0.1128,0.1802,0.3331,0.1556,0.0000,13.61,19.1833,10.8042,-11.2532
1705282220.2667,0.0578,0.0000,0.0282,0.0128,0.4487,0.0649,0.0928,0.1521,0.0974,0.4272,0.7431,0.3677,0.6744,0.0415,0.0646,0.0639,0.0871,0.3053,0.0302,0.0251,0.0000,0.0782,0.0288,0.0756,0.0198,0.0214,0.0785,0.0238,0.0084,0.0512,0.0988,0.3519,0.1341,0.0000,14.47,8.0615,9.7571,-4.0762
1705282220.3333,0.0513,0.0215,0.0346,0.0113,0.4555,0.0459,0.0801,0.1246,0.1049,0.4423,0.6958,0.3480,0.7285,0.0000,0.1472,0.0657,0.0000,0.2789,0.0000,0.0256,0.2041,0.0828,0.0000,0.0051,0.1605,0.0933,0.0615,0.0000,0.1317,0.0019,0.0499,0.3680,0.0150,0.0000,11.03,27.2462,-9.9192,-0.6472
1705282220.4000,0.0372,0.0344,0.0380,0.0234,0.4658,0.0508,0.0844,0.1228,0.0849,0.4351,0.7246,0.3599,0.7256,0.0088,0.0657,0.0783,0.0756,0.2847,0.0398,0.0575,0.0824,0.1431,0.0192,0.1061,0.0224,0.1432,0.0830,0.0693,0.0517,0.0000,0.0873,0.3422,0.0503,0.0000,13.92,12.7870,2.0798,4.8542
1705282220.4667,0.0656,0.0325,0.0359,0.0241,0.4400,0.0503,0.0908,0.1273,0.1033,0.4182,0.6983,0.3073,0.6419,0.0000,0.0810,0.0782,0.0310,0.2488,0.0626,0.0264,0.1485,0.0835,0.0653,0.0000,0.1061,0.1141,0.0567,0.0683,0.0218,0.0157,0.1636,0.3852,0.0958,0.0000,20.30,-0.0839,12.0239,-3.7212
1705282220.5333,0.0417,0.0426,0.0312,0.0244,0.4507,0.0576,0.0833,0.1125,0.1012,0.4330,0.7426,0.2564,0.5980,0.0294,0.0520,0.0737,0.0738,0.2487,0.0628,0.0129,0.2022,0.1180,0.0453,0.1173,0.0223,0.1244,0.1447,0.0616,0.1693,0.0955,0.0846,0.3771,0.0953,0.0000,14.76,17.4920,4.1367,-0.4209
1705282220.6000,0.0483,0.0539,0.0380,0.0301,0.4355,0.0518,0.0812,0.1213,0.1098,0.4181,0.7478,0.3082,0.5459,0.0685,0.0000,0.0434,0.0464,0.2419,0.0126,0.0670,0.1411,0.1037,0.0664,0.0697,0.1920,0.0886,0.1162,0.1098,0.0866,0.0352,0.0888,0.2864,0.0539,0.0000,14.55,8.1155,-3.7871,-5.9091
1705282220.6667,0.0552,0.0530,0.0229,0.0202,0.4589,0.0192,0.0803,0.1168,0.1076,0.4396,0.6916,0.3407,0.6029,0.0000,0.0219,0.0533,0.0194,0.2441,0.0428,0.0768,0.1094,0.1266,0.0000,0.0797,0.1231,0.0149,0.0690,0.0267,0.1106,0.1592,0.0638,0.3943,0.1202,0.0000,14.47,12.8105,-5.1031,-0.5758
1705282220.7333,0.0667,0.0357,0.0280,0.0068,0.4417,0.0236,0.0718,0.1161,0.0860,0.4741,0.6771,0.4237,0.6464,0.0118,0.0403,0.0776,0.0705,0.2438,0.0615,0.0985,0.1241,0.0922,0.0573,0.0886,0.1406,0.1367,0.1089,0.0650,0.0561,0.0951,0.1538,0.3095,0.1985,0.0000,17.37,-4.1983,7.6116,-7.3491
1705282220.8000,0.0755,0.0259,0.0180,0.0200,0.4505,0.0442,0.0861,0.1351,0.0598,0.4510,0.6752,0.4420,0.6578,0.0522,0.1184,0.1268,0.0809,0.2789,0.0939,0.0005,0.0705,0.1085,0.0107,0.1988,0.1313,0.0331,0.0853,0.0450,0.0814,0.1423,0.1490,0.3826,0.1498,0.0000,14.40,22.1910,0.3429,-4.3869
1705282220.8667,0.0760,0.0303,0.0199,0.0286,0.4597,0.0368,0.0727,0.1579,0.0593,0.4353,0.6604,0.4118,0.6272,0.0000,0.0402,0.1321,0.1053,0.3233,0.0449,0.0473,0.1521,0.1380,0.0126,0.1319,0.0457,0.0592,0.1054,0.0261,0.1391,0.1172,0.1063,0.3297,0.0605,0.0000,11.67,13.7441,-9.6281,-1.8852
1705282220.9333,0.0612,0.0180,0.0320,0.0182,0.4310,0.0259,0.0696,0.1586,0.0804,0.4631,0.7236,0.3717,0.6143,0.0312,0.0399,0.0663,0.0326,0.2842,0.0516,0.0187,0.0865,0.1206,0.0360,0.0938,0.0089,0.1654,0.2042,0.0000,0.0581,0.0212,0.1007,0.3558,0.0793,0.0000,19.68,11.7899,-22.8657,-1.1786
1705282221.0000,0.0375,0.0188,0.0344,0.0264,0.4308,0.0290,0.0614,0.1575,0.0808,0.4741,0.7327,0.2781,0.6695,0.0000,0.0358,0.0263,0.0078,0.2814,0.0228,0.0312,0.0795,0.0000,0.0000,0.0897,0.0895,0.1233,0.0837,0.0638,0.0580,0.1636,0.0399,0.3437,0.1508,0.0000,15.70,13.3722,7.0752,0.3868
1705282221.0667,0.0403,0.0075,0.0226,0.0238,0.4079,0.0487,0.0755,0.1464,0.0881,0.4836,0.6972,0.2710,0.6742,0.0209,0.0466,0.0439,0.0612,0.2474,0.0241,0.0318,0.1012,0.0754,0.0443,0.1740,0.1318,0.1755,0.0489,0.0467,0.1090,0.0630,0.1963,0.3032,0.0509,0.0000,17.90,8.1309,-7.0867,-1.9223
1705282221.1333,0.0501,0.0034,0.0228,0.0312,0.4223,0.0444,0.0996,0.1336,0.0852,0.4644,0.6460,0.2963,0.7181,0.0870,0.1547,0.1178,0.0602,0.2651,0.0436,0.0399,0.1357,0.0019,0.0371,0.1175,0.2196,0.0791,0.1890,0.1130,0.1449,0.0825,0.1925,0.4063,0.1713,0.0000,14.73,15.7528,12.7919,-0.6118
1705282221.2000,0.0617,0.0010,0.0272,0.0184,0.4082,0.0484,0.0919,0.1404,0.0741,0.4771,0.6707,0.2901,0.6702,0.0673,0.0879,0.0172,0.0428,0.2861,0.0884,0.0585,0.1570,0.0697,0.0474,0.0941,0.1610,0.1041,0.0966,0.0751,0.1822,0.1126,0.0845,0.1926,0.1748,0.0000,11.95,5.8645,17.4081,2.7424
1705282221.2667,0.0678,0.0138,0.0189,0.0102,0.4227,0.0315,0.1103,0.1413,0.0817,0.4611,0.6528,0.2805,0.5835,0.0233,0.0579,0.0750,0.0830,0.2629,0.0590,0.0178,0.0956,0.0638,0.0000,0.1196,0.0717,0.0853,0.0817,0.0679,0.1760,0.1200,0.0940,0.3514,0.1331,0.0000,14.48,2.0321,22.7278,-7.6010
1705282221.3333,0.0751,0.0146,0.0197,0.0152,0.3967,0.0347,0.1316,0.1415,0.0901,0.4484,0.5629,0.3742,0.5848,0.0512,0.1263,0.0993,0.0825,0.2331,0.0541,0.0091,0.0969,0.0579,0.0000,0.0000,0.0314,0.0879,0.0382,0.0413,0.0407,0.2054,0.1115,0.2932,0.0620,0.0000,10.53,21.3850,-5.1686,-0.9711
1705282221.4000,0.0395,0.0068,0.0158,0.0208,0.4047,0.0342,0.1289,0.1557,0.0777,0.4696,0.6046,0.3876,0.5381,0.0000,0.0960,0.0075,0.1139,0.2714,0.0000,0.0000,0.0367,0.0215,0.0455,0.1125,0.0934,0.0705,0.1450,0.0947,0.1250,0.1071,0.1516,0.4400,0.1391,0.0000,12.37,-12.2743,0.3217,-0.0283
1705282221.4667,0.0526,0.0142,0.0162,0.0175,0.3951,0.0419,0.1366,0.1375,0.0727,0.4694,0.5391,0.3678,0.5612,0.0132,0.1270,0.0755,0.1005,0.2182,0.0000,0.0148,0.1065,0.1581,0.0218,0.0996,0.0831,0.1613,0.1062,0.0220,0.0549,0.0988,0.1516,0.2816,0.1626,0.0000,14.77,3.3715,-7.6672,0.7872
1705282221.5333,0.0417,0.0382,0.0205,0.0104,0.4149,0.0439,0.1353,0.1515,0.0945,0.4295,0.5797,0.4320,0.5960,0.0092,0.1178,0.0518,0.0541,0.2466,0.0414,0.0501,0.1213,0.0750,0.0803,0.0181,0.0936,0.0690,0.1583,0.1070,0.1019,0.0502,0.0609,0.3456,0.0859,0.0000,19.39,9.5651,-3.9509,-2.7121
1705282221.6000,0.0306,0.0419,0.0295,0.0104,0.4231,0.0484,0.1136,0.1468,0.0978,0.4348,0.5135,0.5098,0.6679,0.0130,0.0770,0.0449,0.0416,0.3050,0.0297,0.0000,0.0769,0.0749,0.0412,0.0791,0.2008,0.0772,0.0962,0.0527,0.2242,0.0447,0.0996,0.3023,0.1623,0.0000,15.03,16.2215,-13.5433,-6.3717
1705282221.6667,0.0339,0.0398,0.0371,0.0093,0.4286,0.0402,0.1414,0.1451,0.0900,0.4208,0.5169,0.5171,0.6883,0.0553,0.0820,0.0292,0.1134,0.2629,0.0000,0.0000,0.0853,0.0986,0.0802,0.0319,0.0782,0.1973,0.2302,0.0528,0.1071,0.0354,0.1204,0.3558,0.1096,0.0000,14.82,-4.4153,-10.3950,2.8694
1705282221.7333,0.0099,0.0442,0.0326,0.0080,0.4183,0.0318,0.1297,0.1450,0.0867,0.4563,0.5379,0.5196,0.6849,0.0000,0.0000,0.0664,0.0625,0.2310,0.0290,0.0058,0.1002,0.0795,0.0233,0.0236,0.1646,0.0972,0.0208,0.0841,0.1007,0.0356,0.0644,0.2589,0.1147,0.0000,10.94,-1.1369,-9.4835,0.8284
1705282221.8000,0.0141,0.0431,0.0379,0.0087,0.4110,0.0161,0.1435,0.1328,0.0886,0.4625,0.5611,0.5785,0.6768,0.0553,0.1053,0.0347,0.1134,0.2529,0.0429,0.0000,0.0526,0.0832,0.0200,0.0465,0.0922,0.1070,0.1244,0.0152,0.1649,0.0535,0.1098,0.3647,0.1512,0.0000,16.96,0.8210,6.6934,-8.0753
1705282221.8667,0.0262,0.0527,0.0423,0.0086,0.4337,0.0099,0.1418,0.1426,0.0745,0.4406,0.6530,0.5011,0.7069,0.0752,0.0712,0.0908,0.0324,0.2556,0.0169,0.0576,0.1369,0.0596,0.0268,0.0424,0.1512,0.1519,0.1446,0.0144,0.1054,0.1335,0.1048,0.3502,0.0551,0.0000,10.81,14.6612,-5.1180,5.7031
1705282221.9333,0.0242,0.0496,0.0393,0.0032,0.4489,0.0351,0.1374,0.1317,0.0683,0.4373,0.6677,0.4390,0.6802,0.0283,0.1333,0.1539,0.0846,0.2399,0.0177,0.0446,0.0643,0.1702,0.0269,0.0000,0.0786,0.0722,0.0932,0.0779,0.1836,0.0656,0.1555,0.3421,0.1647,0.0000,13.94,12.4854,-3.8425,8.1423
1705282222.0000,0.0231,0.0467,0.0442,0.0022,0.4613,0.0256,0.1297,0.1349,0.0811,0.4308,0.6860,0.4296,0.7429,0.0384,0.1165,0.0075,0.1089,0.3230,0.0000,0.0000,0.1475,0.1256,0.0534,0.0969,0.0749,0.0865,0.0872,0.0113,0.0017,0.0966,0.0000,0.4081,0.0587,0.0000,12.19,7.2704,12.9931,9.0919
1705282222.0667,0.0205,0.0479,0.0496,0.0047,0.4615,0.0386,0.1220,0.1261,0.1000,0.4175,0.6303,0.3837,0.7452,0.0616,0.1433,0.0993,0.0919,0.2809,0.0347,0.0342,0.0806,0.1255,0.0053,0.1260,0.0701,0.1733,0.0712,0.0293,0.1229,0.0255,0.1498,0.3832,0.1667,0.0000,14.84,5.5768,2.1190,-4.0837
1705282222.1333,0.0098,0.0495,0.0434,0.0028,0.4617,0.0253,0.1245,0.1257,0.0870,0.4422,0.6402,0.3823,0.7556,0.0838,0.1661,0.0163,0.1029,0.2373,0.0512,0.0784,0.0769,0.1296,0.0851,0.1865,0.0974,0.1108,0.0288,0.0570,0.1005,0.0701,0.0904,0.2819,0.1215,0.0000,16.52,-8.4813,14.5237,-6.5401
1705282222.2000,0.0163,0.0348,0.0573,0.0000,0.4355,0.0465,0.1341,0.1300,0.0809,0.4388,0.6256,0.3921,0.7500,0.1302,0.0694,0.0530,0.0968,0.2670,0.0000,0.0000,0.0574,0.0722,0.0301,0.1131,0.1690,0.1309,0.1691,0.0597,0.1326,0.0409,0.1576,0.3133,0.1364,0.0000,17.91,-2.3759,-13.0239,-0.9546
1705282222.2667,0.0334,0.0294,0.0477,0.0118,0.4359,0.0354,0.1553,0.1331,0.0742,0.4262,0.6453,0.4346,0.7216,0.0544,0.0644,0.0260,0.1247,0.2763,0.0031,0.0041,0.0832,0.0321,0.0388,0.1399,0.1293,0.0581,0.0195,0.1623,0.0765,0.0614,0.0000,0.4037,0.1040,0.0000,14.60,11.4697,-3.4375,6.1219
1705282222.3333,0.0084,0.0298,0.0564,0.0120,0.4131,0.0437,0.1595,0.1232,0.0699,0.4503,0.6167,0.3777,0.7133,0.0330,0.1143,0.1181,0.1420,0.2393,0.0000,0.0624,0.1575,0.0718,0.0000,0.0027,0.0207,0.0951,0.1023,0.0506,0.1485,0.1350,0.1097,0.3652,0.0614,0.0000,19.27,-2.4463,-4.1009,-5.6754
1705282222.4000,0.0046,0.0357,0.0638,0.0087,0.4210,0.0557,0.1646,0.1250,0.0790,0.4251,0.5922,0.4625,0.7284,0.0000,0.1097,0.0080,0.0293,0.2311,0.0000,0.0612,0.1502,0.0430,0.0643,0.1108,0.1268,0.1442,0.1021,0.0686,0.0885,0.1056,0.1396,0.2852,0.1080,0.0000,13.21,10.7224,10.5288,0.3217
1705282222.4667,0.0000,0.0340,0.0634,0.0000,0.4377,0.0601,0.1694,0.1296,0.0960,0.4058,0.6487,0.4544,0.6980,0.0000,0.0924,0.0763,0.1283,0.3092,0.0000,0.0647,0.2021,0.0969,0.0328,0.1476,0.1601,0.0795,0.0512,0.0709,0.1753,0.1480,0.0916,0.3253,0.0854,0.0000,12.74,21.5948,-0.5923,-6.3434
1705282222.5333,0.0253,0.0584,0.0536,0.0000,0.4018,0.0528,0.1604,0.1490,0.1088,0.3939,0.5641,0.4135,0.7296,0.0019,0.1335,0.0640,0.1460,0.2424,0.0000,0.0000,0.0812,0.1526,0.0538,0.1593,0.1941,0.1142,0.2042,0.1258,0.1975,0.1021,0.1061,0.2705,0.0357,0.0000,21.66,4.6845,2.2970,-3.9416
1705282222.6000,0.0205,0.0631,0.0433,0.0141,0.4087,0.0830,0.1510,0.1508,0.0840,0.3889,0.5190,0.4611,0.6732,0.0820,0.1129,0.0143,0.0912,0.2469,0.0640,0.0199,0.1145,0.1194,0.0642,0.1030,0.1125,0.0515,0.0984,0.0417,0.1039,0.1148,0.0000,0.2905,0.1999,0.0000,10.82,3.0462,4.4817,1.0058
1705282222.6667,0.0297,0.0567,0.0436,0.0126,0.4018,0.0967,0.1473,0.1480,0.0730,0.3944,0.4678,0.4651,0.5716,0.0369,0.0958,0.0264,0.0889,0.2116,0.0228,0.0717,0.0470,0.0656,0.0712,0.1480,0.0806,0.1737,0.0803,0.0877,0.1707,0.0497,0.0215,0.3005,0.1114,0.0000,17.82,-7.7005,7.8202,3.7154
1705282222.7333,0.0330,0.0424,0.0412,0.0000,0.4345,0.0800,0.1364,0.1350,0.0702,0.4164,0.4645,0.3797,0.5989,0.1003,0.0411,0.0379,0.0687,0.2810,0.0000,0.0521,0.1247,0.0848,0.0636,0.1108,0.0839,0.0570,0.0722,0.0759,0.0978,0.0744,0.1029,0.3395,0.0698,0.0000,10.91,18.4092,-3.3062,3.9817
1705282222.8000,0.0372,0.0322,0.0529,0.0000,0.4134,0.0835,0.1416,0.1480,0.0720,0.4116,0.4705,0.4163,0.6708,0.0000,0.1215,0.0252,0.0424,0.2156,0.0132,0.0134,0.1251,0.0739,0.0498,0.1635,0.1664,0.1161,0.1247,0.1024,0.1041,0.0756,0.0349,0.2619,0.0912,0.0000,16.24,2.1435,-3.9891,1.5538
1705282222.8667,0.0461,0.0245,0.0441,0.0000,0.4123,0.0663,0.1423,0.1438,0.0664,0.4326,0.6156,0.3947,0.6581,0.0083,0.1313,0.0945,0.1436,0.2118,0.0450,0.0431,0.0884,0.0656,0.0325,0.1710,0.0718,0.0527,0.1144,0.1234,0.1891,0.1474,0.0893,0.2093,0.0000,0.0000,11.89,19.5560,-6.7108,-3.7215
1705282222.9333,0.0381,0.0095,0.0597,0.0191,0.4237,0.0555,0.1401,0.1530,0.0651,0.4217,0.6617,0.3548,0.6580,0.0162,0.1315,0.0518,0.0485,0.2615,0.0360,0.0630,0.0196,0.0707,0.0533,0.0724,0.1514,0.1012,0.1191,0.0340,0.0493,0.0784,0.0703,0.2846,0.1069,0.0000,15.08,7.9774,-3.6318,-5.8320
1705282223.0000,0.0171,0.0253,0.0574,0.0298,0.4302,0.0318,0.1487,0.1385,0.0654,0.4335,0.6280,0.3421,0.6459,0.0000,0.0611,0.0322,0.0648,0.2259,0.0000,0.0647,0.1260,0.0942,0.0000,0.0867,0.0914,0.0442,0.0806,0.0917,0.0012,0.1400,0.0000,0.3339,0.0940,0.0000,12.28,7.2474,-1.8361,0.6940
1705282223.0667,0.0151,0.0211,0.0673,0.0235,0.4235,0.0334,0.1619,0.1129,0.0692,0.4433,0.6678,0.3982,0.6779,0.0778,0.1546,0.0763,0.1418,0.2595,0.0000,0.0624,0.1624,0.1470,0.0000,0.0688,0.0982,0.1111,0.1090,0.0819,0.1956,0.0163,0.0915,0.3860,0.1453,0.0000,14.12,16.3371,-4.9020,6.8237
1705282223.1333,0.0158,0.0115,0.0522,0.0291,0.4308,0.0304,0.1446,0.1036,0.0796,0.4614,0.6707,0.4519,0.6488,0.0552,0.1206,0.0483,0.0034,0.3244,0.0155,0.0000,0.1131,0.0430,0.0000,0.0463,0.1180,0.1545,0.0561,0.1069,0.0538,0.1156,0.0956,0.2639,0.1493,0.0000,17.01,0.7612,-9.1630,0.5941
1705282223.2000,0.0184,0.0197,0.0410,0.0269,0.4505,0.0446,0.1110,0.0922,0.1125,0.4500,0.7032,0.5255,0.6328,0.0000,0.0245,0.0481,0.0679,0.2767,0.0123,0.0000,0.0364,0.1034,0.0630,0.1212,0.0471,0.1189,0.1133,0.0912,0.0757,0.1610,0.0444,0.3466,0.0282,0.0000,18.00,23.6341,-3.6885,1.1507
1705282223.2667,0.0297,0.0284,0.0377,0.0193,0.4334,0.0478,0.1093,0.0713,0.1057,0.4704,0.7621,0.4928,0.6066,0.0314,0.1252,0.0772,0.0294,0.3018,0.0713,0.0468,0.1535,0.0736,0.0753,0.1386,0.0771,0.0812,0.0256,0.0463,0.1132,0.0998,0.0703,0.3277,0.0993,0.0000,21.51,8.4822,11.1565,0.2857
1705282223.3333,0.0453,0.0271,0.0377,0.0216,0.4384,0.0554,0.1141,0.0920,0.1116,0.4341,0.7147,0.4671,0.5906,0.1038,0.1223,0.0302,0.0485,0.2704,0.0267,0.0000,0.0537,0.0000,0.0432,0.1453,0.1629,0.0443,0.0834,0.0710,0.2147,0.0650,0.1197,0.2995,0.0599,0.0000,17.56,12.0896,9.6707,1.1564
1705282223.4000,0.0486,0.0190,0.0415,0.0234,0.4381,0.0445,0.1228,0.1039,0.0977,0.4363,0.7274,0.5096,0.5762,0.0285,0.0674,0.0606,0.0922,0.2968,0.0000,0.0388,0.1037,0.1219,0.0134,0.1155,0.0626,0.0803,0.1348,0.0944,0.0469,0.1688,0.1609,0.3476,0.0902,0.0000,16.76,26.5870,-18.1550,10.5696
1705282223.4667,0.0420,0.0146,0.0386,0.0212,0.4621,0.0685,0.1119,0.1100,0.0837,0.4285,0.6897,0.5259,0.5608,0.0472,0.0945,0.0081,0.0379,0.2636,0.0401,0.1225,0.1552,0.0562,0.0064,0.2105,0.1406,0.0487,0.1305,0.0542,0.1749,0.1447,0.0546,0.3790,0.0043,0.0000,14.12,-0.6255,1.1355,6.7993
1705282223.5333,0.0292,0.0106,0.0320,0.0142,0.4488,0.0589,0.1106,0.1275,0.0885,0.4479,0.7185,0.5319,0.5646,0.0281,0.2114,0.0134,0.0083,0.2485,0.0000,0.0377,0.1331,0.1041,0.0000,0.0510,0.1444,0.0767,0.0976,0.0019,0.1767,0.1956,0.0343,0.3551,0.1627,0.0000,17.72,2.3129,0.9820,-4.5246
1705282223.6000,0.0420,0.0079,0.0242,0.0073,0.4488,0.0515,0.1065,0.1204,0.0965,0.4569,0.6949,0.5647,0.5757,0.1585,0.0623,0.1063,0.0259,0.2348,0.0361,0.0000,0.1302,0.0738,0.0467,0.1517,0.1202,0.1649,0.0217,0.0184,0.2255,0.1576,0.0602,0.3617,0.1367,0.0000,15.79,10.2533,-4.2826,3.7206
1705282223.6667,0.0395,0.0075,0.0380,0.0146,0.4318,0.0511,0.1055,0.1152,0.0809,0.4695,0.7173,0.6179,0.5424,0.0000,0.1411,0.0988,0.0556,0.2569,0.0372,0.0000,0.0724,0.0488,0.0208,0.0716,0.0959,0.0225,0.1672,0.1265,0.0055,0.0869,0.0000,0.2713,0.1280,0.0000,18.90,0.5701,2.7012,-0.6651
1705282223.7333,0.0410,0.0157,0.0284,0.0104,0.4168,0.0693,0.0959,0.1201,0.0810,0.4728,0.6723,0.6769,0.5467,0.0337,0.0938,0.0000,0.0330,0.2728,0.0439,0.0000,0.1132,0.1128,0.0841,0.1251,0.0333,0.1091,0.0380,0.0838,0.0915,0.1184,0.0470,0.3733,0.1094,0.0000,12.15,5.7025,-5.7645,-11.7721
1705282223.8000,0.0491,0.0136,0.0131,0.0235,0.4111,0.0609,0.0753,0.1204,0.1120,0.4727,0.6442,0.6795,0.5403,0.0280,0.1376,0.1098,0.0719,0.2330,0.0439,0.0000,0.0113,0.1267,0.0864,0.1276,0.1677,0.1069,0.0916,0.0335,0.0235,0.1953,0.0625,0.4157,0.1248,0.0000,10.23,-0.7670,-12.7974,-6.6459
1705282223.8667,0.0429,0.0081,0.0036,0.0221,0.4324,0.0606,0.0851,0.1267,0.0937,0.4748,0.7641,0.6566,0.5467,0.0526,0.0078,0.0994,0.0806,0.2475,0.0000,0.0471,0.1142,0.0717,0.0068,0.1533,0.0867,0.0859,0.1761,0.0140,0.0584,0.0248,0.0852,0.3844,0.0921,0.0000,11.92,-0.4068,-13.6197,-2.4474
1705282223.9333,0.0310,0.0103,0.0171,0.0334,0.4022,0.0444,0.0684,0.1120,0.0742,0.5243,0.6687,0.6451,0.5837,0.0000,0.0600,0.0766,0.0000,0.2005,0.0000,0.0496,0.1474,0.2034,0.0213,0.1457,0.0808,0.1338,0.0429,0.0000,0.0702,0.0666,0.1030,0.3253,0.1169,0.0000,11.84,14.2472,-10.6683,-0.5432
1705282224.0000,0.0124,0.0147,0.0039,0.0285,0.4031,0.0474,0.1037,0.0960,0.0618,0.5370,0.6719,0.5537,0.5573,0.0000,0.0182,0.0000,0.0917,0.2486,0.0000,0.0000,0.1499,0.0689,0.0263,0.0687,0.1605,0.1158,0.0000,0.0159,0.1584,0.1384,0.0971,0.3726,0.1216,0.0000,14.61,1.5707,4.3176,-2.9412
1705282224.0667,0.0119,0.0063,0.0104,0.0370,0.4380,0.0724,0.0937,0.1057,0.0712,0.4920,0.6424,0.5025,0.5682,0.0000,0.1426,0.0803,0.0481,0.2672,0.0000,0.0437,0.1042,0.0238,0.0242,0.1055,0.0858,0.1017,0.1544,0.0357,0.1101,0.1446,0.0945,0.3677,0.1431,0.0000,9.37,26.2515,-0.3223,-10.8015
1705282224.1333,0.0098,0.0115,0.0220,0.0535,0.4376,0.0779,0.1190,0.1084,0.0837,0.4460,0.6451,0.4812,0.5572,0.1834,0.1166,0.1084,0.0364,0.2775,0.0000,0.0000,0.0497,0.1277,0.0382,0.1090,0.1061,0.0515,0.0544,0.1152,0.1021,0.1073,0.1392,0.2641,0.0498,0.0000,14.71,7.0152,-12.5838,1.3969
1705282224.2000,0.0095,0.0290,0.0149,0.0394,0.4318,0.0780,0.1331,0.1053,0.0645,0.4567,0.6463,0.4372,0.6775,0.1086,0.1111,0.0583,0.1019,0.2536,0.0000,0.0416,0.0386,0.1822,0.0000,0.1209,0.1184,0.1046,0.1200,0.0429,0.1911,0.1412,0.0322,0.4125,0.0373,0.0000,11.93,23.6535,21.1021,-2.7060
1705282224.2667,0.0050,0.0193,0.0225,0.0268,0.4144,0.1022,0.1217,0.1130,0.0720,0.4619,0.5576,0.4678,0.7085,0.0820,0.0389,0.0000,0.0565,0.2107,0.0000,0.0000,0.0860,0.0000,0.0662,0.1186,0.0262,0.0899,0.0576,0.0626,0.1168,0.1246,0.0753,0.2736,0.0667,0.0000,17.15,-3.7578,-6.7639,-1.5206
1705282224.3333,0.0082,0.0067,0.0082,0.0245,0.4051,0.1076,0.1162,0.1064,0.0578,0.4955,0.5024,0.5442,0.6787,0.0571,0.0697,0.0103,0.0605,0.2430,0.0065,0.0000,0.1046,0.0308,0.0435,0.1275,0.1357,0.1454,0.1454,0.0530,0.1596,0.1689,0.0632,0.3712,0.0791,0.0000,17.69,7.4066,-15.9805,-8.0395
1705282224.4000,0.0083,0.0105,0.0127,0.0369,0.4209,0.0969,0.1220,0.1107,0.0827,0.4591,0.5159,0.5915,0.7054,0.0000,0.0963,0.0537,0.0330,0.2468,0.0000,0.0000,0.0103,0.1724,0.0126,0.2021,0.1229,0.0492,0.1131,0.1404,0.1680,0.1303,0.2175,0.3210,0.0509,0.0000,17.47,8.2223,0.2188,5.4575
1705282224.4667,0.0139,0.0000,0.0100,0.0207,0.4306,0.1114,0.1222,0.1023,0.0819,0.4642,0.5043,0.5298,0.6539,0.0456,0.0169,0.0825,0.0834,0.2414,0.0150,0.0089,0.1469,0.0833,0.1010,0.1166,0.1604,0.0000,0.0000,0.0245,0.0934,0.1334,0.0794,0.2656,0.0346,0.0000,17.99,17.2949,-9.0010,5.3812
1705282224.5333,0.0065,0.0119,0.0062,0.0116,0.4374,0.0935,0.1089,0.1088,0.0866,0.4771,0.5535,0.5565,0.6898,0.0845,0.1152,0.0150,0.0130,0.3292,0.0000,0.0033,0.0635,0.1554,0.0280,0.1977,0.1370,0.0750,0.1176,0.0764,0.1560,0.1382,0.1142,0.3606,0.0889,0.0000,21.12,-3.0186,-10.6269,-0.1801
1705282224.6000,0.0181,0.0140,0.0298,0.0062,0.4215,0.0931,0.1038,0.1241,0.0768,0.4676,0.5062,0.5679,0.7002,0.1065,0.0510,0.0370,0.0280,0.2274,0.0000,0.0108,0.1059,0.1414,0.0289,0.1476,0.1141,0.1440,0.1098,0.0492,0.0261,0.1042,0.1206,0.2393,0.1378,0.0000,14.65,-9.6868,-9.5047,-3.5276
1705282224.6667,0.0234,0.0117,0.0320,0.0039,0.4498,0.0892,0.1226,0.1288,0.0703,0.4409,0.5566,0.5671,0.6802,0.0664,0.1322,0.0000,0.0651,0.2676,0.0000,0.0000,0.1036,0.1549,0.0339,0.0980,0.0510,0.0772,0.1502,0.0439,0.1042,0.1094,0.0331,0.3241,0.0008,0.0000,11.57,11.1832,3.3061,2.6577
1705282224.7333,0.0347,0.0114,0.0320,0.0120,0.4507,0.0961,0.1025,0.1242,0.0770,0.4356,0.5497,0.5910,0.7591,0.0000,0.1485,0.0163,0.0438,0.2494,0.0373,0.0669,0.1094,0.0154,0.0179,0.0619,0.0335,0.0883,0.0806,0.0193,0.1772,0.1409,0.1352,0.3353,0.1358,0.0000,14.21,3.9345,23.0460,-0.2332
1705282224.8000,0.0288,0.0109,0.0253,0.0094,0.4335,0.0964,0.0824,0.1123,0.0872,0.4682,0.5277,0.6013,0.7478,0.0533,0.0774,0.1344,0.0648,0.2194,0.0577,0.0000,0.1234,0.1162,0.0608,0.0489,0.1384,0.1113,0.1798,0.0318,0.0659,0.0871,0.0620,0.4140,0.1206,0.0000,11.73,3.5175,-9.0802,5.3844
1705282224.8667,0.0429,0.0289,0.0375,0.0017,0.4345,0.0841,0.1024,0.1145,0.1093,0.4264,0.6302,0.5933,0.7338,0.0322,0.0617,0.0897,0.0990,0.2826,0.0023,0.0115,0.1526,0.0931,0.0216,0.1260,0.2233,0.1372,0.0000,0.0672,0.0991,0.1294,0.0931,0.4262,0.1352,0.0000,14.21,-13.6970,10.8376,-5.5553
1705282224.9333,0.0353,0.0329,0.0298,0.0140,0.4415,0.0858,0.1035,0.1305,0.0928,0.4203,0.6526,0.6257,0.6698,0.0757,0.0059,0.0586,0.0684,0.2836,0.0139,0.0897,0.0993,0.0721,0.0402,0.0158,0.1509,0.0769,0.1141,0.0471,0.1617,0.0322,0.0989,0.4296,0.1630,0.0000,16.36,-0.9647,5.9957,2.8923
1705282225.0000,0.0185,0.0406,0.0376,0.0182,0.4471,0.0740,0.1082,0.1417,0.0677,0.4278,0.6943,0.6223,0.6819,0.0596,0.1218,0.0000,0.0546,0.2686,0.0152,0.0000,0.0921,0.1267,0.0526,0.0764,0.1179,0.1157,0.0819,0.0175,0.1064,0.0602,0.1295,0.3537,0.0225,0.0000,14.96,-5.5835,8.5130,-5.1133
1705282225.0667,0.0347,0.0366,0.0308,0.0223,0.4970,0.0889,0.0960,0.1325,0.0964,0.3789,0.7296,0.4777,0.6297,0.0208,0.0636,0.0732,0.0582,0.3170,0.0274,0.0275,0.0797,0.1822,0.0438,0.1184,0.0357,0.1072,0.1384,0.0152,0.1311,0.0938,0.1299,0.3768,0.0119,0.0000,18.80,1.2865,-14.7379,1.3846
1705282225.1333,0.0342,0.0428,0.0192,0.0320,0.4581,0.0908,0.1114,0.1484,0.1194,0.3662,0.6736,0.5124,0.6643,0.1111,0.0901,0.1031,0.0540,0.2671,0.0554,0.0208,0.0893,0.0000,0.0944,0.1483,0.0766,0.0953,0.1008,0.0516,0.1526,0.0590,0.1769,0.3176,0.1179,0.0000,14.07,0.6519,9.6033,0.5011
1705282225.2000,0.0404,0.0297,0.0260,0.0335,0.4696,0.0935,0.0891,0.1646,0.1019,0.3710,0.6244,0.5241,0.6916,0.0392,0.0583,0.0627,0.0463,0.2827,0.0483,0.0180,0.0167,0.1536,0.0746,0.0902,0.0556,0.0914,0.1342,0.0310,0.1081,0.1005,0.0973,0.4047,0.1605,1.0000,21.81,-4.2432,11.5333,-1.9370
1705282225.2667,0.0311,0.0249,0.0245,0.0318,0.4563,0.0978,0.1002,0.1543,0.0700,0.4054,0.6445,0.6848,0.6760,0.0049,0.0727,0.0641,0.0653,0.2501,0.0339,0.0431,0.1392,0.1376,0.0398,0.0491,0.1135,0.0533,0.0951,0.1133,0.0889,0.0829,0.1004,0.3562,0.1714,0.0000,10.94,12.7544,-5.1465,-1.5753
1705282225.3333,0.0650,0.0310,0.0213,0.0248,0.4855,0.0704,0.0744,0.1672,0.0738,0.3919,0.6130,0.6752,0.7386,0.0926,0.0324,0.0844,0.0373,0.3090,0.0000,0.0607,0.0517,0.1262,0.0433,0.0394,0.0785,0.0412,0.0934,0.0183,0.0552,0.1906,0.0454,0.3626,0.1181,0.0000,9.81,2.9585,-13.4640,8.0023
1705282225.4000,0.0721,0.0311,0.0191,0.0286,0.4515,0.0877,0.0741,0.1606,0.0612,0.4084,0.5549,0.6915,0.7690,0.0204,0.0930,0.0597,0.0048,0.3007,0.0000,0.0507,0.0479,0.1190,0.0697,0.0468,0.1101,0.1231,0.1204,0.0173,0.0592,0.0713,0.1017,0.3780,0.1129,0.0000,15.98,8.4320,12.4847,2.7552
1705282225.4667,0.0737,0.0224,0.0348,0.0377,0.4426,0.1107,0.0750,0.1515,0.0377,0.4084,0.5290,0.6212,0.7726,0.0901,0.0218,0.0694,0.0737,0.2511,0.0797,0.0124,0.1147,0.0868,0.0848,0.1990,0.0933,0.1385,0.1327,0.0048,0.1888,0.2021,0.0944,0.2915,0.1152,0.0000,9.64,8.4175,22.5669,0.4669
1705282225.5333,0.0668,0.0130,0.0370,0.0315,0.4386,0.0919,0.0430,0.1533,0.0486,0.4458,0.5679,0.6252,0.8249,0.0000,0.0141,0.0139,0.0103,0.2869,0.0553,0.0154,0.0554,0.1395,0.0208,0.0493,0.0765,0.0426,0.0054,0.0000,0.1598,0.1497,0.0356,0.3456,0.0493,0.0000,15.02,-0.0988,28.9332,-9.1455
1705282225.6000,0.0710,0.0060,0.0490,0.0291,0.4468,0.1004,0.0539,0.1728,0.0635,0.4044,0.5555,0.6322,0.8007,0.0397,0.0032,0.0969,0.0563,0.2472,0.0203,0.0328,0.0418,0.1141,0.0364,0.1286,0.2273,0.1136,0.0224,0.0143,0.0716,0.1375,0.1758,0.3468,0.0981,0.0000,18.03,0.9363,1.5462,4.8468
1705282225.6667,0.0639,0.0035,0.0548,0.0286,0.4621,0.0764,0.0420,0.1638,0.0915,0.4080,0.5168,0.5625,0.7812,0.0120,0.0000,0.0000,0.0120,0.2523,0.0188,0.1103,0.0777,0.1185,0.0364,0.1406,0.1253,0.0732,0.0911,0.0338,0.0189,0.0783,0.0960,0.3423,0.0991,0.0000,11.91,9.1415,-18.9056,-6.0572
1705282225.7333,0.0535,0.0232,0.0444,0.0403,0.4541,0.0562,0.0399,0.1629,0.1202,0.4032,0.5063,0.5386,0.7070,0.0215,0.0136,0.0739,0.0286,0.2798,0.0000,0.0556,0.0427,0.1323,0.0200,0.1594,0.0751,0.1987,0.1091,0.0109,0.0395,0.0391,0.1148,0.3312,0.0810,0.0000,18.81,8.5183,-11.2405,2.7357
1705282225.8000,0.0346,0.0192,0.0278,0.0400,0.4400,0.0423,0.0717,0.1586,0.1238,0.4252,0.5465,0.5547,0.7345,0.0133,0.0265,0.1407,0.0476,0.2790,0.0140,0.0028,0.0312,0.0737,0.0000,0.0693,0.0819,0.1316,0.1379,0.0323,0.1000,0.0983,0.1091,0.4212,0.1788,0.0000,10.79,5.2221,10.7595,9.6875
1705282225.8667,0.0424,0.0191,0.0287,0.0596,0.4194,0.0435,0.0677,0.1372,0.0842,0.4588,0.5129,0.5025,0.7240,0.0756,0.0786,0.0531,0.0840,0.2583,0.0571,0.0174,0.1131,0.1062,0.0000,0.1717,0.0811,0.1038,0.0000,0.0504,0.1549,0.1059,0.0842,0.3552,0.1523,0.0000,14.94,-0.5665,0.5554,1.1717
1705282225.9333,0.0414,0.0359,0.0344,0.0475,0.4006,0.0311,0.0651,0.1677,0.0825,0.4563,0.5225,0.3975,0.6489,0.0166,0.0000,0.0486,0.0407,0.2471,0.0332,0.0229,0.0624,0.1195,0.0655,0.1073,0.0049,0.0975,0.1750,0.0292,0.1221,0.0225,0.0806,0.2762,0.0799,0.0000,12.41,17.0574,-5.1786,-0.4991
1705282226.0000,0.0483,0.0261,0.0279,0.0429,0.4134,0.0402,0.0580,0.1579,0.0891,0.4578,0.5086,0.3837,0.6323,0.0000,0.0530,0.0778,0.0377,0.2505,0.0148,0.0611,0.1290,0.1159,0.0000,0.1117,0.0649,0.0948,0.0634,0.0566,0.0768,0.0335,0.0699,0.4331,0.1542,0.0000,14.59,11.7092,9.0127,2.1500
1705282226.0667,0.0493,0.0253,0.0356,0.0559,0.4107,0.0367,0.0461,0.1596,0.0833,0.4585,0.5611,0.4407,0.6128,0.0523,0.0406,0.0330,0.0850,0.2838,0.0081,0.0690,0.0479,0.1254,0.0000,0.1414,0.0798,0.0882,0.1439,0.0230,0.0841,0.1149,0.0900,0.3851,0.1809,0.0000,10.23,5.3592,2.3804,-3.2940
1705282226.1333,0.0329,0.0252,0.0393,0.0565,0.3689,0.0448,0.0589,0.1422,0.1067,0.4748,0.5930,0.4756,0.6304,0.0836,0.0000,0.0701,0.0096,0.2250,0.0000,0.0715,0.1284,0.1193,0.0069,0.1155,0.1430,0.1277,0.1556,0.0109,0.0486,0.0718,0.0554,0.2626,0.1554,0.0000,13.67,2.6333,-2.2473,7.1504
1705282226.2000,0.0258,0.0087,0.0347,0.0484,0.4257,0.0409,0.0808,0.1637,0.1186,0.4317,0.5769,0.4262,0.6155,0.0000,0.0396,0.0282,0.1283,0.2598,0.0000,0.0305,0.1725,0.0489,0.0210,0.0927,0.0882,0.1805,0.1246,0.0628,0.0544,0.1194,0.1132,0.3888,0.0919,0.0000,15.22,6.0083,-2.2967,-9.5756
1705282226.2667,0.0213,0.0182,0.0283,0.0490,0.4571,0.0699,0.0759,0.1778,0.1180,0.3906,0.6118,0.3850,0.6039,0.1282,0.0472,0.1455,0.0556,0.2715,0.0000,0.0394,0.0851,0.1091,0.0675,0.0920,0.0877,0.0000,0.1040,0.0420,0.0629,0.1586,0.0829,0.3494,0.1919,0.0000,15.62,6.3183,7.8408,-3.3740
1705282226.3333,0.0197,0.0319,0.0266,0.0611,0.4433,0.0560,0.0773,0.1780,0.0891,0.4101,0.6308,0.3665,0.6829,0.1153,0.0668,0.0439,0.0188,0.2423,0.0000,0.0264,0.0545,0.0470,0.0393,0.1298,0.1567,0.1593,0.1396,0.0160,0.1589,0.1475,0.0897,0.3795,0.0749,0.0000,18.34,4.5713,-5.3102,1.8671
1705282226.4000,0.0220,0.0298,0.0270,0.0588,0.4126,0.0595,0.0726,0.1869,0.0704,0.4363,0.6731,0.3548,0.6669,0.0438,0.0056,0.0833,0.0848,0.2495,0.0000,0.0291,0.1159,0.0415,0.0411,0.0456,0.1078,0.0879,0.0581,0.0390,0.0940,0.0428,0.1042,0.2535,0.0748,0.0000,15.65,-9.2808,-5.1860,-3.8490
1705282226.4667,0.0000,0.0311,0.0218,0.0478,0.4132,0.0592,0.0934,0.1785,0.0578,0.4583,0.6189,0.4145,0.7598,0.0613,0.1004,0.0508,0.0000,0.2299,0.0355,0.0007,0.0731,0.0800,0.0761,0.0814,0.0000,0.1432,0.1089,0.0639,0.0978,0.0829,0.1398,0.3062,0.1020,0.0000,18.08,19.1274,-4.1447,-0.4906
1705282226.5333,0.0046,0.0308,0.0251,0.0446,0.4389,0.0513,0.1110,0.1854,0.0481,0.4361,0.6304,0.3679,0.8005,0.0439,0.1555,0.0370,0.0866,0.2931,0.0007,0.0273,0.1120,0.1595,0.0110,0.0882,0.1697,0.1711,0.0425,0.0253,0.1948,0.1323,0.0079,0.3935,0.0662,0.0000,12.93,3.3260,-2.7592,2.9600
1705282226.6000,0.0227,0.0356,0.0374,0.0426,0.4307,0.0631,0.1146,0.1849,0.0892,0.3875,0.6467,0.3999,0.7710,0.1358,0.0437,0.0622,0.1046,0.2675,0.0000,0.0060,0.0616,0.0000,0.0000,0.0302,0.0669,0.0511,0.1119,0.0898,0.0828,0.0334,0.1114,0.3052,0.1402,0.0000,11.44,8.7291,4.4510,-1.1974
1705282226.6667,0.0201,0.0424,0.0483,0.0484,0.4279,0.0648,0.0921,0.1739,0.0717,0.4062,0.6839,0.4113,0.7936,0.0351,0.0000,0.0676,0.0402,0.3185,0.0317,0.0069,0.0927,0.1176,0.0295,0.0610,0.0356,0.1458,0.0465,0.0518,0.0072,0.1481,0.0699,0.3464,0.1147,0.0000,11.83,6.3998,18.6485,-4.0255
1705282226.7333,0.0234,0.0243,0.0421,0.0669,0.4325,0.0717,0.0910,0.1691,0.0810,0.3988,0.6550,0.4025,0.7775,0.0852,0.0756,0.0580,0.0797,0.2305,0.0169,0.0416,0.1949,0.1136,0.0000,0.1923,0.0000,0.0884,0.0890,0.0600,0.0232,0.1596,0.0662,0.2989,0.0386,0.0000,15.59,3.2978,-20.1094,10.2987
1705282226.8000,0.0157,0.0068,0.0439,0.0540,0.4665,0.0667,0.0845,0.1699,0.0820,0.4061,0.6108,0.4128,0.8181,0.0516,0.0522,0.1102,0.0201,0.2964,0.0340,0.0369,0.1352,0.0783,0.0000,0.1496,0.1108,0.0996,0.1491,0.0879,0.0967,0.2047,0.0635,0.3401,0.2200,0.0000,8.94,7.1439,4.6995,-3.2988
1705282226.8667,0.0178,0.0128,0.0366,0.0469,0.4695,0.0634,0.0782,0.1633,0.0883,0.4139,0.6684,0.4591,0.7878,0.0890,0.0063,0.0449,0.0485,0.2203,0.0474,0.0639,0.0678,0.1220,0.0125,0.1129,0.0276,0.1242,0.0780,0.0482,0.1594,0.0842,0.0779,0.2879,0.0906,0.0000,14.83,-6.3765,5.5879,7.9729
1705282226.9333,0.0135,0.0310,0.0390,0.0490,0.4649,0.0774,0.0876,0.1752,0.0915,0.3826,0.6270,0.3931,0.7621,0.0641,0.0324,0.0814,0.0895,0.2330,0.0550,0.0253,0.0790,0.0514,0.0445,0.0000,0.0909,0.2071,0.1063,0.0987,0.1307,0.0106,0.1739,0.4509,0.1741,0.0000,11.04,5.8121,8.1923,-3.9035
1705282227.0000,0.0152,0.0329,0.0306,0.0449,0.4909,0.0627,0.0861,0.1620,0.1169,0.3746,0.6182,0.5064,0.7382,0.0605,0.0527,0.1625,0.0853,0.2741,0.0000,0.0150,0.0838,0.1068,0.0823,0.1379,0.1830,0.0390,0.1232,0.0673,0.0468,0.1647,0.1310,0.4037,0.0540,0.0000,13.75,2.8010,-15.7645,-0.9687
1705282227.0667,0.0239,0.0358,0.0461,0.0474,0.4544,0.0731,0.0699,0.1508,0.0867,0.4072,0.7030,0.3932,0.7440,0.0560,0.0595,0.1084,0.0397,0.2887,0.0261,0.0000,0.0739,0.1896,0.0848,0.1115,0.1468,0.1267,0.0701,0.0448,0.0947,0.1409,0.1100,0.4131,0.1854,0.0000,16.32,-0.9912,12.0300,2.5161
1705282227.1333,0.0226,0.0444,0.0399,0.0434,0.4448,0.0636,0.0717,0.1470,0.1144,0.4050,0.6425,0.4197,0.6821,0.0436,0.1273,0.0338,0.0175,0.2624,0.0000,0.0000,0.0037,0.1025,0.0592,0.1217,0.1292,0.0600,0.0797,0.0398,0.0297,0.0301,0.0979,0.3786,0.0460,0.0000,10.53,1.6597,-9.9683,4.6879
1705282227.2000,0.0265,0.0365,0.0342,0.0457,0.4933,0.0642,0.0769,0.1497,0.0939,0.3875,0.6718,0.4002,0.6695,0.0554,0.0906,0.0311,0.0000,0.2861,0.0426,0.0436,0.0959,0.1408,0.0344,0.0657,0.0411,0.1584,0.0165,0.0549,0.0598,0.0608,0.1398,0.4505,0.0818,0.0000,15.94,10.1976,8.2944,-2.8809
1705282227.2667,0.0401,0.0401,0.0312,0.0404,0.4746,0.0886,0.0773,0.1466,0.0851,0.3855,0.7253,0.3395,0.6689,0.0798,0.1201,0.0403,0.0000,0.2312,0.0517,0.0070,0.1409,0.1769,0.0636,0.0333,0.0504,0.0000,0.1285,0.0310,0.1153,0.1564,0.0630,0.4624,0.0635,0.0000,14.44,1.9778,7.6646,-7.0637
1705282227.3333,0.0369,0.0336,0.0288,0.0322,0.4919,0.0598,0.0970,0.1527,0.1163,0.3705,0.6544,0.3138,0.6653,0.0296,0.0416,0.0594,0.0735,0.3433,0.0074,0.0342,0.1413,0.0595,0.0530,0.1346,0.0689,0.0484,0.1123,0.0349,0.0659,0.0547,0.0825,0.3603,0.0699,0.0000,16.10,5.9456,-15.9270,-4.0437
1705282227.4000,0.0306,0.0338,0.0212,0.0492,0.4851,0.0807,0.1034,0.1506,0.1091,0.3618,0.7012,0.3771,0.7230,0.0671,0.0605,0.1094,0.0732,0.3006,0.0228,0.0000,0.1774,0.1510,0.0331,0.0595,0.0966,0.0718,0.0864,0.0127,0.0923,0.1312,0.1476,0.4037,0.0225,0.0000,13.61,14.7422,1.9890,-4.9340
1705282227.4667,0.0339,0.0357,0.0240,0.0407,0.4715,0.0689,0.0993,0.1477,0.1012,0.3862,0.6710,0.5036,0.7572,0.0594,0.0909,0.0505,0.0789,0.2538,0.0371,0.0352,0.0269,0.0654,0.0201,0.0479,0.1116,0.0650,0.0997,0.0000,0.1369,0.0498,0.1156,0.3478,0.1330,0.0000,13.70,3.3734,15.6568,-4.5360
1705282227.5333,0.0445,0.0333,0.0390,0.0329,0.4413,0.0569,0.0686,0.1376,0.1154,0.4184,0.6359,0.4153,0.7654,0.0957,0.0336,0.0416,0.0298,0.2839,0.0426,0.0026,0.0036,0.0740,0.0278,0.0533,0.1174,0.1405,0.1551,0.0312,0.1406,0.1795,0.1165,0.4260,0.0545,0.0000,18.72,4.1204,-8.0557,-4.6920
1705282227.6000,0.0397,0.0300,0.0326,0.0417,0.4396,0.0610,0.0750,0.1392,0.0857,0.4333,0.6015,0.3744,0.7945,0.0325,0.1186,0.0834,0.0794,0.2604,0.0520,0.0014,0.0866,0.0752,0.0427,0.0949,0.0838,0.1317,0.1127,0.0352,0.1130,0.0824,0.0734,0.4190,0.0261,0.0000,14.44,0.4793,5.4391,2.4459
1705282227.6667,0.0449,0.0366,0.0104,0.0283,0.4211,0.0745,0.0811,0.1459,0.0768,0.4483,0.5018,0.4205,0.7901,0.0387,0.0630,0.0140,0.0141,0.2179,0.0000,0.0382,0.1292,0.0645,0.0496,0.1094,0.0961,0.1571,0.0226,0.0431,0.0590,0.1036,0.1397,0.2501,0.0655,0.0000,18.89,-9.2835,-1.4526,-5.9531
1705282227.7333,0.0250,0.0297,0.0198,0.0173,0.3997,0.0663,0.0698,0.1539,0.0640,0.4928,0.5557,0.3988,0.7968,0.0784,0.0000,0.0415,0.0094,0.2531,0.0000,0.0457,0.0614,0.1021,0.0138,0.1315,0.0943,0.0971,0.1157,0.0142,0.1098,0.1231,0.0685,0.3305,0.0676,0.0000,20.10,9.5385,-8.3236,-6.7338
1705282227.8000,0.0399,0.0358,0.0281,0.0072,0.4216,0.0592,0.0593,0.1529,0.0780,0.4709,0.5466,0.3865,0.6914,0.0607,0.0291,0.0581,0.0357,0.2260,0.0000,0.0191,0.1138,0.2121,0.0508,0.0818,0.0252,0.0910,0.0665,0.0296,0.0977,0.0924,0.0321,0.3431,0.1368,0.0000,10.69,0.6609,-1.8283,5.8172
1705282227.8667,0.0508,0.0434,0.0251,0.0181,0.4291,0.0512,0.0826,0.1445,0.0760,0.4476,0.5894,0.3508,0.7916,0.1191,0.1173,0.1114,0.0000,0.2509,0.0000,0.0000,0.1423,0.0904,0.0781,0.0000,0.0218,0.0626,0.0649,0.0266,0.1626,0.1380,0.1206,0.3530,0.0476,0.0000,14.77,4.7236,5.0412,5.6297
1705282227.9333,0.0536,0.0430,0.0290,0.0061,0.4656,0.0636,0.0987,0.1318,0.0670,0.4250,0.5983,0.3595,0.8478,0.0279,0.0564,0.0993,0.0664,0.2359,0.0000,0.0173,0.1188,0.1151,0.0787,0.0898,0.1037,0.1022,0.1157,0.0677,0.1223,0.1456,0.0897,0.3001,0.2814,0.0000,14.87,-2.9046,-8.1174,-1.2652
1705282228.0000,0.0608,0.0454,0.0341,0.0112,0.4451,0.0748,0.0890,0.1297,0.0659,0.4264,0.5782,0.3590,0.7719,0.0710,0.0749,0.0322,0.0689,0.2535,0.0380,0.0334,0.1124,0.0359,0.0586,0.1520,0.0377,0.1142,0.0930,0.0000,0.2385,0.1728,0.1095,0.3346,0.1221,0.0000,14.27,9.4299,14.4602,4.7420
1705282228.0667,0.0682,0.0516,0.0474,0.0000,0.4131,0.0877,0.0872,0.1314,0.0848,0.4172,0.5691,0.3539,0.6493,0.0652,0.0413,0.1211,0.0403,0.2756,0.0184,0.0718,0.0078,0.1168,0.0719,0.1320,0.0506,0.0533,0.0642,0.0868,0.0713,0.1022,0.0938,0.3272,0.1198,1.0000,15.23,6.4228,-2.5912,2.6541
1705282228.1333,0.0723,0.0522,0.0430,0.0000,0.3779,0.0661,0.0782,0.1387,0.0786,0.4558,0.5127,0.4168,0.6915,0.0000,0.1012,0.1604,0.0353,0.2008,0.0000,0.0469,0.1260,0.0160,0.0546,0.0172,0.1568,0.1042,0.0709,0.0441,0.0882,0.1770,0.0000,0.3510,0.0741,0.0000,12.71,1.1126,-7.5324,2.0013
1705282228.2000,0.0725,0.0398,0.0564,0.0000,0.3958,0.0600,0.0907,0.1286,0.0728,0.4500,0.4885,0.4437,0.6279,0.0779,0.0905,0.0679,0.1010,0.2762,0.0000,0.0430,0.1749,0.1315,0.0441,0.1929,0.0000,0.1399,0.1610,0.0335,0.1013,0.0869,0.1771,0.3703,0.1086,0.0000,13.38,12.6026,1.5413,-0.8158
1705282228.2667,0.0709,0.0408,0.0621,0.0000,0.4336,0.0649,0.0840,0.1327,0.0721,0.4234,0.5180,0.4800,0.5997,0.0836,0.0697,0.0425,0.1024,0.2543,0.0309,0.0195,0.0011,0.1238,0.1042,0.1316,0.1629,0.0839,0.1758,0.0530,0.0744,0.1669,0.0800,0.3583,0.0832,0.0000,16.68,-10.1638,-13.0219,-0.5231
1705282228.3333,0.0750,0.0441,0.0432,0.0000,0.4287,0.0653,0.0939,0.1248,0.0666,0.4351,0.5752,0.4807,0.6130,0.0967,0.0458,0.0601,0.0562,0.2636,0.0204,0.0674,0.1275,0.1025,0.0975,0.1007,0.1489,0.1803,0.2023,0.0180,0.1295,0.1181,0.1750,0.3881,0.1647,0.0000,14.65,-3.0692,4.8312,4.2570
1705282228.4000,0.0703,0.0379,0.0427,0.0036,0.4061,0.0764,0.0932,0.1380,0.0820,0.4299,0.6233,0.5160,0.6583,0.0929,0.0510,0.1305,0.1101,0.2437,0.0315,0.0205,0.1540,0.1281,0.0691,0.0696,0.0415,0.1101,0.0673,0.0748,0.1394,0.0813,0.0720,0.2426,0.0752,0.0000,14.63,-0.7095,11.0171,0.3371
1705282228.4667,0.0593,0.0297,0.0434,0.0016,0.4154,0.0723,0.1141,0.1415,0.0846,0.4230,0.6143,0.4590,0.5658,0.0352,0.0190,0.0568,0.0678,0.2236,0.0190,0.0176,0.1246,0.1128,0.0292,0.0842,0.0000,0.1456,0.1427,0.1217,0.0989,0.0751,0.1185,0.3409,0.0051,0.0000,16.01,17.4147,9.9707,0.1967
1705282228.5333,0.0676,0.0366,0.0341,0.0000,0.4262,0.0846,0.1193,0.1336,0.0660,0.4192,0.6758,0.3936,0.5353,0.0678,0.0902,0.0830,0.1027,0.2193,0.0392,0.1010,0.1278,0.0682,0.0427,0.1617,0.0965,0.1470,0.1296,0.0682,0.1758,0.1025,0.1382,0.3405,0.0756,1.0000,16.31,-5.2525,12.6985,-0.5538
1705282228.6000,0.0709,0.0422,0.0418,0.0065,0.4423,0.0646,0.1308,0.1364,0.0573,0.4043,0.7207,0.5183,0.5726,0.0725,0.1747,0.1106,0.0344,0.2732,0.0365,0.0434,0.0991,0.1326,0.0906,0.1345,0.1502,0.0643,0.0365,0.0912,0.1339,0.0173,0.0543,0.3025,0.1292,0.0000,14.28,5.1050,13.0178,0.4391
1705282228.6667,0.0564,0.0283,0.0378,0.0148,0.4210,0.0533,0.1160,0.1444,0.0531,0.4449,0.7414,0.5133,0.5728,0.0172,0.0476,0.0441,0.0086,0.2515,0.0094,0.0500,0.1916,0.0706,0.0637,0.0969,0.0480,0.0880,0.1090,0.0594,0.0364,0.0759,0.1285,0.3731,0.1225,0.0000,11.68,-7.2145,5.0902,-2.7407
1705282228.7333,0.0830,0.0168,0.0283,0.0094,0.4215,0.0481,0.1007,0.1508,0.0399,0.4610,0.7366,0.4737,0.6273,0.0059,0.0838,0.0353,0.1011,0.2857,0.0359,0.0585,0.0661,0.0918,0.0135,0.0850,0.1272,0.1674,0.2079,0.0474,0.1520,0.1018,0.1138,0.3590,0.0782,0.0000,15.72,17.7858,9.8628,4.3638
1705282228.8000,0.0718,0.0130,0.0264,0.0039,0.4362,0.0421,0.0940,0.1629,0.0584,0.4548,0.7606,0.4753,0.6417,0.0403,0.1054,0.0577,0.0160,0.2585,0.0429,0.0723,0.0546,0.1420,0.0000,0.1125,0.0921,0.0693,0.0770,0.0357,0.1353,0.0800,0.1405,0.3322,0.0013,0.0000,24.50,-7.0264,6.4776,-3.0100
1705282228.8667,0.0605,0.0119,0.0367,0.0122,0.4691,0.0516,0.0619,0.1515,0.0520,0.4556,0.7245,0.4610,0.6867,0.0215,0.0118,0.0520,0.0000,0.2793,0.0611,0.0403,0.0000,0.1005,0.0170,0.0638,0.1045,0.0374,0.2186,0.0025,0.1434,0.1236,0.1473,0.4572,0.1990,0.0000,12.26,6.5117,6.6633,-1.3076
1705282228.9333,0.0413,0.0140,0.0359,0.0080,0.4552,0.0726,0.0656,0.1501,0.0325,0.4749,0.7686,0.5422,0.6999,0.0000,0.0000,0.0058,0.0245,0.2681,0.0002,0.0347,0.1811,0.1361,0.0092,0.0674,0.1280,0.1629,0.0761,0.0265,0.1110,0.1669,0.1300,0.3466,0.0589,0.0000,14.22,8.4132,10.1353,4.3479
1705282229.0000,0.0603,0.0384,0.0306,0.0147,0.4132,0.0854,0.0674,0.1505,0.0402,0.4596,0.7256,0.4880,0.6922,0.1085,0.0927,0.0168,0.0434,0.2073,0.0820,0.0534,0.0968,0.0899,0.0778,0.0585,0.1001,0.0512,0.0948,0.0160,0.1187,0.1240,0.0673,0.4010,0.1238,0.0000,12.55,14.5614,1.6804,-5.0466
1705282229.0667,0.0389,0.0411,0.0294,0.0264,0.4001,0.0825,0.0860,0.1377,0.0379,0.4720,0.6435,0.5324,0.7299,0.1443,0.0992,0.0036,0.0557,0.3031,0.0398,0.0266,0.1313,0.0962,0.0784,0.1484,0.1487,0.1648,0.1560,0.0221,0.0840,0.1595,0.1453,0.2430,0.1500,0.0000,18.81,2.1034,-15.0712,-0.6045
1705282229.1333,0.0273,0.0505,0.0384,0.0086,0.3983,0.0805,0.0894,0.1321,0.0385,0.4818,0.6185,0.5386,0.7450,0.0520,0.1239,0.0391,0.0892,0.2304,0.0442,0.0116,0.1353,0.1227,0.0673,0.1478,0.0901,0.1338,0.0511,0.0423,0.1073,0.0694,0.0889,0.2588,0.0914,1.0000,21.28,10.2685,10.4469,-4.2145
1705282229.2000,0.0239,0.0407,0.0371,0.0051,0.4104,0.0922,0.0782,0.1304,0.0643,0.4706,0.6569,0.5619,0.7479,0.0303,0.1137,0.0700,0.0709,0.2479,0.0000,0.0133,0.1448,0.0818,0.0395,0.0468,0.1723,0.0379,0.1632,0.0450,0.0182,0.1288,0.0997,0.3724,0.0829,0.0000,15.01,2.0901,-8.5097,-0.7168
1705282229.2667,0.0216,0.0435,0.0269,0.0145,0.4544,0.0961,0.0856,0.1304,0.0754,0.4309,0.6461,0.4584,0.7974,0.0374,0.0632,0.0427,0.0632,0.2425,0.0104,0.0261,0.1280,0.0977,0.0297,0.0590,0.0882,0.1172,0.0473,0.0191,0.0425,0.0874,0.0905,0.3419,0.1312,0.0000,19.87,5.0782,-1.0047,-1.2346
1705282229.3333,0.0208,0.0357,0.0273,0.0321,0.4732,0.0821,0.0865,0.1252,0.0688,0.4289,0.6416,0.4750,0.8142,0.0353,0.1326,0.0478,0.0492,0.2840,0.0000,0.0150,0.0862,0.0817,0.0750,0.1460,0.1210,0.0371,0.0707,0.0476,0.0238,0.1063,0.1174,0.4324,0.2213,0.0000,12.23,5.7557,-8.9121,-0.0881
1705282229.4000,0.0000,0.0468,0.0320,0.0304,0.4473,0.0507,0.0875,0.1232,0.0275,0.4928,0.6199,0.4877,0.7951,0.0459,0.0854,0.0000,0.0443,0.2611,0.0332,0.0089,0.0675,0.1471,0.0000,0.1747,0.2449,0.1039,0.0340,0.0000,0.1572,0.1315,0.1263,0.4316,0.1765,0.0000,13.55,-9.7904,4.9596,1.6686
1705282229.4667,0.0031,0.0428,0.0325,0.0270,0.4472,0.0647,0.0886,0.1414,0.0422,0.4663,0.6354,0.5545,0.7746,0.0317,0.0646,0.0082,0.0255,0.2272,0.0309,0.0207,0.1305,0.0000,0.0206,0.0913,0.0447,0.1379,0.1392,0.0265,0.1998,0.1235,0.1319,0.3469,0.0506,0.0000,10.45,8.0403,-23.5335,-2.6082
1705282229.5333,0.0155,0.0519,0.0312,0.0064,0.4807,0.0668,0.0816,0.1356,0.0493,0.4486,0.6574,0.4516,0.7335,0.0397,0.0000,0.0531,0.0487,0.3089,0.0016,0.0809,0.0140,0.0912,0.0231,0.1214,0.0802,0.0685,0.0693,0.0376,0.0277,0.0900,0.0599,0.3510,0.1083,0.0000,13.04,13.4516,0.2029,0.7444
1705282229.6000,0.0318,0.0489,0.0223,0.0000,0.4827,0.0739,0.0749,0.1308,0.0402,0.4567,0.6447,0.4333,0.7027,0.0000,0.0365,0.0603,0.0434,0.3066,0.0206,0.0000,0.0702,0.1021,0.0076,0.1670,0.1062,0.1258,0.1905,0.0315,0.0955,0.0830,0.1127,0.3180,0.0875,0.0000,17.06,-2.5185,19.8176,-5.1797
1705282229.6667,0.0296,0.0508,0.0234,0.0051,0.5156,0.0706,0.0817,0.1199,0.0373,0.4395,0.7007,0.4056,0.6948,0.0631,0.0506,0.0063,0.0851,0.3618,0.0000,0.0314,0.1379,0.0016,0.1095,0.0911,0.0943,0.1233,0.0788,0.0968,0.1005,0.1735,0.0898,0.4683,0.0819,0.0000,17.59,5.4240,-6.0379,5.0712
1705282229.7333,0.0446,0.0334,0.0305,0.0061,0.4996,0.0500,0.1096,0.1123,0.0439,0.4421,0.6798,0.4585,0.6917,0.0000,0.1256,0.0878,0.1136,0.2886,0.0410,0.0483,0.1267,0.1500,0.0408,0.1335,0.0771,0.1010,0.0551,0.0293,0.1476,0.0855,0.0898,0.4495,0.1620,0.0000,17.59,15.0583,26.4044,0.4540
1705282229.8000,0.0405,0.0325,0.0234,0.0223,0.4820,0.0356,0.1017,0.1332,0.0664,0.4374,0.6920,0.4251,0.6793,0.0000,0.0775,0.0354,0.0529,0.3355,0.0256,0.0190,0.0984,0.1656,0.0000,0.1434,0.1195,0.0521,0.0885,0.0703,0.1695,0.1355,0.1550,0.3419,0.1362,0.0000,11.61,14.1715,2.3245,-3.9608
1705282229.8667,0.0355,0.0329,0.0219,0.0213,0.4847,0.0317,0.0930,0.1235,0.0607,0.4568,0.6860,0.5529,0.6039,0.0000,0.0549,0.0975,0.0068,0.2809,0.0000,0.0533,0.1659,0.1563,0.0342,0.1573,0.0640,0.0967,0.0968,0.0599,0.0937,0.1200,0.0125,0.3079,0.0521,0.0000,15.60,0.1987,-0.3054,0.2952
1705282229.9333,0.0474,0.0383,0.0271,0.0302,0.4290,0.0232,0.0775,0.1217,0.0578,0.4886,0.6402,0.5544,0.6063,0.0841,0.0577,0.0801,0.0398,0.2462,0.0000,0.0549,0.1006,0.0626,0.0000,0.1733,0.0366,0.1791,0.1284,0.0776,0.0663,0.0565,0.1897,0.2943,0.2031,0.0000,15.41,-11.8039,16.1116,-1.9225
1705282230.0000,0.0410,0.0259,0.0393,0.0349,0.4375,0.0308,0.0721,0.1215,0.0483,0.4893,0.6575,0.5689,0.5730,0.0076,0.0661,0.0697,0.0213,0.2549,0.0053,0.0085,0.1015,0.1698,0.0541,0.0949,0.0495,0.0683,0.1173,0.0462,0.0736,0.1746,0.0579,0.3533,0.1916,0.0000,7.35,30.0000,-3.1757,-2.6688
1705282230.0667,0.0206,0.0211,0.0215,0.0589,0.4548,0.0422,0.0639,0.1132,0.0567,0.4882,0.6208,0.5494,0.5661,0.1035,0.0107,0.0717,0.0216,0.2360,0.0311,0.0000,0.2130,0.0895,0.0000,0.0000,0.0734,0.0641,0.0432,0.0670,0.0431,0.0784,0.1644,0.4424,0.1125,0.0000,16.63,-11.7787,-13.5659,6.2376
1705282230.1333,0.0224,0.0125,0.0121,0.0559,0.4488,0.0286,0.0804,0.1043,0.0313,0.5223,0.5904,0.5059,0.5258,0.0272,0.0980,0.0302,0.0543,0.2497,0.0000,0.0000,0.0693,0.0903,0.0180,0.0087,0.0529,0.1004,0.1121,0.1067,0.2226,0.0874,0.1021,0.3458,0.1501,0.0000,17.73,-5.6917,9.3660,5.8453
1705282230.2000,0.0199,0.0086,0.0160,0.0658,0.4220,0.0575,0.0959,0.1150,0.0292,0.5020,0.5391,0.5941,0.5213,0.0830,0.0783,0.0794,0.0727,0.2637,0.0298,0.0075,0.0651,0.1223,0.0335,0.1038,0.1739,0.0934,0.1429,0.0605,0.1495,0.1244,0.1079,0.3375,0.1141,0.0000,12.94,7.5886,11.1476,-0.0460
1705282230.2667,0.0244,0.0000,0.0222,0.0709,0.4284,0.0591,0.1085,0.1252,0.0288,0.4796,0.5557,0.6382,0.4853,0.0590,0.0916,0.0000,0.0066,0.2352,0.0216,0.0000,0.1257,0.0000,0.0131,0.1436,0.1375,0.1754,0.0000,0.0172,0.1217,0.1336,0.1859,0.2934,0.0836,0.0000,11.91,14.2876,-14.5069,0.2566
1705282230.3333,0.0311,0.0152,0.0240,0.0594,0.4216,0.0330,0.1235,0.1045,0.0466,0.4846,0.6003,0.6530,0.4890,0.0798,0.0920,0.0354,0.0824,0.2282,0.0018,0.0076,0.0543,0.0926,0.0401,0.1155,0.0284,0.0000,0.0681,0.0942,0.0828,0.0990,0.1065,0.3565,0.0956,0.0000,13.71,7.3651,9.4567,-1.6134
1705282230.4000,0.0132,0.0231,0.0229,0.0639,0.4418,0.0360,0.0872,0.1003,0.0524,0.4956,0.6028,0.5725,0.4844,0.0341,0.0934,0.0000,0.0718,0.2623,0.0000,0.0023,0.1140,0.0180,0.0254,0.1548,0.0213,0.0785,0.0498,0.0388,0.1369,0.0551,0.0678,0.3053,0.1656,0.0000,10.37,-2.1923,-14.4249,-5.8124
1705282230.4667,0.0167,0.0253,0.0339,0.0503,0.4315,0.0373,0.0753,0.1075,0.0546,0.5005,0.5723,0.5336,0.5662,0.0571,0.0129,0.0324,0.0166,0.2573,0.0000,0.0703,0.0495,0.1220,0.0216,0.1917,0.1112,0.0545,0.0699,0.0125,0.1312,0.0820,0.0361,0.2979,0.0000,1.0000,11.85,7.8388,-10.1065,-8.1394
1705282230.5333,0.0319,0.0119,0.0336,0.0451,0.4222,0.0562,0.0700,0.1139,0.0746,0.4844,0.6157,0.6253,0.6150,0.1116,0.0000,0.0501,0.0867,0.2113,0.0435,0.0545,0.1246,0.1462,0.0603,0.1864,0.0000,0.1713,0.1348,0.0103,0.0956,0.1234,0.1409,0.3863,0.0684,0.0000,20.65,0.3888,11.3838,1.3451
1705282230.6000,0.0332,0.0078,0.0338,0.0455,0.4161,0.0177,0.0664,0.1021,0.0772,0.5202,0.5996,0.5855,0.6874,0.0131,0.0410,0.0491,0.0313,0.2777,0.0000,0.0259,0.0000,0.0465,0.0691,0.1616,0.1100,0.1300,0.1476,0.0235,0.1037,0.0144,0.1005,0.3806,0.0750,0.0000,21.60,26.2491,-5.8468,-2.8348
1705282230.6667,0.0186,0.0125,0.0405,0.0481,0.4143,0.0233,0.0360,0.0903,0.0903,0.5357,0.5458,0.5986,0.6779,0.0660,0.0196,0.1279,0.0000,0.2060,0.0030,0.0000,0.0721,0.0970,0.0000,0.0517,0.1261,0.1195,0.1843,0.0000,0.0530,0.1343,0.0869,0.2681,0.1188,0.0000,15.84,9.0738,8.1613,-0.7223
1705282230.7333,0.0322,0.0132,0.0332,0.0443,0.4163,0.0137,0.0554,0.0822,0.0879,0.5330,0.5102,0.5409,0.6915,0.0797,0.0661,0.0627,0.0445,0.2657,0.0000,0.0341,0.0030,0.1280,0.0731,0.1637,0.1548,0.0699,0.0868,0.0204,0.0533,0.0512,0.1545,0.3637,0.0941,0.0000,16.06,-5.3104,-1.3397,-0.4976
1705282230.8000,0.0193,0.0242,0.0373,0.0323,0.4079,0.0254,0.0547,0.0900,0.0983,0.5264,0.5291,0.4728,0.6741,0.0070,0.0319,0.0258,0.0000,0.2359,0.0248,0.0093,0.1345,0.0655,0.0047,0.0169,0.0567,0.0695,0.0453,0.0127,0.2142,0.0471,0.0444,0.3950,0.0469,0.0000,14.76,-13.3201,-13.4301,3.7636
1705282230.8667,0.0202,0.0222,0.0325,0.0214,0.4227,0.0339,0.0735,0.1036,0.1158,0.4926,0.5193,0.4007,0.7730,0.0000,0.0177,0.0919,0.0582,0.2103,0.0000,0.0428,0.1905,0.0655,0.0043,0.1100,0.1127,0.0062,0.1570,0.0553,0.0760,0.0877,0.1067,0.4244,0.0809,0.0000,13.23,12.2588,-1.5974,-2.4772
1705282230.9333,0.0270,0.0379,0.0410,0.0240,0.4539,0.0155,0.0765,0.1336,0.0984,0.4554,0.6050,0.4518,0.6873,0.0504,0.0000,0.0042,0.0450,0.2342,0.0124,0.0000,0.0578,0.0000,0.0000,0.1072,0.1260,0.1518,0.1217,0.0000,0.1763,0.1413,0.0108,0.3646,0.0923,0.0000,13.81,9.6110,3.6507,-5.7603
1705282231.0000,0.0411,0.0444,0.0302,0.0164,0.4545,0.0006,0.0982,0.1256,0.1081,0.4486,0.6206,0.4409,0.7415,0.0312,0.1185,0.0281,0.0789,0.2946,0.0100,0.0414,0.1247,0.0400,0.0781,0.1698,0.1035,0.0309,0.0629,0.0415,0.1112,0.0789,0.0730,0.2798,0.0867,0.0000,19.97,8.0560,10.8874,0.5646
1705282231.0667,0.0295,0.0349,0.0270,0.0230,0.4505,0.0061,0.0797,0.1482,0.1092,0.4551,0.7124,0.4572,0.7590,0.0703,0.0577,0.1043,0.0211,0.2675,0.0338,0.0000,0.0221,0.0679,0.0683,0.1016,0.0691,0.0800,0.1135,0.0971,0.1087,0.0806,0.1096,0.3539,0.0041,0.0000,16.88,15.0706,1.0623,-0.1779
1705282231.1333,0.0347,0.0207,0.0258,0.0126,0.4472,0.0000,0.0913,0.1502,0.1127,0.4629,0.6152,0.4670,0.6971,0.0000,0.0475,0.1179,0.0516,0.2338,0.0550,0.0705,0.0601,0.0788,0.0000,0.2069,0.1465,0.1296,0.1693,0.0193,0.1678,0.0792,0.1184,0.4232,0.0000,0.0000,16.94,-3.9810,21.7433,-8.5555
1705282231.2000,0.0276,0.0316,0.0204,0.0076,0.4470,0.0000,0.0978,0.1412,0.1079,0.4713,0.6406,0.4716,0.6922,0.0079,0.0999,0.0463,0.0610,0.2299,0.0000,0.0802,0.0789,0.0923,0.0155,0.1013,0.0906,0.1045,0.1074,0.0318,0.1075,0.1966,0.0225,0.2943,0.0291,0.0000,18.52,1.8307,8.5779,4.1456
1705282231.2667,0.0091,0.0488,0.0331,0.0025,0.4645,0.0036,0.0930,0.1397,0.0994,0.4637,0.6439,0.4502,0.6463,0.0000,0.1532,0.0609,0.0687,0.2878,0.0383,0.0269,0.0749,0.0855,0.0043,0.0444,0.1642,0.1078,0.0000,0.0406,0.1418,0.1923,0.0787,0.4010,0.0617,0.0000,15.80,-1.0371,-17.0353,3.6832
1705282231.3333,0.0222,0.0402,0.0362,0.0284,0.4681,0.0000,0.0989,0.1592,0.0757,0.4426,0.5923,0.5008,0.6282,0.0000,0.0577,0.0000,0.0432,0.2642,0.0121,0.0000,0.1784,0.1089,0.0000,0.0437,0.0585,0.0256,0.0000,0.0366,0.1188,0.0360,0.1464,0.3914,0.0890,0.0000,17.65,14.4682,1.9145,3.5261
1705282231.4000,0.0359,0.0355,0.0355,0.0197,0.4382,0.0273,0.1026,0.1663,0.0550,0.4503,0.5734,0.4348,0.6331,0.0113,0.0165,0.1068,0.0773,0.2889,0.0000,0.0322,0.0006,0.0490,0.0578,0.1389,0.1174,0.1412,0.1016,0.0000,0.1401,0.1270,0.1517,0.3977,0.0717,0.0000,11.81,3.4619,10.4859,-0.5511
1705282231.4667,0.0375,0.0366,0.0315,0.0288,0.4133,0.0654,0.1029,0.1622,0.0771,0.4268,0.5417,0.3626,0.5876,0.0488,0.0620,0.0399,0.0000,0.2226,0.0208,0.0000,0.1516,0.0286,0.0448,0.0827,0.2056,0.0320,0.1665,0.0571,0.0388,0.1304,0.0244,0.4322,0.1441,0.0000,15.65,8.8198,-3.4539,-6.9226
1705282231.5333,0.0357,0.0415,0.0233,0.0344,0.4101,0.0958,0.0912,0.1542,0.0829,0.4185,0.5715,0.4210,0.5658,0.1320,0.0136,0.1297,0.0315,0.2506,0.0141,0.0488,0.0297,0.0886,0.0661,0.1199,0.1255,0.1216,0.1540,0.0164,0.1223,0.1140,0.2005,0.3739,0.0633,0.0000,12.45,-1.6129,-6.2625,1.6494
1705282231.6000,0.0299,0.0352,0.0202,0.0383,0.4434,0.0928,0.0764,0.1498,0.0778,0.4219,0.5375,0.3898,0.5993,0.0275,0.0296,0.0179,0.0066,0.2821,0.0000,0.0191,0.1388,0.1411,0.0519,0.1010,0.0392,0.1864,0.1040,0.0696,0.0301,0.1010,0.0787,0.2611,0.1335,0.0000,17.26,-6.2686,-12.6550,-6.2659
1705282231.6667,0.0508,0.0372,0.0355,0.0311,0.4545,0.0755,0.0559,0.1536,0.0959,0.4060,0.5733,0.4290,0.6176,0.0351,0.1024,0.1326,0.0624,0.3011,0.0330,0.0521,0.1263,0.1169,0.0859,0.1435,0.0733,0.0991,0.0910,0.0676,0.1457,0.1610,0.0653,0.3788,0.1313,0.0000,14.17,-10.4554,-0.8513,8.7880
1705282231.7333,0.0725,0.0360,0.0239,0.0182,0.4738,0.0714,0.0557,0.1467,0.0888,0.4079,0.5699,0.4588,0.6649,0.0161,0.0218,0.0614,0.0114,0.2638,0.0042,0.0315,0.1636,0.1577,0.0000,0.0006,0.1448,0.1256,0.0019,0.0455,0.1157,0.0496,0.0183,0.4050,0.0000,0.0000,12.74,16.6419,-3.7996,-5.6209
1705282231.8000,0.0696,0.0311,0.0271,0.0159,0.4854,0.0677,0.0689,0.1444,0.0765,0.4080,0.5556,0.5505,0.6988,0.0983,0.0991,0.0518,0.0194,0.2459,0.0258,0.0895,0.1622,0.0546,0.0417,0.0847,0.1462,0.0854,0.1483,0.0205,0.0922,0.1432,0.1798,0.3943,0.0907,0.0000,15.15,-14.8836,-6.8736,0.8018
1705282231.8667,0.0762,0.0302,0.0285,0.0317,0.4927,0.0433,0.0533,0.1326,0.0984,0.4079,0.4871,0.5145,0.6733,0.0665,0.1065,0.1147,0.0531,0.2713,0.0938,0.0000,0.1126,0.0765,0.0000,0.1490,0.0357,0.0322,0.0862,0.0672,0.0995,0.1364,0.0617,0.3443,0.1330,0.0000,14.36,6.7816,-2.5700,-0.3161
1705282231.9333,0.0675,0.0319,0.0209,0.0393,0.4901,0.0239,0.0805,0.1284,0.0800,0.4225,0.4804,0.5823,0.6549,0.0160,0.0018,0.0561,0.0111,0.2790,0.0399,0.0281,0.1404,0.2092,0.0478,0.0607,0.0347,0.0770,0.0774,0.0717,0.1200,0.1268,0.0102,0.3228,0.1292,0.0000,12.71,9.9323,0.9332,-6.3444
1705282232.0000,0.0567,0.0301,0.0285,0.0359,0.4897,0.0034,0.1026,0.1254,0.1015,0.4157,0.5225,0.5643,0.6297,0.0436,0.1082,0.0386,0.1128,0.2993,0.0820,0.0093,0.1289,0.0382,0.0000,0.0840,0.1048,0.0872,0.0262,0.0169,0.0000,0.0368,0.1442,0.4241,0.1137,0.0000,12.15,0.2644,-8.4332,2.6957
1705282232.0667,0.0664,0.0417,0.0224,0.0437,0.4949,0.0260,0.0904,0.1256,0.1104,0.3871,0.5398,0.5454,0.6386,0.0073,0.0881,0.1511,0.0582,0.2723,0.0479,0.0283,0.1864,0.0605,0.0573,0.1094,0.0956,0.0560,0.0563,0.0270,0.1073,0.1175,0.0611,0.3566,0.2291,0.0000,18.06,-16.0063,-18.8782,-3.6392
1705282232.1333,0.0848,0.0527,0.0186,0.0438,0.4913,0.0444,0.0824,0.1401,0.1079,0.3604,0.6243,0.4382,0.6963,0.0128,0.0659,0.0886,0.0526,0.2619,0.0628,0.0230,0.1122,0.1583,0.0229,0.0662,0.0248,0.0541,0.1421,0.0799,0.1435,0.1289,0.1104,0.3190,0.0615,0.0000,20.30,-0.7371,3.2158,3.3695
1705282232.2000,0.0693,0.0585,0.0380,0.0503,0.4792,0.0440,0.1175,0.1525,0.0831,0.3445,0.5890,0.3920,0.6885,0.0360,0.0701,0.1070,0.0403,0.2434,0.0214,0.0304,0.0669,0.0669,0.0460,0.1167,0.0895,0.1054,0.0512,0.0950,0.0879,0.0538,0.0796,0.4578,0.1208,0.0000,12.26,-10.7906,-19.5884,-3.6093
1705282232.2667,0.0682,0.0563,0.0304,0.0450,0.4606,0.0451,0.1247,0.1519,0.0933,0.3547,0.5833,0.3856,0.7012,0.0323,0.1441,0.0737,0.0653,0.2521,0.0000,0.0527,0.1408,0.0757,0.0758,0.1003,0.1360,0.0227,0.0957,0.0922,0.1527,0.0387,0.1184,0.3659,0.0593,0.0000,15.89,6.7081,3.8271,-3.2493
1705282232.3333,0.0636,0.0646,0.0307,0.0232,0.4631,0.0475,0.1132,0.1367,0.1107,0.3679,0.5911,0.3924,0.6941,0.0090,0.0671,0.0842,0.0171,0.2741,0.0411,0.0425,0.1352,0.0964,0.0823,0.0486,0.0727,0.0571,0.1210,0.0000,0.1207,0.1089,0.0841,0.3952,0.1411,0.0000,13.56,16.5837,1.0521,-4.4516
1705282232.4000,0.0631,0.0605,0.0236,0.0138,0.4889,0.0374,0.1173,0.1419,0.1192,0.3606,0.5632,0.3923,0.6849,0.0443,0.1216,0.0573,0.0252,0.2445,0.0223,0.0084,0.0807,0.0172,0.0604,0.0793,0.1196,0.0426,0.0976,0.1132,0.1117,0.0000,0.0988,0.4350,0.0835,0.0000,13.68,4.1902,4.0403,2.3214
1705282232.4667,0.0655,0.0563,0.0207,0.0021,0.4723,0.0378,0.1039,0.1441,0.1030,0.3966,0.5491,0.4681,0.6764,0.0000,0.0803,0.1097,0.0000,0.3078,0.0418,0.0465,0.1360,0.0890,0.0617,0.0882,0.1407,0.1018,0.1129,0.0880,0.1346,0.1423,0.0966,0.2955,0.0822,0.0000,17.35,12.5330,0.8040,7.4931
1705282232.5333,0.0522,0.0334,0.0216,0.0000,0.4686,0.0298,0.1187,0.1383,0.0974,0.4240,0.5531,0.5269,0.6585,0.0000,0.1339,0.1051,0.1152,0.3010,0.0105,0.0434,0.0647,0.0607,0.0000,0.0460,0.0525,0.0343,0.0991,0.0982,0.0716,0.1402,0.0430,0.3667,0.1623,0.0000,14.74,-11.8929,6.3887,8.8928
1705282232.6000,0.0544,0.0294,0.0217,0.0023,0.4355,0.0263,0.0943,0.1320,0.1266,0.4465,0.5662,0.5573,0.6371,0.0002,0.0136,0.1403,0.1193,0.2268,0.0096,0.0000,0.0769,0.0470,0.0561,0.0545,0.0515,0.0920,0.1743,0.0304,0.0894,0.1805,0.1412,0.3478,0.1013,0.0000,14.36,4.7766,25.4734,-3.8822
1705282232.6667,0.0641,0.0324,0.0160,0.0180,0.4076,0.0394,0.0945,0.1365,0.1266,0.4388,0.5614,0.6099,0.5695,0.0468,0.0600,0.0759,0.0000,0.2993,0.0538,0.0226,0.1523,0.0000,0.0213,0.1046,0.1459,0.1000,0.0000,0.0632,0.0921,0.1322,0.1474,0.3545,0.0939,0.0000,14.72,14.7148,3.7568,-0.0405
1705282232.7333,0.0573,0.0379,0.0240,0.0220,0.4076,0.0375,0.0886,0.1262,0.1216,0.4463,0.6028,0.5568,0.5601,0.0337,0.0934,0.0180,0.0946,0.2538,0.0745,0.0508,0.0963,0.1322,0.0309,0.1547,0.0595,0.1087,0.0407,0.0438,0.1462,0.0483,0.0563,0.2827,0.1372,0.0000,10.85,0.0404,-3.4180,5.1584
1705282232.8000,0.0507,0.0358,0.0242,0.0363,0.4271,0.0330,0.0865,0.1252,0.1069,0.4446,0.5897,0.5881,0.5869,0.0209,0.0207,0.0318,0.0000,0.2861,0.0273,0.0421,0.0822,0.1248,0.0120,0.0748,0.0118,0.1095,0.1425,0.0147,0.1895,0.0287,0.0435,0.4115,0.0963,0.0000,15.94,0.0135,6.1919,9.3497
1705282232.8667,0.0379,0.0275,0.0282,0.0378,0.4338,0.0294,0.1057,0.1227,0.1169,0.4361,0.6196,0.5565,0.5973,0.0901,0.1581,0.0984,0.0510,0.3238,0.0011,0.0793,0.1132,0.1273,0.0504,0.1996,0.1184,0.1522,0.0507,0.0453,0.1266,0.0900,0.0607,0.2984,0.1517,0.0000,12.08,15.9870,3.7280,-5.8066
1705282232.9333,0.0474,0.0235,0.0297,0.0340,0.4520,0.0337,0.1012,0.1287,0.1535,0.3979,0.6234,0.4434,0.6080,0.0119,0.0847,0.1021,0.0454,0.3523,0.0123,0.0000,0.0684,0.0235,0.0612,0.0894,0.0000,0.1326,0.1266,0.0682,0.0690,0.1274,0.0614,0.3770,0.0563,0.0000,19.60,5.8175,-9.8534,0.6223
1705282233.0000,0.0454,0.0301,0.0269,0.0429,0.4408,0.0421,0.1014,0.1161,0.1398,0.4087,0.5784,0.4297,0.6113,0.0438,0.0235,0.0723,0.0771,0.3213,0.0220,0.0396,0.1552,0.1459,0.0000,0.1614,0.1405,0.1808,0.0445,0.0697,0.0108,0.0664,0.1360,0.2925,0.1120,0.0000,13.77,16.0733,4.2345,7.3730
1705282233.0667,0.0516,0.0331,0.0174,0.0325,0.4400,0.0253,0.1046,0.1199,0.1075,0.4409,0.5651,0.4048,0.6672,0.0145,0.0598,0.0873,0.0069,0.3167,0.0000,0.0458,0.1632,0.0820,0.0160,0.1483,0.0889,0.0000,0.0690,0.0526,0.0503,0.1741,0.0954,0.3587,0.0951,0.0000,11.52,2.1927,-10.7756,-3.0917
1705282233.1333,0.0581,0.0478,0.0232,0.0346,0.4315,0.0096,0.0986,0.1109,0.1035,0.4493,0.5253,0.3855,0.6572,0.0000,0.0222,0.0769,0.0569,0.2261,0.0493,0.0257,0.0284,0.1307,0.0138,0.1089,0.1282,0.0000,0.0675,0.0319,0.1800,0.0693,0.1354,0.4378,0.0230,0.0000,17.64,-9.2137,2.1665,3.7502
1705282233.2000,0.0520,0.0301,0.0271,0.0278,0.4591,0.0203,0.0893,0.1156,0.1216,0.4343,0.5665,0.3162,0.6472,0.0336,0.1249,0.0841,0.0000,0.3035,0.0156,0.0294,0.1145,0.1091,0.0105,0.0946,0.1451,0.1073,0.0673,0.0398,0.0845,0.0625,0.1629,0.3433,0.0612,0.0000,13.51,13.7302,-25.3331,-4.4259
1705282233.2667,0.0658,0.0253,0.0295,0.0177,0.4541,0.0220,0.1147,0.1271,0.1196,0.4145,0.5990,0.2849,0.6765,0.0000,0.0677,0.1058,0.0779,0.2944,0.0000,0.0242,0.0157,0.0941,0.0284,0.1515,0.0414,0.2106,0.1426,0.0699,0.1049,0.0393,0.1058,0.2978,0.1287,0.0000,12.57,-3.6641,5.0564,0.5234
1705282233.3333,0.0518,0.0141,0.0307,0.0127,0.4622,0.0366,0.1059,0.1426,0.1146,0.4173,0.5906,0.2635,0.6644,0.0857,0.0360,0.0952,0.0538,0.2880,0.0923,0.0551,0.0830,0.0426,0.0020,0.1565,0.1645,0.0662,0.0267,0.0323,0.1038,0.0849,0.1400,0.3351,0.0121,0.0000,15.75,15.5591,-0.9280,4.3455
1705282233.4000,0.0538,0.0155,0.0205,0.0305,0.4598,0.0358,0.1000,0.1238,0.1279,0.4194,0.6201,0.2556,0.6316,0.0000,0.1152,0.1360,0.0299,0.2457,0.0408,0.0215,0.1256,0.1144,0.0000,0.1022,0.0240,0.0468,0.1132,0.0638,0.1121,0.0821,0.0478,0.4501,0.0539,0.0000,17.12,8.7731,-2.7478,-2.4415
1705282233.4667,0.0424,0.0309,0.0308,0.0270,0.4541,0.0565,0.0879,0.1225,0.1148,0.4199,0.6782,0.3206,0.6118,0.0000,0.0780,0.1040,0.0037,0.2743,0.0000,0.0055,0.1815,0.0659,0.0752,0.1336,0.2338,0.1207,0.0685,0.0000,0.0914,0.1581,0.0404,0.4290,0.0560,0.0000,13.51,19.9764,-11.8124,-4.7019
1705282233.5333,0.0271,0.0349,0.0353,0.0302,0.4230,0.0853,0.0900,0.1189,0.0945,0.4366,0.6536,0.3675,0.6664,0.0000,0.1066,0.0820,0.0000,0.3018,0.0229,0.0000,0.0424,0.1508,0.0615,0.0839,0.0675,0.1546,0.1171,0.0770,0.1118,0.0993,0.1046,0.3319,0.1530,1.0000,13.10,3.2188,-6.4212,-5.6041
1705282233.6000,0.0251,0.0341,0.0362,0.0223,0.4189,0.1028,0.0937,0.1495,0.0934,0.4144,0.6319,0.3679,0.6791,0.1185,0.0436,0.1078,0.0570,0.2502,0.0000,0.0000,0.0665,0.1963,0.0360,0.0842,0.1376,0.0773,0.0597,0.0893,0.1114,0.0601,0.0705,0.3168,0.0400,0.0000,15.84,2.7502,8.3296,-0.4921
1705282233.6667,0.0439,0.0349,0.0277,0.0217,0.4194,0.0933,0.1127,0.1465,0.1268,0.3839,0.6051,0.4457,0.6772,0.0000,0.0861,0.1259,0.0670,0.2122,0.0595,0.0000,0.1045,0.0217,0.0932,0.0235,0.1007,0.1098,0.0375,0.0742,0.0664,0.1292,0.0428,0.3707,0.0693,0.0000,14.31,-0.7271,-2.5351,1.7442
1705282233.7333,0.0476,0.0229,0.0137,0.0319,0.4238,0.0735,0.0895,0.1323,0.1273,0.4225,0.6070,0.5112,0.6238,0.0458,0.1215,0.1561,0.0797,0.2757,0.0000,0.0215,0.1217,0.1044,0.0287,0.1893,0.0825,0.0419,0.0393,0.0826,0.0755,0.0779,0.1608,0.3184,0.1651,0.0000,17.93,2.2131,-7.4592,-2.1982
1705282233.8000,0.0479,0.0201,0.0084,0.0298,0.4427,0.0577,0.0722,0.1304,0.1178,0.4439,0.6352,0.4943,0.6472,0.0217,0.0824,0.1058,0.0224,0.2794,0.0000,0.0110,0.1730,0.1283,0.0060,0.0681,0.0956,0.1683,0.1701,0.0577,0.1036,0.1252,0.0927,0.3540,0.1097,0.0000,13.19,9.3938,2.7169,2.2664
1705282233.8667,0.0397,0.0139,0.0000,0.0218,0.4228,0.0510,0.0888,0.1184,0.1218,0.4730,0.6321,0.5071,0.6714,0.0133,0.0819,0.0140,0.0425,0.1979,0.0340,0.0047,0.1006,0.1266,0.0395,0.0410,0.1040,0.1360,0.0476,0.0527,0.1678,0.1098,0.0979,0.2933,0.0534,0.0000,19.40,-0.6150,12.4684,0.0993
1705282233.9333,0.0430,0.0047,0.0000,0.0332,0.4581,0.0391,0.0926,0.1302,0.1116,0.4525,0.7095,0.4433,0.7134,0.0415,0.0461,0.1278,0.0721,0.2725,0.0356,0.0676,0.0388,0.1328,0.0000,0.0452,0.0502,0.1152,0.1814,0.0329,0.0886,0.0643,0.0825,0.3452,0.1116,0.0000,18.09,-5.3323,-8.3327,6.2282
1705282234.0000,0.0380,0.0213,0.0154,0.0390,0.4710,0.0444,0.0844,0.1338,0.0894,0.4380,0.7259,0.3962,0.6964,0.0386,0.0729,0.0734,0.0113,0.2729,0.0072,0.0336,0.0283,0.1528,0.0801,0.0770,0.1218,0.0756,0.1667,0.0364,0.1245,0.1048,0.0730,0.3391,0.0212,0.0000,15.43,0.8255,8.5128,1.2905
1705282234.0667,0.0188,0.0318,0.0225,0.0472,0.4625,0.0587,0.0917,0.1225,0.0943,0.4299,0.7143,0.4495,0.6381,0.1274,0.0816,0.0572,0.0424,0.2957,0.0004,0.0000,0.0554,0.1877,0.0249,0.1061,0.1130,0.0214,0.1286,0.0321,0.1319,0.1354,0.1463,0.3420,0.0955,0.0000,12.57,2.7306,6.1737,1.5626
1705282234.1333,0.0277,0.0253,0.0304,0.0389,0.4839,0.0611,0.0705,0.1225,0.0779,0.4370,0.6967,0.5203,0.5335,0.0695,0.0169,0.0592,0.0786,0.3034,0.0361,0.0251,0.0856,0.0235,0.0450,0.1564,0.1302,0.1070,0.1404,0.0032,0.1124,0.2482,0.0648,0.3272,0.0820,0.0000,16.79,-6.4841,-0.2761,-0.4878
1705282234.2000,0.0239,0.0302,0.0362,0.0378,0.4818,0.0782,0.0767,0.1418,0.0774,0.4096,0.6761,0.5353,0.5691,0.0599,0.0218,0.0870,0.0498,0.2911,0.0414,0.0099,0.1463,0.1803,0.0416,0.0499,0.1070,0.0848,0.1458,0.0318,0.1464,0.0911,0.0914,0.4429,0.0682,0.0000,16.71,8.8650,1.8958,1.1259
1705282234.2667,0.0367,0.0241,0.0366,0.0292,0.4855,0.1030,0.0767,0.1437,0.0799,0.3908,0.6909,0.5359,0.5170,0.0597,0.0404,0.0669,0.0579,0.3297,0.0007,0.0439,0.1003,0.1048,0.0508,0.0683,0.1379,0.0069,0.0585,0.0560,0.1505,0.1474,0.1120,0.3639,0.0605,1.0000,12.14,-0.3151,5.6524,6.4397
1705282234.3333,0.0389,0.0276,0.0493,0.0275,0.4518,0.0982,0.0688,0.1452,0.0944,0.3990,0.6932,0.5469,0.5458,0.1039,0.0443,0.0450,0.0472,0.2839,0.0681,0.0509,0.0916,0.0712,0.0109,0.0758,0.1876,0.1180,0.1676,0.0175,0.1315,0.1428,0.0000,0.3385,0.0835,0.0000,15.71,5.1043,4.5296,3.1578
1705282234.4000,0.0523,0.0270,0.0466,0.0345,0.4389,0.1034,0.0675,0.1504,0.1080,0.3828,0.6458,0.5584,0.6121,0.0216,0.0350,0.0717,0.0000,0.3437,0.0595,0.0171,0.1456,0.0729,0.1135,0.1328,0.0729,0.0404,0.0405,0.0000,0.1694,0.1616,0.0486,0.4710,0.0704,0.0000,19.56,-8.5936,-6.9293,-5.8940
1705282234.4667,0.0658,0.0425,0.0485,0.0395,0.4573,0.0983,0.0921,0.1488,0.0799,0.3564,0.6763,0.5739,0.6224,0.1181,0.0406,0.1233,0.0868,0.2905,0.0369,0.0820,0.1252,0.1836,0.0356,0.0700,0.0088,0.2377,0.0717,0.0000,0.0158,0.0975,0.0511,0.3160,0.0000,0.0000,16.79,-2.5281,-3.0993,6.2420
1705282234.5333,0.0664,0.0495,0.0567,0.0402,0.4448,0.0868,0.0951,0.1695,0.0918,0.3394,0.7471,0.6019,0.6052,0.1146,0.0722,0.1165,0.0199,0.2235,0.0693,0.0314,0.0601,0.0333,0.0807,0.0600,0.0617,0.1609,0.1549,0.0197,0.1024,0.0000,0.1680,0.3061,0.1250,0.0000,12.75,-10.4374,-2.1669,-6.7307
1705282234.6000,0.0700,0.0471,0.0631,0.0329,0.4377,0.0733,0.0788,0.1754,0.1039,0.3506,0.8200,0.6277,0.5363,0.0824,0.0000,0.0564,0.0601,0.2276,0.0165,0.0611,0.1480,0.0652,0.0264,0.0365,0.0983,0.0117,0.0272,0.0584,0.1410,0.0884,0.0750,0.3177,0.1741,0.0000,16.08,18.6189,3.9705,2.1790
1705282234.6667,0.0751,0.0653,0.0415,0.0439,0.4521,0.0746,0.0671,0.1585,0.1087,0.3479,0.7656,0.5622,0.6003,0.0600,0.0000,0.1130,0.0640,0.2687,0.0414,0.0800,0.0558,0.1178,0.0291,0.1820,0.0767,0.0090,0.1096,0.0469,0.2263,0.1229,0.1696,0.4191,0.0742,0.0000,14.15,8.1969,-16.8816,-1.4573
1705282234.7333,0.0715,0.0696,0.0259,0.0210,0.4108,0.0734,0.0552,0.1273,0.1350,0.4061,0.7174,0.5116,0.6607,0.0565,0.0308,0.0920,0.0155,0.2557,0.0830,0.0454,0.1333,0.0723,0.0546,0.0113,0.0550,0.0131,0.1578,0.0288,0.0514,0.0596,0.0276,0.3691,0.1476,0.0000,15.58,-0.6352,8.5864,-1.7150
1705282234.8000,0.0610,0.0719,0.0283,0.0371,0.4118,0.0891,0.0379,0.1280,0.1354,0.3996,0.6429,0.6311,0.6385,0.0801,0.0000,0.1591,0.0440,0.2323,0.0662,0.0512,0.0890,0.0971,0.1051,0.0000,0.0867,0.1761,0.0614,0.0000,0.1116,0.0877,0.1808,0.3821,0.1703,0.0000,19.20,8.3446,9.8805,3.1830
1705282234.8667,0.0590,0.0628,0.0339,0.0374,0.4364,0.1048,0.0475,0.1037,0.1485,0.3797,0.6366,0.5860,0.5939,0.0616,0.0000,0.1099,0.0158,0.2597,0.0336,0.0115,0.1653,0.0342,0.0748,0.0921,0.1426,0.1459,0.1092,0.0363,0.0848,0.1244,0.1360,0.4143,0.1075,0.0000,18.03,-8.7831,-4.8179,-0.5252
1705282234.9333,0.0565,0.0594,0.0244,0.0360,0.4388,0.0907,0.0646,0.1102,0.1249,0.3966,0.6030,0.6250,0.6332,0.0684,0.0643,0.1021,0.0040,0.2952,0.0389,0.0386,0.1339,0.1170,0.0243,0.1306,0.0549,0.0772,0.0168,0.0000,0.0931,0.1516,0.1576,0.4487,0.0205,0.0000,17.31,9.5566,-10.2670,-3.1026
1705282235.0000,0.0462,0.0633,0.0147,0.0273,0.4422,0.0882,0.0652,0.1195,0.1348,0.3991,0.6381,0.5673,0.7037,0.0078,0.0655,0.0718,0.0662,0.2782,0.0485,0.0531,0.0939,0.1833,0.0120,0.1088,0.1588,0.1476,0.0397,0.0382,0.1349,0.0985,0.0834,0.4657,0.0318,0.0000,18.26,9.5317,-1.1857,-0.3223
1705282235.0667,0.0563,0.0631,0.0199,0.0333,0.4579,0.0805,0.0775,0.0873,0.1557,0.3811,0.6574,0.5305,0.7233,0.0000,0.0700,0.1086,0.0472,0.2479,0.0592,0.0482,0.1155,0.0440,0.0669,0.0646,0.0423,0.0794,0.0982,0.0066,0.0902,0.0668,0.1365,0.3364,0.1401,0.0000,18.97,-4.0564,-11.5656,-4.2553
1705282235.1333,0.0377,0.0703,0.0225,0.0537,0.4787,0.0884,0.0788,0.0872,0.1312,0.3708,0.6567,0.5729,0.6759,0.0860,0.0469,0.0739,0.0979,0.3440,0.0000,0.0135,0.0919,0.1258,0.0716,0.1370,0.1048,0.0713,0.1869,0.0852,0.0790,0.1307,0.1062,0.2984,0.1172,0.0000,17.12,-9.3393,-15.8419,1.4461
1705282235.2000,0.0379,0.0612,0.0264,0.0547,0.4717,0.0861,0.0913,0.1000,0.1171,0.3722,0.7316,0.4906,0.6470,0.0308,0.0493,0.0031,0.0044,0.2745,0.0000,0.0335,0.1556,0.1958,0.0569,0.1582,0.0538,0.1155,0.0793,0.0303,0.1328,0.1590,0.2080,0.4014,0.1471,0.0000,15.29,6.4864,5.7977,-6.2509
1705282235.2667,0.0404,0.0580,0.0304,0.0468,0.4531,0.1006,0.0940,0.1051,0.1051,0.3800,0.7143,0.4808,0.7361,0.1328,0.0651,0.0000,0.0588,0.2829,0.0655,0.0663,0.0876,0.0337,0.1024,0.1254,0.1481,0.1140,0.0000,0.0339,0.0793,0.0882,0.0557,0.3020,0.1417,0.0000,14.49,23.5263,-4.7858,0.3677
1705282235.3333,0.0350,0.0579,0.0381,0.0440,0.4566,0.0821,0.1049,0.1170,0.0890,0.3852,0.6164,0.5409,0.7362,0.1780,0.0420,0.0213,0.0738,0.2581,0.0520,0.0058,0.0678,0.0677,0.0398,0.1752,0.0000,0.1170,0.1195,0.0521,0.0825,0.0339,0.0942,0.3397,0.0768,0.0000,15.82,14.6620,-3.4685,-6.8615
1705282235.4000,0.0418,0.0380,0.0453,0.0360,0.4551,0.0871,0.1124,0.1250,0.1148,0.3667,0.6258,0.5240,0.7683,0.0603,0.0481,0.0699,0.1249,0.2981,0.0785,0.0556,0.1510,0.0814,0.0284,0.1246,0.0608,0.1050,0.1156,0.0726,0.0831,0.1435,0.1114,0.3555,0.1558,0.0000,12.74,12.4616,-24.2106,-1.4364
1705282235.4667,0.0413,0.0346,0.0378,0.0396,0.4485,0.0645,0.1069,0.1161,0.1197,0.3946,0.5855,0.5057,0.7309,0.0762,0.1239,0.0872,0.0945,0.2681,0.0164,0.0374,0.0422,0.1422,0.0276,0.1127,0.1437,0.0931,0.1007,0.0872,0.0268,0.1764,0.1628,0.3980,0.1475,0.0000,12.09,11.8783,-12.6643,-3.0107
1705282235.5333,0.0517,0.0223,0.0366,0.0295,0.4458,0.0732,0.1162,0.1084,0.1312,0.3911,0.6516,0.4063,0.6820,0.1323,0.0565,0.0733,0.0495,0.2713,0.0205,0.0035,0.0628,0.0748,0.1199,0.1074,0.1727,0.0756,0.1487,0.0671,0.0860,0.2034,0.1192,0.3517,0.2218,0.0000,12.92,0.9527,-3.7481,6.8457
1705282235.6000,0.0688,0.0222,0.0305,0.0354,0.4542,0.0828,0.1057,0.1130,0.1113,0.3856,0.6047,0.3677,0.7297,0.0612,0.0709,0.1095,0.0663,0.2747,0.0000,0.0117,0.1098,0.1091,0.0623,0.1181,0.1193,0.1353,0.1002,0.0837,0.1056,0.0524,0.0733,0.3515,0.0725,0.0000,12.32,-0.5872,2.2202,-1.2056
1705282235.6667,0.0482,0.0318,0.0325,0.0315,0.4462,0.0792,0.1343,0.1082,0.1035,0.3907,0.6765,0.4046,0.6716,0.0773,0.1746,0.1260,0.1063,0.2516,0.0054,0.0619,0.0871,0.0715,0.0787,0.1208,0.1818,0.1211,0.1234,0.0418,0.1115,0.1277,0.1885,0.4011,0.1233,0.0000,13.65,9.2580,4.8070,-0.2142
1705282235.7333,0.0415,0.0364,0.0256,0.0193,0.4587,0.0871,0.1435,0.1007,0.1095,0.3866,0.6916,0.4824,0.6813,0.0986,0.1177,0.0445,0.0000,0.2740,0.0000,0.0542,0.0814,0.1587,0.0614,0.0240,0.0490,0.0000,0.1027,0.0280,0.0696,0.1415,0.0596,0.4523,0.0000,0.0000,11.47,7.2340,0.9824,-0.4038
1705282235.8000,0.0273,0.0523,0.0211,0.0188,0.4727,0.0791,0.1332,0.1098,0.0827,0.4018,0.7270,0.5148,0.7111,0.0009,0.0377,0.0606,0.1117,0.2771,0.0682,0.0452,0.0906,0.0787,0.0540,0.1346,0.1063,0.0981,0.0466,0.0405,0.1300,0.2057,0.1261,0.2366,0.1583,1.0000,15.00,2.2547,3.8655,0.2158
1705282235.8667,0.0252,0.0741,0.0242,0.0277,0.4995,0.0758,0.1158,0.1077,0.0703,0.3879,0.7023,0.5292,0.6800,0.0767,0.1049,0.0366,0.0846,0.2799,0.0000,0.0205,0.0838,0.0232,0.0443,0.1533,0.0654,0.1741,0.0990,0.0373,0.1571,0.1777,0.0709,0.2988,0.0857,0.0000,14.91,12.2842,-13.3979,-2.4051
1705282235.9333,0.0455,0.0709,0.0310,0.0353,0.4894,0.0768,0.1038,0.1310,0.0804,0.3615,0.7592,0.5363,0.7011,0.0002,0.0249,0.0760,0.0612,0.3570,0.0544,0.0000,0.1133,0.0086,0.0380,0.1079,0.1558,0.0786,0.0489,0.0175,0.0453,0.0529,0.0289,0.4234,0.0703,0.0000,16.56,1.7415,3.3319,5.2032
1705282236.0000,0.0470,0.0653,0.0344,0.0316,0.4667,0.0832,0.1117,0.1253,0.0592,0.3853,0.7394,0.5407,0.6119,0.0300,0.0238,0.1005,0.0842,0.2891,0.0135,0.0067,0.0555,0.1714,0.0617,0.1508,0.1996,0.1870,0.0437,0.0703,0.0593,0.1033,0.1387,0.2826,0.1108,0.0000,15.51,-10.1464,-5.1426,6.2135
1705282236.0667,0.0407,0.0720,0.0424,0.0329,0.4590,0.0656,0.1126,0.1195,0.0736,0.3890,0.7048,0.5766,0.6276,0.1102,0.0648,0.0244,0.0382,0.2723,0.0367,0.0479,0.0951,0.0052,0.0535,0.0923,0.0590,0.0906,0.1408,0.1066,0.0027,0.1544,0.0847,0.4227,0.1135,0.0000,16.39,20.7187,-0.0855,-3.8113
1705282236.1333,0.0385,0.0726,0.0433,0.0274,0.4593,0.0425,0.1153,0.1234,0.0789,0.3994,0.7028,0.5266,0.5931,0.0798,0.1026,0.0800,0.1139,0.2887,0.0671,0.0077,0.1336,0.0561,0.0415,0.0869,0.1630,0.1167,0.0764,0.0965,0.0639,0.0719,0.1132,0.4388,0.0602,0.0000,13.59,15.0056,3.5407,2.7231
1705282236.2000,0.0314,0.0715,0.0320,0.0326,0.4382,0.0552,0.0911,0.1245,0.0765,0.4281,0.7300,0.5320,0.6211,0.0637,0.1112,0.0699,0.0541,0.2854,0.0000,0.0091,0.0276,0.0941,0.0545,0.0493,0.1656,0.0907,0.1282,0.0526,0.1102,0.1597,0.0919,0.3419,0.1330,0.0000,16.23,5.4972,-3.6615,2.8900
1705282236.2667,0.0460,0.0542,0.0146,0.0347,0.4281,0.0632,0.0983,0.1253,0.0772,0.4351,0.7818,0.5725,0.5812,0.1118,0.1058,0.1434,0.0925,0.2641,0.0269,0.0362,0.0710,0.0434,0.0479,0.0718,0.1653,0.0079,0.0365,0.0226,0.1517,0.1043,0.1024,0.3972,0.0586,0.0000,13.57,4.4051,12.1799,0.8986
1705282236.3333,0.0559,0.0488,0.0189,0.0311,0.4631,0.0650,0.1008,0.1267,0.0914,0.3989,0.7392,0.5551,0.5978,0.0550,0.1690,0.0186,0.0889,0.3077,0.0242,0.0359,0.0488,0.1197,0.1060,0.1594,0.1115,0.1134,0.0000,0.0923,0.1720,0.1742,0.0570,0.3609,0.0928,0.0000,14.63,-1.2681,1.7871,-4.3178
1705282236.4000,0.0653,0.0450,0.0303,0.0246,0.4662,0.0716,0.1073,0.1262,0.0816,0.3891,0.7958,0.5153,0.6107,0.0737,0.0226,0.0349,0.0571,0.2316,0.0626,0.0618,0.0839,0.2482,0.0269,0.0991,0.0946,0.0986,0.1642,0.0319,0.1353,0.0683,0.0564,0.4654,0.0997,0.0000,16.41,17.5313,4.1560,-1.3401
1705282236.4667,0.0761,0.0291,0.0335,0.0265,0.4592,0.0523,0.1108,0.1266,0.0782,0.4047,0.7512,0.5937,0.5850,0.0000,0.0295,0.0372,0.0638,0.2989,0.0336,0.0591,0.1398,0.1267,0.0680,0.1055,0.2230,0.0000,0.0844,0.0776,0.1274,0.0576,0.1305,0.3064,0.1462,0.0000,15.55,-1.4248,7.7088,2.3559
1705282236.5333,0.0660,0.0188,0.0238,0.0273,0.4673,0.0793,0.1037,0.1207,0.0738,0.4116,0.7855,0.5475,0.5726,0.0599,0.0857,0.0781,0.0570,0.2882,0.0051,0.0134,0.0026,0.0637,0.0887,0.0300,0.1437,0.0408,0.1919,0.0716,0.1661,0.1180,0.0771,0.3371,0.0930,0.0000,14.22,2.0261,6.8848,0.5882
1705282236.6000,0.0695,0.0209,0.0319,0.0343,0.4690,0.0894,0.1158,0.1352,0.0818,0.3713,0.7357,0.4627,0.6204,0.0637,0.1565,0.0176,0.0535,0.3001,0.0707,0.0092,0.1674,0.1604,0.0453,0.1881,0.0547,0.0884,0.0951,0.0620,0.1388,0.1172,0.0998,0.2729,0.0840,0.0000,17.68,-7.4375,1.7707,6.5090
1705282236.6667,0.0823,0.0331,0.0255,0.0537,0.4690,0.1024,0.0967,0.1440,0.0844,0.3453,0.7296,0.4961,0.7247,0.1413,0.0783,0.1038,0.0564,0.3143,0.0564,0.0224,0.1373,0.0000,0.0339,0.1256,0.1137,0.0788,0.1897,0.0486,0.0826,0.1747,0.0717,0.3767,0.1351,0.0000,15.92,3.8641,2.7364,4.8147
1705282236.7333,0.0653,0.0306,0.0323,0.0591,0.5021,0.0666,0.1075,0.1379,0.0990,0.3398,0.6403,0.5508,0.6793,0.1308,0.0000,0.1589,0.0386,0.3100,0.0168,0.0299,0.1644,0.0527,0.0000,0.1396,0.0555,0.1012,0.0988,0.0459,0.0197,0.1055,0.1202,0.3703,0.1350,0.0000,15.58,6.4396,-14.4143,10.0530
1705282236.8000,0.0707,0.0124,0.0287,0.0637,0.5108,0.0569,0.1033,0.1487,0.0959,0.3454,0.5625,0.5696,0.6450,0.0137,0.0422,0.0000,0.0927,0.3244,0.0000,0.0021,0.1478,0.0674,0.0531,0.0704,0.0693,0.1004,0.1160,0.0845,0.1792,0.0751,0.0010,0.3462,0.0957,0.0000,17.18,3.1140,10.0151,2.8440
1705282236.8667,0.0785,0.0174,0.0297,0.0586,0.4756,0.0266,0.0975,0.1540,0.0888,0.3840,0.5701,0.5801,0.7002,0.0500,0.1053,0.0139,0.0526,0.2541,0.0193,0.0241,0.0556,0.1128,0.0639,0.1092,0.1483,0.0869,0.1128,0.0657,0.0516,0.1201,0.0234,0.3111,0.0778,0.0000,21.78,-6.1864,6.6703,8.4073
1705282236.9333,0.0900,0.0062,0.0336,0.0574,0.4949,0.0286,0.0835,0.1625,0.1073,0.3616,0.5705,0.5871,0.6794,0.0354,0.0675,0.1850,0.0922,0.2679,0.0501,0.0529,0.1417,0.1339,0.0000,0.1212,0.1411,0.1739,0.1526,0.0464,0.1464,0.0966,0.1647,0.4245,0.1080,0.0000,19.71,-3.1440,-1.5552,-9.3889
1705282237.0000,0.0814,0.0145,0.0251,0.0665,0.4970,0.0258,0.0797,0.1545,0.1090,0.3679,0.6002,0.5117,0.7291,0.0951,0.0799,0.0781,0.0158,0.3406,0.0369,0.0340,0.0629,0.0859,0.0347,0.0913,0.0250,0.0000,0.0824,0.0263,0.0645,0.1199,0.1289,0.4017,0.1285,0.0000,12.34,15.0124,0.3948,2.5615
1705282237.0667,0.0927,0.0158,0.0246,0.0534,0.5168,0.0100,0.0631,0.1555,0.1096,0.3750,0.6244,0.4598,0.6644,0.0000,0.0545,0.1601,0.0474,0.3206,0.0192,0.0659,0.1841,0.1021,0.0043,0.1122,0.1788,0.1103,0.0987,0.0962,0.0810,0.1491,0.0960,0.4699,0.1538,1.0000,14.62,-4.7557,-10.1936,-12.3609
1705282237.1333,0.0866,0.0258,0.0390,0.0504,0.5192,0.0289,0.0502,0.1383,0.1245,0.3622,0.5957,0.4215,0.6452,0.0460,0.0796,0.1195,0.0460,0.2862,0.0120,0.0860,0.1642,0.1192,0.0077,0.0489,0.1379,0.0331,0.0915,0.0000,0.0929,0.0805,0.1021,0.4762,0.1590,0.0000,10.58,-7.0440,7.0214,-0.1267
1705282237.2000,0.0893,0.0168,0.0290,0.0592,0.4837,0.0157,0.0505,0.1199,0.0712,0.4389,0.5946,0.3954,0.6178,0.0638,0.1249,0.1295,0.0031,0.3239,0.0071,0.0671,0.1446,0.0669,0.0142,0.1682,0.1090,0.1291,0.1367,0.0278,0.0910,0.0262,0.1604,0.3729,0.1454,0.0000,15.11,16.2337,-7.7090,-1.0762
1705282237.2667,0.0752,0.0097,0.0242,0.0553,0.4761,0.0207,0.0609,0.1128,0.0561,0.4654,0.5497,0.3867,0.6617,0.0000,0.0029,0.0052,0.0737,0.3065,0.0599,0.0593,0.1514,0.1364,0.0000,0.1483,0.0036,0.1542,0.0779,0.0030,0.0588,0.0263,0.0704,0.3649,0.0751,0.0000,17.13,9.4081,-10.0164,-2.4904
1705282237.3333,0.0788,0.0067,0.0049,0.0577,0.4745,0.0191,0.0603,0.1311,0.0505,0.4699,0.5972,0.3991,0.5877,0.0495,0.0840,0.0433,0.0756,0.3087,0.0020,0.0355,0.0555,0.0682,0.0000,0.1809,0.0455,0.1570,0.1130,0.0000,0.1227,0.1572,0.0651,0.3643,0.1331,0.0000,14.68,-3.0676,-0.3048,-0.3956
1705282237.4000,0.0580,0.0206,0.0138,0.0552,0.4883,0.0434,0.0554,0.1427,0.0630,0.4358,0.6050,0.4456,0.5544,0.0729,0.0000,0.0159,0.0566,0.2153,0.0000,0.0000,0.0893,0.1377,0.0888,0.0727,0.0754,0.0000,0.1863,0.0000,0.0719,0.0869,0.1449,0.4211,0.0563,0.0000,16.44,10.7737,-0.8737,8.0406
1705282237.4667,0.0673,0.0319,0.0122,0.0442,0.4525,0.0460,0.0666,0.1611,0.0641,0.4325,0.6844,0.4170,0.6263,0.0621,0.0217,0.0377,0.1051,0.2525,0.0000,0.0151,0.1320,0.0550,0.0000,0.1490,0.0501,0.0008,0.0887,0.0000,0.1417,0.1009,0.1110,0.4335,0.1185,0.0000,19.78,-5.7149,17.0446,4.4915
1705282237.5333,0.0941,0.0468,0.0270,0.0356,0.4723,0.0344,0.0568,0.1426,0.0703,0.4119,0.6947,0.4876,0.6739,0.0000,0.0524,0.0277,0.0242,0.2769,0.0000,0.0495,0.1550,0.1602,0.0842,0.0175,0.0974,0.1654,0.0462,0.0156,0.0000,0.0897,0.0827,0.3714,0.1752,0.0000,17.68,0.4830,4.7754,-4.2597
1705282237.6000,0.0693,0.0456,0.0236,0.0351,0.4858,0.0280,0.0636,0.1389,0.0835,0.4160,0.7026,0.3781,0.7104,0.0386,0.0975,0.1635,0.0469,0.2937,0.0392,0.0619,0.1448,0.0794,0.0481,0.0587,0.0740,0.0765,0.0628,0.0170,0.1720,0.0767,0.1492,0.2815,0.0688,0.0000,17.37,4.0768,0.0056,12.7741
1705282237.6667,0.0567,0.0480,0.0219,0.0500,0.4625,0.0118,0.0697,0.1521,0.0809,0.4278,0.6976,0.3323,0.7415,0.0442,0.0000,0.0876,0.0705,0.2991,0.0128,0.0000,0.1094,0.1581,0.0471,0.1399,0.1171,0.0000,0.0325,0.1004,0.0380,0.0584,0.1995,0.4238,0.0335,0.0000,19.89,24.1313,6.4389,-0.8710
1705282237.7333,0.0545,0.0515,0.0335,0.0292,0.4684,0.0196,0.0729,0.1359,0.0844,0.4302,0.5910,0.3742,0.7146,0.0163,0.0527,0.1103,0.0026,0.2865,0.0100,0.0619,0.0370,0.1141,0.0000,0.0579,0.1017,0.0725,0.1466,0.0045,0.2014,0.1189,0.1812,0.4111,0.0158,0.0000,15.91,0.5248,6.4762,0.2963
1705282237.8000,0.0434,0.0330,0.0439,0.0204,0.4746,0.0169,0.0727,0.1456,0.0756,0.4444,0.6043,0.3667,0.7292,0.0491,0.0630,0.0302,0.0325,0.2382,0.0018,0.0971,0.1147,0.1330,0.0225,0.0892,0.0942,0.1188,0.1455,0.0553,0.0965,0.1193,0.1424,0.4714,0.0393,0.0000,23.50,-3.1117,-5.4206,9.7184
1705282237.8667,0.0508,0.0356,0.0450,0.0190,0.4578,0.0182,0.0686,0.1427,0.0549,0.4644,0.5850,0.3925,0.7044,0.0000,0.0477,0.1062,0.0109,0.2465,0.0189,0.0417,0.0339,0.1800,0.0016,0.0331,0.0887,0.1289,0.0619,0.0890,0.1650,0.1441,0.0860,0.3352,0.0760,0.0000,14.79,16.7707,13.6887,-8.6872
1705282237.9333,0.0413,0.0311,0.0440,0.0334,0.4746,0.0223,0.0546,0.1300,0.0647,0.4624,0.6104,0.3298,0.6951,0.0605,0.0594,0.0673,0.0198,0.2572,0.0323,0.0214,0.0543,0.0762,0.0000,0.0942,0.1422,0.0433,0.1106,0.0146,0.0591,0.0967,0.0481,0.3639,0.0864,0.0000,12.91,-7.2358,-16.6711,2.6920
1705282238.0000,0.0427,0.0358,0.0372,0.0322,0.4813,0.0215,0.0708,0.1313,0.0959,0.4308,0.6349,0.3552,0.6875,0.0611,0.0010,0.1398,0.0463,0.2802,0.0366,0.0000,0.2147,0.0464,0.0551,0.0345,0.0355,0.0486,0.0790,0.0400,0.0600,0.0786,0.0758,0.3973,0.1300,0.0000,11.58,14.7354,11.3240,3.1515
1705282238.0667,0.0350,0.0337,0.0444,0.0383,0.4572,0.0225,0.0693,0.1214,0.0829,0.4572,0.6369,0.3753,0.6785,0.0204,0.0516,0.0355,0.0903,0.2668,0.0239,0.0000,0.1361,0.1956,0.0000,0.0837,0.0100,0.0515,0.0558,0.0882,0.1475,0.1219,0.0862,0.3715,0.0576,0.0000,12.98,4.3836,3.4042,-0.8668
1705282238.1333,0.0176,0.0306,0.0608,0.0286,0.4600,0.0505,0.0746,0.1277,0.0882,0.4368,0.6297,0.3419,0.6803,0.0156,0.0405,0.0615,0.0095,0.2891,0.0000,0.0453,0.0675,0.1756,0.0622,0.1875,0.1369,0.1145,0.0958,0.0100,0.0651,0.1139,0.0253,0.4399,0.0613,0.0000,20.98,8.8238,-2.6234,-5.0281
1705282238.2000,0.0000,0.0460,0.0635,0.0200,0.4686,0.0529,0.0659,0.1390,0.0607,0.4500,0.6395,0.3157,0.6418,0.0272,0.0307,0.0000,0.0641,0.2290,0.0188,0.0519,0.0932,0.1037,0.0257,0.1583,0.2082,0.1313,0.1268,0.0165,0.1473,0.0647,0.0953,0.4933,0.1556,0.0000,16.84,1.3826,3.5269,-4.7896
1705282238.2667,0.0104,0.0358,0.0484,0.0281,0.4804,0.0365,0.0937,0.1654,0.0801,0.4127,0.6768,0.4079,0.6529,0.0237,0.0765,0.1250,0.0221,0.3315,0.0000,0.0979,0.0586,0.0525,0.0144,0.1547,0.0199,0.1389,0.1104,0.0411,0.0962,0.1379,0.0891,0.3498,0.0957,0.0000,21.47,14.3008,-10.5825,4.7284
1705282238.3333,0.0219,0.0296,0.0332,0.0275,0.5047,0.0625,0.0946,0.1754,0.0795,0.3826,0.6741,0.4311,0.6832,0.0567,0.0902,0.0628,0.1119,0.3345,0.0000,0.0268,0.1852,0.0604,0.0044,0.1681,0.0030,0.1882,0.1429,0.0996,0.0791,0.0549,0.0293,0.3859,0.0669,0.0000,16.00,18.0622,2.8712,-4.7310
1705282238.4000,0.0154,0.0359,0.0381,0.0456,0.5028,0.0660,0.1051,0.1715,0.0820,0.3626,0.6854,0.5243,0.6593,0.0699,0.0295,0.0702,0.1206,0.2609,0.0000,0.0000,0.0922,0.1682,0.0121,0.0379,0.1395,0.1135,0.0836,0.0497,0.1917,0.0501,0.0474,0.3762,0.1363,0.0000,12.76,-2.5985,9.2508,-3.1449
1705282238.4667,0.0102,0.0490,0.0363,0.0344,0.5228,0.0422,0.1070,0.1601,0.0774,0.3762,0.6347,0.4413,0.6831,0.0020,0.0078,0.0098,0.0874,0.3165,0.0465,0.0676,0.0704,0.0436,0.0221,0.0762,0.1048,0.0499,0.1939,0.0473,0.1601,0.0780,0.1666,0.4512,0.0054,0.0000,22.06,-5.6185,-2.9203,-0.4175
1705282238.5333,0.0000,0.0451,0.0479,0.0403,0.5160,0.0290,0.1111,0.1518,0.0943,0.3786,0.6446,0.3274,0.7182,0.0000,0.0456,0.0026,0.0485,0.3082,0.0000,0.0078,0.0000,0.0772,0.0559,0.1330,0.1094,0.0908,0.0202,0.1144,0.1425,0.0939,0.0482,0.4207,0.1625,0.0000,24.20,0.8910,-8.2145,-5.9409
1705282238.6000,0.0018,0.0511,0.0324,0.0431,0.4854,0.0417,0.1122,0.1240,0.1053,0.4017,0.6965,0.3708,0.7749,0.0082,0.0912,0.0000,0.0928,0.3127,0.0000,0.0059,0.0233,0.0942,0.0417,0.1189,0.1311,0.0807,0.0985,0.0618,0.0968,0.1326,0.0180,0.5367,0.0251,0.0000,12.17,-5.6460,-1.3811,-1.6068
1705282238.6667,0.0076,0.0559,0.0319,0.0418,0.4998,0.0312,0.1106,0.1200,0.1169,0.3906,0.6436,0.4410,0.7833,0.0347,0.1493,0.0022,0.0985,0.2625,0.0261,0.0000,0.0482,0.1735,0.0929,0.0904,0.0660,0.0331,0.2104,0.0669,0.0551,0.0452,0.0531,0.4131,0.0440,0.0000,13.24,6.0629,9.8338,7.8481
1705282238.7333,0.0141,0.0625,0.0246,0.0308,0.5105,0.0475,0.1265,0.1229,0.1479,0.3476,0.6794,0.4319,0.8093,0.0960,0.1052,0.1064,0.0669,0.2943,0.0124,0.0400,0.1198,0.0092,0.0693,0.1630,0.1083,0.0507,0.1497,0.0615,0.1071,0.0823,0.1308,0.4347,0.0560,0.0000,14.63,2.3429,0.4042,3.3415
1705282238.8000,0.0226,0.0686,0.0386,0.0199,0.4991,0.0597,0.1315,0.1224,0.1553,0.3294,0.6802,0.4525,0.7969,0.0451,0.1439,0.0712,0.0793,0.2371,0.0386,0.0326,0.1408,0.1054,0.0122,0.0000,0.0631,0.0565,0.0000,0.0204,0.1547,0.1232,0.1122,0.4051,0.0074,0.0000,14.83,-8.8735,-10.0897,-0.3388
1705282238.8667,0.0232,0.0712,0.0380,0.0181,0.5057,0.0744,0.1345,0.1337,0.1294,0.3231,0.7121,0.5154,0.7703,0.0454,0.1306,0.1042,0.1022,0.3476,0.0294,0.0439,0.1139,0.1002,0.0914,0.0908,0.1180,0.1669,0.0595,0.0374,0.1755,0.1190,0.1109,0.3040,0.1886,0.0000,11.32,12.8428,-8.2133,-1.1142
1705282238.9333,0.0172,0.0638,0.0278,0.0264,0.5300,0.0574,0.1342,0.1225,0.1192,0.3410,0.6841,0.5217,0.7955,0.0044,0.0771,0.1553,0.0742,0.3174,0.0389,0.0752,0.0595,0.1855,0.0540,0.0830,0.0775,0.0658,0.1147,0.0477,0.1574,0.0989,0.0853,0.4558,0.0661,0.0000,17.47,8.6299,-8.4935,-10.1405
1705282239.0000,0.0262,0.0757,0.0411,0.0277,0.5427,0.0695,0.1422,0.1174,0.1192,0.3030,0.6768,0.4468,0.8068,0.0638,0.1350,0.0567,0.1015,0.2996,0.0431,0.0746,0.1240,0.1055,0.0645,0.0671,0.1653,0.1207,0.0346,0.0723,0.0358,0.0532,0.0365,0.3852,0.0438,0.0000,11.03,0.9683,8.5333,-0.5659
1705282239.0667,0.0244,0.0707,0.0296,0.0154,0.5398,0.0673,0.1362,0.1107,0.1386,0.3204,0.7036,0.5024,0.7635,0.0158,0.1005,0.1354,0.1207,0.3135,0.0453,0.0036,0.0780,0.1791,0.0996,0.1319,0.1337,0.0431,0.1009,0.0246,0.0914,0.1090,0.1569,0.4256,0.0682,0.0000,8.17,14.3015,8.1649,-0.7981
1705282239.1333,0.0222,0.0734,0.0185,0.0130,0.5529,0.0605,0.1499,0.1161,0.1275,0.3195,0.7395,0.5306,0.7481,0.0000,0.1181,0.0864,0.1029,0.3153,0.0671,0.0148,0.1135,0.0963,0.1014,0.0425,0.1093,0.0000,0.1663,0.0215,0.0935,0.1513,0.1160,0.3610,0.0681,1.0000,11.34,12.6323,-7.0501,4.9238
1705282239.2000,0.0315,0.0731,0.0345,0.0247,0.5686,0.0861,0.1516,0.1186,0.1123,0.2794,0.6590,0.4858,0.7654,0.0073,0.0714,0.1218,0.0533,0.3555,0.0242,0.0540,0.1160,0.0628,0.1111,0.0552,0.1698,0.1108,0.1013,0.0434,0.0559,0.1534,0.1456,0.3781,0.1192,0.0000,19.08,0.6546,-0.5563,1.7154
1705282239.2667,0.0334,0.0631,0.0351,0.0174,0.5323,0.0975,0.1503,0.1271,0.0981,0.3075,0.6572,0.4561,0.7799,0.0422,0.1232,0.0943,0.0507,0.3262,0.0165,0.0248,0.0675,0.0904,0.0875,0.1704,0.1352,0.0752,0.1396,0.0082,0.0861,0.0776,0.1243,0.3858,0.0194,0.0000,17.71,-4.6948,2.2435,-0.2261
1705282239.3333,0.0235,0.0586,0.0212,0.0158,0.4624,0.0933,0.1426,0.1233,0.0955,0.3783,0.7079,0.4135,0.7238,0.0730,0.1557,0.0482,0.0885,0.2767,0.0766,0.0000,0.1093,0.1305,0.0020,0.0998,0.0444,0.1025,0.1116,0.0475,0.0941,0.0796,0.1079,0.4184,0.1523,0.0000,15.80,-11.7577,1.1821,3.7009
1705282239.4000,0.0246,0.0434,0.0156,0.0242,0.4449,0.0973,0.1345,0.1197,0.1018,0.3964,0.7222,0.4600,0.6798,0.0521,0.1594,0.1000,0.0995,0.2945,0.0405,0.0186,0.1250,0.1809,0.0471,0.1340,0.0884,0.1385,0.0480,0.0732,0.1205,0.1036,0.0706,0.3460,0.0502,0.0000,15.04,8.0216,-9.4650,2.8917
1705282239.4667,0.0211,0.0429,0.0154,0.0297,0.4547,0.0911,0.1328,0.1120,0.1012,0.3994,0.7240,0.4646,0.6943,0.0000,0.1516,0.0292,0.1267,0.3146,0.0524,0.0011,0.1545,0.0651,0.0431,0.0230,0.0911,0.1312,0.0886,0.0451,0.1070,0.1123,0.1240,0.3326,0.1567,0.0000,18.19,-16.5202,6.2380,5.2365
1705282239.5333,0.0294,0.0361,0.0251,0.0288,0.4435,0.0706,0.1229,0.0926,0.0730,0.4469,0.7445,0.4907,0.7261,0.0277,0.0307,0.0763,0.0688,0.2769,0.1057,0.0467,0.0815,0.0897,0.1313,0.1249,0.1136,0.1007,0.1420,0.0519,0.1002,0.1040,0.0000,0.3151,0.0408,0.0000,11.16,-8.7860,-16.6569,-3.4219
1705282239.6000,0.0436,0.0417,0.0258,0.0320,0.4250,0.0710,0.1454,0.1031,0.0560,0.4339,0.7474,0.4574,0.7126,0.0000,0.1634,0.0536,0.0360,0.2843,0.0029,0.0728,0.0829,0.1529,0.0404,0.2188,0.0805,0.1101,0.0872,0.0715,0.0471,0.1325,0.0057,0.3340,0.1333,0.0000,16.97,-7.8726,15.8280,-2.6735
1705282239.6667,0.0257,0.0458,0.0365,0.0356,0.4099,0.0634,0.1458,0.0882,0.0701,0.4475,0.7576,0.4442,0.7431,0.0000,0.1201,0.0000,0.0708,0.2313,0.0310,0.0331,0.1524,0.0555,0.0504,0.1319,0.1673,0.0681,0.1370,0.1275,0.1441,0.0534,0.0620,0.2719,0.0861,0.0000,14.00,3.4420,-0.2036,1.6720
1705282239.7333,0.0161,0.0490,0.0449,0.0333,0.4100,0.0562,0.1217,0.1021,0.0666,0.4601,0.7135,0.5356,0.7867,0.0388,0.0817,0.0294,0.0905,0.2586,0.0099,0.0031,0.1166,0.1319,0.0478,0.1289,0.0771,0.0000,0.1383,0.0717,0.0591,0.0887,0.0851,0.3308,0.1231,0.0000,13.54,4.2297,5.0321,2.7408
1705282239.8000,0.0244,0.0504,0.0490,0.0445,0.4351,0.0803,0.1271,0.1077,0.0458,0.4215,0.7252,0.5517,0.8424,0.0908,0.0625,0.0174,0.1100,0.2185,0.0000,0.0387,0.0960,0.1331,0.0718,0.1936,0.0520,0.1247,0.1103,0.0597,0.1198,0.0000,0.1439,0.3869,0.1019,0.0000,16.20,2.6970,-7.5263,3.8180
1705282239.8667,0.0030,0.0530,0.0431,0.0438,0.4448,0.0983,0.1078,0.1076,0.0584,0.4240,0.7406,0.5295,0.7677,0.1028,0.1019,0.0290,0.0855,0.2370,0.0517,0.0254,0.0151,0.1387,0.0877,0.1246,0.0467,0.1322,0.0406,0.0569,0.0593,0.1050,0.1658,0.3532,0.1649,0.0000,21.90,1.0224,-8.3184,-7.7647
1705282239.9333,0.0226,0.0525,0.0343,0.0111,0.4582,0.0891,0.1103,0.1113,0.0599,0.4304,0.7533,0.4630,0.7604,0.0208,0.0916,0.0181,0.0331,0.2161,0.0133,0.0522,0.1085,0.0681,0.0240,0.0434,0.1437,0.0718,0.0364,0.0648,0.1140,0.1687,0.1760,0.4836,0.0490,0.0000,13.42,5.9515,-4.0019,0.1188
1705282240.0000,0.0353,0.0548,0.0267,0.0163,0.4394,0.0896,0.1148,0.1021,0.0956,0.4153,0.7458,0.4648,0.7306,0.0394,0.0853,0.0385,0.0880,0.2883,0.0371,0.0120,0.1105,0.1817,0.0541,0.0450,0.1895,0.1378,0.0393,0.1297,0.0641,0.1726,0.0571,0.3116,0.1133,0.0000,13.49,11.4382,19.1878,2.9470
1705282240.0667,0.0312,0.0446,0.0201,0.0258,0.4416,0.0907,0.1269,0.1010,0.0986,0.4117,0.6811,0.4908,0.6522,0.0161,0.1443,0.0712,0.0781,0.2799,0.0334,0.0064,0.0470,0.1310,0.0244,0.1045,0.1489,0.1344,0.1309,0.0938,0.0857,0.0917,0.0637,0.3480,0.1630,0.0000,16.21,7.7052,-13.2487,-11.3130
1705282240.1333,0.0260,0.0491,0.0144,0.0274,0.4664,0.0856,0.1287,0.1067,0.0724,0.4139,0.6579,0.4118,0.6891,0.0158,0.0393,0.0135,0.1058,0.2318,0.0195,0.0028,0.1093,0.0918,0.0967,0.1692,0.1041,0.1637,0.0225,0.0000,0.1282,0.0926,0.1071,0.4044,0.0654,0.0000,12.68,3.1135,-1.4523,-0.6008
1705282240.2000,0.0129,0.0524,0.0200,0.0301,0.4795,0.1002,0.1226,0.1187,0.0976,0.3797,0.7057,0.3783,0.7353,0.0129,0.0995,0.0262,0.0857,0.3323,0.0000,0.0228,0.0402,0.2006,0.0651,0.1760,0.1117,0.1012,0.1038,0.0452,0.1276,0.0678,0.1157,0.3287,0.0509,0.0000,13.37,1.6861,-18.2918,-1.1743
1705282240.2667,0.0209,0.0419,0.0245,0.0291,0.4538,0.0870,0.1205,0.1210,0.0957,0.4033,0.7455,0.3921,0.7841,0.0515,0.0357,0.1146,0.1039,0.3174,0.0000,0.0999,0.0792,0.0185,0.1066,0.1435,0.1347,0.0000,0.1356,0.0836,0.0477,0.0669,0.1913,0.2943,0.1256,0.0000,18.88,-7.6055,5.7697,4.4207
1705282240.3333,0.0236,0.0380,0.0304,0.0460,0.4416,0.1022,0.0986,0.1260,0.0787,0.4089,0.6794,0.4965,0.6700,0.0534,0.0556,0.0848,0.0848,0.2488,0.0454,0.0020,0.1180,0.1104,0.0711,0.0328,0.0921,0.1399,0.1301,0.0173,0.1027,0.1127,0.0516,0.3738,0.0277,0.0000,16.90,-1.8599,-3.7998,5.6756
1705282240.4000,0.0221,0.0372,0.0412,0.0459,0.4527,0.0985,0.1207,0.1388,0.0990,0.3664,0.6253,0.5626,0.6237,0.1191,0.1120,0.0863,0.0843,0.2827,0.0000,0.0040,0.1201,0.0635,0.0687,0.0434,0.1070,0.1318,0.1622,0.0770,0.0326,0.0702,0.1075,0.2912,0.0626,0.0000,15.25,1.2688,11.0690,-2.0198
1705282240.4667,0.0288,0.0464,0.0400,0.0507,0.4366,0.0898,0.1104,0.1386,0.0985,0.3760,0.5864,0.6094,0.5455,0.0723,0.0517,0.0056,0.0329,0.2631,0.0511,0.0000,0.0425,0.0377,0.0769,0.1092,0.1758,0.0856,0.1448,0.0392,0.1302,0.1799,0.0433,0.4208,0.0725,0.0000,13.84,5.1436,5.7487,13.6648
1705282240.5333,0.0193,0.0483,0.0235,0.0350,0.4564,0.0690,0.1091,0.1366,0.0697,0.4197,0.5854,0.5826,0.5608,0.0186,0.0262,0.0234,0.0463,0.2520,0.0352,0.0485,0.0979,0.0528,0.0062,0.1474,0.0309,0.1365,0.1015,0.0578,0.1057,0.0656,0.1402,0.3804,0.1585,0.0000,21.78,19.1875,-1.5535,0.9038
1705282240.6000,0.0186,0.0496,0.0174,0.0188,0.4442,0.0494,0.0948,0.1344,0.0759,0.4581,0.5516,0.5841,0.6912,0.0580,0.0975,0.0133,0.0244,0.2694,0.0000,0.0000,0.1313,0.1286,0.0030,0.1121,0.1137,0.0632,0.0187,0.0335,0.0998,0.1241,0.0635,0.3366,0.0037,0.0000,11.81,12.9732,3.5612,3.3043
1705282240.6667,0.0270,0.0518,0.0178,0.0344,0.4073,0.0662,0.0717,0.1364,0.0798,0.4645,0.5605,0.5734,0.7390,0.0476,0.1008,0.0000,0.0000,0.1516,0.0000,0.0000,0.0827,0.1464,0.0251,0.0752,0.0706,0.0573,0.1404,0.0008,0.1180,0.0989,0.1572,0.2905,0.0279,0.0000,13.93,15.8315,8.0066,0.0794
1705282240.7333,0.0396,0.0482,0.0116,0.0389,0.4080,0.0481,0.0860,0.1384,0.0839,0.4584,0.6185,0.5741,0.7467,0.0455,0.0552,0.0183,0.0513,0.3562,0.0181,0.0611,0.0856,0.0616,0.0422,0.1106,0.0812,0.0749,0.0943,0.0193,0.0373,0.2004,0.0292,0.3130,0.0623,0.0000,12.28,-1.7194,12.9206,-3.9979
1705282240.8000,0.0296,0.0442,0.0244,0.0323,0.3992,0.0443,0.0922,0.1319,0.0778,0.4743,0.6225,0.5495,0.6874,0.0635,0.0551,0.0584,0.0419,0.2439,0.0038,0.0153,0.0703,0.0837,0.0436,0.0307,0.0475,0.1657,0.2356,0.0329,0.0558,0.1788,0.0596,0.2469,0.0947,0.0000,12.79,-6.3757,-16.0492,2.7831
1705282240.8667,0.0380,0.0445,0.0292,0.0259,0.4142,0.0400,0.0944,0.1248,0.1107,0.4471,0.6501,0.5478,0.7163,0.0289,0.0779,0.1260,0.0443,0.2889,0.0000,0.0005,0.1421,0.1711,0.0203,0.1426,0.0894,0.0694,0.0916,0.0294,0.0000,0.0536,0.1101,0.3375,0.1418,0.0000,14.81,14.0555,-20.4982,-1.7425
1705282240.9333,0.0449,0.0418,0.0241,0.0495,0.4275,0.0570,0.1125,0.1217,0.0838,0.4223,0.5990,0.6582,0.6910,0.0913,0.1133,0.0174,0.0699,0.2287,0.0058,0.0875,0.1665,0.0803,0.0462,0.1300,0.0690,0.1689,0.1113,0.0000,0.2394,0.0394,0.0528,0.2682,0.1728,0.0000,15.37,9.6971,-2.2550,0.7230
1705282241.0000,0.0382,0.0470,0.0195,0.0491,0.4275,0.0575,0.1256,0.1375,0.0531,0.4270,0.6057,0.5366,0.6244,0.0785,0.0771,0.0456,0.0896,0.3090,0.0642,0.0000,0.0905,0.1257,0.0128,0.1222,0.0817,0.0400,0.1156,0.0772,0.0000,0.0177,0.1533,0.3147,0.0888,0.0000,15.61,7.3512,3.1231,-0.9619
1705282241.0667,0.0412,0.0418,0.0202,0.0401,0.4506,0.0761,0.1079,0.1536,0.0477,0.4125,0.5897,0.5576,0.5533,0.0902,0.0633,0.1074,0.0370,0.2743,0.0000,0.0008,0.1276,0.0912,0.0415,0.1233,0.1800,0.1546,0.0936,0.0214,0.0749,0.0685,0.1498,0.3675,0.2091,0.0000,14.70,1.4727,0.0123,-10.1482
1705282241.1333,0.0296,0.0541,0.0299,0.0353,0.4437,0.0677,0.1202,0.1614,0.0692,0.3933,0.6147,0.5824,0.5479,0.0479,0.1590,0.0025,0.0416,0.3181,0.0054,0.0136,0.0862,0.0710,0.0599,0.0011,0.1471,0.0485,0.0224,0.0507,0.1554,0.1399,0.0292,0.3890,0.1538,0.0000,12.97,-12.6942,-3.5357,-5.5322
1705282241.2000,0.0238,0.0523,0.0401,0.0228,0.4329,0.0613,0.1048,0.1645,0.1006,0.3981,0.5587,0.5646,0.5980,0.0680,0.0663,0.0650,0.1168,0.2825,0.0000,0.0421,0.0704,0.0819,0.0543,0.0689,0.0108,0.1371,0.0866,0.0338,0.0430,0.0345,0.1155,0.3379,0.0875,0.0000,17.56,-4.8275,4.2444,-3.4392
1705282241.2667,0.0160,0.0548,0.0415,0.0178,0.4120,0.0659,0.0894,0.1730,0.1070,0.4136,0.5615,0.4845,0.6276,0.0714,0.0529,0.0488,0.0466,0.2365,0.0386,0.0316,0.2049,0.0921,0.0614,0.1050,0.0551,0.0945,0.1419,0.0421,0.0000,0.1126,0.1661,0.3066,0.1039,0.0000,17.13,5.1491,1.1599,-6.5831
1705282241.3333,0.0353,0.0591,0.0378,0.0231,0.4136,0.0676,0.0796,0.1419,0.0971,0.4270,0.5934,0.4375,0.6852,0.0000,0.0720,0.0457,0.0427,0.2154,0.0000,0.0154,0.1438,0.1637,0.0000,0.1224,0.0759,0.0476,0.1200,0.0988,0.1680,0.1824,0.0306,0.3704,0.1708,0.0000,13.77,-10.2837,-6.8656,-5.1810
1705282241.4000,0.0472,0.0553,0.0456,0.0246,0.4012,0.0609,0.0626,0.1385,0.0613,0.4616,0.5810,0.4879,0.6496,0.0324,0.0241,0.0911,0.0219,0.2862,0.0216,0.0348,0.1355,0.0901,0.0677,0.1080,0.0969,0.0597,0.0464,0.0440,0.0455,0.1140,0.1407,0.3656,0.1314,0.0000,20.55,2.5122,-5.0686,0.2097
1705282241.4667,0.0588,0.0428,0.0456,0.0222,0.4099,0.0491,0.0882,0.1327,0.0859,0.4389,0.5390,0.3673,0.6898,0.0322,0.0065,0.0181,0.0847,0.2628,0.0184,0.0755,0.1232,0.1413,0.0550,0.1046,0.0886,0.0499,0.1447,0.0847,0.0490,0.0874,0.1058,0.4043,0.0231,0.0000,13.63,4.5437,12.1566,6.2590
1705282241.5333,0.0565,0.0330,0.0551,0.0268,0.3911,0.0497,0.0840,0.1218,0.0725,0.4658,0.5495,0.4263,0.6413,0.0447,0.0736,0.0999,0.0539,0.2308,0.0000,0.0685,0.0906,0.1528,0.0000,0.1028,0.0817,0.0518,0.1792,0.0016,0.1205,0.1770,0.1297,0.3401,0.0278,0.0000,13.64,-10.5680,1.7304,4.4838
1705282241.6000,0.0430,0.0393,0.0584,0.0345,0.3998,0.0541,0.0729,0.1342,0.0955,0.4410,0.4931,0.4395,0.6719,0.0690,0.0447,0.0339,0.0310,0.2752,0.0238,0.0182,0.0921,0.1419,0.0718,0.0974,0.1302,0.1202,0.1423,0.0864,0.0581,0.0692,0.0292,0.3519,0.1159,0.0000,16.18,-2.9868,-1.7484,1.5421
1705282241.6667,0.0262,0.0355,0.0576,0.0318,0.4007,0.0578,0.0965,0.1291,0.1185,0.4278,0.5957,0.4249,0.6739,0.0090,0.1036,0.0426,0.0267,0.2448,0.0000,0.0111,0.0684,0.1544,0.0327,0.2025,0.1107,0.0510,0.0748,0.0709,0.0620,0.1506,0.1829,0.3575,0.2081,0.0000,13.78,11.6148,8.0697,1.7456
1705282241.7333,0.0313,0.0318,0.0574,0.0278,0.4244,0.0750,0.0801,0.1316,0.1087,0.4192,0.6297,0.3361,0.6743,0.0481,0.0738,0.0603,0.0627,0.2650,0.0000,0.0858,0.1002,0.1472,0.0596,0.0978,0.0614,0.0570,0.0436,0.0855,0.1351,0.1229,0.0962,0.3793,0.0725,0.0000,12.85,6.9968,3.9448,-2.2957
1705282241.8000,0.0437,0.0320,0.0598,0.0276,0.4222,0.0774,0.0979,0.1292,0.1076,0.4015,0.5709,0.4476,0.6697,0.0904,0.0326,0.0413,0.1218,0.2569,0.0680,0.0532,0.0827,0.0088,0.0546,0.0867,0.1072,0.1456,0.0730,0.0793,0.0000,0.1178,0.0922,0.3336,0.1571,0.0000,10.59,-4.7521,-3.3642,0.1381
1705282241.8667,0.0313,0.0406,0.0493,0.0290,0.4288,0.0790,0.1015,0.1456,0.1134,0.3889,0.5532,0.5490,0.7191,0.1099,0.0708,0.1139,0.1017,0.2471,0.0113,0.0584,0.0775,0.0130,0.1265,0.1486,0.0965,0.1612,0.1568,0.0073,0.0587,0.1302,0.1591,0.3644,0.0832,0.0000,15.39,5.3718,-10.8843,-2.4579
1705282241.9333,0.0315,0.0463,0.0303,0.0283,0.4087,0.0735,0.1069,0.1438,0.0918,0.4234,0.5595,0.5092,0.6686,0.0570,0.0711,0.0164,0.0383,0.2042,0.0182,0.0000,0.1145,0.0534,0.0736,0.1189,0.0803,0.0101,0.1168,0.0529,0.0936,0.0952,0.0000,0.4090,0.1351,0.0000,14.45,7.8042,-17.6806,3.6801
1705282242.0000,0.0244,0.0420,0.0290,0.0325,0.4110,0.0650,0.0693,0.1238,0.0973,0.4634,0.6402,0.5237,0.5999,0.1123,0.0000,0.0879,0.0447,0.1819,0.0014,0.0356,0.0452,0.0165,0.0000,0.0291,0.0000,0.0358,0.0243,0.0628,0.1044,0.0618,0.0320,0.3916,0.0968,0.0000,14.28,-6.2807,0.5222,2.1715
1705282242.0667,0.0434,0.0307,0.0341,0.0391,0.4088,0.0545,0.0928,0.1323,0.1206,0.4263,0.6841,0.5430,0.5845,0.0632,0.0956,0.1087,0.1060,0.2141,0.0176,0.0476,0.0851,0.1064,0.0000,0.0124,0.1248,0.1213,0.0737,0.1200,0.0924,0.1327,0.1522,0.2924,0.0856,0.0000,11.18,6.4090,11.5861,1.0286
1705282242.1333,0.0444,0.0364,0.0200,0.0381,0.4231,0.0621,0.0881,0.1482,0.1010,0.4231,0.6409,0.5594,0.6107,0.0718,0.0908,0.0702,0.0050,0.2805,0.0114,0.0199,0.0087,0.0432,0.0540,0.1849,0.0000,0.0267,0.1421,0.0337,0.1333,0.1067,0.0865,0.3179,0.0985,0.0000,12.97,10.7885,12.7043,8.0518
1705282242.2000,0.0584,0.0447,0.0241,0.0385,0.4357,0.0739,0.0989,0.1672,0.0919,0.3801,0.5618,0.5516,0.5957,0.0869,0.1024,0.0731,0.0341,0.2711,0.0159,0.0000,0.1083,0.0898,0.0270,0.0694,0.1392,0.0766,0.1660,0.0134,0.1231,0.1396,0.0451,0.3955,0.2178,0.0000,11.79,-2.9226,5.3049,2.3988
1705282242.2667,0.0691,0.0604,0.0057,0.0330,0.4701,0.0906,0.0855,0.1622,0.0685,0.3729,0.6314,0.5418,0.6075,0.0297,0.0487,0.0301,0.0991,0.2699,0.0000,0.0303,0.1782,0.1435,0.0952,0.1529,0.0601,0.1135,0.0631,0.0187,0.1249,0.1492,0.1327,0.3281,0.1306,0.0000,12.45,-0.6953,-1.1622,1.5738
1705282242.3333,0.0712,0.0500,0.0000,0.0340,0.4714,0.1062,0.0900,0.1711,0.0875,0.3512,0.6067,0.6331,0.6147,0.1515,0.0366,0.0510,0.0947,0.2298,0.0177,0.0509,0.1161,0.0684,0.0896,0.0968,0.0834,0.0919,0.0924,0.0387,0.1185,0.0698,0.1055,0.3696,0.0487,0.0000,11.73,-7.6327,2.6626,-3.8113
1705282242.4000,0.0605,0.0421,0.0000,0.0482,0.4864,0.0821,0.0967,0.1642,0.1067,0.3479,0.5984,0.5352,0.7074,0.0476,0.0786,0.0878,0.0292,0.2722,0.0602,0.0260,0.0606,0.1216,0.1322,0.0840,0.1925,0.0775,0.0718,0.0000,0.0960,0.0412,0.0447,0.3905,0.0996,0.0000,16.31,6.7833,0.8233,5.6305
1705282242.4667,0.0635,0.0452,0.0043,0.0529,0.4710,0.0732,0.0827,0.1612,0.1170,0.3573,0.6302,0.5098,0.6689,0.0725,0.0786,0.0652,0.0530,0.3080,0.0000,0.0000,0.1138,0.0807,0.0052,0.0987,0.1045,0.0537,0.0597,0.0000,0.0854,0.0261,0.0707,0.3466,0.1347,1.0000,15.42,3.1942,-20.4137,-4.4684
1705282242.5333,0.0865,0.0421,0.0031,0.0558,0.4617,0.0556,0.1085,0.1553,0.1256,0.3434,0.6810,0.5331,0.6726,0.1145,0.0505,0.0453,0.0459,0.2623,0.0199,0.0517,0.1445,0.0905,0.0344,0.1559,0.0313,0.1289,0.1285,0.1081,0.1339,0.0962,0.1107,0.2951,0.0909,0.0000,12.72,11.2413,-7.0932,-1.0426
1705282242.6000,0.0974,0.0422,0.0071,0.0420,0.4392,0.0369,0.1239,0.1550,0.1103,0.3677,0.6707,0.4469,0.7115,0.0981,0.0847,0.1002,0.1024,0.2452,0.1037,0.0448,0.1044,0.0325,0.0593,0.1196,0.1350,0.1600,0.0511,0.0000,0.0862,0.1534,0.1504,0.4466,0.1037,0.0000,14.29,6.4684,-4.6703,-0.9913
1705282242.6667,0.0859,0.0404,0.0296,0.0381,0.4677,0.0448,0.1311,0.1735,0.0840,0.3428,0.6226,0.4174,0.7234,0.1184,0.0208,0.0838,0.0823,0.2822,0.1542,0.0302,0.0485,0.0172,0.0441,0.1729,0.1438,0.1398,0.0599,0.0681,0.0635,0.0836,0.1047,0.4088,0.1888,0.0000,15.32,-7.9295,-0.0047,-1.9163
1705282242.7333,0.0814,0.0433,0.0371,0.0411,0.4329,0.0371,0.1242,0.1683,0.0883,0.3678,0.6233,0.4142,0.7544,0.0000,0.1054,0.1199,0.0579,0.2348,0.0325,0.0204,0.0449,0.0799,0.0000,0.0767,0.0667,0.1156,0.1306,0.0293,0.1071,0.0497,0.0204,0.3472,0.0837,0.0000,11.23,-7.8456,-4.6772,2.4148
1705282242.8000,0.0692,0.0361,0.0260,0.0205,0.4388,0.0117,0.1164,0.1651,0.1036,0.4075,0.7051,0.3694,0.8284,0.0681,0.1536,0.0734,0.1059,0.2502,0.0493,0.0452,0.1360,0.1190,0.0628,0.1899,0.1198,0.1497,0.1982,0.1151,0.1275,0.1574,0.1397,0.3644,0.0536,0.0000,15.89,11.5626,14.3086,-0.9749
1705282242.8667,0.0531,0.0408,0.0285,0.0171,0.4142,0.0069,0.1123,0.1719,0.1006,0.4327,0.6502,0.4151,0.8703,0.0000,0.1112,0.0626,0.0725,0.2307,0.0277,0.0000,0.0428,0.1079,0.0691,0.1025,0.0299,0.0277,0.1350,0.0473,0.1177,0.1728,0.1307,0.4378,0.0929,0.0000,10.19,6.2363,2.4553,0.3255
1705282242.9333,0.0579,0.0522,0.0285,0.0309,0.4243,0.0000,0.1091,0.1697,0.1085,0.4114,0.6039,0.3787,0.9147,0.0000,0.0952,0.0578,0.0293,0.2747,0.0000,0.0565,0.1671,0.1341,0.0273,0.1674,0.0734,0.0759,0.1198,0.0442,0.2016,0.1174,0.0388,0.3099,0.1277,0.0000,14.46,0.4115,4.8057,2.0363
1705282243.0000,0.0815,0.0463,0.0338,0.0308,0.4282,0.0000,0.1134,0.1645,0.0842,0.4104,0.6195,0.4650,0.8626,0.0727,0.0433,0.0945,0.0659,0.1943,0.0406,0.0306,0.0873,0.0726,0.0169,0.0892,0.2018,0.1591,0.0267,0.0725,0.0481,0.1600,0.1001,0.3443,0.0402,0.0000,18.32,-2.8815,5.8896,-2.2633
1705282243.0667,0.0737,0.0509,0.0349,0.0414,0.4560,0.0000,0.1087,0.1607,0.0689,0.4029,0.6783,0.4851,0.8674,0.0260,0.1098,0.1238,0.0418,0.2392,0.0625,0.0095,0.1160,0.1661,0.0452,0.0613,0.0932,0.1014,0.0215,0.0193,0.0970,0.1457,0.0616,0.4154,0.0448,0.0000,11.57,7.9085,-1.8142,-6.5152
1705282243.1333,0.0837,0.0460,0.0347,0.0280,0.4740,0.0363,0.0975,0.1543,0.0738,0.3830,0.6633,0.4955,0.8761,0.0420,0.0594,0.1148,0.1104,0.2570,0.0691,0.0701,0.0906,0.0797,0.0088,0.1526,0.1307,0.0000,0.1255,0.0090,0.0617,0.1295,0.1035,0.4025,0.1428,0.0000,20.86,8.7428,-4.8363,0.2994
1705282243.2000,0.0705,0.0340,0.0316,0.0337,0.4719,0.0449,0.0967,0.1491,0.0722,0.3973,0.7153,0.4702,0.8397,0.0365,0.0463,0.0571,0.0000,0.3127,0.0862,0.0000,0.1307,0.1052,0.0358,0.0578,0.0376,0.0398,0.1830,0.0241,0.1226,0.2054,0.1233,0.3480,0.1092,0.0000,11.06,7.9727,-7.8522,6.8435
1705282243.2667,0.0456,0.0429,0.0278,0.0438,0.4857,0.0472,0.1008,0.1339,0.0857,0.3920,0.7260,0.4614,0.7538,0.0390,0.1111,0.0036,0.0604,0.2870,0.0296,0.0467,0.0547,0.0676,0.0640,0.1181,0.0065,0.1563,0.0488,0.0452,0.1007,0.1381,0.0438,0.3242,0.1504,0.0000,13.69,18.4043,9.6255,-6.7322
1705282243.3333,0.0355,0.0312,0.0293,0.0365,0.4863,0.0374,0.0943,0.1231,0.0561,0.4421,0.7734,0.3725,0.8335,0.0267,0.0430,0.0476,0.0633,0.2848,0.0466,0.0022,0.1740,0.1093,0.0000,0.2270,0.1174,0.1799,0.1262,0.0946,0.0496,0.1756,0.1053,0.4715,0.0822,0.0000,15.88,1.1481,-1.0346,-2.4215
1705282243.4000,0.0438,0.0370,0.0233,0.0275,0.4716,0.0413,0.0922,0.1239,0.0759,0.4381,0.8483,0.3217,0.7574,0.0202,0.1508,0.0000,0.0000,0.3124,0.0345,0.0000,0.1621,0.0332,0.0310,0.1140,0.0333,0.1304,0.0393,0.0348,0.1631,0.0897,0.1277,0.3958,0.0694,0.0000,16.08,22.2887,-7.9023,-7.0278
1705282243.4667,0.0261,0.0308,0.0323,0.0282,0.4748,0.0311,0.0878,0.1165,0.0739,0.4592,0.8885,0.2310,0.6848,0.0334,0.0850,0.0372,0.0487,0.2850,0.0000,0.0108,0.1367,0.0841,0.0073,0.1495,0.1268,0.1237,0.0203,0.0257,0.0853,0.0434,0.0043,0.3582,0.1607,0.0000,18.39,6.2217,5.4400,-2.7496
1705282243.5333,0.0178,0.0349,0.0276,0.0267,0.4660,0.0191,0.1076,0.1251,0.0786,0.4580,0.8949,0.3493,0.6928,0.1468,0.0479,0.0124,0.0611,0.3322,0.0116,0.0299,0.0446,0.0000,0.0353,0.1032,0.1360,0.0398,0.1138,0.0295,0.0514,0.0321,0.0673,0.3321,0.1345,0.0000,16.13,2.9070,13.9210,2.6887
1705282243.6000,0.0201,0.0121,0.0216,0.0259,0.4477,0.0213,0.1136,0.1214,0.1174,0.4594,0.8785,0.3583,0.6160,0.0088,0.0868,0.0187,0.0754,0.2543,0.0475,0.0062,0.1636,0.1201,0.0200,0.0627,0.1591,0.0801,0.1473,0.1240,0.0569,0.1697,0.0052,0.4290,0.0507,0.0000,17.01,1.2949,25.0808,-3.6404
1705282243.6667,0.0236,0.0166,0.0245,0.0375,0.4510,0.0439,0.0982,0.1340,0.1077,0.4378,0.9062,0.3768,0.6558,0.0842,0.0126,0.0696,0.0818,0.2422,0.0044,0.0000,0.0973,0.0971,0.0043,0.0722,0.0033,0.1267,0.1814,0.0880,0.1074,0.1097,0.0817,0.3911,0.0831,0.0000,14.82,6.2324,-8.5378,0.4002
1705282243.7333,0.0229,0.0248,0.0266,0.0500,0.4568,0.0450,0.0983,0.1381,0.1097,0.4167,0.9210,0.3946,0.6960,0.0922,0.1205,0.0188,0.0648,0.2114,0.0000,0.0273,0.0292,0.0499,0.0348,0.1614,0.1284,0.0958,0.1147,0.0382,0.1477,0.0674,0.2008,0.3695,0.1109,0.0000,20.31,17.5520,6.6564,-7.9702
1705282243.8000,0.0267,0.0344,0.0185,0.0466,0.4830,0.0586,0.0922,0.1348,0.1195,0.3914,0.8741,0.3391,0.6439,0.0000,0.0500,0.0276,0.0268,0.3021,0.0402,0.0000,0.1656,0.0372,0.0920,0.0000,0.0701,0.1580,0.1133,0.0585,0.0884,0.0303,0.1143,0.3012,0.1289,0.0000,15.06,2.6757,13.5517,-13.2792
1705282243.8667,0.0371,0.0316,0.0270,0.0454,0.4687,0.0714,0.1063,0.1175,0.1330,0.3772,0.8530,0.2654,0.6490,0.0722,0.0169,0.1462,0.1118,0.2800,0.0594,0.0141,0.1036,0.0870,0.0387,0.0328,0.1057,0.1414,0.0680,0.0512,0.0492,0.1285,0.1858,0.2777,0.0000,0.0000,11.74,6.2399,-2.6120,0.3004
1705282243.9333,0.0553,0.0159,0.0273,0.0664,0.4437,0.0680,0.1008,0.1271,0.1279,0.3806,0.7328,0.3152,0.5986,0.0339,0.0603,0.0476,0.0156,0.2557,0.0178,0.0308,0.0758,0.1081,0.0589,0.0715,0.0645,0.0139,0.1286,0.0842,0.2142,0.0387,0.0984,0.3114,0.1124,0.0000,17.30,10.3019,4.8827,2.1979
1705282244.0000,0.0315,0.0032,0.0276,0.0631,0.4198,0.0604,0.1179,0.1297,0.1022,0.4268,0.7838,0.2585,0.6163,0.0692,0.1376,0.0169,0.0805,0.2671,0.0000,0.0039,0.1547,0.1404,0.0000,0.1089,0.0297,0.0289,0.1100,0.0635,0.0830,0.0698,0.1218,0.3896,0.1206,0.0000,18.03,14.9827,1.1967,-4.4277
1705282244.0667,0.0473,0.0093,0.0154,0.0632,0.3934,0.0738,0.1085,0.1539,0.0884,0.4281,0.7093,0.2753,0.5969,0.0611,0.0371,0.0677,0.0993,0.2021,0.0029,0.0171,0.1651,0.0618,0.0313,0.1059,0.1694,0.1247,0.1136,0.0705,0.0309,0.0920,0.1323,0.2873,0.0958,0.0000,16.59,5.1829,-12.0321,7.1438
1705282244.1333,0.0460,0.0142,0.0270,0.0570,0.4285,0.0591,0.1210,0.1486,0.0625,0.4216,0.7136,0.2738,0.6238,0.0264,0.1192,0.0178,0.0704,0.3263,0.0000,0.0394,0.0000,0.0642,0.0582,0.0540,0.0558,0.1112,0.1364,0.0197,0.1360,0.1284,0.0929,0.3464,0.1052,0.0000,15.39,3.9771,4.8404,0.9489
1705282244.2000,0.0431,0.0317,0.0261,0.0591,0.4523,0.0615,0.0942,0.1510,0.0554,0.4154,0.8050,0.3856,0.6444,0.0609,0.0783,0.0614,0.0000,0.2511,0.0254,0.0000,0.1559,0.0304,0.0196,0.0802,0.0740,0.0768,0.1752,0.0840,0.1209,0.1398,0.0986,0.3994,0.0692,0.0000,13.23,7.7018,-4.9673,6.9057
1705282244.2667,0.0669,0.0324,0.0269,0.0745,0.4543,0.0678,0.0858,0.1547,0.0849,0.3711,0.7948,0.4699,0.6637,0.1120,0.0402,0.0214,0.0698,0.2841,0.0260,0.0170,0.0469,0.1247,0.0386,0.1392,0.0738,0.0263,0.1033,0.0736,0.1631,0.0872,0.1049,0.3350,0.0167,0.0000,14.73,16.5027,-5.2052,-1.2542
1705282244.3333,0.0706,0.0246,0.0270,0.0664,0.4633,0.0664,0.0900,0.1556,0.0911,0.3670,0.6958,0.4588,0.6514,0.1081,0.0714,0.0091,0.0281,0.2669,0.0305,0.0443,0.0710,0.0233,0.0549,0.1473,0.0832,0.1697,0.1182,0.0593,0.1024,0.1056,0.2162,0.3804,0.0566,0.0000,17.97,13.0316,-2.2272,7.5542
1705282244.4000,0.0616,0.0213,0.0270,0.0573,0.4940,0.0870,0.0950,0.1456,0.0839,0.3563,0.6519,0.4777,0.7796,0.0000,0.0473,0.0658,0.0570,0.2929,0.0252,0.0324,0.0630,0.0536,0.0621,0.0376,0.0858,0.1593,0.0941,0.0383,0.0644,0.0024,0.1471,0.3788,0.0590,0.0000,13.67,10.8798,14.4732,-1.6526
1705282244.4667,0.0524,0.0259,0.0250,0.0443,0.4767,0.0756,0.0869,0.1445,0.1141,0.3728,0.6126,0.4190,0.6908,0.0918,0.1505,0.0743,0.0483,0.2879,0.0000,0.0476,0.1336,0.0896,0.0691,0.0570,0.0921,0.1495,0.0098,0.0690,0.1230,0.0825,0.0627,0.3854,0.0944,0.0000,13.93,0.7996,2.1989,-1.5932
1705282244.5333,0.0396,0.0280,0.0211,0.0366,0.4748,0.0660,0.1245,0.1607,0.0836,0.3791,0.5446,0.3113,0.7046,0.0813,0.0997,0.0601,0.0606,0.2888,0.0045,0.0745,0.1069,0.1377,0.0350,0.0880,0.0929,0.1198,0.1027,0.0538,0.1126,0.0844,0.0971,0.3786,0.0174,0.0000,10.32,5.7984,-1.2752,-6.6942
1705282244.6000,0.0339,0.0395,0.0186,0.0487,0.4656,0.0730,0.1076,0.1597,0.0968,0.3739,0.5983,0.3962,0.6874,0.0287,0.1049,0.0615,0.0340,0.2772,0.0271,0.0370,0.1363,0.0612,0.0636,0.0547,0.0971,0.1014,0.1703,0.0424,0.1162,0.0538,0.1348,0.3510,0.1815,0.0000,20.74,11.2660,-2.0545,2.7201
1705282244.6667,0.0464,0.0424,0.0282,0.0465,0.4344,0.0865,0.1090,0.1570,0.1104,0.3636,0.6480,0.4801,0.6246,0.1038,0.1510,0.0487,0.0829,0.1902,0.0532,0.0531,0.0499,0.1077,0.0666,0.1946,0.0942,0.1215,0.0759,0.0609,0.1157,0.0903,0.0196,0.3694,0.1199,1.0000,23.71,7.4741,-4.2220,-1.5148
1705282244.7333,0.0449,0.0383,0.0282,0.0444,0.4682,0.0716,0.1155,0.1589,0.1164,0.3482,0.6364,0.4785,0.6919,0.1178,0.0871,0.1189,0.0319,0.2728,0.0373,0.0000,0.0000,0.1724,0.0187,0.1026,0.0332,0.1091,0.1716,0.0414,0.2247,0.1723,0.0512,0.3489,0.1011,0.0000,7.81,1.2214,5.8695,10.8429
1705282244.8000,0.0466,0.0410,0.0346,0.0410,0.4526,0.0641,0.1017,0.1598,0.1285,0.3581,0.6026,0.4063,0.6928,0.0395,0.1271,0.1375,0.0278,0.2667,0.0245,0.0363,0.1338,0.0742,0.0796,0.1312,0.0829,0.1220,0.0626,0.0216,0.1228,0.1300,0.1133,0.3611,0.1536,0.0000,16.71,11.8448,-10.9984,1.8155
1705282244.8667,0.0341,0.0325,0.0330,0.0330,0.4556,0.0605,0.1048,0.1647,0.1400,0.3651,0.6143,0.4501,0.7411,0.0151,0.0547,0.0317,0.0710,0.2504,0.0000,0.0000,0.0609,0.1093,0.0229,0.0849,0.1375,0.1666,0.0781,0.1270,0.1595,0.1517,0.0664,0.3236,0.1665,0.0000,11.71,0.8538,-24.9973,1.3146
1705282244.9333,0.0386,0.0303,0.0407,0.0323,0.4278,0.0577,0.1237,0.1687,0.1334,0.3681,0.6332,0.4269,0.6588,0.0000,0.0453,0.0656,0.0813,0.2431,0.0013,0.0414,0.1790,0.0752,0.0100,0.1183,0.2443,0.1111,0.1180,0.0810,0.0832,0.1599,0.1358,0.4403,0.0711,0.0000,14.92,0.2919,2.9625,-1.8049
1705282245.0000,0.0180,0.0461,0.0247,0.0539,0.4546,0.0741,0.1308,0.1742,0.1215,0.3413,0.5830,0.3742,0.6421,0.0946,0.1235,0.0996,0.0424,0.2597,0.0173,0.0093,0.1264,0.0374,0.0000,0.1611,0.0389,0.0713,0.0430,0.0401,0.0067,0.0920,0.0834,0.3985,0.0108,1.0000,15.72,12.7814,22.9266,-8.9241
1705282245.0667,0.0156,0.0637,0.0131,0.0656,0.4662,0.0817,0.1405,0.1776,0.1214,0.3128,0.6242,0.4111,0.6221,0.1081,0.1154,0.0879,0.0426,0.3211,0.0352,0.0000,0.1183,0.1863,0.0000,0.1389,0.1388,0.1333,0.1147,0.0865,0.1568,0.0518,0.0000,0.3150,0.1511,0.0000,16.56,-5.2120,-1.7705,5.9135
1705282245.1333,0.0043,0.0431,0.0044,0.0412,0.4619,0.0759,0.1329,0.1583,0.1226,0.3733,0.6605,0.4335,0.6468,0.1090,0.0714,0.0963,0.0557,0.3700,0.0149,0.0285,0.0878,0.0637,0.0381,0.0000,0.1150,0.0864,0.0731,0.0503,0.0486,0.0796,0.0810,0.3281,0.0053,0.0000,13.86,12.6313,-1.4169,-1.7228
1705282245.2000,0.0290,0.0377,0.0074,0.0407,0.4140,0.1037,0.1440,0.1583,0.0984,0.3801,0.6415,0.4820,0.6947,0.0976,0.0548,0.0499,0.0476,0.2214,0.0086,0.0267,0.1224,0.1264,0.0603,0.1754,0.1337,0.0863,0.1299,0.0591,0.0446,0.0799,0.1046,0.2170,0.1372,0.0000,23.66,-1.0818,9.8131,3.8793
1705282245.2667,0.0325,0.0243,0.0042,0.0394,0.3975,0.1008,0.1473,0.1504,0.0998,0.4023,0.6038,0.5132,0.6668,0.0000,0.0874,0.1342,0.1086,0.2045,0.0512,0.0469,0.1491,0.0516,0.0890,0.0866,0.1405,0.0435,0.0431,0.0503,0.1324,0.0988,0.1065,0.3341,0.0911,0.0000,14.21,17.6966,9.0787,8.9425
1705282245.3333,0.0262,0.0272,0.0120,0.0419,0.4051,0.1014,0.1576,0.1587,0.0903,0.3878,0.6148,0.5936,0.7208,0.1178,0.2075,0.0004,0.0622,0.2622,0.0719,0.0000,0.0272,0.0771,0.0208,0.0737,0.1984,0.1767,0.0654,0.0367,0.1145,0.0940,0.0000,0.3156,0.1026,0.0000,12.99,3.6600,-21.0841,7.3280
1705282245.4000,0.0313,0.0262,0.0231,0.0431,0.4077,0.0883,0.1528,0.1595,0.0795,0.3930,0.6501,0.5900,0.7272,0.1003,0.1200,0.0342,0.1135,0.2377,0.0000,0.0285,0.0926,0.0867,0.0451,0.1193,0.1269,0.1810,0.0143,0.0859,0.1205,0.0000,0.1935,0.4046,0.1260,0.0000,12.26,7.7012,3.5785,-4.5666
1705282245.4667,0.0379,0.0173,0.0310,0.0301,0.4211,0.0709,0.1338,0.1673,0.0756,0.4089,0.6480,0.5653,0.6737,0.0457,0.0864,0.0575,0.0457,0.3046,0.0095,0.0427,0.1903,0.1326,0.0318,0.0562,0.1278,0.1022,0.0818,0.0225,0.0180,0.0000,0.1122,0.3325,0.0690,0.0000,8.85,1.1753,3.2513,-6.2749
1705282245.5333,0.0512,0.0330,0.0164,0.0266,0.4256,0.0811,0.1429,0.1523,0.0863,0.3907,0.6821,0.6077,0.6724,0.0152,0.1006,0.0000,0.0965,0.2674,0.0000,0.0324,0.0376,0.1064,0.0349,0.1821,0.0965,0.0840,0.1205,0.0615,0.1004,0.0288,0.1835,0.2583,0.1196,0.0000,16.30,-1.2645,4.3471,5.7326
1705282245.6000,0.0531,0.0371,0.0235,0.0181,0.4116,0.0863,0.1869,0.1622,0.0809,0.3641,0.7380,0.5768,0.6613,0.0000,0.1571,0.0146,0.1072,0.3028,0.0353,0.0493,0.1225,0.1038,0.0416,0.1463,0.0373,0.0746,0.0475,0.1223,0.0325,0.0584,0.0955,0.2843,0.1042,0.0000,16.88,4.1663,-13.1429,12.0175
1705282245.6667,0.0715,0.0380,0.0309,0.0208,0.4023,0.0617,0.1688,0.1573,0.0838,0.3789,0.7486,0.5583,0.6410,0.0620,0.1135,0.0952,0.1217,0.2777,0.0238,0.0000,0.0960,0.1522,0.0767,0.1633,0.1538,0.0695,0.0260,0.1387,0.1471,0.0072,0.0780,0.2964,0.0888,0.0000,13.07,4.4666,15.9852,0.2367
1705282245.7333,0.0560,0.0421,0.0229,0.0330,0.4074,0.0446,0.1696,0.1707,0.0787,0.3849,0.6879,0.6006,0.6611,0.0000,0.1274,0.1086,0.1142,0.2430,0.0792,0.0000,0.1467,0.0762,0.0169,0.1277,0.1730,0.1107,0.1496,0.0782,0.1566,0.1132,0.1488,0.3126,0.1128,0.0000,14.33,1.1862,0.5699,-9.3776
1705282245.8000,0.0704,0.0494,0.0288,0.0576,0.4001,0.0410,0.1371,0.1762,0.0842,0.3731,0.5991,0.5250,0.6199,0.0000,0.0498,0.0111,0.0763,0.2069,0.0344,0.0366,0.1481,0.0793,0.0000,0.1450,0.1744,0.0816,0.0935,0.0199,0.0490,0.1031,0.1223,0.3904,0.1387,0.0000,13.97,13.9755,2.3677,5.4149
1705282245.8667,0.0759,0.0443,0.0345,0.0437,0.3763,0.0367,0.1318,0.1616,0.0727,0.4134,0.5920,0.5023,0.7528,0.0514,0.0485,0.0916,0.0506,0.2011,0.0000,0.1040,0.0867,0.0473,0.0642,0.0916,0.0492,0.0289,0.1453,0.0351,0.1726,0.0855,0.1702,0.4011,0.0859,0.0000,15.41,13.1981,3.8510,-8.5793
1705282245.9333,0.0814,0.0439,0.0442,0.0465,0.3801,0.0325,0.1147,0.1602,0.0800,0.4100,0.5961,0.4438,0.6919,0.0617,0.0751,0.0362,0.0723,0.2503,0.0819,0.0106,0.1413,0.0549,0.0506,0.1053,0.1602,0.2471,0.0173,0.0985,0.0749,0.1276,0.0680,0.2942,0.0923,1.0000,21.26,-2.7727,0.8381,4.0183
1705282246.0000,0.0716,0.0460,0.0450,0.0403,0.3792,0.0431,0.1164,0.1624,0.0895,0.4040,0.5702,0.4482,0.7242,0.0028,0.1017,0.0776,0.0021,0.2351,0.0923,0.0346,0.1667,0.1035,0.0245,0.0625,0.0784,0.1708,0.0904,0.0411,0.0943,0.0405,0.1345,0.2597,0.1056,0.0000,14.90,6.3083,-4.4339,6.0001
1705282246.0667,0.0712,0.0506,0.0416,0.0541,0.3683,0.0441,0.0999,0.1603,0.1024,0.4045,0.5866,0.4307,0.7210,0.0724,0.1974,0.0609,0.0519,0.1996,0.0410,0.0529,0.0000,0.0290,0.0165,0.1240,0.1077,0.1819,0.0918,0.0681,0.1175,0.1044,0.1638,0.3053,0.0875,0.0000,9.04,3.5014,-2.7150,-3.4848
1705282246.1333,0.0887,0.0489,0.0302,0.0404,0.3838,0.0341,0.1028,0.1592,0.0884,0.4141,0.6045,0.4264,0.6797,0.0774,0.0684,0.1236,0.0257,0.2241,0.0581,0.0170,0.1895,0.0688,0.0116,0.1262,0.1442,0.1748,0.0850,0.0489,0.0637,0.1433,0.1072,0.3127,0.1086,0.0000,10.76,-6.4305,7.8163,-0.8928
1705282246.2000,0.0865,0.0463,0.0272,0.0445,0.4229,0.0555,0.0908,0.1432,0.0892,0.3963,0.6603,0.4550,0.6965,0.0866,0.0546,0.1231,0.0184,0.2305,0.0316,0.0547,0.1285,0.0459,0.0475,0.0678,0.0910,0.1576,0.0000,0.0273,0.0846,0.0511,0.2101,0.3644,0.0735,0.0000,17.80,4.9173,1.3953,-0.0765
1705282246.2667,0.0928,0.0396,0.0354,0.0451,0.4569,0.0463,0.0978,0.1644,0.1068,0.3490,0.5986,0.4513,0.7571,0.0813,0.0267,0.0934,0.0983,0.2729,0.0852,0.0760,0.1600,0.0121,0.0398,0.1151,0.0988,0.0532,0.0000,0.1037,0.1067,0.1298,0.1802,0.3743,0.0693,0.0000,11.12,9.7505,0.9962,-1.0186
1705282246.3333,0.1037,0.0339,0.0369,0.0407,0.4537,0.0698,0.1140,0.1620,0.1030,0.3294,0.5651,0.4391,0.7807,0.0526,0.0826,0.1040,0.1139,0.2306,0.0794,0.0415,0.1153,0.0416,0.0084,0.1129,0.0970,0.1275,0.1159,0.0350,0.1112,0.1469,0.1328,0.3404,0.0989,0.0000,21.23,7.3120,17.2014,1.3795
1705282246.4000,0.1012,0.0306,0.0407,0.0245,0.4502,0.0658,0.1134,0.1490,0.1023,0.3534,0.5821,0.4563,0.7186,0.0000,0.1583,0.1528,0.0518,0.2697,0.0490,0.0947,0.1104,0.1551,0.0075,0.1308,0.0356,0.0376,0.0839,0.0461,0.0000,0.0535,0.1288,0.3444,0.0775,0.0000,13.51,-1.0877,-4.7814,-0.8681
1705282246.4667,0.0949,0.0400,0.0402,0.0210,0.4726,0.0531,0.0967,0.1292,0.0679,0.3906,0.5895,0.5397,0.7282,0.0216,0.0243,0.1251,0.0495,0.2921,0.1250,0.1054,0.0000,0.1606,0.0734,0.1582,0.0801,0.0385,0.0682,0.0763,0.1259,0.1589,0.0761,0.3730,0.0440,0.0000,12.84,-1.9040,5.7088,3.6642
1705282246.5333,0.0935,0.0264,0.0373,0.0313,0.5013,0.0578,0.1047,0.1276,0.0909,0.3575,0.6320,0.5377,0.7839,0.0748,0.0292,0.0546,0.0781,0.3143,0.0788,0.0475,0.1114,0.0116,0.0526,0.0376,0.1323,0.1642,0.1302,0.0522,0.1541,0.1071,0.0558,0.3195,0.2111,0.0000,14.21,6.8258,-4.1669,-5.1371
1705282246.6000,0.0956,0.0336,0.0329,0.0342,0.5125,0.0728,0.0876,0.1400,0.0790,0.3470,0.6161,0.5565,0.7731,0.0258,0.0736,0.1410,0.0528,0.3806,0.0284,0.0708,0.1550,0.1171,0.0927,0.0079,0.0397,0.0584,0.0677,0.0081,0.0000,0.0398,0.0983,0.3957,0.1346,0.0000,8.73,12.9823,4.1169,8.9073
1705282246.6667,0.0775,0.0282,0.0361,0.0287,0.5078,0.0829,0.0735,0.1560,0.1113,0.3388,0.6154,0.5997,0.7068,0.0589,0.0000,0.0520,0.0177,0.2943,0.0816,0.0201,0.1107,0.0982,0.0601,0.0967,0.0803,0.0000,0.0886,0.0543,0.0530,0.1264,0.1012,0.2793,0.1106,0.0000,10.53,-0.3753,1.8885,-5.3315
1705282246.7333,0.0862,0.0479,0.0258,0.0201,0.4995,0.0539,0.0884,0.1611,0.1291,0.3328,0.6057,0.5829,0.6580,0.0704,0.0463,0.1200,0.0552,0.3130,0.0511,0.0133,0.0704,0.0827,0.0522,0.1390,0.1385,0.0231,0.1082,0.0128,0.1732,0.0694,0.0261,0.4217,0.0533,0.0000,17.13,6.4688,-1.2380,-0.2047
1705282246.8000,0.0634,0.0381,0.0275,0.0317,0.5099,0.0672,0.1199,0.1660,0.1402,0.3018,0.6026,0.5525,0.7043,0.0925,0.0898,0.1017,0.0580,0.3174,0.0326,0.0000,0.0278,0.1166,0.0410,0.0819,0.2119,0.1349,0.0870,0.1440,0.0477,0.0885,0.0928,0.4187,0.0566,0.0000,14.74,4.8275,-11.0635,-3.5253
1705282246.8667,0.0585,0.0344,0.0257,0.0208,0.4866,0.0836,0.1048,0.1530,0.1245,0.3449,0.6626,0.4804,0.7659,0.0057,0.0810,0.0563,0.0949,0.2798,0.0040,0.0103,0.0955,0.1178,0.0662,0.0961,0.1384,0.2052,0.1300,0.0606,0.1161,0.1090,0.0999,0.2968,0.0422,0.0000,17.68,1.6781,-23.1523,1.6056
1705282246.9333,0.0640,0.0385,0.0294,0.0153,0.5142,0.0885,0.1220,0.1591,0.1215,0.3085,0.6757,0.4415,0.6832,0.0301,0.0851,0.1138,0.0701,0.3374,0.0392,0.0440,0.2002,0.0000,0.0473,0.1183,0.1464,0.0779,0.0213,0.0914,0.1391,0.0696,0.0786,0.3765,0.1291,0.0000,12.77,13.7825,1.1892,3.0945
1705282247.0000,0.0561,0.0351,0.0419,0.0000,0.4832,0.0813,0.1305,0.1774,0.1124,0.3292,0.6320,0.4965,0.7309,0.0951,0.1089,0.1182,0.0611,0.3693,0.0052,0.0574,0.0934,0.1378,0.0655,0.0481,0.1220,0.0722,0.0662,0.0351,0.0505,0.0678,0.0000,0.3706,0.0083,0.0000,20.72,-4.6713,16.5771,-3.7597
1705282247.0667,0.0563,0.0337,0.0325,0.0083,0.4750,0.0853,0.1321,0.1783,0.0997,0.3394,0.6204,0.5288,0.7730,0.0102,0.1528,0.0602,0.1061,0.2627,0.0839,0.0757,0.1091,0.1550,0.0586,0.1545,0.0425,0.1152,0.1652,0.1171,0.1255,0.1220,0.0856,0.4322,0.1877,0.0000,15.01,8.6523,-5.3533,0.4561
1705282247.1333,0.0526,0.0171,0.0412,0.0143,0.4653,0.0752,0.1149,0.1647,0.1043,0.3703,0.6792,0.5487,0.7069,0.0370,0.1086,0.1177,0.0605,0.3129,0.0000,0.0150,0.0177,0.0762,0.0369,0.0743,0.1008,0.1292,0.1325,0.0679,0.0481,0.1263,0.0525,0.4286,0.1164,0.0000,15.91,6.0588,0.2688,-4.8688
1705282247.2000,0.0378,0.0283,0.0428,0.0091,0.4498,0.0805,0.0922,0.1701,0.0822,0.4043,0.6586,0.5542,0.7066,0.0737,0.0938,0.1117,0.0630,0.2483,0.0000,0.0635,0.0457,0.1775,0.0687,0.0597,0.1280,0.0892,0.0450,0.0614,0.0000,0.0919,0.0631,0.3815,0.1819,0.0000,15.24,3.5703,7.8947,-7.6241
1705282247.2667,0.0390,0.0215,0.0476,0.0227,0.4592,0.0903,0.0935,0.1651,0.1037,0.3744,0.6888,0.5102,0.7440,0.0000,0.0576,0.0659,0.0938,0.2721,0.0000,0.0000,0.1191,0.1146,0.0151,0.0732,0.1715,0.0847,0.0880,0.0438,0.1103,0.1650,0.0300,0.3532,0.0845,0.0000,18.37,1.9593,-6.4154,-3.3714
1705282247.3333,0.0373,0.0265,0.0335,0.0000,0.4433,0.1002,0.1168,0.1678,0.0867,0.3927,0.6939,0.4855,0.6882,0.0805,0.0309,0.1014,0.0521,0.2702,0.0050,0.0138,0.0729,0.0476,0.0466,0.1078,0.1145,0.0981,0.0715,0.0956,0.0699,0.0914,0.1158,0.4830,0.1057,0.0000,19.12,6.7284,-10.6626,-3.6567
1705282247.4000,0.0431,0.0216,0.0328,0.0000,0.4636,0.0809,0.1386,0.1502,0.0731,0.3977,0.6806,0.4284,0.6434,0.0000,0.0629,0.1067,0.1010,0.2674,0.0200,0.0277,0.0970,0.0226,0.0656,0.1836,0.1249,0.1026,0.0996,0.0730,0.0413,0.0765,0.0554,0.4163,0.2238,0.0000,11.85,9.7656,0.5410,-6.0599
1705282247.4667,0.0514,0.0281,0.0326,0.0012,0.4535,0.0769,0.1272,0.1482,0.0381,0.4256,0.6699,0.4713,0.6109,0.0415,0.0858,0.0763,0.1431,0.3256,0.0000,0.0675,0.1011,0.1079,0.0406,0.1088,0.1286,0.0764,0.0000,0.0292,0.1156,0.1834,0.0723,0.3846,0.1050,0.0000,19.82,17.9162,-17.7393,1.8521
1705282247.5333,0.0608,0.0220,0.0325,0.0151,0.4408,0.0733,0.1407,0.1475,0.0612,0.4037,0.7391,0.5817,0.6020,0.0414,0.0916,0.0872,0.1490,0.3019,0.0346,0.0317,0.1657,0.0428,0.0646,0.0820,0.0320,0.1491,0.0777,0.0546,0.2074,0.0704,0.0784,0.3933,0.1411,0.0000,17.73,5.8931,-0.9924,0.5430
1705282247.6000,0.0467,0.0259,0.0335,0.0125,0.4380,0.0709,0.1276,0.1462,0.0586,0.4241,0.6734,0.6199,0.5635,0.0489,0.0327,0.0947,0.0897,0.2607,0.0000,0.0000,0.1078,0.0514,0.0184,0.1746,0.1135,0.1183,0.0285,0.0326,0.0270,0.1167,0.0986,0.3002,0.0928,0.0000,14.89,8.9115,3.5676,-0.0546
1705282247.6667,0.0583,0.0399,0.0292,0.0242,0.4470,0.0988,0.1177,0.1500,0.0772,0.3747,0.7372,0.6692,0.5586,0.0450,0.0715,0.0010,0.0556,0.2558,0.0109,0.0053,0.1508,0.1309,0.1348,0.1252,0.0833,0.0792,0.0334,0.1002,0.0929,0.0913,0.1300,0.2558,0.1676,1.0000,17.46,4.3481,10.2433,7.0603
1705282247.7333,0.0434,0.0265,0.0321,0.0345,0.4462,0.0877,0.1268,0.1617,0.0676,0.3841,0.7781,0.6182,0.6249,0.1503,0.1077,0.0237,0.0704,0.3152,0.0220,0.0357,0.1207,0.0771,0.0321,0.1955,0.1635,0.0649,0.0786,0.0846,0.0674,0.1373,0.0832,0.3490,0.0949,1.0000,17.44,-2.0609,10.5223,2.2933
1705282247.8000,0.0500,0.0222,0.0349,0.0339,0.4561,0.0758,0.1293,0.1614,0.0635,0.3837,0.8222,0.6232,0.6681,0.0004,0.1442,0.0245,0.0882,0.3808,0.0160,0.0376,0.1471,0.0699,0.0000,0.1359,0.0410,0.1435,0.2240,0.0587,0.1254,0.0000,0.1163,0.4041,0.1060,0.0000,15.48,8.8836,-6.4956,1.1062
1705282247.8667,0.0312,0.0390,0.0304,0.0406,0.4605,0.0834,0.1034,0.1603,0.0661,0.3911,0.7496,0.6180,0.6885,0.0512,0.0368,0.0585,0.0578,0.2745,0.0000,0.0446,0.0751,0.0903,0.0360,0.1817,0.0653,0.0000,0.1688,0.0098,0.0492,0.0815,0.1079,0.3685,0.1150,0.0000,13.30,9.4330,-5.2002,6.8369
1705282247.9333,0.0340,0.0294,0.0351,0.0583,0.4777,0.1032,0.1105,0.1578,0.0548,0.3636,0.7633,0.5719,0.7165,0.0911,0.0672,0.0344,0.0571,0.2665,0.0789,0.0365,0.1669,0.1218,0.0299,0.0000,0.0593,0.1189,0.0711,0.0519,0.1704,0.1204,0.1436,0.3509,0.0832,0.0000,12.44,0.8683,11.6389,-1.3421
1705282248.0000,0.0480,0.0252,0.0242,0.0469,0.4644,0.0912,0.1117,0.1700,0.0449,0.3841,0.7093,0.5400,0.6788,0.1037,0.0191,0.0056,0.0670,0.2553,0.0047,0.0603,0.0262,0.0893,0.0582,0.1713,0.0000,0.0621,0.0724,0.0375,0.1024,0.0479,0.0787,0.3102,0.0413,0.0000,17.36,-8.9793,-0.9160,-4.0507
1705282248.0667,0.0533,0.0308,0.0288,0.0318,0.4732,0.0698,0.0796,0.1502,0.0338,0.4292,0.6715,0.5493,0.6609,0.1149,0.0085,0.0674,0.0466,0.2768,0.0098,0.0000,0.0315,0.1184,0.0331,0.1073,0.1293,0.1511,0.0853,0.0232,0.0145,0.1567,0.1269,0.3594,0.0681,0.0000,21.47,4.2277,-7.7674,-2.6794
1705282248.1333,0.0567,0.0253,0.0285,0.0392,0.4732,0.0638,0.0714,0.1455,0.0536,0.4256,0.6517,0.5894,0.7104,0.0004,0.0669,0.0032,0.0256,0.3063,0.0306,0.0082,0.1445,0.1598,0.0000,0.2178,0.0799,0.0331,0.1265,0.0588,0.1367,0.2045,0.1082,0.3193,0.1201,0.0000,12.36,10.5963,7.5074,-5.3198
1705282248.2000,0.0500,0.0348,0.0333,0.0450,0.4743,0.0760,0.0642,0.1569,0.0712,0.3966,0.6569,0.5649,0.6989,0.0490,0.0901,0.0617,0.0101,0.3189,0.0348,0.0007,0.0673,0.0693,0.0709,0.1456,0.0540,0.0842,0.0782,0.0510,0.0663,0.0936,0.1233,0.3889,0.0000,0.0000,18.51,3.6345,2.7931,-0.0741
1705282248.2667,0.0450,0.0486,0.0479,0.0343,0.4817,0.0796,0.0784,0.1608,0.0639,0.3759,0.7231,0.5411,0.6791,0.0492,0.0456,0.0000,0.0253,0.3033,0.0123,0.0214,0.1826,0.0806,0.0850,0.0400,0.1010,0.1067,0.0170,0.0571,0.0804,0.0589,0.1287,0.3443,0.0710,0.0000,12.69,3.6939,13.4305,-2.2151
1705282248.3333,0.0413,0.0330,0.0470,0.0190,0.4620,0.0749,0.0943,0.1532,0.0649,0.4062,0.6999,0.5103,0.7523,0.0275,0.0778,0.0988,0.0744,0.3208,0.0510,0.0000,0.1495,0.0534,0.0634,0.1350,0.1556,0.0935,0.0846,0.0624,0.0872,0.0802,0.0839,0.3171,0.1407,0.0000,11.16,15.9874,0.1615,-3.3692
1705282248.4000,0.0420,0.0508,0.0278,0.0258,0.4539,0.0730,0.0732,0.1625,0.0702,0.4125,0.7726,0.4023,0.7376,0.1114,0.0439,0.0096,0.0707,0.2675,0.0478,0.0172,0.1874,0.2079,0.0402,0.1772,0.1078,0.0756,0.1585,0.0276,0.1653,0.0452,0.2044,0.3478,0.0887,0.0000,12.99,16.0744,9.2549,2.0908
1705282248.4667,0.0619,0.0442,0.0275,0.0395,0.4236,0.0716,0.0856,0.1663,0.0755,0.4026,0.6937,0.3466,0.7638,0.0592,0.0456,0.0996,0.0464,0.2506,0.0631,0.0017,0.0580,0.1662,0.0849,0.1082,0.1010,0.1689,0.0412,0.0450,0.1074,0.0813,0.1158,0.2199,0.0764,0.0000,15.75,-14.8835,-11.4418,-2.3491
1705282248.5333,0.0551,0.0326,0.0331,0.0416,0.3882,0.0578,0.1007,0.1721,0.0671,0.4310,0.7066,0.3834,0.7345,0.0567,0.0906,0.0000,0.0070,0.2695,0.0000,0.0159,0.0589,0.1197,0.0021,0.0515,0.0439,0.0055,0.0627,0.0652,0.0561,0.1331,0.1725,0.3960,0.1441,0.0000,10.07,6.6796,21.2033,-2.8579
1705282248.6000,0.0490,0.0131,0.0287,0.0380,0.4208,0.0794,0.0836,0.1804,0.0651,0.4251,0.7273,0.4802,0.7564,0.0033,0.0481,0.0000,0.0444,0.2238,0.0423,0.0357,0.1057,0.1351,0.0014,0.0758,0.0398,0.0638,0.0452,0.1055,0.1158,0.1270,0.1472,0.3351,0.1142,1.0000,21.06,1.7444,6.3633,1.4486
1705282248.6667,0.0504,0.0114,0.0312,0.0322,0.4121,0.0728,0.0800,0.1925,0.0689,0.4291,0.6620,0.4065,0.7819,0.0331,0.1416,0.0623,0.0398,0.2512,0.0075,0.0511,0.0415,0.0338,0.0325,0.1052,0.1043,0.1923,0.0600,0.0030,0.1792,0.2010,0.0000,0.3910,0.1095,0.0000,8.84,-1.2744,6.9005,-3.4725
1705282248.7333,0.0462,0.0078,0.0217,0.0308,0.4053,0.0751,0.0906,0.1784,0.0929,0.4307,0.7312,0.4943,0.7892,0.0000,0.0000,0.0429,0.0318,0.2426,0.0000,0.0401,0.0004,0.1670,0.0188,0.0359,0.1413,0.0945,0.1057,0.0667,0.1471,0.0987,0.0431,0.3516,0.0557,0.0000,9.96,12.4541,6.8289,3.7700
1705282248.8000,0.0569,0.0048,0.0315,0.0315,0.4227,0.0916,0.0809,0.1881,0.0961,0.3975,0.7259,0.4649,0.8521,0.1147,0.1431,0.1083,0.0577,0.2620,0.0739,0.0224,0.0308,0.0325,0.0197,0.1250,0.0622,0.0905,0.1062,0.0293,0.1795,0.0839,0.1106,0.3627,0.1338,0.0000,13.04,7.9070,-10.1485,-1.7525
1705282248.8667,0.0506,0.0151,0.0265,0.0370,0.4225,0.0870,0.0874,0.1814,0.1209,0.3829,0.6307,0.4970,0.8637,0.1291,0.1076,0.1501,0.0000,0.2198,0.0078,0.0000,0.1143,0.2116,0.0700,0.0838,0.0913,0.0787,0.1207,0.0013,0.1569,0.1060,0.0575,0.3903,0.0588,0.0000,17.66,1.0587,10.5796,-3.2528
1705282248.9333,0.0547,0.0134,0.0367,0.0465,0.4134,0.1013,0.0942,0.1502,0.1180,0.3830,0.6661,0.5087,0.8171,0.0513,0.0496,0.1190,0.0000,0.2361,0.0089,0.0253,0.1145,0.1308,0.0621,0.0847,0.1210,0.1485,0.1501,0.0373,0.0095,0.0674,0.0012,0.3486,0.0882,0.0000,12.92,6.8828,6.0144,-5.0915
1705282249.0000,0.0626,0.0000,0.0415,0.0375,0.4198,0.1101,0.1050,0.1475,0.1289,0.3683,0.7171,0.4959,0.8783,0.0516,0.1552,0.0740,0.1033,0.1965,0.0830,0.0260,0.0640,0.1247,0.0548,0.1820,0.0000,0.1839,0.1565,0.0077,0.0743,0.1496,0.0399,0.3802,0.0986,1.0000,18.28,0.7970,-6.7190,-1.8532
1705282249.0667,0.0587,0.0008,0.0422,0.0156,0.4279,0.1059,0.1322,0.1576,0.1053,0.3722,0.6995,0.4714,0.8477,0.0671,0.1354,0.0648,0.1266,0.2578,0.0490,0.0303,0.0930,0.2325,0.0797,0.1419,0.1894,0.1255,0.1965,0.0875,0.0894,0.0687,0.1187,0.3972,0.0794,0.0000,14.67,4.6976,5.8217,2.9439
1705282249.1333,0.0542,0.0020,0.0336,0.0031,0.4427,0.1023,0.1388,0.1326,0.0803,0.4063,0.7486,0.5386,0.8246,0.0082,0.0685,0.1527,0.1300,0.2415,0.0574,0.0000,0.0449,0.0635,0.0107,0.0711,0.0789,0.1092,0.0043,0.0018,0.1609,0.1250,0.0768,0.3458,0.1106,0.0000,17.25,4.4631,7.4162,0.6923
1705282249.2000,0.0698,0.0026,0.0255,0.0092,0.4538,0.0863,0.1125,0.1367,0.0817,0.4130,0.6985,0.5475,0.7974,0.0973,0.0712,0.0521,0.0714,0.2947,0.0000,0.0478,0.0345,0.0827,0.0508,0.0077,0.1223,0.1333,0.0689,0.0358,0.0239,0.0185,0.1093,0.3323,0.1489,0.0000,12.70,10.8279,-5.9119,6.1294
1705282249.2667,0.0703,0.0154,0.0294,0.0136,0.4376,0.0768,0.1053,0.1418,0.0796,0.4181,0.6691,0.5071,0.7642,0.0510,0.0353,0.0403,0.0564,0.2503,0.0439,0.0381,0.1055,0.0169,0.0235,0.1545,0.1323,0.1483,0.0981,0.0872,0.0716,0.1067,0.0475,0.3682,0.0752,0.0000,10.57,-1.9059,2.8814,6.8324
1705282249.3333,0.0650,0.0157,0.0341,0.0089,0.4217,0.0810,0.1124,0.1401,0.0761,0.4270,0.6544,0.5306,0.7091,0.0945,0.0648,0.1313,0.0750,0.2916,0.0247,0.0471,0.1203,0.0740,0.0640,0.0457,0.0456,0.0816,0.2367,0.0442,0.1263,0.0317,0.0958,0.3333,0.0796,0.0000,15.75,3.8987,9.7256,-2.7402
1705282249.4000,0.0677,0.0259,0.0354,0.0000,0.4216,0.0906,0.1121,0.1312,0.0888,0.4161,0.6237,0.5486,0.6996,0.0811,0.1498,0.1074,0.0430,0.2504,0.0761,0.0123,0.1627,0.1423,0.0538,0.1612,0.1263,0.1855,0.1532,0.0405,0.0417,0.0960,0.1265,0.3628,0.2481,0.0000,17.84,-12.5598,3.5974,-1.5048
1705282249.4667,0.0535,0.0308,0.0333,0.0125,0.4124,0.1002,0.1173,0.1558,0.1090,0.3851,0.6685,0.5539,0.6790,0.0452,0.1087,0.0203,0.0913,0.2593,0.0105,0.0363,0.1038,0.1326,0.1100,0.0681,0.1655,0.0772,0.1187,0.0385,0.1871,0.0777,0.0098,0.3333,0.1188,0.0000,14.36,-8.4794,-4.2227,-3.4326
1705282249.5333,0.0436,0.0362,0.0351,0.0243,0.4312,0.1206,0.1126,0.1447,0.1113,0.3641,0.6220,0.4197,0.6332,0.1802,0.0496,0.0643,0.0826,0.2386,0.0000,0.0797,0.1051,0.1347,0.0000,0.0647,0.1471,0.0913,0.1114,0.0681,0.1710,0.1103,0.0093,0.3926,0.0397,0.0000,15.59,14.6823,6.6724,-1.7089
1705282249.6000,0.0483,0.0409,0.0468,0.0377,0.4343,0.1012,0.1141,0.1254,0.0951,0.3738,0.6099,0.4855,0.6527,0.1175,0.1022,0.0474,0.0574,0.2875,0.0334,0.0555,0.0755,0.1569,0.0469,0.1026,0.0927,0.1180,0.1671,0.0315,0.1078,0.1257,0.1768,0.3597,0.1092,0.0000,11.13,4.2792,2.8684,1.8111
1705282249.6667,0.0509,0.0649,0.0529,0.0299,0.4480,0.1189,0.1290,0.1266,0.0541,0.3549,0.6887,0.5327,0.6842,0.0000,0.0430,0.0000,0.1309,0.2850,0.0000,0.0490,0.1342,0.0922,0.0806,0.1609,0.1683,0.1277,0.0863,0.0265,0.1320,0.0422,0.0890,0.3931,0.1409,0.0000,19.97,-6.7072,7.8622,4.2707
1705282249.7333,0.0543,0.0636,0.0440,0.0302,0.4525,0.1101,0.1168,0.1257,0.0650,0.3628,0.6855,0.4653,0.6377,0.1003,0.1007,0.0041,0.0885,0.2504,0.0183,0.0210,0.1502,0.0407,0.0460,0.1061,0.1047,0.0533,0.0939,0.0000,0.2212,0.1601,0.1499,0.3045,0.0790,0.0000,16.85,11.6995,2.3729,1.3623
1705282249.8000,0.0489,0.0700,0.0407,0.0206,0.4703,0.1209,0.1224,0.1338,0.0746,0.3386,0.6569,0.4696,0.6638,0.1160,0.0817,0.0884,0.1074,0.2792,0.0415,0.0278,0.1148,0.0696,0.0794,0.1481,0.0815,0.0000,0.1533,0.0352,0.1785,0.0955,0.1053,0.4065,0.1040,1.0000,13.04,0.5328,5.4287,6.6979
1705282249.8667,0.0640,0.0675,0.0454,0.0000,0.4679,0.1141,0.1285,0.1347,0.0969,0.3285,0.6280,0.4086,0.6403,0.1084,0.0892,0.1234,0.0759,0.2866,0.0757,0.0545,0.1142,0.0416,0.0699,0.0474,0.1368,0.0572,0.0919,0.0815,0.2294,0.0773,0.1390,0.3391,0.0820,0.0000,16.54,6.4707,4.8163,-1.5083
1705282249.9333,0.0506,0.0709,0.0435,0.0000,0.4794,0.1169,0.1327,0.1517,0.0786,0.3254,0.5652,0.4769,0.6800,0.0189,0.0955,0.1068,0.0673,0.2578,0.0262,0.0154,0.1617,0.1507,0.1180,0.1359,0.0340,0.1897,0.0954,0.0479,0.0648,0.0946,0.1501,0.4632,0.1360,0.0000,18.83,-2.6486,21.5616,3.5426
1705282250.0000,0.0679,0.0622,0.0373,0.0044,0.4557,0.1080,0.1422,0.1442,0.0761,0.3413,0.5272,0.5509,0.7593,0.1069,0.0856,0.1184,0.1208,0.2675,0.0522,0.0457,0.1562,0.0488,0.0931,0.1194,0.1327,0.0529,0.1837,0.0332,0.0000,0.1040,0.0924,0.4325,0.1599,0.0000,22.75,9.0274,-1.1511,-2.3489
1705282250.0667,0.0686,0.0548,0.0382,0.0021,0.4169,0.1234,0.1448,0.1558,0.0875,0.3448,0.4980,0.5402,0.7499,0.0276,0.1212,0.1043,0.1179,0.2393,0.0527,0.0000,0.1735,0.1127,0.0366,0.1101,0.0378,0.0422,0.2307,0.1268,0.0380,0.0091,0.1696,0.3467,0.0547,0.0000,8.89,11.0081,-0.0243,-4.4882
1705282250.1333,0.0470,0.0413,0.0295,0.0000,0.4086,0.1222,0.1340,0.1467,0.1090,0.3769,0.5131,0.4619,0.7042,0.0841,0.1359,0.1209,0.1230,0.2235,0.0439,0.0273,0.1076,0.0471,0.0770,0.0847,0.0910,0.0864,0.0378,0.0360,0.0667,0.1934,0.0827,0.2821,0.1348,0.0000,12.77,3.1143,7.8744,2.8361
1705282250.2000,0.0709,0.0173,0.0128,0.0171,0.4262,0.1313,0.1208,0.1343,0.0916,0.3866,0.5769,0.5336,0.6570,0.0405,0.0429,0.1255,0.0873,0.2390,0.0204,0.0000,0.1813,0.0838,0.0670,0.1666,0.1073,0.1594,0.1077,0.1000,0.1239,0.1275,0.0065,0.3286,0.0000,0.0000,10.10,16.9868,6.9009,3.5995
1705282250.2667,0.0497,0.0096,0.0174,0.0153,0.4420,0.1316,0.1189,0.1469,0.0673,0.4007,0.5717,0.5154,0.6764,0.0522,0.1097,0.0781,0.0439,0.2343,0.0346,0.0000,0.0750,0.1488,0.0349,0.0721,0.0917,0.1387,0.1090,0.0268,0.0871,0.0975,0.1261,0.3642,0.1833,0.0000,14.88,7.0297,11.2942,-4.1787
1705282250.3333,0.0713,0.0134,0.0260,0.0020,0.4584,0.1328,0.1091,0.1451,0.0825,0.3757,0.6138,0.5060,0.6648,0.0729,0.0489,0.0031,0.0905,0.3066,0.0458,0.0347,0.0850,0.0982,0.0555,0.1194,0.0783,0.0675,0.1007,0.0532,0.1369,0.0448,0.0038,0.3853,0.0994,0.0000,11.45,2.2608,10.5899,-7.9021
1705282250.4000,0.0687,0.0233,0.0141,0.0073,0.4656,0.1261,0.1165,0.1518,0.0734,0.3720,0.6238,0.5134,0.6564,0.0449,0.0669,0.0568,0.0506,0.2595,0.0469,0.0420,0.1500,0.0000,0.0231,0.1288,0.1016,0.1674,0.0614,0.0435,0.0054,0.0802,0.0357,0.3987,0.0244,0.0000,16.97,5.2944,-4.7174,-12.8206
1705282250.4667,0.0506,0.0363,0.0144,0.0000,0.4653,0.1104,0.1069,0.1556,0.0792,0.3888,0.5938,0.4983,0.6621,0.0470,0.0507,0.1225,0.0828,0.2946,0.0513,0.0419,0.1686,0.0896,0.0025,0.1201,0.1085,0.0989,0.0994,0.0419,0.1077,0.0474,0.0743,0.3716,0.0878,0.0000,16.32,2.5718,-8.2220,4.6328
1705282250.5333,0.0803,0.0515,0.0221,0.0000,0.4755,0.1160,0.0980,0.1538,0.0738,0.3574,0.6408,0.5472,0.6516,0.0102,0.0592,0.0789,0.0446,0.3045,0.0376,0.0502,0.1094,0.0206,0.0065,0.0674,0.2101,0.0505,0.1806,0.0580,0.1089,0.1733,0.0791,0.3959,0.0699,0.0000,13.16,-4.2003,-8.4496,-7.8860
1705282250.6000,0.0574,0.0569,0.0430,0.0094,0.4984,0.0998,0.1103,0.1423,0.0687,0.3483,0.6490,0.6104,0.7137,0.0809,0.0701,0.0942,0.0119,0.3107,0.0170,0.0534,0.0553,0.0830,0.0838,0.0478,0.0836,0.0828,0.1383,0.0468,0.1628,0.0447,0.0986,0.3865,0.1838,0.0000,9.49,-0.6938,-1.2730,10.2646
1705282250.6667,0.0415,0.0605,0.0384,0.0000,0.5077,0.0905,0.1061,0.1417,0.0745,0.3634,0.6394,0.6289,0.6856,0.0594,0.0021,0.0434,0.0328,0.3323,0.0380,0.0000,0.0658,0.1555,0.0831,0.1020,0.0385,0.0903,0.0774,0.0543,0.0545,0.0849,0.1133,0.3601,0.2069,0.0000,18.89,2.6048,6.3800,-5.2160
1705282250.7333,0.0397,0.0652,0.0446,0.0037,0.4931,0.0756,0.1170,0.1419,0.0755,0.3662,0.6024,0.6012,0.6807,0.0160,0.1126,0.1092,0.0993,0.2724,0.0095,0.0390,0.1951,0.0373,0.0021,0.1251,0.1068,0.0934,0.1657,0.0339,0.1200,0.0671,0.1054,0.4013,0.0894,0.0000,14.48,12.8029,5.7328,6.1747
1705282250.8000,0.0312,0.0620,0.0527,0.0114,0.4496,0.0531,0.1056,0.1279,0.0765,0.4180,0.6008,0.5821,0.7154,0.0387,0.1284,0.0147,0.1332,0.3060,0.0000,0.0701,0.1371,0.1909,0.1027,0.0288,0.1064,0.0407,0.0972,0.0149,0.0407,0.0000,0.1059,0.3592,0.1159,0.0000,5.74,6.7705,-16.3500,0.1123
1705282250.8667,0.0322,0.0489,0.0377,0.0248,0.4550,0.0463,0.1136,0.1072,0.0607,0.4441,0.6747,0.6182,0.7483,0.0000,0.0795,0.0180,0.0523,0.2898,0.0000,0.0033,0.1546,0.1065,0.0011,0.0776,0.0000,0.1139,0.1393,0.0313,0.0450,0.0730,0.1383,0.3585,0.1672,0.0000,12.24,-1.4280,-6.7689,-1.0568
1705282250.9333,0.0192,0.0307,0.0418,0.0364,0.4633,0.0593,0.0757,0.1080,0.0490,0.4700,0.6950,0.6641,0.6902,0.0612,0.0535,0.0480,0.0816,0.3099,0.0102,0.0386,0.1247,0.1706,0.0744,0.0000,0.0759,0.0892,0.0465,0.0494,0.1155,0.0785,0.0248,0.3511,0.1443,0.0000,17.42,14.3307,3.3756,-9.7381
1705282251.0000,0.0307,0.0519,0.0448,0.0189,0.4626,0.0523,0.0810,0.1181,0.0514,0.4530,0.6826,0.6274,0.6889,0.0615,0.0744,0.0244,0.1145,0.2777,0.0405,0.0000,0.1593,0.1858,0.0928,0.0992,0.1817,0.1393,0.1084,0.0628,0.1190,0.0946,0.1227,0.3522,0.0761,0.0000,12.29,-1.0407,3.3546,8.3679
1705282251.0667,0.0178,0.0539,0.0479,0.0200,0.4688,0.0557,0.0906,0.1251,0.0521,0.4409,0.7093,0.5158,0.6518,0.0737,0.0092,0.0000,0.0521,0.2993,0.0000,0.0372,0.1524,0.0228,0.0177,0.0147,0.0157,0.2252,0.1084,0.0149,0.1288,0.2199,0.1443,0.3199,0.1640,0.0000,12.14,-5.3147,2.5658,2.3711
1705282251.1333,0.0241,0.0421,0.0542,0.0219,0.4449,0.0672,0.0824,0.1298,0.0370,0.4578,0.6943,0.6157,0.6921,0.0568,0.0755,0.0083,0.0842,0.2801,0.0000,0.0000,0.1620,0.0788,0.0763,0.1116,0.0000,0.0885,0.1222,0.0543,0.0791,0.1110,0.1287,0.4238,0.1161,0.0000,16.07,5.6963,5.8280,11.3184
1705282251.2000,0.0123,0.0458,0.0507,0.0232,0.4300,0.0548,0.1137,0.1482,0.0589,0.4374,0.6551,0.6449,0.6802,0.0000,0.1140,0.0944,0.0750,0.2730,0.0713,0.0900,0.0383,0.1299,0.0295,0.0055,0.1270,0.1499,0.1807,0.0885,0.0777,0.1472,0.1200,0.3763,0.0961,0.0000,14.99,-2.9261,6.8565,3.5024
1705282251.2667,0.0286,0.0380,0.0423,0.0069,0.4446,0.0499,0.1466,0.1534,0.0705,0.4114,0.6375,0.5748,0.6560,0.1066,0.1200,0.0849,0.0369,0.2583,0.0551,0.0000,0.2215,0.0000,0.0310,0.1175,0.0477,0.0430,0.0105,0.1087,0.0764,0.1010,0.1603,0.3178,0.1716,0.0000,19.46,-9.0010,-10.9057,3.2202
1705282251.3333,0.0373,0.0550,0.0431,0.0149,0.4184,0.0362,0.1388,0.1663,0.0828,0.4044,0.6373,0.6018,0.6755,0.0252,0.1758,0.0553,0.0035,0.2462,0.0352,0.0541,0.1657,0.1339,0.0417,0.0417,0.1424,0.0821,0.1507,0.0305,0.0776,0.0807,0.0926,0.3198,0.1768,0.0000,17.53,9.8456,2.9216,1.8741
1705282251.4000,0.0444,0.0657,0.0491,0.0191,0.3916,0.0356,0.1308,0.1617,0.0869,0.4091,0.6476,0.6076,0.7164,0.0350,0.0546,0.0000,0.0884,0.2490,0.0040,0.0595,0.0454,0.0096,0.0000,0.1414,0.0749,0.0642,0.1592,0.0326,0.0512,0.1367,0.0699,0.3053,0.0175,1.0000,16.73,-9.2869,-6.8252,-7.9997
1705282251.4667,0.0388,0.0571,0.0261,0.0277,0.4030,0.0333,0.1266,0.1585,0.0918,0.4222,0.6415,0.6774,0.6948,0.0635,0.1283,0.0277,0.0815,0.2325,0.0575,0.0557,0.1522,0.1039,0.0626,0.1496,0.1471,0.1377,0.0423,0.0462,0.0761,0.0483,0.1082,0.3349,0.0911,0.0000,15.76,6.7360,-9.3904,-5.5208
1705282251.5333,0.0524,0.0674,0.0265,0.0164,0.4251,0.0530,0.1185,0.1437,0.0893,0.4046,0.6029,0.6836,0.7014,0.0613,0.0609,0.0766,0.0917,0.2490,0.0000,0.0270,0.1447,0.0208,0.0866,0.0857,0.1234,0.1091,0.1261,0.0941,0.1662,0.2037,0.0797,0.3652,0.1185,0.0000,17.18,10.6580,-2.1640,-1.3363
1705282251.6000,0.0468,0.0620,0.0254,0.0116,0.4148,0.0497,0.1416,0.1439,0.0915,0.4077,0.5982,0.6305,0.6767,0.0684,0.1227,0.0863,0.0823,0.2593,0.0143,0.0563,0.0809,0.0168,0.0514,0.0960,0.0221,0.0916,0.0679,0.0732,0.1926,0.1723,0.0598,0.4831,0.1545,0.0000,19.93,18.3419,-0.0978,-5.4626
1705282251.6667,0.0574,0.0626,0.0337,0.0077,0.4394,0.0538,0.1417,0.1415,0.0981,0.3785,0.5338,0.6715,0.6678,0.0196,0.1216,0.0450,0.0780,0.2254,0.0032,0.0650,0.0377,0.1112,0.0073,0.1801,0.0991,0.1001,0.1200,0.0958,0.0655,0.0104,0.0628,0.3176,0.0944,0.0000,20.80,7.7921,-1.3544,-2.1419
1705282251.7333,0.0614,0.0715,0.0332,0.0231,0.4696,0.0525,0.1520,0.1607,0.1034,0.3236,0.5181,0.5524,0.6824,0.0000,0.1060,0.0611,0.0763,0.2973,0.0666,0.0294,0.0576,0.2379,0.0902,0.1825,0.0703,0.1051,0.1454,0.0570,0.1511,0.1527,0.0670,0.3978,0.1896,0.0000,12.85,16.9119,4.0278,1.9375
1705282251.8000,0.0589,0.0651,0.0299,0.0204,0.4500,0.0684,0.1367,0.1422,0.1208,0.3445,0.4577,0.5320,0.6771,0.0525,0.0937,0.1008,0.0835,0.2804,0.0095,0.0655,0.0823,0.1843,0.0688,0.1050,0.1026,0.1324,0.0762,0.0386,0.0779,0.1555,0.1532,0.2309,0.0746,0.0000,10.97,5.6794,-5.9913,-3.6087
1705282251.8667,0.0227,0.0582,0.0474,0.0167,0.4522,0.0824,0.1263,0.1437,0.1110,0.3637,0.4980,0.5189,0.6439,0.0046,0.1134,0.1333,0.0777,0.2874,0.0462,0.0499,0.1537,0.0582,0.0363,0.0265,0.1194,0.0605,0.0579,0.0000,0.1629,0.0762,0.1991,0.3794,0.0240,0.0000,15.56,16.4777,0.2336,5.6513
1705282251.9333,0.0379,0.0477,0.0430,0.0121,0.4681,0.0964,0.1404,0.1297,0.1188,0.3436,0.5418,0.4835,0.6906,0.0350,0.1365,0.0503,0.0791,0.2464,0.0061,0.0000,0.0365,0.1336,0.0112,0.0362,0.0646,0.0000,0.0613,0.1022,0.0803,0.0258,0.1146,0.3132,0.0997,0.0000,17.20,-8.8001,-10.9646,6.5711
1705282252.0000,0.0493,0.0430,0.0487,0.0183,0.4515,0.0979,0.1262,0.1481,0.1256,0.3348,0.5914,0.5220,0.6881,0.0549,0.1148,0.0458,0.1363,0.2317,0.0742,0.0510,0.1043,0.0000,0.0518,0.0793,0.1478,0.1076,0.0472,0.0976,0.0663,0.1085,0.0669,0.3088,0.0931,0.0000,20.98,-2.7909,1.9804,6.3522
1705282252.0667,0.0408,0.0240,0.0356,0.0140,0.4443,0.1019,0.1140,0.1285,0.1189,0.3868,0.5606,0.5759,0.6971,0.1297,0.0000,0.0958,0.1124,0.2673,0.0156,0.0531,0.0616,0.0795,0.0423,0.1424,0.1268,0.1634,0.0674,0.0199,0.1237,0.1138,0.0947,0.3547,0.1065,0.0000,16.92,-1.9483,2.5545,-11.0959
1705282252.1333,0.0372,0.0216,0.0259,0.0167,0.4054,0.0754,0.1142,0.1256,0.1192,0.4354,0.5645,0.5784,0.7296,0.0464,0.0617,0.0573,0.0837,0.2650,0.0000,0.0000,0.0507,0.1282,0.0532,0.0885,0.1285,0.0946,0.1162,0.0411,0.1323,0.1099,0.0484,0.4486,0.0785,0.0000,12.88,10.4680,7.0613,-14.2758
1705282252.2000,0.0284,0.0184,0.0209,0.0195,0.4198,0.0782,0.1008,0.1318,0.1213,0.4365,0.5730,0.5991,0.6735,0.0223,0.0691,0.0904,0.0709,0.2355,0.0032,0.0046,0.1113,0.0428,0.0515,0.1132,0.1779,0.2247,0.1912,0.0754,0.0000,0.1398,0.1016,0.4012,0.0097,0.0000,15.21,11.3503,5.1245,5.4580
1705282252.2667,0.0329,0.0162,0.0105,0.0374,0.4102,0.0644,0.0911,0.1124,0.1314,0.4560,0.5774,0.5364,0.6510,0.1452,0.0146,0.0693,0.0503,0.2138,0.0498,0.0365,0.1023,0.1150,0.0940,0.1197,0.0430,0.0445,0.0345,0.0756,0.0892,0.0324,0.1452,0.2672,0.1748,1.0000,13.73,-2.4427,-0.6446,3.2175
1705282252.3333,0.0394,0.0228,0.0159,0.0246,0.4347,0.0541,0.1002,0.1181,0.1209,0.4416,0.5665,0.5738,0.6733,0.0645,0.0946,0.0657,0.0572,0.2791,0.0271,0.0370,0.0586,0.1189,0.0320,0.0710,0.1437,0.0357,0.0754,0.0329,0.1280,0.1262,0.0639,0.3431,0.1160,0.0000,13.97,-3.9684,-10.3320,0.2571
1705282252.4000,0.0355,0.0290,0.0061,0.0168,0.4574,0.0676,0.1014,0.1200,0.1286,0.4225,0.5593,0.5667,0.7282,0.0000,0.1095,0.1306,0.0546,0.2871,0.0000,0.0000,0.0000,0.0997,0.0585,0.0600,0.0696,0.0578,0.0813,0.0323,0.0918,0.1476,0.1316,0.3616,0.0366,0.0000,22.30,6.9054,1.1525,5.5989
1705282252.4667,0.0530,0.0251,0.0000,0.0353,0.4661,0.0715,0.1377,0.1070,0.1382,0.3796,0.5691,0.5348,0.6968,0.0462,0.0690,0.0995,0.0852,0.2518,0.0334,0.0000,0.2030,0.1675,0.0083,0.1456,0.0517,0.0494,0.0591,0.0515,0.1208,0.0920,0.0725,0.3683,0.1571,0.0000,12.70,18.8739,1.6349,-4.4431
1705282252.5333,0.0583,0.0312,0.0099,0.0243,0.4727,0.0512,0.1137,0.1115,0.1418,0.3912,0.5965,0.4558,0.6114,0.0390,0.0905,0.0670,0.0913,0.2760,0.0579,0.0494,0.0642,0.0762,0.0468,0.0536,0.1846,0.1109,0.1102,0.0657,0.2158,0.0426,0.1565,0.2628,0.0316,0.0000,16.31,2.9048,10.0902,0.8952
1705282252.6000,0.0521,0.0358,0.0295,0.0303,0.4840,0.0656,0.1062,0.1170,0.1326,0.3682,0.6164,0.5281,0.5672,0.0720,0.1510,0.0742,0.0516,0.2900,0.0428,0.0186,0.0291,0.1311,0.0796,0.0515,0.1123,0.0920,0.1103,0.0355,0.0135,0.0392,0.1533,0.2911,0.0045,0.0000,12.57,-3.0465,-7.0045,-7.1849
1705282252.6667,0.0669,0.0323,0.0219,0.0331,0.5066,0.0697,0.1062,0.1128,0.1206,0.3579,0.6100,0.5434,0.6178,0.0435,0.0000,0.0910,0.0885,0.3282,0.0416,0.0384,0.0617,0.1283,0.0306,0.0399,0.1290,0.1835,0.0000,0.0235,0.1196,0.0665,0.0662,0.4623,0.1875,0.0000,16.11,0.0967,-5.7442,-1.4706
1705282252.7333,0.0644,0.0248,0.0121,0.0552,0.4692,0.0638,0.1182,0.1280,0.1247,0.3637,0.6098,0.5417,0.5746,0.0000,0.0428,0.1459,0.0919,0.2405,0.0214,0.0476,0.0789,0.0481,0.0280,0.1712,0.0578,0.1776,0.0243,0.0495,0.1007,0.1197,0.1820,0.3651,0.1082,0.0000,14.74,-0.2025,3.2249,0.9317
1705282252.8000,0.0664,0.0271,0.0265,0.0592,0.4826,0.0547,0.1059,0.1209,0.1128,0.3664,0.5888,0.5505,0.6209,0.0871,0.0000,0.0907,0.0708,0.2739,0.0160,0.0583,0.2020,0.1237,0.0205,0.2111,0.1564,0.0813,0.0000,0.0672,0.1042,0.0575,0.1075,0.3143,0.1516,0.0000,14.80,1.4008,-10.1410,7.1527
1705282252.8667,0.0691,0.0174,0.0245,0.0669,0.4996,0.0799,0.1124,0.1347,0.0966,0.3393,0.6291,0.6640,0.6642,0.0790,0.0986,0.0767,0.0397,0.3147,0.0000,0.0685,0.1251,0.0684,0.0270,0.0903,0.1107,0.0236,0.1866,0.0248,0.0265,0.1006,0.1097,0.3141,0.1563,0.0000,20.37,14.5534,-11.6040,-5.9245
1705282252.9333,0.0749,0.0411,0.0381,0.0496,0.4604,0.0897,0.1034,0.1124,0.0897,0.3644,0.6094,0.6843,0.6662,0.0281,0.0496,0.0352,0.0693,0.2822,0.0486,0.0296,0.0000,0.0636,0.0441,0.1645,0.1705,0.1144,0.0864,0.1003,0.1157,0.0856,0.0777,0.3826,0.0884,0.0000,18.69,5.7483,12.1934,-0.1616
1705282253.0000,0.0472,0.0401,0.0455,0.0427,0.4724,0.0846,0.0837,0.0999,0.0688,0.4092,0.5496,0.5803,0.6855,0.1184,0.0834,0.1248,0.0253,0.3029,0.0024,0.0769,0.0897,0.1223,0.0906,0.0826,0.1176,0.2224,0.0895,0.0757,0.0446,0.0343,0.1368,0.3655,0.1766,0.0000,17.16,23.3391,-1.4446,8.4259
1705282253.0667,0.0536,0.0342,0.0371,0.0375,0.4473,0.0915,0.0870,0.0930,0.0616,0.4343,0.5140,0.5017,0.6464,0.0551,0.1347,0.1022,0.0717,0.2571,0.0000,0.0154,0.0613,0.1096,0.0603,0.0574,0.2101,0.0644,0.0346,0.0514,0.0451,0.0954,0.1583,0.3549,0.1131,0.0000,16.82,3.4019,4.3688,2.2479
1705282253.1333,0.0649,0.0256,0.0396,0.0344,0.4615,0.0747,0.1113,0.1106,0.0533,0.4144,0.4988,0.5360,0.6547,0.0852,0.0944,0.1024,0.0636,0.2589,0.0688,0.0450,0.0781,0.0714,0.1130,0.1112,0.0554,0.1456,0.0430,0.0945,0.0000,0.1957,0.0979,0.4320,0.1144,0.0000,13.08,14.2133,-1.6865,-4.0677
1705282253.2000,0.0675,0.0341,0.0548,0.0258,0.4837,0.0676,0.0904,0.1201,0.0586,0.3985,0.4887,0.5311,0.6420,0.0992,0.0589,0.0036,0.0279,0.2834,0.0724,0.0694,0.1142,0.0410,0.0124,0.1054,0.1199,0.1505,0.1115,0.0743,0.1003,0.0813,0.1201,0.2696,0.0251,0.0000,9.31,8.5989,0.2436,1.9022
1705282253.2667,0.0756,0.0384,0.0487,0.0290,0.4822,0.0699,0.0973,0.1155,0.0806,0.3777,0.4845,0.5699,0.6924,0.0914,0.0456,0.1232,0.0325,0.3230,0.0216,0.0728,0.1770,0.1548,0.0564,0.1615,0.0919,0.1446,0.0636,0.0889,0.1395,0.0724,0.0363,0.4610,0.0833,0.0000,11.74,1.0324,14.5885,-2.7681
1705282253.3333,0.0720,0.0445,0.0415,0.0166,0.4905,0.0660,0.0827,0.1234,0.1002,0.3776,0.4979,0.5557,0.6852,0.0259,0.0000,0.1458,0.0766,0.2877,0.0201,0.0575,0.0807,0.1195,0.1006,0.0793,0.1365,0.0673,0.1178,0.0476,0.0532,0.0730,0.0435,0.3748,0.0852,0.0000,17.95,-4.4222,-17.9857,-3.0078
1705282253.4000,0.0785,0.0371,0.0313,0.0260,0.4680,0.0823,0.0842,0.1400,0.0729,0.3877,0.5468,0.5437,0.6971,0.0487,0.1034,0.0485,0.0552,0.2352,0.0347,0.0546,0.1000,0.0434,0.0537,0.1520,0.1563,0.0616,0.0544,0.0672,0.1361,0.0468,0.0506,0.3761,0.0601,0.0000,18.75,1.4754,-17.2217,4.0386
1705282253.4667,0.0793,0.0416,0.0213,0.0146,0.4424,0.0704,0.0969,0.1344,0.0901,0.4054,0.5382,0.6075,0.6918,0.0213,0.0781,0.0533,0.0733,0.2434,0.0000,0.0550,0.2013,0.1389,0.0166,0.1516,0.0996,0.1595,0.1440,0.0780,0.0018,0.0791,0.1976,0.3109,0.1093,0.0000,12.87,-3.2231,-4.9670,-1.0356
1705282253.5333,0.1040,0.0490,0.0276,0.0140,0.4292,0.0694,0.0946,0.1304,0.0934,0.3930,0.5907,0.5436,0.7242,0.0052,0.0610,0.1082,0.1474,0.2500,0.0343,0.0677,0.0704,0.1007,0.0722,0.1447,0.1757,0.0832,0.0354,0.0324,0.1379,0.0971,0.0465,0.2639,0.0492,0.0000,18.08,-11.0226,-23.8567,8.5502
1705282253.6000,0.0871,0.0515,0.0209,0.0245,0.4771,0.0718,0.0716,0.1435,0.1187,0.3600,0.5849,0.6013,0.7447,0.0818,0.0426,0.1215,0.0159,0.2957,0.0287,0.0019,0.0938,0.1615,0.0071,0.0906,0.0786,0.1216,0.1150,0.0000,0.1471,0.0000,0.1187,0.4197,0.1105,0.0000,13.96,-1.9379,17.3561,-0.1950
1705282253.6667,0.0744,0.0689,0.0305,0.0229,0.4976,0.0641,0.0735,0.1393,0.0677,0.3767,0.5997,0.5299,0.8194,0.0000,0.0836,0.0760,0.0721,0.2911,0.0321,0.0836,0.1280,0.1302,0.0255,0.1373,0.1053,0.0331,0.1730,0.0365,0.1424,0.1656,0.1172,0.4264,0.0814,1.0000,12.81,24.0493,-1.8563,-3.7196
1705282253.7333,0.0692,0.0566,0.0449,0.0142,0.4736,0.0968,0.0762,0.1540,0.0603,0.3724,0.6062,0.4897,0.8395,0.0284,0.0473,0.1345,0.0737,0.3065,0.0035,0.0835,0.0735,0.1249,0.1113,0.1463,0.1494,0.0825,0.1411,0.0750,0.1504,0.0741,0.1195,0.3731,0.1478,0.0000,17.92,-4.1009,-10.0237,4.0514
1705282253.8000,0.0528,0.0452,0.0408,0.0051,0.4765,0.0923,0.0649,0.1412,0.0365,0.4269,0.6058,0.4794,0.8214,0.0894,0.0261,0.0467,0.0962,0.3100,0.0000,0.0454,0.1027,0.1255,0.0513,0.0848,0.2133,0.1093,0.0497,0.0197,0.0688,0.0990,0.0489,0.3302,0.1140,0.0000,13.47,-6.1905,5.8105,-2.5549
1705282253.8667,0.0494,0.0439,0.0441,0.0000,0.4820,0.0802,0.0790,0.1283,0.0423,0.4304,0.6226,0.5813,0.8072,0.0772,0.0547,0.0764,0.0474,0.2815,0.0442,0.0698,0.0940,0.0918,0.0845,0.1144,0.0931,0.0682,0.1160,0.0416,0.1272,0.1564,0.0858,0.4121,0.0540,0.0000,16.11,-4.3928,3.0539,2.2004
1705282253.9333,0.0607,0.0551,0.0439,0.0043,0.4716,0.0748,0.0764,0.1360,0.0645,0.4076,0.6313,0.5462,0.8191,0.0178,0.0175,0.0284,0.0718,0.2929,0.0000,0.0515,0.0878,0.0803,0.0219,0.2226,0.0991,0.0000,0.1756,0.0290,0.0967,0.1388,0.0479,0.4000,0.1030,0.0000,13.46,0.4947,12.7289,3.7672
1705282254.0000,0.0489,0.0514,0.0440,0.0079,0.4964,0.0696,0.1003,0.1411,0.0580,0.3895,0.7087,0.5407,0.7596,0.0143,0.0521,0.0788,0.0896,0.3073,0.0000,0.0583,0.0770,0.0632,0.0781,0.1019,0.0860,0.0608,0.0477,0.1107,0.1641,0.1007,0.1088,0.3753,0.1560,0.0000,14.42,0.6916,1.9480,-2.7065
1705282254.0667,0.0495,0.0540,0.0538,0.0192,0.4680,0.0631,0.0871,0.1467,0.0759,0.3896,0.7247,0.5700,0.7476,0.0498,0.0806,0.0235,0.0779,0.2846,0.0058,0.0474,0.0423,0.1594,0.1068,0.0794,0.1013,0.1280,0.1430,0.0604,0.1379,0.1170,0.1262,0.3876,0.1657,0.0000,12.78,-10.4087,-0.3908,-1.7564
1705282254.1333,0.0620,0.0482,0.0494,0.0185,0.5077,0.0661,0.1068,0.1351,0.0558,0.3703,0.7485,0.5587,0.7375,0.0966,0.0170,0.0884,0.1168,0.2947,0.0000,0.0000,0.1460,0.1172,0.0263,0.0575,0.1559,0.1190,0.0949,0.0620,0.1336,0.0826,0.1314,0.4128,0.1027,0.0000,13.11,-5.5782,-4.1111,4.6894
1705282254.2000,0.0512,0.0458,0.0368,0.0278,0.5108,0.0628,0.1096,0.1470,0.0828,0.3552,0.7396,0.5634,0.8049,0.0149,0.0940,0.0785,0.0384,0.2585,0.0536,0.0382,0.1873,0.0771,0.0932,0.1541,0.1310,0.0841,0.1076,0.0411,0.0451,0.1310,0.0580,0.4096,0.0516,0.0000,15.45,0.1785,23.9987,1.3480
1705282254.2667,0.0532,0.0428,0.0297,0.0263,0.5304,0.0706,0.0977,0.1422,0.1253,0.3291,0.7223,0.5717,0.7551,0.0239,0.0500,0.0666,0.0514,0.3433,0.0593,0.0559,0.1004,0.0615,0.0000,0.0839,0.0521,0.0907,0.1666,0.1056,0.0678,0.0344,0.0436,0.3567,0.0717,0.0000,5.72,0.2534,4.6848,-3.1704
1705282254.3333,0.0621,0.0428,0.0483,0.0353,0.5408,0.0478,0.1158,0.1332,0.1018,0.3232,0.6741,0.5019,0.6704,0.0776,0.0266,0.0854,0.0758,0.3178,0.0249,0.0173,0.1127,0.0894,0.0849,0.1458,0.0861,0.1784,0.1058,0.1161,0.1240,0.1004,0.1201,0.4951,0.1021,0.0000,14.96,11.4428,6.3978,1.1160
1705282254.4000,0.0563,0.0303,0.0632,0.0489,0.5388,0.0540,0.1074,0.1379,0.0991,0.3184,0.6517,0.5330,0.6278,0.0425,0.0690,0.0399,0.0603,0.3099,0.0387,0.0300,0.1545,0.1169,0.0714,0.1175,0.1363,0.1362,0.0467,0.0000,0.0929,0.0600,0.1021,0.4791,0.1274,0.0000,12.65,-3.3735,-8.0534,0.4509
1705282254.4667,0.0566,0.0323,0.0581,0.0472,0.5466,0.0511,0.1091,0.1361,0.0874,0.3253,0.5224,0.5218,0.6114,0.0288,0.0584,0.0000,0.0354,0.3463,0.0835,0.0104,0.0000,0.0919,0.0000,0.1835,0.0806,0.0958,0.0392,0.0649,0.0828,0.1466,0.0726,0.3832,0.1607,0.0000,18.08,16.0749,-5.6664,2.9960
1705282254.5333,0.0485,0.0433,0.0563,0.0409,0.5665,0.0465,0.1091,0.1443,0.0817,0.3177,0.5215,0.4845,0.6483,0.0470,0.0753,0.0897,0.0233,0.3442,0.0000,0.0719,0.1476,0.0597,0.0577,0.1739,0.1033,0.1550,0.1527,0.0000,0.1820,0.1072,0.1613,0.4484,0.1764,0.0000,14.38,-3.6612,-1.9198,-5.7846
1705282254.6000,0.0453,0.0352,0.0618,0.0407,0.5662,0.0503,0.1047,0.1601,0.1041,0.2990,0.4664,0.5515,0.6221,0.0958,0.0758,0.1081,0.0016,0.3502,0.0242,0.0347,0.0980,0.1337,0.0016,0.1047,0.0986,0.0755,0.0694,0.0471,0.1397,0.1019,0.0654,0.5045,0.0890,1.0000,15.19,12.3770,-1.5278,-6.8802
1705282254.6667,0.0502,0.0459,0.0627,0.0395,0.5541,0.0574,0.1004,0.1504,0.1149,0.2947,0.5536,0.5812,0.5537,0.0635,0.0344,0.0852,0.0540,0.3263,0.0222,0.0769,0.1005,0.0742,0.0341,0.1356,0.1207,0.1330,0.0596,0.0610,0.1130,0.0844,0.0991,0.4001,0.0166,0.0000,17.83,0.6323,-20.2906,4.9114
1705282254.7333,0.0468,0.0460,0.0557,0.0241,0.4999,0.0690,0.1014,0.1639,0.1168,0.3258,0.6655,0.5858,0.6014,0.0007,0.0793,0.0632,0.0789,0.2752,0.0353,0.0234,0.1252,0.1384,0.0075,0.2192,0.1485,0.1871,0.0812,0.0241,0.1125,0.0650,0.0660,0.4419,0.1682,0.0000,17.64,3.7228,-2.7863,8.3746
1705282254.8000,0.0436,0.0567,0.0537,0.0290,0.4881,0.0764,0.0993,0.1452,0.0928,0.3492,0.6158,0.5496,0.6279,0.1136,0.0947,0.0368,0.0763,0.3023,0.0752,0.0282,0.0957,0.0736,0.0457,0.0000,0.0526,0.0059,0.1073,0.0478,0.0804,0.1773,0.1944,0.2998,0.0600,0.0000,15.37,7.7471,-11.8324,13.9745
1705282254.8667,0.0536,0.0637,0.0471,0.0381,0.4825,0.0680,0.1037,0.1700,0.1079,0.3192,0.6479,0.6382,0.6773,0.0610,0.0000,0.0465,0.0823,0.3132,0.0000,0.0496,0.0920,0.1178,0.0341,0.0439,0.0522,0.0710,0.1648,0.0776,0.0967,0.1356,0.1040,0.3933,0.0794,0.0000,18.81,15.2425,-5.4811,9.3869
1705282254.9333,0.0593,0.0683,0.0423,0.0365,0.4843,0.0596,0.1032,0.1775,0.1005,0.3211,0.5838,0.5732,0.6243,0.0473,0.0801,0.0697,0.0890,0.2771,0.0000,0.0061,0.1107,0.1225,0.0593,0.0401,0.1292,0.1419,0.0977,0.1105,0.0901,0.1093,0.0828,0.4540,0.0661,0.0000,17.15,7.8910,18.0879,1.1871
1705282255.0000,0.0453,0.0666,0.0464,0.0251,0.4562,0.0468,0.0981,0.1655,0.1288,0.3526,0.5602,0.5883,0.6826,0.0162,0.0000,0.1131,0.0584,0.2458,0.0131,0.0221,0.0885,0.1156,0.0140,0.0992,0.0880,0.0654,0.1857,0.0461,0.1461,0.0861,0.1396,0.3183,0.1995,0.0000,18.85,14.6037,5.4288,-1.1022
1705282255.0667,0.0338,0.0551,0.0463,0.0366,0.4884,0.0688,0.0772,0.1580,0.1535,0.3293,0.6109,0.4895,0.6742,0.0677,0.0649,0.0000,0.0000,0.3435,0.0032,0.0767,0.0877,0.0458,0.0456,0.1306,0.1336,0.0163,0.1626,0.0664,0.0902,0.0751,0.1617,0.4361,0.1031,0.0000,9.81,0.8053,4.1934,3.8597
1705282255.1333,0.0592,0.0701,0.0536,0.0333,0.4869,0.0700,0.0979,0.1391,0.1253,0.3188,0.6353,0.5194,0.6204,0.0164,0.1319,0.0525,0.0656,0.3132,0.0000,0.0203,0.1029,0.0896,0.0780,0.1048,0.1709,0.1058,0.0383,0.0518,0.1020,0.1277,0.0941,0.3731,0.1828,0.0000,15.55,6.7800,-23.0442,2.0916
1705282255.2000,0.0514,0.0483,0.0487,0.0270,0.4945,0.0608,0.0928,0.1613,0.0990,0.3497,0.6449,0.4489,0.6407,0.0216,0.0701,0.1197,0.0748,0.2762,0.0179,0.0268,0.0823,0.1785,0.0211,0.0893,0.1167,0.0000,0.1227,0.0348,0.0636,0.1237,0.0972,0.4206,0.1010,0.0000,13.36,5.9208,4.3633,-1.3669
1705282255.2667,0.0602,0.0525,0.0408,0.0199,0.4695,0.0585,0.0942,0.1507,0.0882,0.3793,0.6208,0.4734,0.6285,0.1345,0.0672,0.0283,0.0637,0.2250,0.0000,0.0619,0.0457,0.1107,0.0122,0.0950,0.1356,0.0626,0.0792,0.0317,0.0567,0.0507,0.1548,0.3489,0.0786,0.0000,18.06,10.5468,-17.6978,2.1817
1705282255.3333,0.0604,0.0395,0.0351,0.0167,0.4589,0.0592,0.0921,0.1361,0.0892,0.4076,0.6001,0.4270,0.6415,0.0670,0.0473,0.0307,0.0859,0.2809,0.0000,0.0000,0.1481,0.1065,0.0255,0.1062,0.2019,0.0850,0.0471,0.0300,0.0803,0.1056,0.1143,0.3797,0.1035,0.0000,18.53,10.6327,-4.9607,5.8795
1705282255.4000,0.0694,0.0469,0.0362,0.0278,0.4673,0.0618,0.0857,0.1562,0.0754,0.3840,0.6364,0.4868,0.6017,0.0759,0.0743,0.1073,0.0816,0.2965,0.0208,0.0403,0.0788,0.0823,0.0305,0.1021,0.0968,0.0187,0.0464,0.0659,0.0965,0.1904,0.1055,0.4269,0.0954,0.0000,14.98,-11.1004,-19.5354,-9.6821
1705282255.4667,0.0636,0.0431,0.0324,0.0255,0.4617,0.0535,0.0682,0.1444,0.0682,0.4236,0.6167,0.5053,0.6494,0.0138,0.0000,0.0711,0.0652,0.2452,0.0103,0.0724,0.1742,0.1024,0.0590,0.0621,0.0031,0.0289,0.1093,0.0334,0.1041,0.1285,0.0439,0.3624,0.0696,0.0000,20.47,6.7134,-12.0501,-0.2016
1705282255.5333,0.0616,0.0430,0.0511,0.0299,0.4513,0.0454,0.0812,0.1431,0.0803,0.4080,0.6246,0.6052,0.6284,0.0281,0.1009,0.0788,0.0632,0.2513,0.0000,0.0003,0.2121,0.0727,0.0483,0.1499,0.0704,0.1198,0.0671,0.0147,0.1055,0.0833,0.0030,0.4038,0.0000,0.0000,17.02,16.5582,-11.0446,2.3633
1705282255.6000,0.0545,0.0310,0.0453,0.0400,0.4096,0.0230,0.0869,0.1582,0.0682,0.4500,0.6067,0.6093,0.5872,0.0000,0.0070,0.0000,0.0143,0.2321,0.0255,0.0378,0.2242,0.1035,0.0000,0.1889,0.1346,0.1236,0.1366,0.0144,0.1498,0.1399,0.0955,0.2227,0.0482,0.0000,14.57,3.7282,4.8465,4.2630
1705282255.6667,0.0630,0.0343,0.0412,0.0258,0.4224,0.0476,0.0758,0.1445,0.0806,0.4389,0.5909,0.5887,0.6349,0.0167,0.0628,0.0862,0.0693,0.1967,0.0403,0.0455,0.0703,0.0895,0.0297,0.1762,0.0646,0.0860,0.2166,0.0482,0.0916,0.1402,0.1024,0.3946,0.1129,0.0000,12.37,6.9127,-8.4061,2.7861
1705282255.7333,0.0563,0.0634,0.0403,0.0156,0.4391,0.0557,0.0869,0.1551,0.0865,0.4006,0.4769,0.5604,0.6590,0.0096,0.0000,0.0371,0.0709,0.2158,0.0391,0.0578,0.0433,0.1666,0.0998,0.1517,0.1134,0.0272,0.0370,0.0463,0.0906,0.0327,0.1724,0.4407,0.1099,0.0000,14.10,13.0244,-8.1273,1.0846
1705282255.8000,0.0579,0.0589,0.0484,0.0168,0.4148,0.0798,0.0966,0.1366,0.0978,0.3954,0.5543,0.5266,0.7290,0.0621,0.0205,0.0896,0.0895,0.2626,0.0437,0.0072,0.0213,0.1192,0.0732,0.1267,0.1197,0.0740,0.1441,0.0453,0.1786,0.1069,0.0592,0.2417,0.1041,0.0000,8.65,2.4448,-9.1510,-3.2026
1705282255.8667,0.0614,0.0522,0.0363,0.0181,0.3952,0.0831,0.0957,0.1394,0.0857,0.4198,0.5084,0.6019,0.7161,0.0521,0.0273,0.0398,0.0423,0.2483,0.0411,0.0075,0.1290,0.0909,0.0486,0.1015,0.1575,0.0813,0.0753,0.0375,0.0952,0.1376,0.0607,0.2932,0.1745,0.0000,10.83,12.9410,21.6794,-6.1669
1705282255.9333,0.0705,0.0422,0.0448,0.0200,0.3713,0.0901,0.1031,0.1568,0.0934,0.4046,0.5798,0.6479,0.7150,0.0612,0.0940,0.1274,0.0368,0.2200,0.0424,0.0133,0.1625,0.1183,0.0725,0.0287,0.0225,0.1007,0.1771,0.0732,0.1103,0.1227,0.0930,0.2441,0.0640,1.0000,10.80,17.9522,-11.1904,0.7531
1705282256.0000,0.0670,0.0544,0.0385,0.0186,0.3803,0.1037,0.1111,0.1820,0.0775,0.3802,0.5645,0.6665,0.6776,0.0369,0.0206,0.0485,0.0484,0.2615,0.0466,0.0000,0.0452,0.1146,0.0598,0.1706,0.1066,0.0479,0.0481,0.0530,0.1082,0.1174,0.1084,0.3722,0.1031,0.0000,14.96,13.1679,-6.7079,-5.8290
1705282256.0667,0.0581,0.0679,0.0291,0.0305,0.4046,0.1052,0.0864,0.1902,0.0694,0.3752,0.5862,0.8252,0.7551,0.0109,0.0764,0.0819,0.0857,0.2134,0.0215,0.0419,0.2170,0.1317,0.0438,0.0105,0.0687,0.0569,0.0854,0.0290,0.1325,0.0252,0.0886,0.4326,0.1052,0.0000,16.95,12.4946,-3.9913,1.4556
1705282256.1333,0.0360,0.0760,0.0378,0.0419,0.4299,0.1058,0.0996,0.1788,0.0673,0.3560,0.5532,0.8611,0.7273,0.0476,0.0120,0.0599,0.1314,0.3081,0.0361,0.0472,0.0607,0.0567,0.0306,0.1183,0.1174,0.1184,0.0652,0.0430,0.0970,0.0000,0.0866,0.3431,0.1553,0.0000,14.56,6.0989,2.6461,4.7349
1705282256.2000,0.0281,0.0748,0.0420,0.0483,0.4102,0.0970,0.0868,0.1714,0.0549,0.3919,0.6110,0.8020,0.7691,0.0027,0.0356,0.0441,0.0000,0.2228,0.0000,0.0734,0.0896,0.1008,0.0865,0.1392,0.0713,0.0593,0.1002,0.0800,0.1122,0.1138,0.0721,0.4151,0.0312,0.0000,14.08,1.0718,6.8826,-1.4158
1705282256.2667,0.0232,0.0859,0.0528,0.0594,0.3973,0.1068,0.0968,0.1651,0.0817,0.3586,0.5048,0.6331,0.7680,0.0493,0.0870,0.0941,0.0031,0.2037,0.0000,0.0157,0.1059,0.1086,0.0462,0.0415,0.1109,0.1481,0.2143,0.0559,0.1214,0.0500,0.0605,0.3426,0.0781,0.0000,17.64,12.4725,-3.5986,3.6455
1705282256.3333,0.0131,0.0646,0.0477,0.0532,0.4199,0.1283,0.0767,0.1464,0.1064,0.3662,0.5100,0.5978,0.7640,0.0841,0.0589,0.0966,0.0279,0.3069,0.0009,0.0298,0.0664,0.2054,0.0376,0.1728,0.0939,0.0318,0.1080,0.0741,0.0000,0.1645,0.1658,0.2289,0.0369,0.0000,15.04,8.6435,12.2578,4.6567
1705282256.4000,0.0286,0.0685,0.0457,0.0779,0.3959,0.1057,0.0778,0.1555,0.0977,0.3681,0.4866,0.5082,0.6743,0.0509,0.0000,0.0813,0.0964,0.2215,0.0000,0.0000,0.1759,0.0857,0.0839,0.1282,0.0046,0.0780,0.1421,0.0199,0.1465,0.0129,0.0856,0.3104,0.0611,0.0000,15.66,3.1111,-6.9175,-2.6211
1705282256.4667,0.0188,0.0480,0.0361,0.0681,0.3950,0.0806,0.0748,0.1540,0.1010,0.4142,0.4471,0.5517,0.6835,0.1050,0.0382,0.0744,0.0474,0.2240,0.0467,0.0080,0.0731,0.0794,0.0850,0.1013,0.1760,0.0872,0.0045,0.0216,0.1252,0.1128,0.0326,0.2790,0.1198,0.0000,7.59,2.2000,10.7387,2.7728
1705282256.5333,0.0325,0.0519,0.0336,0.0715,0.3766,0.0852,0.0918,0.1449,0.0954,0.4099,0.4719,0.5918,0.7164,0.0631,0.1176,0.1001,0.0562,0.2766,0.0119,0.0403,0.1298,0.1469,0.1048,0.0741,0.1323,0.1217,0.1389,0.0325,0.1535,0.0846,0.1489,0.3699,0.1503,1.0000,10.54,11.2289,6.7906,1.5704
1705282256.6000,0.0431,0.0518,0.0294,0.0703,0.3997,0.0853,0.0968,0.1475,0.0911,0.3910,0.5136,0.6776,0.7716,0.0948,0.0632,0.0593,0.0631,0.2343,0.0940,0.0000,0.1297,0.0614,0.0088,0.1155,0.1643,0.0283,0.0660,0.0332,0.0757,0.0809,0.0896,0.3136,0.1074,0.0000,17.46,10.5491,4.7845,-1.7389
1705282256.6667,0.0360,0.0642,0.0336,0.0717,0.3751,0.0871,0.0989,0.1446,0.0802,0.4051,0.5327,0.6522,0.7563,0.1178,0.0908,0.0344,0.0530,0.1500,0.0263,0.0693,0.0761,0.1441,0.0259,0.0752,0.1454,0.1515,0.0253,0.0423,0.0887,0.1447,0.1257,0.2448,0.0000,0.0000,14.42,3.4632,-9.1184,-6.4152
1705282256.7333,0.0544,0.0528,0.0297,0.0574,0.4079,0.0999,0.0730,0.1374,0.0517,0.4214,0.5884,0.5554,0.7844,0.1730,0.0815,0.0498,0.0046,0.1547,0.0980,0.0646,0.0685,0.1262,0.0731,0.0547,0.0567,0.0495,0.0306,0.0672,0.1098,0.0399,0.1425,0.3185,0.1630,0.0000,16.19,-3.2130,-5.7085,7.3939
1705282256.8000,0.0665,0.0631,0.0474,0.0472,0.4107,0.0777,0.0657,0.1429,0.0564,0.4135,0.5788,0.5718,0.7569,0.0266,0.0052,0.0411,0.0275,0.2395,0.0595,0.0175,0.0945,0.0523,0.0740,0.0481,0.0691,0.1456,0.1081,0.0155,0.0887,0.1018,0.0903,0.4187,0.0896,0.0000,15.33,6.6783,-9.0117,7.3767
1705282256.8667,0.0643,0.0694,0.0451,0.0369,0.4525,0.0682,0.0574,0.1172,0.0377,0.4308,0.5961,0.6128,0.7814,0.1085,0.0898,0.0000,0.0243,0.2890,0.0532,0.0319,0.1048,0.0447,0.0660,0.1608,0.0948,0.0946,0.0703,0.0297,0.0358,0.1329,0.1105,0.4039,0.1795,1.0000,16.28,6.0992,-15.8033,5.6791
1705282256.9333,0.0508,0.0640,0.0545,0.0385,0.4453,0.0654,0.0627,0.1022,0.0438,0.4437,0.6245,0.6533,0.7486,0.0953,0.0714,0.0615,0.0249,0.2001,0.0913,0.0350,0.0857,0.1574,0.0068,0.0811,0.1675,0.0624,0.1311,0.0477,0.0980,0.1262,0.0977,0.3700,0.0639,0.0000,11.22,-0.8828,1.8653,1.3550
1705282257.0000,0.0555,0.0636,0.0384,0.0429,0.4346,0.0629,0.0557,0.0929,0.0426,0.4665,0.5761,0.6541,0.6897,0.0210,0.0969,0.0433,0.0000,0.2328,0.0000,0.0796,0.0892,0.0853,0.0593,0.1022,0.0873,0.2323,0.1759,0.0510,0.1664,0.0433,0.0679,0.4157,0.1032,0.0000,13.89,17.1527,5.9580,-4.5262
1705282257.0667,0.0636,0.0637,0.0310,0.0317,0.4259,0.0689,0.0572,0.0746,0.0157,0.5007,0.6268,0.5725,0.7328,0.0478,0.0292,0.0809,0.0374,0.2392,0.0348,0.0782,0.0941,0.0932,0.0135,0.0122,0.0823,0.0308,0.1022,0.0000,0.1731,0.0937,0.1309,0.3443,0.1628,0.0000,16.25,-20.7108,-0.2780,-5.5015
1705282257.1333,0.0570,0.0538,0.0284,0.0284,0.4437,0.0703,0.0605,0.0901,0.0609,0.4642,0.6385,0.4212,0.7793,0.0623,0.0401,0.1056,0.0790,0.2377,0.0000,0.0000,0.0742,0.0607,0.0634,0.0599,0.2255,0.0555,0.0308,0.0000,0.1168,0.0928,0.0824,0.3237,0.0167,0.0000,13.78,-0.0684,5.1928,-3.8521
1705282257.2000,0.0545,0.0422,0.0250,0.0265,0.4186,0.0575,0.0779,0.0980,0.0567,0.4858,0.6425,0.4277,0.7667,0.0100,0.0886,0.0527,0.0304,0.2675,0.0530,0.0330,0.0064,0.1487,0.0017,0.0408,0.0749,0.1171,0.1220,0.0210,0.1916,0.1145,0.1158,0.3146,0.0000,0.0000,19.18,13.5023,-6.5368,-0.3097
1705282257.2667,0.0685,0.0391,0.0186,0.0198,0.4045,0.0531,0.0752,0.1151,0.0480,0.4949,0.5919,0.5132,0.7920,0.0170,0.0414,0.0551,0.0778,0.2562,0.0595,0.0021,0.0870,0.2204,0.0419,0.1664,0.1444,0.0672,0.0825,0.0602,0.0700,0.0732,0.1153,0.3229,0.1185,0.0000,19.41,0.9507,5.6034,-2.2647
1705282257.3333,0.0790,0.0485,0.0259,0.0036,0.4098,0.0602,0.0647,0.1184,0.0647,0.4751,0.6341,0.5473,0.7648,0.0219,0.0000,0.1453,0.0000,0.2234,0.0707,0.0710,0.1089,0.1067,0.0714,0.0000,0.1187,0.0790,0.1206,0.0615,0.1551,0.1472,0.1025,0.3892,0.0460,0.0000,19.87,-2.8293,3.1767,8.8366
1705282257.4000,0.0792,0.0476,0.0292,0.0119,0.3966,0.0647,0.0651,0.1294,0.0572,0.4715,0.6210,0.5871,0.7902,0.0202,0.0000,0.0951,0.0812,0.2501,0.0191,0.0280,0.1799,0.0681,0.0119,0.0698,0.0077,0.0414,0.1572,0.0611,0.0828,0.0457,0.1921,0.3234,0.1616,0.0000,17.48,4.4250,-9.8047,-2.5083
1705282257.4667,0.0609,0.0572,0.0411,0.0280,0.4209,0.0574,0.0642,0.1348,0.0581,0.4465,0.6672,0.5847,0.7969,0.0629,0.0785,0.0502,0.0858,0.2354,0.0027,0.0536,0.1397,0.1098,0.1318,0.0221,0.1950,0.0700,0.1786,0.0431,0.2090,0.0836,0.1211,0.3304,0.1380,0.0000,10.02,8.4002,-2.6850,-3.1111
1705282257.5333,0.0810,0.0592,0.0290,0.0198,0.4246,0.0745,0.0543,0.1355,0.0599,0.4373,0.6859,0.6384,0.7510,0.0740,0.0210,0.0034,0.0000,0.1846,0.0021,0.0392,0.1138,0.0000,0.0092,0.0689,0.0423,0.0603,0.1436,0.0000,0.1864,0.0637,0.0456,0.3044,0.1882,0.0000,14.20,17.0068,-6.1512,9.4094
1705282257.6000,0.0672,0.0494,0.0424,0.0240,0.4077,0.0842,0.0396,0.1411,0.0595,0.4510,0.7314,0.6062,0.7592,0.0976,0.0207,0.0505,0.0242,0.1848,0.0438,0.0354,0.0870,0.0495,0.0487,0.0698,0.1121,0.1440,0.0513,0.0311,0.1464,0.1361,0.0945,0.3474,0.0880,0.0000,9.02,-2.0608,3.8432,0.9762
1705282257.6667,0.0758,0.0487,0.0431,0.0357,0.4289,0.0748,0.0603,0.1282,0.0744,0.4181,0.7274,0.5704,0.7982,0.0294,0.0467,0.0000,0.0284,0.2752,0.0541,0.0000,0.0630,0.0752,0.0569,0.1046,0.0808,0.0346,0.0934,0.0435,0.1095,0.0624,0.1314,0.3670,0.1566,0.0000,11.84,12.2201,-9.4985,5.4071
1705282257.7333,0.0705,0.0476,0.0510,0.0340,0.4276,0.0725,0.0589,0.1208,0.0849,0.4193,0.7064,0.5102,0.6668,0.0940,0.0966,0.1048,0.0541,0.2362,0.0061,0.0709,0.1793,0.1534,0.0510,0.0000,0.1004,0.0748,0.1560,0.0488,0.1830,0.1572,0.0649,0.2144,0.0085,0.0000,13.67,9.3137,-4.7791,-0.6201
1705282257.8000,0.0658,0.0510,0.0516,0.0363,0.4634,0.0766,0.0736,0.1389,0.1066,0.3618,0.7038,0.4911,0.7016,0.0635,0.1379,0.0752,0.0523,0.3162,0.0000,0.0761,0.1894,0.1455,0.0738,0.0425,0.0458,0.1452,0.1361,0.0374,0.0818,0.2033,0.0332,0.3443,0.1994,0.0000,15.45,-1.9059,20.0277,4.0444
1705282257.8667,0.0614,0.0548,0.0318,0.0428,0.4589,0.0621,0.0873,0.1336,0.0865,0.3885,0.7846,0.5307,0.6426,0.0789,0.0645,0.1436,0.0825,0.3117,0.0355,0.0286,0.0314,0.0049,0.0000,0.0994,0.0753,0.1230,0.0403,0.0353,0.1254,0.0000,0.1083,0.3488,0.1704,0.0000,14.30,2.5255,1.7738,-7.9104
1705282257.9333,0.0591,0.0588,0.0364,0.0302,0.4280,0.0632,0.1158,0.1343,0.0968,0.3865,0.7724,0.5358,0.6464,0.0000,0.1181,0.0294,0.0850,0.2585,0.0201,0.0646,0.1214,0.1174,0.0552,0.0931,0.0114,0.1641,0.1187,0.0694,0.1806,0.0294,0.0976,0.2968,0.0932,0.0000,19.55,-0.9232,-8.0307,8.8756
1705282258.0000,0.0555,0.0437,0.0273,0.0269,0.4347,0.0576,0.1368,0.1338,0.1035,0.3881,0.7401,0.5601,0.6553,0.0000,0.0591,0.1202,0.0908,0.2867,0.0165,0.0387,0.1321,0.0724,0.0487,0.1129,0.1357,0.0626,0.0207,0.0299,0.1367,0.1097,0.0623,0.4629,0.0593,0.0000,10.97,-9.2045,-4.1929,-4.1093
1705282258.0667,0.0506,0.0584,0.0281,0.0338,0.4228,0.0458,0.1245,0.1258,0.0886,0.4129,0.6975,0.5387,0.6616,0.0136,0.0772,0.0752,0.0387,0.2384,0.0000,0.0490,0.1023,0.0727,0.0372,0.1490,0.1709,0.0994,0.1245,0.0972,0.0953,0.0722,0.1239,0.3489,0.0820,0.0000,14.68,17.6457,-7.8972,7.7485
1705282258.1333,0.0405,0.0441,0.0263,0.0332,0.4668,0.0523,0.1312,0.1219,0.1150,0.3812,0.6662,0.5237,0.6591,0.0917,0.1118,0.0806,0.1171,0.2800,0.0214,0.0475,0.0971,0.1307,0.0702,0.1538,0.0306,0.0307,0.1980,0.0525,0.1924,0.0673,0.0956,0.3870,0.1011,0.0000,15.01,6.7404,14.3982,-1.2652
1705282258.2000,0.0440,0.0326,0.0321,0.0425,0.4905,0.0603,0.1251,0.1247,0.1361,0.3472,0.6503,0.5950,0.6832,0.0351,0.1065,0.0982,0.0407,0.3006,0.0000,0.0093,0.0681,0.0869,0.0241,0.0499,0.0738,0.1065,0.0000,0.0432,0.1093,0.0863,0.1866,0.4777,0.0970,0.0000,17.82,6.7124,-16.1655,0.2891
1705282258.2667,0.0481,0.0336,0.0400,0.0379,0.4668,0.0639,0.1387,0.1199,0.1071,0.3664,0.6489,0.5985,0.6911,0.0485,0.0830,0.0363,0.1200,0.2960,0.0197,0.0229,0.0755,0.1708,0.0979,0.1533,0.0865,0.1547,0.0948,0.0648,0.0334,0.0669,0.0729,0.4388,0.1154,0.0000,13.59,-12.9690,12.4003,-3.0610
1705282258.3333,0.0456,0.0271,0.0351,0.0431,0.4199,0.0669,0.1125,0.1221,0.1016,0.4156,0.6563,0.5449,0.6892,0.0454,0.1167,0.0821,0.0719,0.2755,0.0511,0.0379,0.1056,0.1998,0.0917,0.1573,0.1697,0.0993,0.0722,0.0689,0.0335,0.0954,0.1509,0.3014,0.1467,0.0000,14.73,-5.6414,15.6011,0.5801
1705282258.4000,0.0397,0.0382,0.0294,0.0330,0.4241,0.0749,0.1084,0.1400,0.0847,0.4165,0.6563,0.4492,0.7044,0.0552,0.1510,0.0935,0.0562,0.2368,0.0415,0.0576,0.1262,0.1824,0.0371,0.1578,0.1537,0.1229,0.0865,0.0642,0.1308,0.1188,0.1415,0.3317,0.0760,0.0000,10.69,16.8293,-13.9926,-0.1988
1705282258.4667,0.0367,0.0557,0.0426,0.0178,0.4341,0.0659,0.1019,0.1433,0.0790,0.4139,0.6369,0.4840,0.7016,0.0077,0.0253,0.0299,0.0996,0.2444,0.0090,0.0133,0.0789,0.1298,0.0410,0.0757,0.0232,0.1734,0.0854,0.0060,0.1405,0.0875,0.0183,0.3527,0.0925,0.0000,15.20,-12.4200,0.0579,-7.3041
1705282258.5333,0.0299,0.0396,0.0566,0.0160,0.4476,0.0501,0.1213,0.1327,0.0693,0.4221,0.6820,0.4673,0.6760,0.0000,0.0991,0.0181,0.0890,0.3129,0.0424,0.0466,0.0913,0.1268,0.0032,0.1117,0.0944,0.1986,0.1079,0.0569,0.0571,0.0740,0.0769,0.3511,0.0726,0.0000,7.74,12.9625,2.7151,-0.2330
1705282258.6000,0.0389,0.0335,0.0503,0.0273,0.4055,0.0565,0.1240,0.1282,0.0796,0.4337,0.6055,0.4912,0.6530,0.0000,0.0865,0.0285,0.0697,0.2256,0.0210,0.0454,0.1406,0.0489,0.0290,0.0962,0.1012,0.0201,0.0585,0.1035,0.0180,0.0974,0.0787,0.3558,0.1343,0.0000,14.05,13.4208,-4.6327,3.6909
1705282258.6667,0.0497,0.0307,0.0539,0.0361,0.4051,0.0435,0.1151,0.1509,0.0846,0.4182,0.5318,0.4596,0.6299,0.0860,0.2124,0.0572,0.0416,0.2333,0.0768,0.0331,0.0591,0.0970,0.0000,0.0907,0.0943,0.1050,0.0697,0.0306,0.1938,0.1230,0.1748,0.3343,0.0082,0.0000,15.84,13.1965,4.0930,0.9357
1705282258.7333,0.0304,0.0386,0.0418,0.0407,0.3948,0.0347,0.0801,0.1547,0.0867,0.4584,0.6246,0.4714,0.5596,0.0345,0.0843,0.0362,0.0675,0.2459,0.0163,0.0236,0.0795,0.1235,0.0432,0.0111,0.1796,0.0965,0.1456,0.0847,0.1091,0.0860,0.0307,0.3355,0.0805,0.0000,11.11,-6.6423,-0.9442,-0.4341
1705282258.8000,0.0350,0.0444,0.0428,0.0262,0.4014,0.0120,0.0561,0.1475,0.0708,0.4983,0.5448,0.5008,0.5332,0.0272,0.0484,0.0298,0.0148,0.2298,0.0286,0.0215,0.0674,0.1303,0.0368,0.1717,0.0830,0.1691,0.1160,0.0105,0.0095,0.1288,0.1505,0.2828,0.1568,0.0000,19.19,11.1690,12.7541,0.9861
1705282258.8667,0.0355,0.0567,0.0385,0.0200,0.4321,0.0155,0.0574,0.1585,0.0837,0.4613,0.5281,0.5139,0.4948,0.0000,0.0000,0.0332,0.0038,0.2774,0.0000,0.0298,0.1550,0.0987,0.0111,0.1603,0.1428,0.0974,0.0878,0.0744,0.0940,0.0385,0.0914,0.3162,0.1058,0.0000,12.15,1.9209,-7.9201,-9.9891
1705282258.9333,0.0487,0.0525,0.0470,0.0350,0.4475,0.0091,0.0561,0.1614,0.0963,0.4278,0.5728,0.4797,0.4697,0.0389,0.0000,0.1005,0.0342,0.2778,0.0188,0.0560,0.1076,0.0000,0.0635,0.0828,0.1202,0.0771,0.0705,0.0474,0.0382,0.0766,0.0241,0.4129,0.0922,0.0000,15.30,10.1977,-12.0594,2.4966
1705282259.0000,0.0411,0.0354,0.0494,0.0316,0.4751,0.0125,0.0567,0.1662,0.0791,0.4318,0.5245,0.4969,0.4871,0.0428,0.0810,0.0887,0.0174,0.2990,0.0000,0.0740,0.1295,0.1177,0.0341,0.1020,0.1210,0.1592,0.0743,0.0400,0.1229,0.1629,0.1113,0.4523,0.0033,0.0000,13.98,16.4665,-14.7451,-5.0246
1705282259.0667,0.0412,0.0203,0.0475,0.0314,0.4611,0.0161,0.0693,0.1478,0.0786,0.4520,0.5425,0.4540,0.5113,0.0579,0.0374,0.1139,0.0590,0.2857,0.0402,0.0303,0.1247,0.0218,0.0075,0.1498,0.1687,0.1915,0.1276,0.0158,0.1195,0.1561,0.0239,0.3692,0.0826,0.0000,14.90,17.1444,-4.2526,-4.2412
1705282259.1333,0.0491,0.0379,0.0513,0.0387,0.4572,0.0238,0.0566,0.1623,0.0705,0.4316,0.6044,0.4943,0.5468,0.0464,0.0352,0.0509,0.0328,0.2725,0.0254,0.0596,0.0543,0.1450,0.0038,0.1469,0.1097,0.1122,0.1192,0.0073,0.0724,0.0155,0.2332,0.4087,0.0631,0.0000,15.53,16.1981,14.7295,6.4174
1705282259.2000,0.0328,0.0305,0.0428,0.0384,0.4766,0.0317,0.0851,0.1709,0.0329,0.4350,0.6057,0.4872,0.5714,0.0489,0.0812,0.0115,0.0889,0.2825,0.0094,0.0499,0.1482,0.0522,0.0302,0.1266,0.1353,0.0671,0.1533,0.0518,0.1089,0.1434,0.1180,0.4076,0.1573,0.0000,18.16,5.2551,3.8518,9.1982
1705282259.2667,0.0459,0.0208,0.0462,0.0409,0.4286,0.0446,0.0941,0.1700,0.0481,0.4365,0.6273,0.4686,0.6234,0.0395,0.0729,0.0367,0.1095,0.3033,0.0136,0.0434,0.0641,0.0000,0.0032,0.0947,0.1213,0.0685,0.0443,0.0326,0.1484,0.1345,0.0511,0.2642,0.0402,0.0000,14.85,15.0868,-18.1224,-1.9735
1705282259.3333,0.0363,0.0026,0.0392,0.0390,0.4538,0.0276,0.1097,0.1591,0.0619,0.4425,0.6620,0.4740,0.6221,0.0896,0.0372,0.0576,0.1254,0.2751,0.0051,0.0181,0.1259,0.0740,0.0000,0.0561,0.0670,0.1920,0.1651,0.0225,0.0988,0.1015,0.1472,0.3063,0.0764,0.0000,17.05,9.7430,-1.5635,4.5627
1705282259.4000,0.0594,0.0088,0.0369,0.0374,0.4542,0.0420,0.0911,0.1513,0.0822,0.4220,0.7245,0.4928,0.6447,0.0670,0.0227,0.0000,0.0466,0.2247,0.0175,0.0226,0.0861,0.1480,0.0345,0.0861,0.0432,0.0755,0.1560,0.0438,0.0928,0.0415,0.1464,0.3800,0.1164,0.0000,14.45,14.3275,-11.2977,5.7933
1705282259.4667,0.0558,0.0176,0.0422,0.0310,0.4523,0.0410,0.1026,0.1427,0.0913,0.4141,0.7375,0.5038,0.6691,0.0733,0.1140,0.0732,0.0753,0.2325,0.0611,0.0171,0.0834,0.0565,0.0000,0.1840,0.1196,0.0206,0.0695,0.0820,0.1399,0.0722,0.1362,0.3288,0.1145,1.0000,18.00,4.4944,-0.3277,13.1985
1705282259.5333,0.0352,0.0238,0.0377,0.0355,0.4386,0.0549,0.1281,0.1382,0.1005,0.4045,0.7544,0.4946,0.6632,0.1164,0.1069,0.0781,0.0634,0.2479,0.0546,0.0000,0.0373,0.0963,0.0695,0.1049,0.0801,0.1649,0.0611,0.0599,0.0010,0.0255,0.0816,0.3691,0.1542,0.0000,15.42,2.9237,9.9499,1.0533
1705282259.6000,0.0306,0.0090,0.0224,0.0424,0.4535,0.0360,0.1191,0.1667,0.1229,0.3985,0.7498,0.4819,0.6695,0.0653,0.1529,0.1132,0.0833,0.2537,0.0088,0.0000,0.0505,0.0957,0.0233,0.0715,0.0045,0.0793,0.1019,0.0424,0.1262,0.0768,0.1291,0.3464,0.1080,0.0000,11.89,7.0102,1.3324,0.7571
1705282259.6667,0.0282,0.0019,0.0247,0.0481,0.4510,0.0441,0.1069,0.1610,0.1271,0.4042,0.6679,0.5003,0.6243,0.0502,0.0688,0.0945,0.1010,0.3149,0.0335,0.0071,0.0393,0.0668,0.0009,0.0946,0.0712,0.0902,0.1155,0.0258,0.1660,0.1216,0.0795,0.3421,0.1158,0.0000,18.24,1.3030,-3.6447,4.1542
1705282259.7333,0.0392,0.0000,0.0347,0.0550,0.4464,0.0449,0.1068,0.1664,0.1184,0.3929,0.6290,0.4760,0.6044,0.0383,0.0638,0.0808,0.0733,0.1852,0.0680,0.0066,0.1040,0.0866,0.0591,0.0782,0.0819,0.0000,0.0885,0.1083,0.0912,0.0760,0.1406,0.3726,0.1257,0.0000,14.74,6.1252,-15.3790,9.3245
1705282259.8000,0.0323,0.0000,0.0414,0.0623,0.4638,0.0259,0.1202,0.1547,0.1176,0.3890,0.6515,0.4796,0.6247,0.0413,0.1103,0.0820,0.1044,0.2734,0.0806,0.0055,0.1581,0.1257,0.0000,0.0758,0.0824,0.1605,0.1756,0.0508,0.0000,0.0756,0.2079,0.4389,0.0000,0.0000,14.22,5.7955,-6.4640,4.7220
1705282259.8667,0.0294,0.0115,0.0348,0.0733,0.4863,0.0543,0.1314,0.1599,0.1449,0.3245,0.6165,0.5197,0.5321,0.0724,0.0872,0.1256,0.0795,0.2512,0.0117,0.0000,0.1615,0.0829,0.0072,0.0000,0.1717,0.0596,0.1799,0.0989,0.0806,0.1154,0.1226,0.3980,0.1693,0.0000,18.37,13.2237,-9.4134,-1.2250
1705282259.9333,0.0481,0.0172,0.0327,0.0800,0.5024,0.0520,0.1286,0.1518,0.1171,0.3220,0.6514,0.4870,0.6007,0.0292,0.0953,0.1088,0.0707,0.3109,0.0220,0.0164,0.0644,0.1385,0.0255,0.0475,0.1548,0.0801,0.0631,0.0396,0.1921,0.0790,0.0952,0.4754,0.0820,0.0000,16.14,19.2597,-23.4109,-6.1573
1705282260.0000,0.0392,0.0065,0.0321,0.0768,0.4999,0.0384,0.1128,0.1515,0.1123,0.3582,0.5918,0.5241,0.6451,0.1335,0.1022,0.2146,0.0516,0.2314,0.0170,0.0622,0.0597,0.1340,0.0000,0.1376,0.1465,0.0917,0.0399,0.0075,0.0910,0.0513,0.1119,0.4160,0.0880,0.0000,17.03,4.5535,6.3672,-5.5436
1705282260.0667,0.0280,0.0042,0.0273,0.0852,0.5110,0.0398,0.0952,0.1323,0.1196,0.3744,0.5274,0.4707,0.6178,0.0333,0.0776,0.0667,0.0358,0.3024,0.0000,0.0161,0.1606,0.0596,0.0000,0.1117,0.0745,0.1343,0.0124,0.0107,0.1659,0.1779,0.1903,0.4390,0.1793,0.0000,16.41,8.4316,8.1729,-0.8150
1705282260.1333,0.0465,0.0113,0.0329,0.0870,0.5099,0.0298,0.0737,0.1406,0.0999,0.3810,0.5519,0.4729,0.6340,0.0057,0.1386,0.0705,0.0163,0.2835,0.0017,0.0396,0.1758,0.0979,0.0364,0.0000,0.1290,0.0909,0.0412,0.0762,0.1447,0.1740,0.0057,0.3912,0.0703,0.0000,17.24,2.2124,3.2879,-2.5376
1705282260.2000,0.0501,0.0218,0.0386,0.0798,0.5013,0.0458,0.0963,0.1551,0.0952,0.3496,0.6005,0.3616,0.5976,0.1187,0.1002,0.0300,0.0925,0.2941,0.0103,0.0000,0.2018,0.1151,0.0683,0.1864,0.0697,0.0968,0.1463,0.0434,0.1037,0.1041,0.1885,0.3659,0.0827,0.0000,12.49,-1.9084,4.0336,-7.0338
1705282260.2667,0.0525,0.0104,0.0502,0.0747,0.4748,0.0582,0.0964,0.1618,0.0719,0.3694,0.5910,0.2956,0.5865,0.0341,0.1771,0.0404,0.0568,0.3176,0.0212,0.0745,0.0865,0.0558,0.0399,0.1878,0.0670,0.1395,0.1925,0.0587,0.0613,0.0969,0.0742,0.2681,0.0857,0.0000,19.41,4.7031,0.5001,-5.7199
1705282260.3333,0.0399,0.0182,0.0492,0.0572,0.4797,0.0762,0.1186,0.1554,0.0725,0.3598,0.5950,0.3731,0.5954,0.0813,0.0637,0.0644,0.0493,0.3180,0.0057,0.0018,0.1994,0.0548,0.0000,0.0471,0.1256,0.0609,0.0606,0.0488,0.1217,0.1176,0.0000,0.4865,0.1241,0.0000,14.88,2.4513,10.1623,4.5926
1705282260.4000,0.0342,0.0118,0.0639,0.0463,0.4461,0.0639,0.1252,0.1475,0.1017,0.3757,0.6191,0.3250,0.6082,0.0959,0.1723,0.0268,0.1146,0.2621,0.0004,0.0080,0.1550,0.0972,0.0000,0.1017,0.2077,0.0552,0.0297,0.1072,0.0000,0.0901,0.0943,0.3169,0.1386,0.0000,14.03,-6.2667,9.3175,0.4893
1705282260.4667,0.0357,0.0127,0.0578,0.0352,0.4483,0.0600,0.1255,0.1699,0.0985,0.3738,0.6297,0.3495,0.5826,0.0533,0.0778,0.0476,0.0582,0.2751,0.0000,0.0000,0.0000,0.0878,0.0459,0.1194,0.0850,0.0887,0.0904,0.0722,0.2078,0.1096,0.1720,0.3771,0.0000,0.0000,17.75,8.7290,4.4735,-5.6325
1705282260.5333,0.0360,0.0271,0.0502,0.0482,0.4696,0.0359,0.1044,0.1687,0.0944,0.3793,0.6756,0.3884,0.6346,0.0014,0.1583,0.0585,0.0583,0.2367,0.0418,0.0368,0.0875,0.0839,0.0497,0.0186,0.1130,0.0718,0.0898,0.0856,0.0445,0.0859,0.0612,0.3529,0.1367,0.0000,20.08,23.4439,4.1285,-8.4134
1705282260.6000,0.0527,0.0307,0.0440,0.0467,0.4384,0.0362,0.1064,0.1594,0.0947,0.3945,0.6609,0.4193,0.6770,0.0548,0.0488,0.1503,0.0720,0.2612,0.0355,0.0563,0.0251,0.1117,0.0000,0.0626,0.0577,0.1475,0.1017,0.0695,0.1198,0.0830,0.0683,0.3586,0.1068,0.0000,11.67,11.6475,-12.2514,-1.3671
1705282260.6667,0.0578,0.0244,0.0503,0.0366,0.4411,0.0324,0.1262,0.1614,0.1140,0.3735,0.6417,0.4720,0.6645,0.0074,0.1048,0.1230,0.0506,0.2401,0.0165,0.0455,0.0834,0.0724,0.0151,0.0973,0.0740,0.1235,0.0542,0.0637,0.0829,0.1236,0.1300,0.3398,0.0736,0.0000,11.81,11.0172,-0.2337,2.5293
1705282260.7333,0.0648,0.0361,0.0496,0.0351,0.4647,0.0337,0.1314,0.1740,0.1396,0.3225,0.5918,0.5382,0.6706,0.1018,0.0965,0.1141,0.0442,0.2027,0.0063,0.0544,0.0557,0.1295,0.0703,0.1887,0.1370,0.0888,0.1052,0.0744,0.1546,0.0684,0.1122,0.4073,0.2503,0.0000,15.62,7.5984,7.2792,0.6163
1705282260.8000,0.0435,0.0358,0.0364,0.0287,0.4809,0.0352,0.1415,0.1838,0.1354,0.3273,0.5780,0.5345,0.6985,0.0000,0.0468,0.0797,0.0923,0.2429,0.0000,0.0437,0.1662,0.1336,0.0000,0.1618,0.0607,0.0961,0.0998,0.0328,0.0293,0.0806,0.0900,0.4355,0.0691,0.0000,20.96,4.5019,3.8238,1.8594
1705282260.8667,0.0500,0.0336,0.0297,0.0269,0.4585,0.0433,0.1161,0.1696,0.1227,0.3697,0.6054,0.4528,0.6888,0.0552,0.1779,0.0861,0.0340,0.2915,0.0000,0.0343,0.0748,0.1109,0.0337,0.1892,0.1568,0.0928,0.1106,0.0494,0.0740,0.0905,0.1445,0.3537,0.1530,0.0000,22.00,2.7023,-13.2646,-2.1539
1705282260.9333,0.0553,0.0224,0.0402,0.0324,0.4623,0.0391,0.1211,0.1680,0.1354,0.3542,0.5955,0.3620,0.6551,0.1113,0.1187,0.1280,0.0765,0.2795,0.0504,0.0079,0.0389,0.0000,0.0386,0.0707,0.0475,0.1451,0.1125,0.0452,0.1204,0.0391,0.0303,0.3767,0.2306,0.0000,13.74,14.2096,-10.1288,-8.1354
1705282261.0000,0.0651,0.0182,0.0260,0.0258,0.4678,0.0495,0.1309,0.1522,0.1321,0.3594,0.6006,0.4076,0.6639,0.0283,0.1122,0.1224,0.1156,0.2383,0.0621,0.0281,0.0616,0.1096,0.0631,0.1321,0.0290,0.1548,0.1544,0.0587,0.0873,0.1341,0.0994,0.3489,0.0606,0.0000,14.77,-7.0077,-10.9887,8.0304
1705282261.0667,0.0630,0.0365,0.0368,0.0330,0.4736,0.0578,0.1180,0.1660,0.1282,0.3324,0.6387,0.4238,0.6529,0.0000,0.1461,0.0937,0.0747,0.2859,0.0284,0.0712,0.1329,0.1813,0.0422,0.1396,0.0653,0.1022,0.1354,0.1159,0.0365,0.1144,0.1623,0.2813,0.1257,0.0000,11.95,0.7540,-5.9870,-7.9409
1705282261.1333,0.0483,0.0240,0.0284,0.0300,0.4746,0.0753,0.1161,0.1811,0.1127,0.3457,0.6344,0.5004,0.6453,0.1015,0.0665,0.1504,0.0375,0.3281,0.0409,0.0110,0.1395,0.1053,0.0877,0.0717,0.1671,0.1270,0.1326,0.0233,0.1735,0.0566,0.2500,0.3818,0.1054,0.0000,13.01,-6.4052,-3.7942,7.6308
1705282261.2000,0.0344,0.0308,0.0255,0.0314,0.4842,0.0757,0.1206,0.1859,0.1327,0.3273,0.6082,0.5792,0.6468,0.0498,0.1000,0.1388,0.1074,0.2988,0.0000,0.0155,0.1253,0.0516,0.0181,0.0796,0.1443,0.0800,0.0625,0.0442,0.0543,0.0200,0.1131,0.4549,0.0204,1.0000,13.13,15.7600,-9.1062,-1.6490
1705282261.2667,0.0406,0.0255,0.0274,0.0310,0.4796,0.0785,0.1146,0.1820,0.1089,0.3472,0.6008,0.6136,0.6676,0.0538,0.0712,0.0321,0.1264,0.2869,0.0313,0.0000,0.0000,0.0673,0.0077,0.0960,0.1501,0.1510,0.0440,0.0746,0.0739,0.1991,0.1067,0.3947,0.1341,0.0000,15.18,2.6668,6.8468,0.2526
1705282261.3333,0.0430,0.0262,0.0254,0.0257,0.4718,0.0649,0.1188,0.1764,0.1172,0.3583,0.5664,0.6304,0.6621,0.0417,0.1308,0.0990,0.0467,0.3318,0.0069,0.0369,0.1216,0.0803,0.0334,0.1174,0.1140,0.1556,0.0981,0.0919,0.1426,0.1281,0.1178,0.3515,0.0592,0.0000,16.28,7.8352,-11.9818,2.4326
1705282261.4000,0.0538,0.0167,0.0337,0.0281,0.4776,0.0625,0.1227,0.1762,0.0968,0.3591,0.6286,0.6064,0.6171,0.0000,0.0300,0.1009,0.0069,0.2657,0.0474,0.0835,0.0872,0.0940,0.0169,0.0957,0.1936,0.0950,0.1070,0.1252,0.1356,0.0590,0.0427,0.3807,0.1221,0.0000,10.69,9.1091,-2.1819,0.8112
1705282261.4667,0.0551,0.0123,0.0456,0.0505,0.4732,0.0544,0.1026,0.1788,0.0719,0.3733,0.5777,0.6204,0.5985,0.0722,0.0606,0.0136,0.0361,0.2718,0.0000,0.0367,0.1013,0.2109,0.0810,0.1118,0.1553,0.1350,0.1134,0.0877,0.0935,0.0817,0.1252,0.3780,0.0363,0.0000,15.76,17.9320,0.4947,6.7559
1705282261.5333,0.0665,0.0093,0.0443,0.0544,0.5126,0.0414,0.1121,0.1819,0.0407,0.3621,0.5409,0.5859,0.5399,0.0494,0.0754,0.0238,0.0941,0.3370,0.0506,0.0171,0.1094,0.0768,0.0140,0.1674,0.1831,0.0658,0.1674,0.0401,0.1109,0.0601,0.0649,0.4059,0.0811,0.0000,15.04,27.5069,-3.9982,0.0373
1705282261.6000,0.0621,0.0000,0.0394,0.0634,0.4950,0.0339,0.1221,0.1629,0.0714,0.3698,0.5546,0.6120,0.5786,0.0136,0.0622,0.0357,0.0035,0.3296,0.0449,0.0475,0.1137,0.1433,0.0341,0.1130,0.0902,0.1435,0.1241,0.0335,0.1621,0.1631,0.0548,0.3693,0.2092,0.0000,15.18,-7.1954,-0.3927,4.7145
1705282261.6667,0.0551,0.0000,0.0312,0.0698,0.4754,0.0602,0.1324,0.1484,0.0767,0.3705,0.5358,0.5600,0.7038,0.0660,0.0886,0.0178,0.0868,0.2529,0.0043,0.0161,0.1084,0.1445,0.0000,0.0059,0.1569,0.0693,0.0855,0.1099,0.1107,0.1477,0.0968,0.3968,0.1838,1.0000,15.62,16.4975,-10.4648,11.2538
1705282261.7333,0.0739,0.0088,0.0338,0.0756,0.4767,0.0634,0.1174,0.1478,0.0908,0.3471,0.5230,0.5569,0.7730,0.1064,0.1204,0.0345,0.0764,0.2847,0.0793,0.0565,0.0000,0.1126,0.0213,0.0695,0.1012,0.1501,0.0934,0.0578,0.2659,0.0837,0.0761,0.3803,0.1809,0.0000,12.69,-8.9573,-5.5669,-10.8846
1705282261.8000,0.0512,0.0129,0.0326,0.0733,0.4996,0.0556,0.1253,0.1668,0.1025,0.3281,0.5653,0.5313,0.8115,0.0620,0.0927,0.0574,0.0933,0.2992,0.0407,0.0282,0.1005,0.1617,0.0012,0.0632,0.1050,0.0053,0.0718,0.0715,0.0992,0.1106,0.1578,0.3890,0.1215,0.0000,13.15,-2.0055,-16.1007,1.8536
1705282261.8667,0.0586,0.0292,0.0310,0.0738,0.4823,0.0450,0.1058,0.1531,0.1119,0.3456,0.5966,0.5161,0.8180,0.0249,0.0909,0.0991,0.0431,0.3088,0.0619,0.0351,0.1353,0.0973,0.0146,0.0231,0.0781,0.0167,0.0356,0.0559,0.0904,0.0784,0.1209,0.3872,0.0457,0.0000,22.19,-6.7001,18.5965,2.2697
1705282261.9333,0.0413,0.0182,0.0328,0.0782,0.4667,0.0521,0.0890,0.1446,0.0723,0.4029,0.6097,0.4343,0.8073,0.0876,0.1467,0.0492,0.1025,0.3225,0.0219,0.0513,0.0796,0.1426,0.0087,0.1374,0.0589,0.0743,0.1273,0.0371,0.1244,0.1688,0.1351,0.3356,0.0906,0.0000,13.99,-1.6686,-4.2374,2.4837
1705282262.0000,0.0502,0.0168,0.0324,0.0765,0.4209,0.0522,0.0794,0.1581,0.0830,0.4183,0.6394,0.4610,0.8387,0.0122,0.0000,0.1582,0.0111,0.2968,0.0116,0.0172,0.1329,0.0550,0.0026,0.1467,0.0369,0.0762,0.0930,0.1268,0.0789,0.1511,0.0924,0.3513,0.0936,0.0000,15.84,23.0066,-1.8635,-0.2834
1705282262.0667,0.0576,0.0115,0.0456,0.0696,0.4099,0.0480,0.0879,0.1528,0.0939,0.4139,0.6576,0.4748,0.8186,0.1515,0.0866,0.1640,0.0083,0.2426,0.0099,0.0443,0.0954,0.0215,0.0344,0.0457,0.1348,0.0000,0.1686,0.0378,0.0234,0.1066,0.0979,0.3154,0.0815,0.0000,12.98,-10.3886,-0.4674,1.2400
1705282262.1333,0.0742,0.0161,0.0478,0.0598,0.4030,0.0507,0.0808,0.1625,0.0970,0.4048,0.6461,0.4273,0.7819,0.0416,0.1162,0.1437,0.1006,0.2406,0.0185,0.0320,0.0893,0.1765,0.0325,0.1131,0.1509,0.0030,0.0375,0.0000,0.1885,0.1619,0.1087,0.3022,0.1175,0.0000,19.32,7.8150,12.0805,2.9710
1705282262.2000,0.0851,0.0239,0.0493,0.0539,0.3536,0.0439,0.0616,0.1415,0.1109,0.4456,0.6833,0.4527,0.7399,0.0825,0.0340,0.0624,0.0404,0.1918,0.0334,0.0186,0.0000,0.0875,0.0651,0.1462,0.0724,0.0702,0.0422,0.0607,0.1061,0.1170,0.1339,0.3019,0.0000,0.0000,16.80,-0.1154,-3.4139,-3.5269
1705282262.2667,0.0843,0.0256,0.0369,0.0638,0.3625,0.0635,0.0674,0.1399,0.1062,0.4300,0.6457,0.4549,0.6934,0.0833,0.0000,0.0810,0.0188,0.2201,0.0628,0.0635,0.1020,0.0336,0.1091,0.0318,0.1105,0.0659,0.1114,0.0217,0.1724,0.0730,0.0690,0.2617,0.0356,0.0000,15.84,4.1940,4.3381,-0.4022
1705282262.3333,0.0637,0.0416,0.0364,0.0624,0.3858,0.0772,0.0632,0.1197,0.1007,0.4295,0.6876,0.5244,0.7209,0.1283,0.0332,0.0665,0.0270,0.2724,0.0516,0.0594,0.1080,0.1233,0.1267,0.0866,0.0924,0.0612,0.0958,0.1106,0.1480,0.0719,0.1106,0.2600,0.0635,0.0000,20.52,14.6042,-0.3733,2.8615
1705282262.4000,0.0466,0.0373,0.0376,0.0581,0.3914,0.0687,0.0844,0.1312,0.0821,0.4376,0.6978,0.5240,0.7163,0.0000,0.0625,0.0748,0.0004,0.2193,0.0306,0.0045,0.1241,0.1256,0.0302,0.2084,0.1193,0.1095,0.0453,0.0155,0.1489,0.0692,0.1322,0.2454,0.0692,1.0000,16.75,24.5585,-5.2067,-4.7534
1705282262.4667,0.0696,0.0429,0.0470,0.0500,0.3925,0.0644,0.0975,0.1305,0.0842,0.4129,0.7045,0.5039,0.7417,0.0044,0.0216,0.0343,0.0473,0.2842,0.0318,0.0000,0.0516,0.1221,0.0413,0.1167,0.0424,0.0524,0.1212,0.0399,0.0818,0.1714,0.1031,0.2853,0.0000,0.0000,16.92,15.7121,-5.6627,2.7693
1705282262.5333,0.0747,0.0476,0.0440,0.0404,0.4086,0.0822,0.0857,0.1446,0.1238,0.3691,0.6954,0.4909,0.7130,0.0436,0.0174,0.0982,0.0016,0.2307,0.0343,0.0151,0.2128,0.0503,0.0717,0.0897,0.0779,0.0542,0.0571,0.0575,0.1368,0.1083,0.0116,0.3049,0.0831,0.0000,11.98,13.3188,-13.3574,3.5491
1705282262.6000,0.0860,0.0389,0.0456,0.0484,0.4174,0.0835,0.0891,0.1384,0.1119,0.3644,0.6520,0.5419,0.7440,0.0560,0.0701,0.0988,0.0253,0.2351,0.0651,0.0515,0.1202,0.0585,0.0560,0.1376,0.0527,0.1379,0.1194,0.0531,0.0000,0.1512,0.0546,0.4017,0.1040,0.0000,15.62,7.5252,15.5115,-3.5762
1705282262.6667,0.0815,0.0423,0.0391,0.0445,0.4150,0.0791,0.0855,0.1320,0.1262,0.3730,0.6392,0.6792,0.7007,0.0771,0.0049,0.0651,0.0643,0.2940,0.0407,0.0674,0.1697,0.0928,0.0379,0.1389,0.0726,0.0914,0.0458,0.0497,0.1250,0.0651,0.0432,0.3663,0.0926,0.0000,15.44,-2.3379,8.0474,-1.4584
1705282262.7333,0.0772,0.0368,0.0360,0.0562,0.4415,0.0879,0.0741,0.1374,0.1270,0.3556,0.6982,0.7242,0.6900,0.0000,0.0769,0.0729,0.0043,0.2900,0.0513,0.0368,0.0993,0.0475,0.0495,0.0167,0.0612,0.0818,0.0453,0.0216,0.0116,0.0677,0.1570,0.4105,0.0284,0.0000,19.97,-0.2431,3.9349,3.5498
1705282262.8000,0.0825,0.0348,0.0382,0.0573,0.4248,0.0896,0.0747,0.1335,0.1662,0.3389,0.6981,0.6588,0.7405,0.1459,0.0412,0.0853,0.0747,0.3399,0.0000,0.0499,0.1185,0.1699,0.0248,0.0736,0.0214,0.1064,0.0127,0.0496,0.1120,0.0903,0.0403,0.2608,0.1130,0.0000,13.50,-1.8287,13.4250,-7.7692
1705282262.8667,0.0841,0.0250,0.0400,0.0557,0.4275,0.0849,0.0626,0.1333,0.1324,0.3727,0.7209,0.5229,0.6830,0.0359,0.0000,0.1197,0.0259,0.2789,0.0103,0.0977,0.0258,0.1169,0.0508,0.0443,0.0670,0.1370,0.1569,0.0080,0.1080,0.1196,0.0387,0.2618,0.0627,0.0000,12.02,-3.3071,-2.7810,3.7101
1705282262.9333,0.0930,0.0146,0.0274,0.0581,0.4432,0.0884,0.0813,0.1195,0.1280,0.3679,0.6937,0.5299,0.6693,0.0359,0.0865,0.1171,0.0143,0.2609,0.0152,0.0212,0.0915,0.0374,0.0532,0.1555,0.0661,0.0000,0.1364,0.0285,0.0329,0.0556,0.0637,0.3199,0.1232,0.0000,14.89,-1.5421,-5.2244,-5.5457
1705282263.0000,0.0788,0.0160,0.0305,0.0469,0.4297,0.0758,0.0924,0.1239,0.1262,0.3879,0.7599,0.5264,0.6706,0.0889,0.0844,0.0624,0.0139,0.2774,0.0000,0.0292,0.1120,0.1120,0.0467,0.0535,0.0806,0.1269,0.0759,0.0827,0.1180,0.1523,0.0851,0.2090,0.0677,0.0000,14.70,16.7518,22.1383,-1.7564
1705282263.0667,0.0837,0.0366,0.0251,0.0480,0.4359,0.0871,0.1080,0.1373,0.0952,0.3659,0.6711,0.5454,0.6573,0.0143,0.1301,0.0522,0.0332,0.2158,0.0999,0.0372,0.0430,0.1067,0.0364,0.1266,0.1345,0.1416,0.0608,0.0605,0.1847,0.1374,0.1428,0.3622,0.0736,0.0000,8.91,3.0990,-5.1330,-1.9984
1705282263.1333,0.0805,0.0399,0.0341,0.0506,0.4340,0.0813,0.1214,0.1340,0.0819,0.3654,0.6371,0.6644,0.7061,0.0478,0.1081,0.1277,0.0893,0.2464,0.0772,0.0293,0.0871,0.1088,0.0813,0.1523,0.1435,0.0761,0.1530,0.0668,0.1751,0.1255,0.1341,0.2712,0.0182,0.0000,20.15,-9.1865,-3.7739,9.0893
1705282263.2000,0.0739,0.0276,0.0409,0.0571,0.4315,0.0933,0.1112,0.1281,0.0933,0.3658,0.6676,0.6601,0.7130,0.0763,0.0448,0.0609,0.0834,0.2188,0.0181,0.0355,0.1098,0.0704,0.0000,0.0368,0.0680,0.0519,0.1358,0.0576,0.0900,0.0420,0.1472,0.3994,0.1141,0.0000,11.40,2.8017,6.7980,4.4298
1705282263.2667,0.0761,0.0134,0.0527,0.0448,0.4215,0.0892,0.0844,0.1271,0.0685,0.4134,0.6457,0.6034,0.7284,0.1211,0.0354,0.1006,0.0283,0.2852,0.0557,0.0421,0.0593,0.1214,0.0424,0.1427,0.2252,0.1299,0.2086,0.0343,0.1118,0.0600,0.0441,0.3984,0.1693,0.0000,15.08,11.2379,-10.0950,-0.3000
1705282263.3333,0.0839,0.0168,0.0507,0.0498,0.4124,0.0785,0.1144,0.1345,0.0618,0.3983,0.6110,0.6534,0.7393,0.0557,0.0696,0.0184,0.0682,0.2612,0.0620,0.0462,0.0408,0.0664,0.0532,0.1313,0.1084,0.0951,0.0674,0.0367,0.0621,0.1288,0.0396,0.3563,0.0515,0.0000,8.84,6.4174,3.4535,3.3917
1705282263.4000,0.0725,0.0207,0.0515,0.0442,0.4380,0.0887,0.1198,0.1546,0.0535,0.3739,0.5428,0.6430,0.7591,0.0356,0.0796,0.0473,0.0422,0.2867,0.0560,0.0075,0.1290,0.0873,0.0318,0.1180,0.1652,0.0774,0.2043,0.0690,0.1082,0.0744,0.1543,0.2794,0.1232,0.0000,14.30,16.9435,3.8569,-7.0546
1705282263.4667,0.0520,0.0279,0.0375,0.0333,0.4577,0.0911,0.1242,0.1548,0.0567,0.3788,0.5801,0.6397,0.8013,0.0790,0.1033,0.0117,0.0659,0.3275,0.0582,0.0746,0.1031,0.0209,0.0537,0.1225,0.1230,0.1258,0.0631,0.0734,0.0910,0.1357,0.1117,0.3538,0.0950,0.0000,12.78,0.5105,1.1000,1.7301
1705282263.5333,0.0584,0.0459,0.0405,0.0373,0.4358,0.0814,0.1192,0.1542,0.0552,0.3833,0.5357,0.6294,0.7662,0.0444,0.1105,0.0472,0.1207,0.3003,0.0000,0.0067,0.1284,0.0198,0.0231,0.0987,0.1144,0.1165,0.1241,0.0098,0.1085,0.1315,0.0671,0.2851,0.1048,0.0000,14.58,7.9553,1.7664,-3.6421
1705282263.6000,0.0500,0.0530,0.0357,0.0335,0.4568,0.0996,0.1403,0.1642,0.0481,0.3513,0.5671,0.6515,0.7802,0.0385,0.0765,0.0643,0.0818,0.3106,0.0000,0.0479,0.2303,0.0819,0.0764,0.0701,0.1022,0.1169,0.1148,0.0820,0.0000,0.1660,0.0849,0.3460,0.0978,0.0000,10.37,7.5319,-0.0199,3.9004
1705282263.6667,0.0571,0.0445,0.0413,0.0292,0.4782,0.0917,0.1500,0.1602,0.0525,0.3371,0.5105,0.6159,0.7738,0.0687,0.0858,0.0163,0.0677,0.3171,0.0337,0.1074,0.0346,0.0491,0.0482,0.0409,0.1139,0.0070,0.1127,0.0831,0.1560,0.0022,0.1210,0.3940,0.0232,0.0000,21.48,5.9918,-7.4513,5.5066
1705282263.7333,0.0311,0.0427,0.0489,0.0224,0.4785,0.0791,0.1341,0.1560,0.0935,0.3482,0.4847,0.6445,0.7837,0.0000,0.1314,0.0227,0.0831,0.2682,0.0195,0.0141,0.1278,0.0773,0.0167,0.1179,0.0346,0.1378,0.1182,0.0540,0.0955,0.0374,0.0735,0.4196,0.0754,0.0000,23.67,9.4294,7.5719,-2.5326
1705282263.8000,0.0280,0.0421,0.0554,0.0261,0.4941,0.0716,0.1368,0.1690,0.0932,0.3301,0.5221,0.5919,0.8114,0.1062,0.0937,0.0680,0.0742,0.2957,0.0000,0.0178,0.1904,0.2422,0.0433,0.0562,0.0621,0.1777,0.0791,0.1101,0.1678,0.1389,0.0776,0.3576,0.0457,0.0000,15.97,13.3711,4.9974,-10.8963
1705282263.8667,0.0385,0.0527,0.0524,0.0280,0.4797,0.0518,0.1342,0.1651,0.0815,0.3497,0.5694,0.5667,0.8204,0.0000,0.0927,0.1257,0.0655,0.3075,0.0183,0.0552,0.0868,0.0600,0.0926,0.1253,0.0508,0.1442,0.1108,0.1318,0.0997,0.0000,0.0744,0.3334,0.1671,0.0000,11.49,13.7364,-4.8915,5.2143
1705282263.9333,0.0421,0.0587,0.0494,0.0362,0.4507,0.0551,0.1301,0.1444,0.0914,0.3651,0.5973,0.5609,0.8386,0.0372,0.1063,0.1390,0.1051,0.3089,0.0020,0.0336,0.1182,0.0751,0.0597,0.0785,0.0386,0.0654,0.1363,0.1067,0.0836,0.1780,0.0656,0.3424,0.0613,0.0000,17.38,11.0081,-3.7222,-7.7868
1705282264.0000,0.0397,0.0500,0.0423,0.0644,0.4642,0.0563,0.1306,0.1557,0.0973,0.3397,0.6151,0.5782,0.8318,0.0891,0.1027,0.1187,0.0914,0.3338,0.0000,0.0415,0.0390,0.0893,0.0460,0.1328,0.0933,0.1147,0.1048,0.0589,0.1020,0.0528,0.1014,0.4251,0.1654,0.0000,19.54,11.7362,0.9236,-5.6395
1705282264.0667,0.0617,0.0467,0.0406,0.0687,0.4661,0.0565,0.1372,0.1631,0.0979,0.3169,0.6050,0.5588,0.8249,0.1088,0.0876,0.1439,0.0763,0.2697,0.0000,0.0736,0.0983,0.0822,0.0517,0.0712,0.0234,0.0761,0.1003,0.0431,0.0660,0.1562,0.0674,0.3912,0.0516,0.0000,14.50,13.2888,14.4033,14.3139
1705282264.1333,0.0705,0.0571,0.0317,0.0555,0.4902,0.0751,0.1526,0.1786,0.1059,0.2696,0.6617,0.5650,0.7815,0.0567,0.1640,0.0444,0.0607,0.2473,0.0279,0.0340,0.0586,0.0979,0.0518,0.0197,0.2015,0.0972,0.1124,0.0631,0.0895,0.0656,0.1553,0.3709,0.0949,1.0000,17.98,15.5342,1.5064,-3.2846
1705282264.2000,0.0834,0.0454,0.0245,0.0397,0.4640,0.0765,0.1507,0.1823,0.1379,0.2773,0.6902,0.5252,0.6884,0.0364,0.0943,0.0727,0.0859,0.2598,0.0140,0.0053,0.1309,0.1677,0.0359,0.0506,0.1067,0.0000,0.0000,0.0363,0.1244,0.0698,0.1028,0.4023,0.1020,1.0000,13.27,9.5478,24.5478,-0.3101
1705282264.2667,0.0741,0.0330,0.0177,0.0539,0.4857,0.0796,0.1508,0.1806,0.1409,0.2702,0.5533,0.5342,0.7017,0.0278,0.0729,0.0618,0.0994,0.2675,0.0300,0.0287,0.1647,0.0467,0.0384,0.0820,0.1184,0.1079,0.1406,0.0376,0.1517,0.0000,0.1083,0.3479,0.2198,0.0000,19.24,-0.0405,5.7691,-5.3391
1705282264.3333,0.0803,0.0313,0.0191,0.0454,0.5017,0.0719,0.1369,0.1630,0.1398,0.2864,0.4802,0.5173,0.7332,0.0000,0.0180,0.1404,0.0900,0.3144,0.0389,0.0772,0.1448,0.0628,0.0102,0.0871,0.1487,0.1310,0.1738,0.1207,0.1635,0.0025,0.1073,0.4192,0.0489,0.0000,17.25,12.5741,-16.2445,-3.7145
1705282264.4000,0.0803,0.0199,0.0237,0.0422,0.5074,0.0740,0.1366,0.1756,0.1151,0.2951,0.5478,0.4908,0.7956,0.0837,0.1426,0.0957,0.1422,0.3333,0.0535,0.0261,0.1003,0.1525,0.0163,0.1130,0.0850,0.1312,0.0885,0.0851,0.1690,0.0343,0.1337,0.4764,0.0746,0.0000,15.20,3.8767,-10.6393,-5.0906
1705282264.4667,0.0690,0.0196,0.0235,0.0226,0.4871,0.0847,0.1091,0.1662,0.1080,0.3461,0.5445,0.5034,0.7648,0.0840,0.0798,0.1391,0.0433,0.3002,0.0701,0.0300,0.2295,0.1749,0.0554,0.1844,0.0681,0.0820,0.0875,0.1087,0.1127,0.1068,0.0453,0.4852,0.1364,0.0000,15.62,7.6028,-10.8044,4.7985
1705282264.5333,0.0668,0.0207,0.0185,0.0341,0.4809,0.0906,0.1212,0.1628,0.0991,0.3432,0.5689,0.5337,0.7529,0.0542,0.1045,0.0260,0.1025,0.3070,0.0232,0.0674,0.1036,0.0229,0.0127,0.0563,0.0225,0.1536,0.1112,0.0886,0.1442,0.0785,0.1435,0.4178,0.0724,0.0000,11.37,19.1909,-9.0407,8.6669
1705282264.6000,0.0636,0.0148,0.0108,0.0360,0.4586,0.0950,0.1342,0.1716,0.0978,0.3506,0.5683,0.4644,0.6985,0.1011,0.1233,0.0958,0.0412,0.2624,0.0000,0.0223,0.1034,0.0312,0.0681,0.1386,0.1737,0.1678,0.0603,0.0703,0.1206,0.0126,0.0730,0.2660,0.0075,0.0000,12.32,-7.3756,3.9942,-3.7740
1705282264.6667,0.0711,0.0232,0.0220,0.0442,0.4610,0.1172,0.1214,0.1686,0.0832,0.3329,0.5876,0.4432,0.6853,0.0952,0.1765,0.0792,0.0347,0.2881,0.0000,0.0518,0.0828,0.0335,0.0810,0.1394,0.0563,0.0802,0.1593,0.0861,0.1161,0.1147,0.0917,0.4307,0.0743,0.0000,13.05,4.6402,-16.4302,1.4817
1705282264.7333,0.0643,0.0270,0.0155,0.0404,0.4568,0.1115,0.1025,0.1585,0.0802,0.3660,0.5259,0.4264,0.6649,0.1211,0.0300,0.0825,0.0401,0.2691,0.0002,0.0297,0.0621,0.1442,0.0788,0.1061,0.2069,0.1494,0.0794,0.0251,0.1393,0.1059,0.0820,0.3216,0.1515,0.0000,13.24,-2.4321,1.1480,0.7728
1705282264.8000,0.0712,0.0306,0.0221,0.0494,0.4386,0.1132,0.1161,0.1418,0.0993,0.3507,0.5570,0.4030,0.7090,0.0929,0.0905,0.1160,0.0911,0.2293,0.0204,0.0152,0.0229,0.0745,0.0796,0.1464,0.1297,0.1141,0.0736,0.0884,0.0428,0.0757,0.0918,0.3669,0.0655,0.0000,12.08,4.6954,-5.7414,-6.2300
1705282264.8667,0.0738,0.0229,0.0342,0.0500,0.4251,0.0975,0.1287,0.1414,0.1147,0.3471,0.5590,0.4570,0.6859,0.0819,0.0000,0.1164,0.0713,0.2497,0.0455,0.0586,0.0600,0.1454,0.0143,0.0000,0.0875,0.0838,0.0754,0.0556,0.1181,0.0602,0.1239,0.3431,0.1373,0.0000,13.91,3.0681,10.4128,-3.5195
1705282264.9333,0.0675,0.0242,0.0411,0.0388,0.4276,0.0901,0.1168,0.1260,0.1122,0.3734,0.5414,0.5004,0.6755,0.0470,0.1193,0.0795,0.0523,0.2723,0.0381,0.0275,0.2135,0.1463,0.0763,0.0946,0.0840,0.0819,0.2155,0.0526,0.0639,0.0519,0.0850,0.2935,0.1089,0.0000,12.67,11.0078,-2.7671,-5.7335
1705282265.0000,0.0871,0.0174,0.0318,0.0390,0.4057,0.0837,0.1191,0.1269,0.1098,0.3876,0.5836,0.4744,0.6954,0.0472,0.0572,0.0489,0.1050,0.2128,0.0000,0.0583,0.0804,0.0000,0.0373,0.0913,0.1665,0.0770,0.0475,0.0999,0.0129,0.1412,0.0000,0.3387,0.0662,0.0000,15.18,14.4988,10.8577,3.2054
1705282265.0667,0.0924,0.0250,0.0288,0.0236,0.4162,0.0759,0.1115,0.1295,0.0960,0.4007,0.5330,0.4923,0.7490,0.0000,0.1219,0.0564,0.0867,0.2530,0.0340,0.0358,0.2120,0.2286,0.0000,0.0661,0.0704,0.1621,0.0465,0.0708,0.1057,0.1251,0.0670,0.3536,0.1210,0.0000,12.38,8.6686,7.4298,-1.6439
1705282265.1333,0.0928,0.0296,0.0356,0.0460,0.4143,0.0671,0.1254,0.1235,0.0894,0.3859,0.5549,0.5150,0.7768,0.0465,0.1269,0.1090,0.0975,0.2814,0.0568,0.0223,0.1866,0.2194,0.0762,0.1357,0.0812,0.1131,0.0987,0.0941,0.1301,0.0959,0.0000,0.2187,0.1283,1.0000,15.99,9.7674,-9.5696,1.0050
1705282265.2000,0.0988,0.0427,0.0362,0.0479,0.4483,0.0555,0.0992,0.1174,0.0718,0.3893,0.6235,0.5198,0.7982,0.0569,0.0868,0.0712,0.0460,0.2932,0.0077,0.0190,0.0712,0.0000,0.0477,0.0355,0.1327,0.1273,0.0946,0.0585,0.1075,0.0747,0.0889,0.4423,0.1030,0.0000,15.62,6.1067,-0.8200,3.5810
1705282265.2667,0.1037,0.0329,0.0417,0.0458,0.4525,0.0674,0.0660,0.1068,0.0917,0.3950,0.6280,0.3643,0.8217,0.0523,0.0295,0.1032,0.0551,0.2257,0.0457,0.0091,0.2389,0.0855,0.0473,0.1472,0.1145,0.1046,0.2072,0.0409,0.0946,0.1391,0.1308,0.3089,0.1221,0.0000,6.50,4.2773,1.9785,-1.5739
1705282265.3333,0.1121,0.0225,0.0404,0.0504,0.4369,0.0785,0.0752,0.1015,0.0998,0.3896,0.6648,0.4037,0.7769,0.1238,0.0094,0.1144,0.0209,0.2888,0.0951,0.0801,0.1850,0.1080,0.0460,0.0967,0.0800,0.0912,0.0921,0.0523,0.0752,0.1127,0.1325,0.3241,0.0983,0.0000,22.64,-0.6496,8.6623,5.4160
1705282265.4000,0.1363,0.0160,0.0355,0.0500,0.4532,0.0774,0.0984,0.1079,0.0866,0.3633,0.6493,0.3881,0.7426,0.0136,0.0127,0.0523,0.0150,0.2602,0.0610,0.0830,0.1257,0.0896,0.0453,0.0618,0.0099,0.1804,0.1157,0.0435,0.1452,0.1850,0.0338,0.3075,0.1449,0.0000,16.40,17.1841,17.3716,1.2752
1705282265.4667,0.1272,0.0224,0.0368,0.0587,0.4290,0.0781,0.1010,0.1146,0.1003,0.3592,0.5863,0.4522,0.7633,0.0992,0.1111,0.0715,0.0417,0.2225,0.1082,0.0764,0.0518,0.1705,0.0276,0.0972,0.0578,0.1136,0.1328,0.0684,0.1016,0.0469,0.1584,0.3061,0.0734,0.0000,13.84,3.6894,20.6249,9.2901
1705282265.5333,0.1027,0.0213,0.0361,0.0562,0.3956,0.0920,0.1167,0.1228,0.0944,0.3773,0.5423,0.4099,0.7428,0.0877,0.0734,0.1050,0.0688,0.2304,0.0202,0.0767,0.1116,0.0729,0.0718,0.1326,0.1334,0.1904,0.1294,0.0796,0.2197,0.1035,0.1191,0.2708,0.0734,0.0000,8.89,3.3198,-2.4200,2.0959
1705282265.6000,0.0971,0.0145,0.0401,0.0622,0.4353,0.0604,0.1143,0.1355,0.0923,0.3690,0.6271,0.5445,0.7183,0.0388,0.0908,0.0981,0.0914,0.2299,0.0687,0.0870,0.0544,0.1331,0.0000,0.1628,0.0226,0.0951,0.0849,0.0736,0.0836,0.1575,0.1412,0.4370,0.0986,0.0000,16.98,-1.2935,6.2660,-0.8844
1705282265.6667,0.0680,0.0156,0.0546,0.0644,0.4425,0.0473,0.1140,0.1383,0.1023,0.3719,0.5987,0.4940,0.6622,0.0917,0.1309,0.0864,0.0923,0.2145,0.0261,0.0050,0.0722,0.0997,0.0192,0.1283,0.0000,0.1054,0.1353,0.0771,0.1697,0.1201,0.0833,0.3572,0.0579,0.0000,9.55,6.4989,6.1809,4.7315
1705282265.7333,0.0570,0.0269,0.0615,0.0719,0.4451,0.0527,0.1433,0.1362,0.0574,0.3688,0.5753,0.5171,0.7077,0.0614,0.0392,0.1156,0.0520,0.2624,0.0000,0.1142,0.1499,0.1022,0.0000,0.1434,0.0960,0.1601,0.1306,0.0369,0.1779,0.0092,0.1009,0.2489,0.1152,0.0000,17.49,0.6450,-4.1554,-2.8671
1705282265.8000,0.0416,0.0273,0.0611,0.0658,0.4554,0.0499,0.1324,0.1469,0.0546,0.3790,0.5900,0.5095,0.6983,0.0811,0.0763,0.0713,0.0772,0.2405,0.0480,0.0370,0.0615,0.1638,0.0486,0.0932,0.1647,0.0987,0.1112,0.1007,0.0724,0.0974,0.0000,0.3678,0.0840,0.0000,12.98,7.6140,-12.8161,-4.9032
1705282265.8667,0.0341,0.0196,0.0499,0.0585,0.4597,0.0231,0.1370,0.1441,0.0471,0.4161,0.6713,0.5382,0.7307,0.0073,0.0536,0.0209,0.1199,0.3060,0.0061,0.0197,0.0744,0.0836,0.0015,0.1227,0.0255,0.0217,0.0531,0.0755,0.1066,0.0167,0.1092,0.3747,0.0000,0.0000,16.35,-5.1363,-2.2098,6.2042
1705282265.9333,0.0346,0.0320,0.0526,0.0604,0.4529,0.0339,0.1441,0.1213,0.0375,0.4185,0.6880,0.5757,0.7729,0.0283,0.0471,0.0653,0.0911,0.2783,0.0167,0.0353,0.0021,0.0596,0.0262,0.0572,0.0313,0.0571,0.0446,0.1102,0.0896,0.1379,0.1069,0.3951,0.0603,0.0000,15.26,14.2270,-10.4591,4.0498
1705282266.0000,0.0352,0.0236,0.0509,0.0542,0.4847,0.0356,0.1396,0.1130,0.0633,0.3999,0.6827,0.4808,0.7589,0.0000,0.0979,0.0417,0.0672,0.3108,0.0000,0.0159,0.0891,0.0804,0.0432,0.1137,0.0485,0.1133,0.0351,0.0225,0.0934,0.0551,0.1313,0.3593,0.0836,0.0000,18.16,4.7360,18.8962,-1.6672
1705282266.0667,0.0538,0.0201,0.0470,0.0566,0.5128,0.0407,0.1405,0.1242,0.0699,0.3607,0.6649,0.4696,0.6862,0.0092,0.0897,0.0861,0.0874,0.3431,0.0000,0.0164,0.0000,0.0628,0.0276,0.1043,0.0642,0.1126,0.0915,0.0924,0.0871,0.1128,0.1645,0.4438,0.1132,0.0000,17.34,0.8539,12.1841,-0.4757
1705282266.1333,0.0613,0.0191,0.0418,0.0536,0.4806,0.0347,0.1330,0.1193,0.0668,0.3939,0.7173,0.5135,0.6482,0.0187,0.0860,0.0000,0.1141,0.3089,0.0294,0.0508,0.0752,0.0756,0.0000,0.1026,0.0099,0.0538,0.0488,0.0903,0.1716,0.1427,0.1454,0.3737,0.1264,1.0000,8.61,11.4762,0.8035,-8.8591
1705282266.2000,0.0610,0.0206,0.0319,0.0418,0.4612,0.0481,0.1385,0.1300,0.0633,0.4021,0.6995,0.4768,0.6566,0.0395,0.1815,0.0410,0.1233,0.2206,0.0317,0.0394,0.0837,0.0577,0.0000,0.0498,0.1628,0.0974,0.0936,0.0568,0.1389,0.0000,0.1906,0.3336,0.0878,0.0000,16.55,-0.6420,-3.6677,4.9784
1705282266.2667,0.0498,0.0209,0.0216,0.0353,0.4417,0.0353,0.1359,0.1339,0.0773,0.4290,0.7473,0.5034,0.7121,0.0638,0.0699,0.0954,0.1054,0.2719,0.0095,0.0642,0.1415,0.1176,0.0510,0.0300,0.1002,0.0566,0.1561,0.0647,0.1478,0.0970,0.0855,0.3071,0.1119,0.0000,12.08,-8.3978,-7.2574,-0.0426
1705282266.3333,0.0508,0.0145,0.0347,0.0282,0.4278,0.0492,0.1247,0.1398,0.0749,0.4332,0.7726,0.4733,0.7074,0.0139,0.1308,0.0726,0.0748,0.2622,0.0318,0.0469,0.0913,0.1042,0.0637,0.0587,0.1290,0.1026,0.1902,0.1429,0.0996,0.1918,0.1688,0.2955,0.1533,1.0000,14.59,-3.9543,-4.6851,-9.2503
1705282266.4000,0.0431,0.0087,0.0405,0.0439,0.4114,0.0659,0.1249,0.1605,0.0904,0.4064,0.8015,0.4578,0.6548,0.0544,0.0735,0.0385,0.1147,0.2025,0.0355,0.0081,0.0816,0.0815,0.0547,0.0944,0.1408,0.0969,0.0896,0.0840,0.1174,0.0624,0.1025,0.3356,0.0880,0.0000,22.57,-2.2777,-4.0500,-2.9316
1705282266.4667,0.0324,0.0261,0.0501,0.0371,0.4299,0.0685,0.1159,0.1703,0.0846,0.3912,0.7543,0.4233,0.6255,0.0000,0.1700,0.0870,0.0506,0.2578,0.0408,0.0660,0.1063,0.1404,0.0357,0.0882,0.0000,0.1150,0.1416,0.0488,0.0220,0.0442,0.0954,0.2813,0.0911,0.0000,16.72,-2.4707,8.3503,-1.6992
1705282266.5333,0.0344,0.0397,0.0536,0.0125,0.4600,0.0406,0.1206,0.1474,0.0835,0.4046,0.7746,0.3695,0.6013,0.1015,0.0573,0.1149,0.0635,0.2982,0.0219,0.0070,0.1185,0.1381,0.0241,0.0000,0.1382,0.0759,0.1010,0.0740,0.2207,0.1566,0.1250,0.3268,0.0968,0.0000,15.71,9.8762,-12.1825,0.0245
1705282266.6000,0.0439,0.0563,0.0494,0.0085,0.4381,0.0353,0.1054,0.1461,0.0788,0.4229,0.8358,0.4469,0.5661,0.0061,0.1093,0.0000,0.0593,0.2630,0.0175,0.0324,0.1393,0.1669,0.0145,0.0782,0.1503,0.0464,0.0935,0.0494,0.1173,0.1147,0.0491,0.3610,0.0435,0.0000,12.59,9.3477,1.0882,-5.4832
1705282266.6667,0.0591,0.0622,0.0643,0.0158,0.4440,0.0305,0.0990,0.1315,0.0587,0.4210,0.8006,0.4084,0.6302,0.0000,0.0552,0.1015,0.0385,0.2435,0.0277,0.0539,0.0397,0.0870,0.0013,0.1157,0.1489,0.0686,0.1727,0.0815,0.0660,0.0996,0.1235,0.2829,0.1314,0.0000,11.91,15.3736,6.3939,-1.1219
1705282266.7333,0.0610,0.0613,0.0588,0.0288,0.5042,0.0247,0.1036,0.1366,0.0752,0.3674,0.7870,0.3887,0.6362,0.0351,0.0662,0.1174,0.0952,0.3074,0.0099,0.1046,0.1001,0.1216,0.0417,0.0441,0.1357,0.0776,0.0584,0.0116,0.1937,0.1555,0.1538,0.3605,0.1319,0.0000,13.54,12.1255,9.5219,1.0823
1705282266.8000,0.0625,0.0730,0.0609,0.0270,0.5228,0.0257,0.0969,0.1369,0.0865,0.3446,0.7306,0.3776,0.6473,0.0018,0.0582,0.1073,0.0978,0.3863,0.0046,0.0000,0.0730,0.1794,0.0393,0.1011,0.1843,0.0973,0.1231,0.0595,0.1008,0.0581,0.0307,0.4021,0.0556,0.0000,12.09,-6.2998,-15.5727,-0.3035
1705282266.8667,0.0613,0.0584,0.0585,0.0190,0.5307,0.0345,0.1054,0.1333,0.0997,0.3395,0.7282,0.4123,0.6575,0.0000,0.1171,0.0873,0.0777,0.3442,0.0000,0.0255,0.1527,0.1752,0.0129,0.1165,0.1481,0.1412,0.1065,0.0551,0.1241,0.1415,0.0535,0.3579,0.1424,0.0000,20.51,5.7440,10.9382,-13.7052
1705282266.9333,0.0597,0.0445,0.0517,0.0245,0.5080,0.0383,0.1335,0.1426,0.1012,0.3375,0.7491,0.4904,0.6893,0.1066,0.1231,0.0608,0.0883,0.2924,0.0244,0.0523,0.0124,0.0708,0.0384,0.0568,0.1049,0.1683,0.1687,0.0734,0.0819,0.0862,0.0864,0.3614,0.1657,1.0000,14.93,3.3348,5.0278,1.7663
1705282267.0000,0.0620,0.0487,0.0550,0.0390,0.4930,0.0432,0.1458,0.1252,0.1137,0.3247,0.6877,0.4268,0.7268,0.0275,0.0544,0.1168,0.0494,0.3022,0.0763,0.1044,0.1705,0.1625,0.0109,0.0000,0.0080,0.1289,0.0582,0.0585,0.0837,0.0589,0.0649,0.3837,0.1191,0.0000,20.97,20.3287,4.6600,2.2727
1705282267.0667,0.0606,0.0496,0.0595,0.0491,0.5069,0.0403,0.1500,0.1239,0.0936,0.3198,0.6597,0.4120,0.6870,0.0543,0.0600,0.0731,0.0879,0.3555,0.0296,0.0707,0.1537,0.1369,0.0000,0.1987,0.0718,0.0338,0.1177,0.0470,0.0969,0.0375,0.0661,0.4164,0.1364,0.0000,16.42,-2.0229,-4.3863,-1.8393
1705282267.1333,0.0459,0.0479,0.0530,0.0450,0.4715,0.0438,0.1620,0.1237,0.0850,0.3533,0.6320,0.3378,0.6948,0.0369,0.0947,0.0255,0.1139,0.2772,0.0000,0.0206,0.0015,0.1330,0.0395,0.0813,0.0475,0.0761,0.1083,0.0986,0.0499,0.0620,0.1835,0.3919,0.0253,0.0000,15.21,5.6561,-6.0040,-7.5375
1705282267.2000,0.0420,0.0544,0.0571,0.0478,0.4756,0.0405,0.1437,0.1179,0.0892,0.3590,0.6619,0.3840,0.7821,0.1033,0.0976,0.1073,0.0733,0.2751,0.0408,0.0483,0.0851,0.0513,0.0420,0.2109,0.0862,0.0000,0.0549,0.0840,0.0505,0.0801,0.1989,0.3107,0.1666,0.0000,9.68,8.2286,-12.2751,7.5427
1705282267.2667,0.0185,0.0407,0.0499,0.0466,0.4814,0.0642,0.1529,0.1122,0.0761,0.3745,0.6781,0.4246,0.7898,0.0464,0.0805,0.0658,0.1236,0.2853,0.0664,0.0342,0.1610,0.2348,0.0461,0.0639,0.0861,0.1215,0.1187,0.0923,0.0436,0.0853,0.0728,0.3384,0.1675,0.0000,19.10,0.5570,-9.0332,4.0776
1705282267.3333,0.0421,0.0423,0.0438,0.0487,0.4381,0.0622,0.1488,0.1332,0.1030,0.3627,0.6288,0.4121,0.7580,0.0900,0.1065,0.0934,0.1136,0.2437,0.0000,0.0409,0.0196,0.0465,0.0583,0.1175,0.0949,0.0691,0.1475,0.0574,0.1556,0.0405,0.0820,0.3640,0.1189,0.0000,20.74,-9.4220,5.3494,3.4364
1705282267.4000,0.0465,0.0415,0.0404,0.0619,0.4277,0.0522,0.1484,0.1140,0.0944,0.3837,0.6737,0.4400,0.7477,0.0000,0.1234,0.0361,0.0709,0.2363,0.0180,0.0475,0.0000,0.1525,0.0042,0.0964,0.1147,0.0633,0.0513,0.0451,0.1120,0.1480,0.1382,0.3481,0.1339,0.0000,11.70,1.2625,14.6086,-1.0929
1705282267.4667,0.0365,0.0517,0.0391,0.0616,0.4226,0.0484,0.1351,0.1024,0.1019,0.4005,0.6261,0.4568,0.7272,0.0300,0.0701,0.0785,0.0833,0.2903,0.0586,0.0000,0.1719,0.0643,0.0000,0.1304,0.0518,0.0970,0.0854,0.1046,0.0167,0.1083,0.1083,0.2618,0.0813,0.0000,14.88,5.9794,4.9625,2.8053
1705282267.5333,0.0420,0.0554,0.0392,0.0635,0.4270,0.0391,0.1247,0.1138,0.0868,0.4051,0.6297,0.4009,0.6678,0.0347,0.1318,0.0767,0.0715,0.2438,0.0497,0.0760,0.1421,0.0545,0.0000,0.1190,0.1685,0.1412,0.0588,0.0696,0.0997,0.0416,0.0296,0.3854,0.0884,0.0000,13.95,-0.3648,-0.8729,11.6656
1705282267.6000,0.0421,0.0727,0.0432,0.0617,0.4147,0.0303,0.1156,0.1261,0.0683,0.4150,0.6083,0.4773,0.6344,0.0084,0.0709,0.0000,0.0826,0.2747,0.0849,0.0000,0.0000,0.1387,0.0628,0.1066,0.0725,0.1584,0.0838,0.0729,0.1191,0.0966,0.0811,0.4007,0.0695,0.0000,12.74,1.6892,-6.0001,1.7925
1705282267.6667,0.0510,0.0550,0.0465,0.0468,0.4103,0.0503,0.1221,0.1372,0.0739,0.4042,0.6301,0.4486,0.6791,0.0924,0.0904,0.0600,0.0689,0.2518,0.0000,0.0465,0.0395,0.0847,0.0607,0.1368,0.0816,0.0795,0.1262,0.0756,0.1929,0.1772,0.0916,0.3281,0.0475,0.0000,13.39,1.1515,3.2769,-1.3819
1705282267.7333,0.0401,0.0617,0.0391,0.0394,0.4076,0.0527,0.1327,0.1269,0.0601,0.4239,0.6214,0.4119,0.6894,0.0519,0.0813,0.0268,0.0977,0.2394,0.0587,0.0665,0.2046,0.0966,0.0450,0.1443,0.1100,0.0137,0.0999,0.1385,0.0583,0.1114,0.0307,0.2653,0.0000,0.0000,18.51,11.6409,4.2186,11.9448
1705282267.8000,0.0419,0.0431,0.0475,0.0398,0.3775,0.0498,0.1125,0.1352,0.0529,0.4599,0.5342,0.4143,0.7168,0.0464,0.0576,0.0662,0.0888,0.2430,0.0172,0.0619,0.0377,0.0684,0.0597,0.1825,0.0842,0.0509,0.0520,0.0439,0.1237,0.0880,0.0929,0.3425,0.0803,0.0000,18.72,-2.5195,23.2943,-4.2010
1705282267.8667,0.0404,0.0329,0.0392,0.0313,0.4213,0.0582,0.0959,0.1216,0.0721,0.4522,0.5422,0.4137,0.6881,0.0173,0.0437,0.0737,0.0179,0.2452,0.0000,0.0419,0.1069,0.0938,0.0124,0.1464,0.1119,0.1232,0.0252,0.0617,0.1415,0.1669,0.0936,0.3998,0.0812,0.0000,12.31,5.2387,-3.2292,2.1812
1705282267.9333,0.0323,0.0188,0.0310,0.0455,0.4300,0.0574,0.0796,0.1346,0.0718,0.4594,0.5536,0.4301,0.6577,0.0593,0.0334,0.0322,0.0711,0.2553,0.0000,0.0228,0.1068,0.1471,0.0623,0.0519,0.0788,0.1196,0.0683,0.0212,0.1823,0.0939,0.2441,0.3271,0.1481,0.0000,13.75,-3.1279,5.6383,0.5917
1705282268.0000,0.0222,0.0176,0.0357,0.0507,0.4136,0.0626,0.0900,0.1198,0.0670,0.4725,0.5852,0.4560,0.5859,0.0960,0.0757,0.0630,0.0781,0.2038,0.0504,0.0351,0.1405,0.0648,0.0000,0.0637,0.0703,0.0955,0.1481,0.0778,0.0866,0.1443,0.0642,0.3551,0.0744,0.0000,14.15,8.9142,9.1246,-3.7078
1705282268.0667,0.0213,0.0100,0.0304,0.0457,0.4061,0.0716,0.0870,0.1178,0.0833,0.4760,0.5585,0.4870,0.6653,0.0317,0.0652,0.1030,0.0182,0.2199,0.0000,0.0153,0.0741,0.0070,0.0071,0.1275,0.1185,0.1362,0.1277,0.0155,0.1194,0.0498,0.1052,0.3718,0.0778,0.0000,15.99,-1.4947,26.2196,5.5095
1705282268.1333,0.0360,0.0131,0.0335,0.0392,0.4294,0.0793,0.0839,0.1230,0.1027,0.4360,0.5452,0.5213,0.6527,0.0988,0.0667,0.0000,0.0620,0.2933,0.0000,0.0000,0.0914,0.1493,0.0449,0.1235,0.1587,0.1109,0.1290,0.0328,0.0626,0.1254,0.1562,0.4416,0.0781,0.0000,16.62,8.4523,-25.9605,-3.4781
1705282268.2000,0.0358,0.0182,0.0368,0.0325,0.4027,0.0877,0.0769,0.1435,0.0949,0.4426,0.6072,0.4629,0.6286,0.0939,0.0974,0.0451,0.0261,0.2473,0.0000,0.0476,0.0292,0.1143,0.0371,0.1217,0.0156,0.0700,0.0935,0.0457,0.1271,0.0390,0.1131,0.2813,0.0480,0.0000,19.76,-1.7072,-6.2545,3.3940
1705282268.2667,0.0216,0.0417,0.0308,0.0253,0.4374,0.0751,0.0741,0.1600,0.0914,0.4256,0.6871,0.4252,0.6050,0.0814,0.0352,0.0557,0.0145,0.2931,0.0033,0.0260,0.0987,0.1478,0.0323,0.0844,0.0784,0.0756,0.0917,0.0259,0.0663,0.2600,0.0402,0.2794,0.1973,0.0000,12.55,-4.8941,6.3647,-0.5590
1705282268.3333,0.0151,0.0492,0.0374,0.0244,0.4445,0.0568,0.0694,0.1599,0.0708,0.4435,0.6545,0.4534,0.5964,0.0000,0.0767,0.0523,0.0511,0.2197,0.0000,0.0745,0.0411,0.1228,0.0226,0.1085,0.0617,0.2228,0.1295,0.0596,0.0834,0.1234,0.0002,0.3717,0.1430,0.0000,15.23,-6.2568,-0.2523,2.5810
1705282268.4000,0.0158,0.0557,0.0248,0.0230,0.4598,0.0558,0.1001,0.1441,0.0658,0.4331,0.6386,0.5294,0.6141,0.0272,0.0684,0.0073,0.1037,0.1966,0.0430,0.0000,0.0737,0.1274,0.0261,0.1615,0.1594,0.0642,0.1656,0.0723,0.0148,0.1904,0.0000,0.3118,0.1060,0.0000,9.86,-0.4823,4.2644,-0.0326
1705282268.4667,0.0212,0.0562,0.0313,0.0388,0.4624,0.0615,0.1026,0.1578,0.0949,0.3839,0.6065,0.5324,0.6256,0.0476,0.0189,0.1075,0.0227,0.2865,0.0700,0.0000,0.0756,0.0481,0.0315,0.1081,0.1077,0.1762,0.1775,0.1125,0.0618,0.1298,0.0587,0.3608,0.0286,0.0000,10.20,3.2173,1.4746,5.5522
1705282268.5333,0.0213,0.0585,0.0312,0.0377,0.4262,0.0464,0.0879,0.1604,0.0844,0.4276,0.6446,0.5736,0.6563,0.0104,0.0779,0.0402,0.0276,0.2326,0.0229,0.0405,0.0697,0.0560,0.0374,0.1037,0.1083,0.0191,0.1424,0.0147,0.0000,0.0866,0.2048,0.3201,0.0759,0.0000,17.60,-4.7263,-1.1129,-4.1506
1705282268.6000,0.0334,0.0382,0.0347,0.0556,0.4364,0.0417,0.0939,0.1562,0.0866,0.4140,0.6870,0.5654,0.6609,0.0467,0.0904,0.0435,0.0211,0.2377,0.0229,0.0082,0.0603,0.1237,0.0494,0.0766,0.2090,0.1299,0.0781,0.0676,0.0881,0.0859,0.0977,0.3105,0.1212,0.0000,18.68,10.5414,-13.5275,0.1441
1705282268.6667,0.0405,0.0369,0.0297,0.0534,0.4135,0.0585,0.0787,0.1688,0.0844,0.4213,0.7422,0.5711,0.6406,0.0454,0.1280,0.0626,0.0822,0.1742,0.0000,0.0381,0.1564,0.1025,0.0566,0.1306,0.0994,0.1379,0.0343,0.0332,0.1759,0.1606,0.1542,0.3179,0.1759,0.0000,12.43,11.2395,1.8450,-1.6552
1705282268.7333,0.0274,0.0216,0.0306,0.0561,0.3911,0.0702,0.0760,0.1669,0.0973,0.4377,0.7072,0.5035,0.6473,0.0213,0.0558,0.1883,0.0000,0.2162,0.0293,0.0638,0.0753,0.1246,0.0124,0.0696,0.0362,0.1342,0.0762,0.0157,0.0000,0.1134,0.0998,0.3280,0.1136,0.0000,18.75,7.2098,3.5458,-8.2026
1705282268.8000,0.0273,0.0291,0.0306,0.0587,0.4328,0.0630,0.0974,0.1533,0.1109,0.3981,0.6927,0.5234,0.6479,0.0636,0.0332,0.0938,0.0716,0.2670,0.0143,0.0212,0.0770,0.1498,0.0615,0.1039,0.2570,0.1012,0.1063,0.0889,0.1388,0.1180,0.1060,0.3799,0.0430,0.0000,16.97,-9.0592,1.6799,1.9579
1705282268.8667,0.0261,0.0404,0.0339,0.0587,0.4612,0.0763,0.1147,0.1450,0.1103,0.3600,0.7042,0.4442,0.6423,0.0672,0.1511,0.0067,0.0596,0.3109,0.0000,0.0655,0.0583,0.0475,0.0946,0.0756,0.0939,0.1020,0.1064,0.0250,0.1732,0.1094,0.1068,0.3161,0.0847,0.0000,13.04,8.3586,-12.2997,-7.9606
1705282268.9333,0.0297,0.0400,0.0265,0.0536,0.4501,0.0721,0.1043,0.1513,0.1000,0.3834,0.6929,0.3897,0.6661,0.0718,0.0587,0.0272,0.0596,0.3006,0.0000,0.0200,0.1227,0.0685,0.0460,0.0999,0.0986,0.0559,0.0443,0.0343,0.1457,0.1257,0.0268,0.3711,0.0513,0.0000,11.40,-3.2566,9.8316,5.6036
1705282269.0000,0.0429,0.0228,0.0214,0.0442,0.4711,0.0574,0.1016,0.1513,0.0974,0.3940,0.6315,0.4684,0.6796,0.0290,0.0948,0.0648,0.0716,0.2847,0.0509,0.0048,0.1044,0.0000,0.0625,0.0100,0.0464,0.1497,0.1047,0.0764,0.1560,0.0571,0.1467,0.2663,0.0579,0.0000,9.34,4.5138,0.8686,-2.7432
1705282269.0667,0.0788,0.0156,0.0286,0.0533,0.4514,0.0562,0.0887,0.1569,0.0809,0.3938,0.6661,0.5427,0.6947,0.0608,0.0553,0.1391,0.0609,0.2620,0.1040,0.0512,0.0584,0.0629,0.0332,0.0736,0.1214,0.0000,0.0694,0.0000,0.1189,0.1219,0.1230,0.3047,0.1942,0.0000,13.97,6.6991,-5.0252,-3.8785
1705282269.1333,0.0775,0.0226,0.0206,0.0588,0.4593,0.0667,0.0869,0.1558,0.0813,0.3823,0.6485,0.5099,0.6915,0.0197,0.0426,0.0259,0.0737,0.2845,0.0713,0.0566,0.1426,0.0951,0.0007,0.0368,0.0739,0.0689,0.0538,0.0001,0.0638,0.0391,0.0958,0.3711,0.1448,0.0000,16.17,9.9082,10.1136,3.9171
1705282269.2000,0.0669,0.0276,0.0272,0.0547,0.4831,0.0893,0.0825,0.1481,0.0706,0.3701,0.6447,0.3919,0.6525,0.0702,0.0562,0.1383,0.0387,0.2717,0.0293,0.0601,0.0962,0.1591,0.0681,0.0954,0.1858,0.0684,0.1271,0.0346,0.0927,0.0341,0.0753,0.3833,0.0259,0.0000,12.23,-3.5647,-9.6596,5.3292
1705282269.2667,0.0662,0.0234,0.0266,0.0565,0.4808,0.0885,0.0782,0.1410,0.1201,0.3513,0.6618,0.4333,0.7134,0.0575,0.0127,0.1105,0.0766,0.3135,0.0287,0.0578,0.1644,0.1035,0.0608,0.1783,0.1642,0.1751,0.0487,0.0138,0.0779,0.1056,0.0881,0.4328,0.0504,0.0000,16.65,1.8197,0.0103,0.8015
1705282269.3333,0.0471,0.0235,0.0283,0.0589,0.4935,0.0790,0.0758,0.1428,0.1272,0.3544,0.6571,0.4055,0.7083,0.1001,0.1027,0.1265,0.0808,0.2637,0.0553,0.0698,0.0970,0.1220,0.0365,0.0926,0.1112,0.0735,0.1580,0.0306,0.1285,0.0850,0.0877,0.3332,0.1620,0.0000,18.94,12.4175,12.4488,5.7437
1705282269.4000,0.0461,0.0289,0.0185,0.0484,0.4858,0.0870,0.0773,0.1360,0.0943,0.3866,0.7357,0.4586,0.7274,0.0118,0.0000,0.1007,0.0580,0.2848,0.0108,0.0000,0.0952,0.1061,0.0608,0.0326,0.1923,0.0790,0.0515,0.0111,0.1374,0.0839,0.1135,0.3447,0.1417,0.0000,15.62,13.3384,15.9161,6.0699
1705282269.4667,0.0466,0.0421,0.0182,0.0548,0.4862,0.0753,0.0923,0.1378,0.0836,0.3778,0.7782,0.4955,0.7094,0.0347,0.0914,0.0602,0.0753,0.2970,0.0120,0.0626,0.2217,0.1031,0.0691,0.1102,0.1262,0.1786,0.0286,0.0418,0.1353,0.0863,0.1367,0.3404,0.1267,0.0000,16.14,12.5327,10.8451,3.4331
1705282269.5333,0.0438,0.0424,0.0307,0.0454,0.4798,0.0734,0.1243,0.1368,0.0590,0.3786,0.7385,0.5022,0.6939,0.1023,0.0897,0.0822,0.0563,0.2978,0.0959,0.0452,0.1284,0.1117,0.0847,0.0844,0.1045,0.0934,0.1827,0.1067,0.1311,0.0716,0.1288,0.5090,0.0969,0.0000,18.69,14.0287,8.9983,1.2602
1705282269.6000,0.0451,0.0330,0.0266,0.0328,0.4378,0.0848,0.1234,0.1386,0.0584,0.4117,0.7796,0.4476,0.7106,0.0454,0.1352,0.0873,0.0744,0.3305,0.0366,0.0580,0.0680,0.1211,0.0257,0.0656,0.1300,0.1327,0.1784,0.0600,0.1076,0.1365,0.0458,0.3637,0.0909,0.0000,17.84,2.7793,-5.9905,7.2837
1705282269.6667,0.0489,0.0218,0.0239,0.0433,0.4188,0.0780,0.1236,0.1325,0.0925,0.4101,0.7672,0.5022,0.7883,0.0592,0.0673,0.0763,0.0289,0.2868,0.0000,0.0001,0.0850,0.0780,0.0788,0.1076,0.1579,0.1515,0.1211,0.0733,0.0837,0.0748,0.0830,0.3310,0.1322,0.0000,10.69,5.7072,-22.7876,-2.1210
1705282269.7333,0.0493,0.0195,0.0195,0.0379,0.4137,0.0915,0.1308,0.1420,0.0903,0.4033,0.8279,0.4809,0.7071,0.0628,0.0564,0.0733,0.0727,0.2100,0.0631,0.0278,0.1310,0.2325,0.0443,0.0120,0.1075,0.1686,0.1600,0.0484,0.0640,0.0731,0.1096,0.3815,0.1245,0.0000,13.76,8.6456,-5.3876,5.6767
1705282269.8000,0.0599,0.0074,0.0392,0.0270,0.3934,0.0930,0.1388,0.1379,0.0740,0.4177,0.7764,0.4841,0.8123,0.1020,0.0755,0.1162,0.0761,0.2099,0.0345,0.0000,0.0927,0.0881,0.0528,0.0659,0.0372,0.0386,0.1047,0.1066,0.0871,0.1240,0.1258,0.3361,0.1436,1.0000,16.53,9.2500,7.5154,-0.8009
1705282269.8667,0.0556,0.0151,0.0251,0.0156,0.3951,0.0863,0.1369,0.1511,0.0865,0.4196,0.7310,0.5051,0.7901,0.0011,0.1492,0.0863,0.0348,0.2460,0.0000,0.0515,0.1143,0.1531,0.0187,0.0267,0.0966,0.0835,0.1951,0.0635,0.0743,0.0392,0.0633,0.2810,0.1738,0.0000,15.51,-2.4188,-20.2214,0.8348
1705282269.9333,0.0478,0.0215,0.0340,0.0107,0.4198,0.0752,0.1453,0.1406,0.1008,0.4026,0.7196,0.4296,0.8517,0.0550,0.0488,0.0294,0.0663,0.2083,0.0249,0.0348,0.0567,0.1110,0.0013,0.1147,0.1422,0.1151,0.1247,0.0726,0.2439,0.0572,0.0294,0.3879,0.1842,0.0000,15.53,2.5281,-3.6866,6.2051
1705282270.0000,0.0436,0.0217,0.0309,0.0234,0.4469,0.1015,0.1273,0.1540,0.0909,0.3759,0.7061,0.4317,0.8617,0.0581,0.0413,0.0709,0.1413,0.2867,0.0316,0.0480,0.1148,0.1200,0.0544,0.0937,0.0560,0.0190,0.1667,0.0379,0.0000,0.0869,0.0180,0.3038,0.0424,0.0000,14.64,12.1987,-3.2541,14.0089
1705282270.0667,0.0406,0.0315,0.0299,0.0252,0.4286,0.0917,0.1233,0.1501,0.0959,0.3899,0.6382,0.4005,0.8326,0.0000,0.0701,0.0673,0.0677,0.2184,0.0376,0.0221,0.1728,0.1073,0.0101,0.0784,0.1120,0.0952,0.1702,0.0648,0.1473,0.1508,0.0836,0.2656,0.0801,0.0000,13.36,12.1258,10.3852,3.5751
1705282270.1333,0.0276,0.0324,0.0276,0.0116,0.4125,0.0906,0.1291,0.1463,0.0991,0.4140,0.6219,0.3792,0.7915,0.0430,0.1393,0.1259,0.0457,0.2951,0.0496,0.0553,0.0810,0.0865,0.0333,0.0365,0.1303,0.0404,0.1492,0.1077,0.1819,0.1498,0.0642,0.2856,0.0695,0.0000,14.18,5.7804,-7.9834,-0.6491
1705282270.2000,0.0163,0.0269,0.0355,0.0065,0.4317,0.0629,0.1266,0.1626,0.1030,0.4168,0.6391,0.3816,0.8130,0.0303,0.0930,0.0835,0.0395,0.2517,0.0000,0.0462,0.1634,0.1022,0.0570,0.1174,0.0189,0.1261,0.0752,0.0585,0.1013,0.0344,0.0560,0.3438,0.1385,0.0000,10.94,3.0917,13.4025,-1.9892
1705282270.2667,0.0174,0.0303,0.0399,0.0104,0.4319,0.0543,0.1048,0.1703,0.1252,0.4093,0.6737,0.3353,0.8219,0.0092,0.1224,0.0816,0.1050,0.2819,0.0061,0.0000,0.1490,0.0518,0.0140,0.0769,0.0237,0.0494,0.1387,0.0598,0.0595,0.0289,0.0639,0.3904,0.0937,0.0000,17.98,2.0375,2.8471,-0.6070
1705282270.3333,0.0305,0.0291,0.0294,0.0199,0.4264,0.0689,0.0887,0.1653,0.1429,0.3994,0.6403,0.3220,0.7541,0.0439,0.0461,0.0324,0.0645,0.2540,0.0243,0.0117,0.0846,0.1629,0.0096,0.0273,0.0807,0.0871,0.0772,0.0378,0.0842,0.1041,0.1456,0.3272,0.0792,0.0000,13.59,20.9416,3.9968,1.5861
1705282270.4000,0.0255,0.0104,0.0167,0.0174,0.4190,0.0835,0.1081,0.1630,0.1388,0.4105,0.6853,0.2937,0.6588,0.0898,0.0547,0.0434,0.0837,0.3258,0.0000,0.0524,0.1373,0.1160,0.0174,0.1609,0.0636,0.1212,0.1743,0.1098,0.0335,0.0938,0.1245,0.3493,0.0597,0.0000,18.87,-7.1035,12.7500,4.2424
1705282270.4667,0.0203,0.0095,0.0130,0.0178,0.4106,0.1104,0.0969,0.1617,0.1485,0.4067,0.7520,0.3122,0.7011,0.0215,0.0592,0.0856,0.0278,0.2751,0.0000,0.0233,0.2057,0.1854,0.0473,0.0748,0.0411,0.0540,0.1142,0.0000,0.1163,0.0063,0.1729,0.2983,0.0587,0.0000,21.02,9.5096,5.9932,-5.5821
1705282270.5333,0.0178,0.0172,0.0243,0.0221,0.3855,0.1063,0.1109,0.1652,0.1230,0.4167,0.7398,0.4014,0.6901,0.0981,0.0000,0.1293,0.0792,0.2299,0.0886,0.0303,0.0965,0.1010,0.0691,0.1079,0.0970,0.1535,0.0566,0.0690,0.0889,0.0000,0.1330,0.3187,0.1338,0.0000,15.33,8.3466,-1.9716,-2.2735
1705282270.6000,0.0140,0.0139,0.0169,0.0295,0.3897,0.1165,0.0932,0.1481,0.1172,0.4366,0.7314,0.4718,0.6692,0.1423,0.0538,0.0417,0.0000,0.2578,0.0000,0.0257,0.1548,0.0920,0.0541,0.0766,0.0816,0.0818,0.1218,0.0153,0.0000,0.1266,0.1416,0.2625,0.0891,0.0000,16.25,30.0000,5.7008,13.8825
1705282270.6667,0.0122,0.0156,0.0221,0.0318,0.3836,0.1180,0.1073,0.1403,0.1116,0.4345,0.6820,0.5478,0.6759,0.1077,0.0341,0.0957,0.0000,0.2138,0.0403,0.0114,0.1801,0.0693,0.0540,0.1566,0.0862,0.0895,0.0942,0.1100,0.1008,0.0757,0.0945,0.2983,0.0874,0.0000,17.48,21.1438,3.3336,3.8465
1705282270.7333,0.0089,0.0059,0.0249,0.0292,0.4179,0.0870,0.1382,0.1503,0.0979,0.4239,0.6868,0.4853,0.6645,0.0708,0.1056,0.0000,0.0264,0.2646,0.0304,0.0220,0.0941,0.1700,0.0745,0.1089,0.1176,0.0909,0.0573,0.0693,0.1028,0.0946,0.1065,0.3912,0.1342,0.0000,12.77,7.6181,-9.6481,-3.5317
1705282270.8000,0.0229,0.0024,0.0344,0.0306,0.4450,0.0878,0.1440,0.1368,0.0928,0.4021,0.6767,0.4459,0.6457,0.1296,0.1414,0.1310,0.0877,0.2825,0.0000,0.0525,0.1489,0.0944,0.0252,0.0836,0.2220,0.0318,0.0863,0.0388,0.0309,0.1499,0.1436,0.3409,0.1830,0.0000,11.31,3.0398,2.9534,1.9464
1705282270.8667,0.0240,0.0058,0.0274,0.0222,0.4511,0.0798,0.1179,0.1439,0.0786,0.4295,0.7055,0.4552,0.6861,0.0727,0.0402,0.0482,0.0737,0.3416,0.0173,0.0637,0.0506,0.1170,0.0093,0.2078,0.1384,0.1297,0.1117,0.0252,0.0642,0.1123,0.1490,0.3264,0.0679,0.0000,14.23,4.7895,-10.0863,3.6704
1705282270.9333,0.0305,0.0180,0.0368,0.0204,0.4341,0.0699,0.1164,0.1331,0.0710,0.4419,0.7322,0.5353,0.6684,0.0271,0.1348,0.0000,0.0796,0.2287,0.0600,0.0323,0.1601,0.1308,0.0169,0.0753,0.0941,0.1728,0.0242,0.0206,0.1758,0.1410,0.0853,0.3063,0.1192,0.0000,18.49,9.0807,9.6253,-4.4595
1705282271.0000,0.0238,0.0057,0.0394,0.0289,0.4626,0.0604,0.1151,0.1307,0.0785,0.4329,0.7638,0.5232,0.6524,0.0805,0.1450,0.0490,0.0329,0.2863,0.0554,0.0361,0.1907,0.0825,0.0233,0.1020,0.0610,0.1659,0.0880,0.0784,0.1880,0.0475,0.0830,0.3063,0.1144,0.0000,17.13,11.0755,-10.4622,4.9134
1705282271.0667,0.0338,0.0029,0.0488,0.0393,0.4399,0.0574,0.1146,0.1338,0.0851,0.4267,0.7718,0.4196,0.5865,0.0000,0.0919,0.1955,0.0939,0.2356,0.0000,0.0793,0.0835,0.0874,0.0000,0.1317,0.0710,0.0688,0.0240,0.0705,0.1169,0.0802,0.2190,0.3127,0.0203,0.0000,15.90,4.9093,-12.6038,-6.1880
1705282271.1333,0.0259,0.0056,0.0451,0.0277,0.4521,0.0533,0.0969,0.1424,0.0860,0.4390,0.7334,0.5230,0.6042,0.0348,0.0994,0.1077,0.0002,0.2562,0.0000,0.0618,0.0631,0.1090,0.0000,0.1115,0.0561,0.0783,0.1271,0.0599,0.1039,0.0982,0.2491,0.3702,0.1196,0.0000,11.49,0.2532,26.1812,-5.5055
1705282271.2000,0.0263,0.0002,0.0462,0.0312,0.4475,0.0351,0.1008,0.1364,0.1020,0.4446,0.6833,0.5715,0.6035,0.0143,0.0687,0.0890,0.0761,0.2737,0.0000,0.0133,0.1139,0.1110,0.0129,0.0765,0.1938,0.0222,0.1824,0.0832,0.1213,0.0234,0.0931,0.2426,0.0530,0.0000,17.41,-3.1299,-15.9971,-5.2208
1705282271.2667,0.0387,0.0000,0.0565,0.0407,0.4871,0.0581,0.1265,0.1346,0.1134,0.3666,0.6830,0.5135,0.6183,0.0387,0.1714,0.0959,0.0725,0.2893,0.0391,0.0578,0.0417,0.2230,0.0565,0.2100,0.1200,0.0607,0.0680,0.0830,0.1110,0.1279,0.0788,0.3367,0.1170,1.0000,10.74,8.1384,5.5057,0.5147
1705282271.3333,0.0496,0.0020,0.0507,0.0372,0.5209,0.0447,0.1039,0.1397,0.1079,0.3660,0.6327,0.5117,0.7112,0.0223,0.0469,0.1049,0.0603,0.3351,0.0569,0.0000,0.1025,0.0412,0.0209,0.1487,0.0658,0.0227,0.1120,0.0000,0.0389,0.0805,0.0961,0.4383,0.1100,0.0000,17.23,4.9891,-10.9357,-4.2831
1705282271.4000,0.0435,0.0000,0.0629,0.0360,0.5137,0.0415,0.0912,0.1341,0.1004,0.3861,0.6483,0.5464,0.6866,0.0711,0.0486,0.0676,0.0550,0.3116,0.0624,0.0000,0.1116,0.0969,0.0000,0.0671,0.1052,0.1217,0.1635,0.0223,0.1177,0.0808,0.1526,0.4415,0.2027,0.0000,15.48,-11.8780,20.3205,3.5179
1705282271.4667,0.0392,0.0212,0.0626,0.0398,0.4967,0.0287,0.1036,0.1239,0.1058,0.3871,0.6471,0.5628,0.7012,0.0253,0.0256,0.0304,0.1068,0.2816,0.0228,0.0888,0.0473,0.1159,0.0000,0.0973,0.1847,0.1443,0.0646,0.0442,0.0405,0.1405,0.0692,0.4151,0.1424,0.0000,14.04,-6.8320,11.9476,-5.4548
1705282271.5333,0.0473,0.0243,0.0562,0.0432,0.4561,0.0406,0.1004,0.1339,0.0987,0.3995,0.7172,0.4791,0.6523,0.0475,0.0721,0.0672,0.0673,0.2676,0.0432,0.0640,0.0004,0.0503,0.0126,0.0403,0.0472,0.0062,0.0696,0.0094,0.1050,0.1125,0.0626,0.3553,0.0999,0.0000,16.56,-1.4005,-7.5218,2.0131
1705282271.6000,0.0535,0.0181,0.0612,0.0486,0.4579,0.0371,0.0866,0.1431,0.0755,0.4110,0.7116,0.5667,0.6483,0.0000,0.0636,0.0331,0.1223,0.3015,0.0610,0.0510,0.1916,0.1201,0.0013,0.0917,0.1000,0.1402,0.0428,0.0406,0.1126,0.0736,0.1381,0.3146,0.1896,0.0000,16.15,2.4100,-1.6847,-5.3213
1705282271.6667,0.0569,0.0192,0.0450,0.0387,0.4511,0.0340,0.0808,0.1639,0.0725,0.4227,0.6903,0.4903,0.6304,0.0122,0.0732,0.0879,0.0534,0.3011,0.0325,0.0919,0.1322,0.0703,0.0677,0.1094,0.1356,0.0839,0.1172,0.0174,0.0307,0.0554,0.1619,0.4187,0.1010,0.0000,10.99,-4.0582,-5.9071,-12.5745
1705282271.7333,0.0451,0.0187,0.0394,0.0243,0.4675,0.0429,0.0804,0.1529,0.0799,0.4294,0.6600,0.3878,0.6725,0.0144,0.1241,0.0290,0.1353,0.2586,0.0537,0.0127,0.1196,0.0894,0.0238,0.0956,0.1366,0.0850,0.1509,0.0659,0.0142,0.0488,0.1139,0.2985,0.0760,0.0000,15.31,-0.2455,1.3124,-2.3764
1705282271.8000,0.0605,0.0091,0.0389,0.0448,0.4480,0.0229,0.1072,0.1474,0.0862,0.4209,0.6258,0.4283,0.6410,0.0003,0.0834,0.0641,0.0625,0.2733,0.0298,0.0000,0.0895,0.1051,0.0324,0.1116,0.0980,0.1534,0.1442,0.1050,0.0236,0.0837,0.1071,0.3774,0.1199,0.0000,18.33,6.0223,-1.8184,6.0953
1705282271.8667,0.0642,0.0133,0.0351,0.0520,0.4789,0.0213,0.1424,0.1634,0.0750,0.3726,0.6156,0.4555,0.5637,0.0000,0.0946,0.0073,0.1229,0.2616,0.0199,0.0817,0.1982,0.0727,0.0000,0.0390,0.0517,0.0335,0.1420,0.0846,0.0519,0.1219,0.0440,0.4347,0.0838,0.0000,11.15,-0.7451,11.4748,-6.8993
1705282271.9333,0.0746,0.0112,0.0215,0.0297,0.4788,0.0268,0.1293,0.1611,0.0747,0.3953,0.6411,0.3401,0.5843,0.0571,0.0666,0.1177,0.1094,0.2911,0.0332,0.0765,0.1187,0.1057,0.0193,0.1080,0.1145,0.1058,0.0582,0.0779,0.0596,0.1044,0.1362,0.3611,0.1251,1.0000,14.87,-4.2250,8.1742,-2.7482
1705282272.0000,0.0782,0.0142,0.0131,0.0360,0.4866,0.0434,0.1379,0.1580,0.0740,0.3751,0.7342,0.3233,0.5951,0.0000,0.0454,0.1158,0.0702,0.2116,0.0349,0.0398,0.0776,0.0912,0.0529,0.0271,0.0592,0.0907,0.0819,0.0556,0.0407,0.0927,0.0625,0.3836,0.0839,0.0000,13.67,7.2507,-4.5189,-7.3702
1705282272.0667,0.0816,0.0201,0.0043,0.0331,0.5122,0.0500,0.1490,0.1440,0.0762,0.3577,0.8124,0.3704,0.5933,0.0372,0.1452,0.1271,0.0546,0.3794,0.0118,0.0303,0.0616,0.1236,0.0031,0.1063,0.2486,0.0082,0.0861,0.1081,0.1667,0.1046,0.1386,0.5044,0.0874,0.0000,17.13,0.3855,10.2760,6.8275
1705282272.1333,0.0744,0.0226,0.0068,0.0324,0.4914,0.0616,0.1243,0.1188,0.0892,0.3871,0.7471,0.3882,0.6541,0.1212,0.1282,0.0770,0.1259,0.3095,0.0263,0.0500,0.1443,0.0962,0.0117,0.0978,0.0647,0.0567,0.1780,0.0879,0.1122,0.1689,0.0876,0.3922,0.0500,0.0000,17.71,-6.8750,-27.6108,-1.1672
1705282272.2000,0.0909,0.0114,0.0191,0.0359,0.5076,0.0393,0.1134,0.1254,0.0728,0.3905,0.7667,0.3817,0.6468,0.0682,0.0987,0.0223,0.1158,0.3334,0.0000,0.0115,0.1163,0.1674,0.0273,0.0879,0.0638,0.0368,0.0000,0.0518,0.1006,0.1170,0.1292,0.3570,0.0572,0.0000,18.58,25.1944,13.8064,-12.0752
1705282272.2667,0.1034,0.0200,0.0192,0.0221,0.4791,0.0426,0.0992,0.1195,0.0958,0.3994,0.7448,0.3710,0.6294,0.0796,0.0829,0.0635,0.0290,0.2841,0.0459,0.0696,0.0290,0.0747,0.0110,0.1729,0.1263,0.0121,0.0937,0.0869,0.0975,0.0339,0.0428,0.3938,0.0591,0.0000,13.76,18.8755,-16.4736,3.4102
1705282272.3333,0.0945,0.0166,0.0370,0.0170,0.4626,0.0550,0.1072,0.1342,0.0816,0.3966,0.7363,0.3422,0.6341,0.0941,0.1077,0.1451,0.0127,0.2553,0.0441,0.0494,0.1411,0.0934,0.0307,0.1100,0.1242,0.1000,0.1509,0.0425,0.0906,0.1802,0.0075,0.3533,0.1040,0.0000,16.54,0.2486,0.8063,6.2009
1705282272.4000,0.1005,0.0302,0.0470,0.0223,0.4453,0.0736,0.1150,0.1462,0.0737,0.3676,0.7413,0.3866,0.6706,0.0130,0.0000,0.1427,0.1246,0.3186,0.0581,0.0540,0.0452,0.1882,0.0609,0.1179,0.1253,0.0899,0.1325,0.0623,0.0132,0.2208,0.1380,0.2788,0.1456,0.0000,14.55,1.3060,5.0623,-4.5607
1705282272.4667,0.1015,0.0149,0.0341,0.0395,0.4164,0.0702,0.1187,0.1371,0.0680,0.3998,0.6753,0.3939,0.6830,0.0572,0.0826,0.1430,0.0546,0.1897,0.0640,0.0305,0.1277,0.1772,0.0298,0.1433,0.1319,0.1676,0.0944,0.0253,0.1308,0.1100,0.1249,0.3298,0.0497,0.0000,15.01,-10.5614,9.6783,-5.4167
1705282272.5333,0.1277,0.0201,0.0384,0.0344,0.4085,0.0879,0.1398,0.1530,0.0730,0.3504,0.6162,0.4053,0.7057,0.0791,0.1019,0.1249,0.0571,0.2399,0.0782,0.0191,0.1200,0.1704,0.0279,0.0924,0.0717,0.0997,0.1593,0.0540,0.0672,0.1609,0.0701,0.3988,0.0469,0.0000,12.86,3.8660,-1.2117,-6.5256
1705282272.6000,0.1207,0.0292,0.0374,0.0367,0.4447,0.0814,0.1487,0.1685,0.0501,0.3296,0.6506,0.4334,0.6591,0.0285,0.1331,0.0891,0.1168,0.2358,0.0346,0.0673,0.0000,0.0652,0.0655,0.1131,0.0827,0.0795,0.1630,0.0349,0.1198,0.1711,0.0343,0.4033,0.0076,0.0000,16.62,6.1381,-15.7979,-13.8409
1705282272.6667,0.1104,0.0193,0.0270,0.0348,0.4697,0.0853,0.1449,0.1630,0.0517,0.3363,0.7386,0.4092,0.6786,0.1223,0.1182,0.1218,0.0733,0.3020,0.0192,0.0609,0.0000,0.1485,0.0839,0.1054,0.0592,0.0000,0.1351,0.0613,0.0383,0.0930,0.0944,0.4469,0.1534,0.0000,18.38,8.9398,-8.9648,-5.7666
1705282272.7333,0.1050,0.0299,0.0184,0.0267,0.5006,0.0719,0.1398,0.1457,0.0484,0.3481,0.6657,0.4462,0.6997,0.0826,0.0423,0.1091,0.1061,0.2385,0.0156,0.0213,0.1963,0.1281,0.0339,0.1327,0.0770,0.0414,0.0000,0.0522,0.0071,0.0766,0.1455,0.3537,0.1183,0.0000,14.40,2.8406,-4.8312,2.3216
1705282272.8000,0.0920,0.0411,0.0151,0.0357,0.4845,0.0738,0.1363,0.1282,0.0642,0.3575,0.5888,0.4464,0.6749,0.0557,0.1435,0.0760,0.0924,0.2877,0.0618,0.0046,0.1266,0.0516,0.0201,0.0767,0.1330,0.0588,0.1027,0.0683,0.0811,0.1432,0.0616,0.3821,0.1989,0.0000,11.82,-2.6877,15.2562,0.0502
1705282272.8667,0.0705,0.0497,0.0087,0.0391,0.4754,0.0662,0.1357,0.1291,0.0677,0.3748,0.5928,0.4690,0.7261,0.0548,0.1198,0.0206,0.0924,0.3428,0.0560,0.0642,0.1067,0.0918,0.0885,0.0503,0.0265,0.1122,0.0841,0.0701,0.1538,0.1116,0.0000,0.3152,0.1656,0.0000,18.25,1.7385,-12.3203,2.7206
1705282272.9333,0.0508,0.0551,0.0190,0.0449,0.4233,0.0542,0.1247,0.1442,0.0988,0.3910,0.6361,0.5293,0.7544,0.0000,0.1067,0.0557,0.0815,0.3153,0.0561,0.0218,0.1299,0.1356,0.0502,0.0684,0.0369,0.0775,0.0764,0.0483,0.1008,0.0798,0.1195,0.3415,0.1500,0.0000,13.71,8.8297,8.2921,4.4633
1705282273.0000,0.0604,0.0501,0.0312,0.0209,0.4195,0.0365,0.1098,0.1359,0.0767,0.4354,0.6874,0.4737,0.7333,0.0325,0.0763,0.0642,0.0468,0.2537,0.0598,0.0539,0.0753,0.0389,0.0343,0.0320,0.1272,0.1391,0.1511,0.0663,0.0604,0.1109,0.1020,0.2341,0.0370,0.0000,13.21,10.1850,-2.2108,4.0719
1705282273.0667,0.0546,0.0393,0.0379,0.0322,0.4071,0.0374,0.1046,0.1186,0.0877,0.4484,0.6884,0.5001,0.7078,0.0609,0.0616,0.1139,0.0741,0.2521,0.0000,0.0410,0.1159,0.1336,0.0000,0.1689,0.0703,0.0789,0.1136,0.0665,0.1680,0.1482,0.0719,0.4030,0.1332,0.0000,9.09,2.0947,-5.3028,-3.0027
1705282273.1333,0.0583,0.0373,0.0385,0.0356,0.4354,0.0492,0.1021,0.1289,0.0769,0.4226,0.6491,0.4394,0.5898,0.0063,0.0032,0.0762,0.0555,0.2788,0.0577,0.0824,0.0577,0.1538,0.0336,0.0594,0.0598,0.1760,0.0806,0.0645,0.1116,0.1731,0.1114,0.3051,0.0025,0.0000,14.57,-2.5490,-6.9288,-11.7993
1705282273.2000,0.0483,0.0398,0.0305,0.0378,0.4548,0.0494,0.0979,0.1305,0.0593,0.4310,0.7041,0.4017,0.5829,0.0360,0.0249,0.0385,0.0107,0.2570,0.0000,0.0538,0.0938,0.1483,0.0562,0.0536,0.0411,0.1640,0.0621,0.0532,0.0275,0.1307,0.0000,0.3575,0.0850,0.0000,16.37,9.7348,10.8497,-3.0246
1705282273.2667,0.0496,0.0415,0.0336,0.0326,0.4488,0.0426,0.0896,0.1325,0.0657,0.4380,0.6992,0.4956,0.6013,0.0000,0.0789,0.0469,0.0440,0.2800,0.0196,0.0558,0.1002,0.1014,0.0000,0.1351,0.1384,0.0000,0.1288,0.0098,0.1504,0.1888,0.0433,0.2955,0.0625,0.0000,21.31,8.4923,-6.6179,0.1814
1705282273.3333,0.0639,0.0391,0.0331,0.0364,0.4512,0.0447,0.1110,0.0998,0.0817,0.4234,0.6964,0.5100,0.6517,0.0990,0.1341,0.1706,0.0806,0.2821,0.0591,0.0000,0.0113,0.1924,0.0442,0.1057,0.1825,0.1307,0.1312,0.0720,0.1128,0.1679,0.1185,0.3218,0.0000,1.0000,18.53,13.4229,-0.7426,6.8412
1705282273.4000,0.0603,0.0370,0.0308,0.0250,0.4782,0.0600,0.1174,0.1015,0.0716,0.4108,0.6812,0.5396,0.6960,0.0248,0.1019,0.0118,0.0796,0.2833,0.0136,0.0443,0.0376,0.0758,0.0573,0.0555,0.1039,0.1588,0.0994,0.0206,0.0934,0.1495,0.1027,0.4314,0.0953,0.0000,16.03,10.0317,-10.0883,1.7762
1705282273.4667,0.0545,0.0608,0.0344,0.0258,0.4689,0.0696,0.1215,0.0978,0.1064,0.3762,0.7190,0.5377,0.6967,0.0652,0.0823,0.0833,0.0934,0.2643,0.0444,0.0483,0.0575,0.0722,0.0580,0.0991,0.0798,0.0953,0.1127,0.0571,0.0332,0.1570,0.1220,0.3718,0.0889,0.0000,13.10,-1.8601,-19.4703,8.5641
1705282273.5333,0.0536,0.0518,0.0310,0.0191,0.4645,0.0975,0.1314,0.1033,0.0941,0.3722,0.7261,0.5549,0.7070,0.0960,0.0000,0.0536,0.0531,0.3031,0.0277,0.0535,0.2029,0.1193,0.0644,0.0902,0.1388,0.1733,0.1507,0.0457,0.0591,0.1565,0.0603,0.4567,0.0758,0.0000,19.10,4.0476,-15.7617,-2.7527
1705282273.6000,0.0412,0.0551,0.0320,0.0247,0.4483,0.0705,0.0996,0.1033,0.1109,0.4086,0.6925,0.4976,0.7535,0.0731,0.0596,0.0809,0.0477,0.2558,0.0000,0.0592,0.0236,0.0804,0.0689,0.1667,0.0434,0.0466,0.1008,0.0967,0.0451,0.0661,0.0457,0.3955,0.0961,1.0000,20.63,0.8615,-2.5128,4.8493
1705282273.6667,0.0440,0.0474,0.0335,0.0138,0.4361,0.0647,0.1293,0.1125,0.1324,0.3918,0.6647,0.4948,0.7205,0.0317,0.0293,0.0882,0.0535,0.2539,0.0030,0.0000,0.1705,0.0454,0.0259,0.0476,0.0700,0.0404,0.0603,0.0293,0.0939,0.1019,0.0632,0.4014,0.0903,0.0000,14.10,6.8264,-0.5121,0.0558
1705282273.7333,0.0311,0.0469,0.0410,0.0353,0.4466,0.0732,0.1211,0.1045,0.1318,0.3812,0.7136,0.4759,0.7069,0.0675,0.0939,0.0000,0.1169,0.2609,0.0023,0.0685,0.0853,0.2124,0.0799,0.1231,0.1502,0.0508,0.0649,0.0575,0.1106,0.0660,0.1976,0.3366,0.1323,0.0000,15.94,4.4367,-9.5516,-10.2653
1705282273.8000,0.0447,0.0512,0.0470,0.0403,0.4399,0.0668,0.1103,0.0973,0.1209,0.3890,0.6818,0.4772,0.7267,0.0888,0.0546,0.0711,0.0211,0.1971,0.0254,0.0787,0.1368,0.0770,0.0439,0.0897,0.0594,0.0441,0.2067,0.0210,0.1428,0.1401,0.1331,0.2924,0.0751,0.0000,13.17,14.4230,-0.4290,-9.3687
1705282273.8667,0.0299,0.0655,0.0458,0.0265,0.4669,0.0548,0.1062,0.0824,0.1093,0.4076,0.6826,0.5731,0.7122,0.0354,0.0759,0.0000,0.0523,0.2319,0.0370,0.0428,0.1179,0.1616,0.0473,0.1483,0.0955,0.0669,0.0783,0.0915,0.0524,0.1305,0.1801,0.3564,0.1201,0.0000,15.40,13.3690,5.5574,0.7904
1705282273.9333,0.0295,0.0516,0.0430,0.0172,0.4863,0.0547,0.1042,0.0897,0.1212,0.4016,0.6598,0.5218,0.8159,0.0770,0.0270,0.0968,0.0691,0.3385,0.0644,0.0177,0.1277,0.1235,0.0085,0.0682,0.0244,0.1272,0.0816,0.0461,0.1166,0.1167,0.1469,0.4321,0.0421,0.0000,16.08,-0.5210,-25.9286,-0.8584
1705282274.0000,0.0392,0.0255,0.0411,0.0211,0.4678,0.0693,0.0918,0.0924,0.1407,0.4066,0.6536,0.4513,0.7743,0.0382,0.1014,0.0514,0.0867,0.2447,0.0132,0.0610,0.1292,0.1754,0.0290,0.1377,0.1329,0.0797,0.1068,0.0712,0.0660,0.2330,0.1037,0.3664,0.1702,0.0000,9.15,0.7829,-1.0928,-2.5420
1705282274.0667,0.0321,0.0183,0.0441,0.0261,0.4871,0.0916,0.1007,0.0976,0.1156,0.3920,0.6990,0.4294,0.8217,0.0523,0.0826,0.0475,0.0599,0.3012,0.0226,0.0591,0.0595,0.1359,0.0000,0.0477,0.0608,0.0496,0.1296,0.0321,0.1324,0.0901,0.1227,0.3941,0.0987,0.0000,13.01,10.6186,-15.4161,-3.9568
1705282274.1333,0.0276,0.0220,0.0522,0.0289,0.4695,0.0853,0.1142,0.1121,0.1129,0.3852,0.7199,0.3707,0.7708,0.0000,0.1148,0.1176,0.0709,0.2424,0.0283,0.0221,0.1593,0.1577,0.0248,0.0918,0.0300,0.0040,0.1173,0.0765,0.0874,0.0733,0.0744,0.3453,0.1588,0.0000,16.07,6.5093,1.9891,6.4210
1705282274.2000,0.0328,0.0304,0.0461,0.0408,0.4676,0.0665,0.1143,0.1246,0.0902,0.3920,0.6530,0.4489,0.7958,0.0716,0.0771,0.1118,0.0860,0.3024,0.0415,0.0168,0.0000,0.0629,0.0342,0.1710,0.0364,0.0000,0.1639,0.0183,0.0449,0.1555,0.0697,0.3848,0.1331,0.0000,14.44,7.3133,6.3886,-0.0203
1705282274.2667,0.0186,0.0250,0.0506,0.0334,0.4755,0.0584,0.1099,0.1345,0.0762,0.4107,0.6853,0.3866,0.7716,0.0656,0.0634,0.0000,0.0931,0.3154,0.0040,0.0209,0.1209,0.2324,0.0745,0.1003,0.1125,0.1035,0.0944,0.0760,0.0463,0.1353,0.1780,0.4852,0.1350,0.0000,12.93,15.8310,4.0919,7.8558
1705282274.3333,0.0110,0.0204,0.0436,0.0241,0.4670,0.0527,0.1109,0.1321,0.0933,0.4269,0.6860,0.3982,0.7127,0.0479,0.0423,0.0369,0.0720,0.2987,0.0000,0.0076,0.0823,0.0874,0.0212,0.1162,0.1046,0.0156,0.1871,0.0627,0.1696,0.0538,0.1268,0.2430,0.1128,0.0000,13.13,3.4451,-24.5045,11.0720
1705282274.4000,0.0104,0.0145,0.0349,0.0408,0.4467,0.0590,0.1169,0.1404,0.0801,0.4338,0.7384,0.3892,0.6951,0.0772,0.0879,0.1084,0.1056,0.2783,0.0617,0.0135,0.1235,0.1488,0.0171,0.1762,0.0000,0.1727,0.0489,0.0537,0.2067,0.0986,0.1129,0.3653,0.0728,0.0000,11.20,18.7029,19.3460,4.2825
1705282274.4667,0.0020,0.0100,0.0265,0.0381,0.4620,0.0589,0.0996,0.1441,0.0971,0.4371,0.7310,0.3771,0.7123,0.0000,0.1219,0.0721,0.1160,0.2369,0.0000,0.0248,0.1458,0.1113,0.0332,0.0239,0.1692,0.0877,0.0898,0.0770,0.1148,0.0887,0.1330,0.3085,0.1233,0.0000,15.76,11.2599,1.0949,-5.6775
1705282274.5333,0.0028,0.0000,0.0331,0.0418,0.5000,0.0662,0.1011,0.1378,0.0846,0.4195,0.7173,0.4090,0.6282,0.1207,0.1029,0.0321,0.0340,0.2967,0.0128,0.0445,0.0675,0.1103,0.0887,0.1325,0.1392,0.0440,0.0541,0.0915,0.0000,0.0960,0.0711,0.4129,0.1339,0.0000,11.48,0.4378,21.0851,6.0847
1705282274.6000,0.0158,0.0013,0.0432,0.0403,0.5003,0.0664,0.1074,0.1549,0.0770,0.3961,0.7740,0.4534,0.6549,0.0010,0.1195,0.0000,0.0246,0.2879,0.0000,0.0258,0.0792,0.0489,0.0065,0.0680,0.0758,0.1781,0.1332,0.0926,0.1919,0.0964,0.0298,0.3708,0.1155,0.0000,17.05,7.8084,-0.5523,1.0009
1705282274.6667,0.0332,0.0166,0.0462,0.0324,0.4649,0.0642,0.1104,0.1507,0.0855,0.3975,0.7758,0.4078,0.6337,0.0660,0.1003,0.0737,0.0665,0.2805,0.0139,0.0603,0.1875,0.0923,0.0615,0.1129,0.0757,0.1108,0.1488,0.0379,0.2024,0.1233,0.0520,0.3476,0.0972,0.0000,11.37,3.1246,6.6052,1.9319
1705282274.7333,0.0500,0.0177,0.0467,0.0451,0.4511,0.0457,0.0862,0.1505,0.0829,0.4145,0.6982,0.3659,0.5922,0.0107,0.0659,0.1555,0.0304,0.2746,0.0000,0.0442,0.0483,0.2684,0.0230,0.0450,0.1331,0.0741,0.0900,0.0590,0.1165,0.2631,0.1737,0.3488,0.0905,0.0000,9.28,8.6514,9.3302,6.3682
1705282274.8000,0.0484,0.0304,0.0479,0.0460,0.4596,0.0523,0.0893,0.1530,0.0920,0.3886,0.6754,0.4140,0.5675,0.0258,0.0821,0.0555,0.0842,0.3238,0.0000,0.0315,0.0248,0.1322,0.0000,0.1430,0.0835,0.0891,0.1524,0.0592,0.0168,0.0841,0.0563,0.3932,0.1051,0.0000,13.64,21.6488,1.8291,-5.3326
1705282274.8667,0.0746,0.0386,0.0400,0.0581,0.4533,0.0518,0.0871,0.1235,0.0987,0.3846,0.7121,0.4616,0.6653,0.0432,0.0622,0.0941,0.0344,0.2560,0.0000,0.0053,0.1162,0.1281,0.0467,0.0854,0.0000,0.1332,0.1027,0.0657,0.0694,0.0906,0.2261,0.3397,0.0814,0.0000,11.86,9.6273,-7.8290,4.1844
1705282274.9333,0.0662,0.0139,0.0343,0.0541,0.4574,0.0563,0.1065,0.1184,0.1007,0.3952,0.6905,0.3323,0.6509,0.0368,0.1049,0.0660,0.0591,0.2701,0.0631,0.1017,0.1560,0.1819,0.0209,0.0701,0.0000,0.0818,0.0718,0.0543,0.1527,0.1415,0.0690,0.4609,0.1206,0.0000,20.36,-9.5110,-7.4246,4.1369
1705282275.0000,0.0522,0.0208,0.0144,0.0384,0.4842,0.0791,0.1171,0.1065,0.0954,0.3951,0.6922,0.2993,0.6601,0.0205,0.0737,0.0432,0.0800,0.2207,0.0000,0.0359,0.0573,0.0213,0.0811,0.0671,0.1293,0.0977,0.0569,0.0448,0.0735,0.0953,0.0547,0.4198,0.0089,0.0000,14.35,13.4202,10.4595,-3.3772
1705282275.0667,0.0383,0.0289,0.0248,0.0532,0.4863,0.0831,0.0854,0.1011,0.0921,0.4040,0.7305,0.3669,0.6232,0.0355,0.0767,0.0833,0.0393,0.3147,0.0416,0.0519,0.0465,0.0285,0.0215,0.1107,0.0425,0.0000,0.1080,0.0172,0.1247,0.0855,0.0224,0.3554,0.0691,0.0000,16.31,2.6006,-6.6410,0.1825
1705282275.1333,0.0469,0.0336,0.0208,0.0541,0.4770,0.0924,0.0933,0.1165,0.0952,0.3821,0.7683,0.3503,0.6398,0.0656,0.0990,0.0110,0.0111,0.2603,0.0886,0.0148,0.0000,0.1964,0.0795,0.0851,0.0557,0.1755,0.0976,0.0019,0.1265,0.1359,0.2220,0.2845,0.1314,0.0000,12.16,24.5025,7.4660,-5.4093
1705282275.2000,0.0547,0.0291,0.0258,0.0602,0.4747,0.1112,0.0801,0.1103,0.0846,0.3816,0.7431,0.3374,0.6605,0.0894,0.0854,0.0297,0.0501,0.2382,0.0491,0.0119,0.0720,0.0203,0.0264,0.1705,0.1003,0.0311,0.1197,0.0564,0.1160,0.1133,0.0730,0.3077,0.1213,0.0000,17.03,6.9767,-4.6517,0.5681
1705282275.2667,0.0574,0.0231,0.0346,0.0699,0.4828,0.0929,0.1050,0.1167,0.1019,0.3494,0.7455,0.4385,0.7007,0.0418,0.0495,0.0046,0.0355,0.2623,0.0000,0.0544,0.1131,0.0000,0.0764,0.1209,0.1027,0.1550,0.0888,0.0425,0.0629,0.0859,0.1262,0.3253,0.1625,0.0000,13.43,8.6600,5.7333,4.0797
1705282275.3333,0.0712,0.0199,0.0405,0.0441,0.4595,0.0523,0.1050,0.1246,0.1012,0.3890,0.6726,0.5021,0.7520,0.0333,0.0531,0.0574,0.1198,0.2522,0.0445,0.0174,0.0465,0.0161,0.0417,0.0675,0.0981,0.0118,0.1241,0.0098,0.1852,0.0936,0.0734,0.3442,0.0309,0.0000,13.12,4.9796,-6.6163,1.3707
1705282275.4000,0.0674,0.0167,0.0377,0.0575,0.4769,0.0900,0.0943,0.1386,0.0838,0.3622,0.6028,0.5496,0.7005,0.1037,0.0999,0.0384,0.0295,0.2931,0.0278,0.0048,0.1044,0.0192,0.0624,0.1369,0.0660,0.0162,0.0906,0.1352,0.0171,0.1114,0.1112,0.4318,0.0952,0.0000,17.63,1.8019,5.3387,-0.9491
1705282275.4667,0.0595,0.0271,0.0300,0.0554,0.4640,0.0821,0.1045,0.1558,0.1072,0.3486,0.5941,0.5812,0.6438,0.1030,0.0630,0.1386,0.1063,0.3048,0.0000,0.0762,0.0347,0.0750,0.0287,0.0809,0.1003,0.0287,0.1135,0.0328,0.0715,0.0954,0.0593,0.3038,0.1163,0.0000,16.58,0.4874,15.3493,-2.2453
1705282275.5333,0.0613,0.0252,0.0432,0.0685,0.4600,0.0770,0.1017,0.1510,0.0902,0.3532,0.5694,0.5283,0.6906,0.0395,0.0524,0.1153,0.0466,0.3448,0.0279,0.0369,0.1189,0.0845,0.0752,0.1453,0.0958,0.1233,0.0724,0.0752,0.1063,0.0732,0.0406,0.4435,0.1116,0.0000,14.68,-4.7370,6.9337,7.3732
1705282275.6000,0.0477,0.0373,0.0345,0.0782,0.4820,0.0810,0.0899,0.1475,0.0693,0.3595,0.6228,0.5367,0.7293,0.0488,0.0000,0.0000,0.0471,0.2953,0.0161,0.0326,0.0761,0.0521,0.0908,0.0765,0.1335,0.0471,0.0636,0.0613,0.1498,0.0429,0.0000,0.3138,0.1157,0.0000,13.07,4.1245,-10.0348,-5.0013
1705282275.6667,0.0143,0.0395,0.0360,0.0696,0.4870,0.0747,0.0979,0.1428,0.0532,0.3911,0.6106,0.4851,0.7481,0.1635,0.0062,0.0684,0.0514,0.2480,0.0000,0.0145,0.0774,0.1016,0.0344,0.0099,0.1485,0.1328,0.0399,0.0426,0.0114,0.1002,0.0731,0.4242,0.0815,0.0000,13.40,-5.0609,-2.4700,-4.4506
1705282275.7333,0.0182,0.0477,0.0373,0.0718,0.4902,0.0821,0.1095,0.1228,0.0507,0.3817,0.7191,0.3851,0.7368,0.1223,0.0500,0.0000,0.0808,0.3118,0.0000,0.0000,0.0366,0.1401,0.0732,0.1122,0.0794,0.1142,0.0349,0.0384,0.0266,0.0474,0.0572,0.4346,0.0734,0.0000,14.60,6.0256,-12.3755,10.8994
1705282275.8000,0.0231,0.0479,0.0383,0.0500,0.4647,0.0792,0.1150,0.1038,0.0537,0.4145,0.7495,0.4712,0.7453,0.1035,0.0390,0.0081,0.0471,0.2365,0.0203,0.0000,0.0820,0.1308,0.0775,0.0551,0.0947,0.0502,0.0843,0.0485,0.0415,0.0988,0.0513,0.3062,0.0500,0.0000,11.60,6.5885,-17.9917,-4.6312
1705282275.8667,0.0392,0.0292,0.0403,0.0637,0.4467,0.0663,0.1046,0.1251,0.0666,0.4110,0.8427,0.4120,0.7386,0.0558,0.0157,0.0000,0.0354,0.2413,0.0240,0.0466,0.0406,0.1108,0.0646,0.1375,0.1444,0.0918,0.1241,0.0240,0.1044,0.1325,0.0460,0.3521,0.0340,0.0000,12.09,10.3728,2.7452,-2.7628
1705282275.9333,0.0447,0.0267,0.0518,0.0467,0.4366,0.0692,0.1485,0.1133,0.0701,0.3953,0.8015,0.3679,0.7460,0.0515,0.0726,0.0000,0.1014,0.2342,0.0330,0.0000,0.1356,0.0425,0.0616,0.0730,0.1448,0.0848,0.1223,0.1193,0.0000,0.1151,0.1087,0.3978,0.1488,0.0000,13.03,6.8654,-7.1633,-5.7681
1705282276.0000,0.0639,0.0321,0.0486,0.0441,0.4675,0.0773,0.1281,0.1037,0.0743,0.3763,0.7720,0.4461,0.6912,0.0507,0.1219,0.0157,0.0995,0.2986,0.0378,0.0616,0.1171,0.0633,0.0251,0.0384,0.1136,0.0852,0.0551,0.0928,0.0968,0.0383,0.1228,0.4042,0.1362,0.0000,15.92,8.6850,-12.3815,3.2796
1705282276.0667,0.0575,0.0359,0.0438,0.0409,0.4074,0.0874,0.1165,0.1157,0.0710,0.4143,0.7781,0.4704,0.6731,0.0766,0.1092,0.0756,0.0693,0.2254,0.0579,0.0279,0.1507,0.1634,0.0168,0.2054,0.0554,0.0247,0.1611,0.0679,0.0272,0.1938,0.0849,0.3258,0.0618,0.0000,11.29,-3.6676,6.0534,0.7739
1705282276.1333,0.0570,0.0374,0.0386,0.0334,0.4050,0.0680,0.1029,0.1165,0.0463,0.4570,0.7118,0.5257,0.6424,0.0103,0.0596,0.0146,0.0864,0.1981,0.0192,0.0311,0.1678,0.0413,0.0173,0.1275,0.0985,0.0735,0.1817,0.0739,0.1018,0.0000,0.1866,0.3842,0.0974,0.0000,15.69,-2.0932,10.7686,3.5765
1705282276.2000,0.0614,0.0263,0.0276,0.0357,0.4122,0.0349,0.1144,0.1227,0.0609,0.4623,0.7217,0.4198,0.6235,0.0632,0.1008,0.1070,0.0355,0.1870,0.0316,0.0000,0.0469,0.0298,0.0000,0.0385,0.1328,0.1327,0.1144,0.0508,0.0908,0.1298,0.0846,0.2848,0.0828,0.0000,13.07,19.1983,-9.9486,4.7395
1705282276.2667,0.0573,0.0191,0.0184,0.0355,0.4452,0.0215,0.1291,0.1295,0.0545,0.4540,0.7643,0.4042,0.7328,0.0000,0.1668,0.0287,0.0538,0.2740,0.0266,0.0787,0.1096,0.1093,0.0835,0.0922,0.1238,0.0433,0.1674,0.0557,0.0514,0.1245,0.1615,0.3703,0.0441,0.0000,13.88,5.6515,5.1748,2.4251
1705282276.3333,0.0842,0.0214,0.0140,0.0422,0.4683,0.0336,0.1077,0.1240,0.0658,0.4232,0.6490,0.4289,0.7146,0.0653,0.0780,0.0946,0.1057,0.2975,0.0080,0.0316,0.0923,0.1272,0.0000,0.1316,0.1369,0.0185,0.1449,0.0814,0.0851,0.0959,0.1239,0.3889,0.1646,0.0000,20.05,10.7195,-5.3691,-4.2969
1705282276.4000,0.0968,0.0229,0.0094,0.0439,0.4446,0.0255,0.1069,0.1123,0.0637,0.4444,0.6718,0.3945,0.6988,0.0467,0.1125,0.0984,0.0000,0.2668,0.0744,0.0647,0.1112,0.0481,0.0488,0.0578,0.1255,0.0477,0.0000,0.0829,0.0753,0.0874,0.0093,0.3615,0.1394,0.0000,14.79,16.1652,16.5361,-4.7070
1705282276.4667,0.1074,0.0132,0.0211,0.0440,0.4438,0.0485,0.1166,0.0856,0.0630,0.4341,0.6937,0.4846,0.5902,0.0433,0.0864,0.1326,0.1192,0.2620,0.0807,0.0000,0.1180,0.0964,0.0034,0.0942,0.0903,0.0405,0.1058,0.0219,0.1486,0.1083,0.0290,0.3985,0.1083,0.0000,12.79,-9.3306,-3.8876,10.5071
1705282276.5333,0.0997,0.0180,0.0234,0.0506,0.4154,0.0355,0.1166,0.0842,0.0798,0.4462,0.6746,0.4258,0.7103,0.0976,0.0948,0.0595,0.0491,0.3069,0.0334,0.0315,0.1478,0.0960,0.0281,0.1591,0.1899,0.1123,0.1322,0.0641,0.0952,0.0435,0.1938,0.3410,0.0220,0.0000,11.06,13.9632,-6.2704,-8.2878
1705282276.6000,0.0913,0.0190,0.0183,0.0507,0.4737,0.0433,0.1063,0.0886,0.0856,0.4139,0.6321,0.3396,0.6899,0.0513,0.0271,0.1507,0.1179,0.2567,0.0474,0.0098,0.0692,0.0712,0.0017,0.1061,0.0734,0.1047,0.1078,0.0581,0.1098,0.0975,0.0947,0.3239,0.0941,0.0000,14.12,-8.3806,9.8247,-4.6839
1705282276.6667,0.0763,0.0250,0.0221,0.0544,0.4465,0.0547,0.1123,0.0938,0.0750,0.4239,0.6710,0.3236,0.6826,0.0000,0.0217,0.0453,0.0931,0.3083,0.0273,0.0155,0.0359,0.0908,0.0747,0.1081,0.1253,0.0720,0.1449,0.0406,0.0804,0.0645,0.0355,0.3711,0.0320,0.0000,20.14,11.5135,-3.5158,-4.7534
1705282276.7333,0.0765,0.0352,0.0201,0.0446,0.4349,0.0554,0.0988,0.0995,0.1025,0.4195,0.7025,0.3009,0.7550,0.1252,0.1063,0.0056,0.0743,0.2806,0.0067,0.0123,0.0461,0.0061,0.0202,0.1252,0.1011,0.0448,0.1669,0.0231,0.1107,0.1352,0.1048,0.3526,0.1466,0.0000,17.46,15.1934,3.7828,5.4137
1705282276.8000,0.0711,0.0212,0.0324,0.0364,0.4209,0.0724,0.1046,0.0927,0.0975,0.4305,0.6452,0.3597,0.7173,0.0000,0.0753,0.0382,0.1100,0.2686,0.0426,0.0000,0.0922,0.0828,0.0666,0.1239,0.0608,0.1180,0.0152,0.0000,0.1481,0.1785,0.1368,0.3791,0.1206,0.0000,13.35,11.8671,5.5868,3.4806
1705282276.8667,0.0694,0.0079,0.0362,0.0384,0.4238,0.0727,0.1070,0.1028,0.0803,0.4369,0.6360,0.3290,0.6495,0.0436,0.1267,0.0651,0.0000,0.2439,0.0337,0.0589,0.0555,0.1639,0.0717,0.0923,0.0201,0.0662,0.0794,0.0857,0.1240,0.0785,0.1201,0.3142,0.1214,0.0000,18.62,-2.9874,-18.4366,-11.3469
1705282276.9333,0.0739,0.0139,0.0267,0.0419,0.4614,0.0615,0.1033,0.1122,0.0623,0.4258,0.6569,0.3024,0.6480,0.0042,0.0823,0.0654,0.1042,0.3231,0.0043,0.0139,0.1366,0.2096,0.0572,0.0940,0.0671,0.0703,0.1001,0.0724,0.0956,0.1258,0.0442,0.3890,0.1852,0.0000,14.70,10.1637,38.7988,0.9502
1705282277.0000,0.0674,0.0072,0.0339,0.0416,0.4793,0.0847,0.1188,0.1350,0.0605,0.3829,0.7057,0.2917,0.6415,0.1386,0.0844,0.0735,0.1033,0.2731,0.0792,0.0000,0.0760,0.0812,0.0563,0.0718,0.1416,0.1530,0.1996,0.0632,0.0932,0.1769,0.2156,0.4918,0.0153,0.0000,16.19,-6.5082,-3.8353,3.3288
1705282277.0667,0.0784,0.0000,0.0389,0.0529,0.4453,0.0700,0.1085,0.1411,0.0787,0.3916,0.6844,0.2748,0.5741,0.0934,0.0883,0.1095,0.1005,0.2699,0.0576,0.0712,0.0657,0.0539,0.0074,0.0244,0.0474,0.1085,0.1075,0.0521,0.0990,0.1375,0.0000,0.4241,0.0507,0.0000,17.90,10.3240,2.0974,-6.9853
1705282277.1333,0.0477,0.0000,0.0459,0.0462,0.4402,0.0714,0.0875,0.1398,0.0403,0.4486,0.6201,0.2447,0.5517,0.0243,0.0802,0.0748,0.0243,0.2497,0.0548,0.0363,0.1222,0.1269,0.0433,0.1231,0.0730,0.0991,0.1363,0.0289,0.0868,0.1161,0.1230,0.2992,0.1268,0.0000,10.44,4.1839,-4.8164,4.3092
1705282277.2000,0.0401,0.0031,0.0451,0.0479,0.4475,0.0690,0.1019,0.1400,0.0803,0.4151,0.7023,0.3291,0.5478,0.0324,0.0597,0.0239,0.0571,0.2454,0.0260,0.0000,0.0436,0.0399,0.0153,0.0861,0.1159,0.0798,0.0797,0.0411,0.0992,0.1111,0.0388,0.3275,0.1483,0.0000,16.27,-4.6504,-3.2036,4.4916
1705282277.2667,0.0358,0.0000,0.0524,0.0476,0.4411,0.0465,0.1117,0.1453,0.0716,0.4289,0.7009,0.3095,0.6364,0.0000,0.1424,0.0809,0.1044,0.2622,0.0185,0.0855,0.1089,0.1096,0.0166,0.0305,0.1726,0.1460,0.1084,0.0558,0.1198,0.0893,0.1373,0.3247,0.1097,0.0000,13.97,-10.5290,4.0413,-8.6546
1705282277.3333,0.0450,0.0008,0.0451,0.0593,0.4679,0.0455,0.1276,0.1339,0.0645,0.4062,0.6805,0.4142,0.6489,0.0017,0.0981,0.1034,0.0984,0.2681,0.0537,0.0670,0.0973,0.0726,0.0000,0.1315,0.0435,0.0258,0.1451,0.0855,0.1417,0.1911,0.0990,0.3580,0.1356,0.0000,21.82,9.3784,6.9849,1.5031
1705282277.4000,0.0223,0.0003,0.0404,0.0630,0.4787,0.0540,0.1235,0.1541,0.0789,0.3908,0.6676,0.4563,0.6772,0.1086,0.1084,0.0485,0.0432,0.2351,0.0137,0.0000,0.0176,0.1204,0.0372,0.0722,0.0586,0.1529,0.0369,0.0758,0.0483,0.0971,0.1476,0.3592,0.1476,0.0000,14.12,6.5335,-13.4878,2.3120
1705282277.4667,0.0372,0.0000,0.0359,0.0570,0.4855,0.0418,0.1203,0.1526,0.1045,0.3792,0.6295,0.4597,0.6690,0.0420,0.0831,0.0277,0.0394,0.3244,0.0081,0.0171,0.0784,0.1360,0.0001,0.1448,0.0780,0.0337,0.0471,0.0097,0.1337,0.0000,0.1275,0.3549,0.1404,0.0000,11.49,-12.1145,-9.9591,-5.7417
1705282277.5333,0.0394,0.0000,0.0303,0.0482,0.4614,0.0464,0.1310,0.1543,0.0993,0.3939,0.6163,0.4528,0.6518,0.0009,0.1852,0.0459,0.0590,0.3159,0.0000,0.0017,0.1179,0.0943,0.0060,0.0866,0.0826,0.0000,0.0965,0.1000,0.0133,0.0628,0.0679,0.4043,0.1309,0.0000,9.72,5.1549,9.3588,3.1842
1705282277.6000,0.0329,0.0175,0.0389,0.0605,0.4585,0.0424,0.1290,0.1474,0.1034,0.3817,0.6785,0.4657,0.7192,0.0455,0.0183,0.0500,0.0863,0.2671,0.0340,0.0754,0.0000,0.0623,0.0000,0.0621,0.0277,0.0980,0.1295,0.0347,0.0857,0.0424,0.0781,0.3259,0.1443,0.0000,12.76,20.6571,-4.1526,8.5218
1705282277.6667,0.0430,0.0227,0.0382,0.0663,0.4760,0.0419,0.1251,0.1608,0.1136,0.3474,0.7005,0.4629,0.7486,0.0697,0.0599,0.1181,0.0579,0.3415,0.0638,0.0503,0.0787,0.0500,0.0404,0.0839,0.1422,0.0008,0.0931,0.0544,0.0837,0.0843,0.0050,0.3541,0.1507,0.0000,21.34,16.3650,-18.8213,-1.1325
1705282277.7333,0.0644,0.0304,0.0267,0.0556,0.4858,0.0668,0.1097,0.1684,0.0878,0.3426,0.7468,0.4822,0.7110,0.0913,0.0638,0.1340,0.0964,0.3129,0.0100,0.0224,0.1207,0.1543,0.0181,0.0561,0.1701,0.0118,0.1975,0.0066,0.1092,0.0790,0.1200,0.3362,0.0783,0.0000,10.63,2.1193,7.8134,-8.2665
1705282277.8000,0.0607,0.0392,0.0130,0.0577,0.4712,0.0661,0.1051,0.1617,0.0984,0.3561,0.7500,0.5351,0.6795,0.1137,0.0582,0.0571,0.0342,0.3011,0.0352,0.0833,0.0632,0.1012,0.0155,0.1191,0.1173,0.1174,0.0663,0.0551,0.0542,0.0588,0.1276,0.3460,0.1105,0.0000,17.33,13.3955,-6.1288,-3.8514
1705282277.8667,0.0504,0.0419,0.0213,0.0606,0.4696,0.0749,0.1170,0.1706,0.0919,0.3411,0.7159,0.5381,0.6854,0.1015,0.1507,0.0664,0.0632,0.2628,0.0289,0.0391,0.0915,0.0336,0.0623,0.0892,0.0000,0.0864,0.1382,0.0554,0.0426,0.1308,0.1172,0.4142,0.2006,0.0000,19.60,12.5822,-5.3585,-3.6340
1705282277.9333,0.0561,0.0453,0.0286,0.0578,0.4340,0.0707,0.1236,0.1576,0.0858,0.3642,0.7729,0.5320,0.6412,0.0058,0.1702,0.0000,0.0590,0.2822,0.0721,0.0567,0.1671,0.0687,0.0554,0.0000,0.0888,0.0477,0.1941,0.0607,0.1997,0.0671,0.1342,0.2702,0.0760,0.0000,13.70,4.9423,-15.1652,-3.6951
1705282278.0000,0.0741,0.0448,0.0163,0.0579,0.4376,0.0795,0.1265,0.1582,0.0977,0.3444,0.7165,0.5922,0.5832,0.0413,0.0380,0.1017,0.1215,0.2688,0.0170,0.0379,0.0807,0.1135,0.0216,0.1520,0.0359,0.1511,0.1008,0.0975,0.1421,0.0803,0.1264,0.3804,0.1261,0.0000,13.74,-0.8498,9.3080,-3.5002
1705282278.0667,0.0752,0.0438,0.0145,0.0539,0.4623,0.1022,0.1173,0.1520,0.1002,0.3270,0.6684,0.6519,0.4811,0.1288,0.1309,0.1088,0.0835,0.2735,0.0590,0.0017,0.0513,0.1781,0.0200,0.1194,0.0960,0.1289,0.0482,0.0720,0.2089,0.0675,0.1279,0.2704,0.1596,0.0000,13.30,12.0628,7.5916,5.5729
1705282278.1333,0.0604,0.0401,0.0159,0.0563,0.4742,0.0952,0.1107,0.1510,0.0871,0.3454,0.6386,0.5489,0.4924,0.0338,0.0762,0.0802,0.0885,0.2096,0.0476,0.0714,0.1110,0.0036,0.0761,0.0674,0.0665,0.1609,0.0185,0.0584,0.0121,0.1457,0.1129,0.4718,0.0766,0.0000,15.89,10.3521,-9.8591,6.5446
1705282278.2000,0.0619,0.0369,0.0027,0.0603,0.4693,0.0873,0.0953,0.1540,0.1001,0.3592,0.6618,0.5022,0.4624,0.1105,0.0506,0.0841,0.0777,0.2304,0.0011,0.0293,0.1222,0.1200,0.0235,0.2173,0.1014,0.1333,0.0886,0.0220,0.0764,0.0999,0.0822,0.4043,0.0000,0.0000,10.49,19.6440,-8.7798,3.3548
1705282278.2667,0.0504,0.0357,0.0087,0.0676,0.4438,0.0893,0.0820,0.1547,0.0753,0.3955,0.7377,0.5204,0.4674,0.0706,0.0533,0.0930,0.0749,0.1706,0.0309,0.0054,0.0860,0.1583,0.0491,0.1341,0.1040,0.1334,0.0713,0.0000,0.0577,0.0000,0.2038,0.3205,0.0914,0.0000,14.86,20.9651,15.3376,3.7058
1705282278.3333,0.0521,0.0431,0.0000,0.0791,0.4342,0.0758,0.0797,0.1595,0.0910,0.3913,0.7667,0.4625,0.5597,0.0758,0.0280,0.0966,0.0408,0.3136,0.0082,0.0000,0.0981,0.0452,0.0291,0.0166,0.1754,0.1292,0.1638,0.0000,0.0793,0.0560,0.1270,0.3935,0.1031,0.0000,17.50,-0.5857,5.0466,-6.1866
1705282278.4000,0.0603,0.0333,0.0073,0.0818,0.4149,0.0686,0.0662,0.1569,0.1027,0.4048,0.7576,0.5188,0.5506,0.1252,0.0101,0.1048,0.0111,0.2566,0.0000,0.0180,0.0758,0.1035,0.0672,0.0990,0.0566,0.0658,0.0786,0.0684,0.1516,0.1086,0.0994,0.2910,0.0274,0.0000,15.30,4.3468,-0.9055,-2.3238
1705282278.4667,0.0664,0.0412,0.0183,0.0905,0.4317,0.0678,0.0806,0.1478,0.0780,0.3866,0.6905,0.4809,0.6313,0.0000,0.0816,0.0799,0.0099,0.2514,0.0176,0.0285,0.0597,0.1154,0.0039,0.0831,0.0622,0.0990,0.1312,0.0726,0.1232,0.1471,0.1050,0.3926,0.0456,0.0000,21.46,1.2043,2.1266,3.1335
1705282278.5333,0.0381,0.0291,0.0191,0.0808,0.4536,0.0600,0.0996,0.1492,0.0817,0.3933,0.6848,0.3836,0.6305,0.0280,0.0811,0.0748,0.0702,0.3051,0.0000,0.0000,0.0929,0.1833,0.0587,0.1417,0.0826,0.0517,0.1314,0.0430,0.0390,0.0360,0.1079,0.3132,0.1240,0.0000,10.72,1.9120,0.7594,11.5525
1705282278.6000,0.0298,0.0283,0.0186,0.0807,0.4632,0.0570,0.0927,0.1560,0.0537,0.4120,0.7018,0.4387,0.6827,0.0202,0.0522,0.0935,0.0229,0.2397,0.0000,0.0011,0.1424,0.0684,0.0609,0.0989,0.1070,0.1299,0.0799,0.0497,0.1086,0.0920,0.1298,0.2839,0.1548,1.0000,16.30,5.8748,5.1305,0.0764
1705282278.6667,0.0209,0.0460,0.0111,0.0690,0.4736,0.0490,0.0945,0.1529,0.0852,0.3987,0.7055,0.5559,0.7423,0.0403,0.0688,0.0750,0.0794,0.2978,0.0778,0.0297,0.0804,0.1106,0.0000,0.0932,0.0994,0.0963,0.0580,0.0781,0.0649,0.0427,0.2190,0.5052,0.0954,0.0000,20.64,-1.6602,-35.7841,5.0973
1705282278.7333,0.0262,0.0227,0.0206,0.0692,0.4747,0.0492,0.0893,0.1517,0.0906,0.4036,0.7116,0.5775,0.7061,0.0662,0.0316,0.0634,0.0082,0.2732,0.0573,0.0167,0.0622,0.1053,0.0804,0.0813,0.0421,0.1291,0.0463,0.0000,0.0995,0.0000,0.1516,0.4257,0.0940,0.0000,13.31,4.3278,6.4109,8.3197
1705282278.8000,0.0401,0.0177,0.0146,0.0615,0.4498,0.0515,0.0908,0.1517,0.0839,0.4231,0.7764,0.5691,0.8105,0.1438,0.1236,0.0458,0.0132,0.3012,0.0764,0.0469,0.1082,0.1674,0.0405,0.0994,0.1677,0.1684,0.1078,0.0080,0.0915,0.0619,0.1587,0.4338,0.1281,0.0000,18.20,-0.2281,3.6767,0.5185
1705282278.8667,0.0336,0.0201,0.0206,0.0455,0.4609,0.0848,0.0909,0.1403,0.0925,0.4065,0.7486,0.5963,0.8137,0.0756,0.0972,0.0573,0.0528,0.2307,0.0356,0.0000,0.1480,0.0179,0.0245,0.1435,0.0557,0.1792,0.0467,0.1036,0.0837,0.0479,0.0608,0.3291,0.0875,0.0000,9.58,4.8149,4.4762,1.2402
1705282278.9333,0.0400,0.0147,0.0218,0.0503,0.4519,0.0951,0.0903,0.1324,0.0899,0.4082,0.7021,0.5654,0.7742,0.0787,0.0857,0.0659,0.0703,0.2486,0.0562,0.0264,0.0978,0.0993,0.0441,0.1174,0.0941,0.1679,0.1974,0.0457,0.1728,0.1203,0.0787,0.3481,0.2153,0.0000,16.66,11.0648,-13.3217,-2.3308
1705282279.0000,0.0615,0.0124,0.0115,0.0672,0.4450,0.0977,0.0936,0.1434,0.0997,0.3809,0.6488,0.6048,0.7551,0.0513,0.0807,0.0651,0.0614,0.2743,0.0929,0.0078,0.0898,0.0780,0.0000,0.1648,0.0486,0.0872,0.0855,0.0718,0.1079,0.0667,0.0642,0.3494,0.1032,0.0000,16.58,7.7842,-5.2342,3.1448
1705282279.0667,0.0617,0.0278,0.0029,0.0732,0.4413,0.0921,0.0912,0.1378,0.0925,0.3877,0.6216,0.5420,0.6966,0.0500,0.0427,0.1325,0.0024,0.2687,0.0293,0.0000,0.0811,0.0507,0.0426,0.0864,0.1289,0.1334,0.0514,0.0316,0.0357,0.1053,0.1092,0.3605,0.0600,1.0000,16.67,2.6825,-11.5330,5.7694
1705282279.1333,0.0651,0.0338,0.0136,0.0567,0.4638,0.0783,0.0867,0.1587,0.0839,0.3756,0.6396,0.4772,0.6979,0.0440,0.1185,0.0298,0.0294,0.2471,0.0151,0.0119,0.0833,0.0594,0.0302,0.1064,0.1094,0.0577,0.1092,0.0513,0.1273,0.1123,0.0886,0.4109,0.1751,0.0000,14.60,1.3084,3.9234,2.4203
1705282279.2000,0.0559,0.0334,0.0103,0.0494,0.4453,0.1070,0.1156,0.1584,0.0830,0.3651,0.6190,0.5212,0.7369,0.0304,0.0844,0.1550,0.0549,0.3346,0.0000,0.0000,0.0963,0.0251,0.0736,0.1559,0.0220,0.1840,0.1110,0.0222,0.1136,0.2128,0.0677,0.4527,0.0455,0.0000,21.19,-0.5833,-16.0137,6.8186
1705282279.2667,0.0626,0.0275,0.0225,0.0402,0.4448,0.1192,0.1366,0.1576,0.0776,0.3468,0.5546,0.5099,0.7476,0.1257,0.1246,0.0914,0.0986,0.2943,0.0287,0.0682,0.0187,0.0752,0.0598,0.0557,0.0437,0.1450,0.1540,0.0428,0.0482,0.0615,0.1305,0.2766,0.0509,0.0000,13.20,14.1945,8.7192,2.7413
1705282279.3333,0.0608,0.0377,0.0252,0.0260,0.4716,0.1175,0.1107,0.1439,0.0854,0.3527,0.5189,0.5285,0.6734,0.0356,0.0612,0.1524,0.0375,0.3116,0.0879,0.0056,0.1570,0.0304,0.1155,0.1167,0.0990,0.0425,0.1409,0.0756,0.1031,0.1135,0.1337,0.3814,0.0031,0.0000,16.06,4.0776,-0.9833,6.0432
1705282279.4000,0.0674,0.0508,0.0182,0.0501,0.4805,0.0941,0.1212,0.1404,0.0923,0.3309,0.5426,0.5599,0.6383,0.0000,0.0951,0.0811,0.0815,0.3213,0.0539,0.0687,0.0802,0.0705,0.0351,0.1055,0.0802,0.0629,0.2146,0.0435,0.1709,0.1660,0.0000,0.3361,0.0944,0.0000,17.59,2.3234,-5.8640,-6.0123
1705282279.4667,0.0849,0.0479,0.0298,0.0405,0.5003,0.1056,0.1194,0.1402,0.0994,0.2991,0.4978,0.5514,0.6353,0.0000,0.0964,0.0410,0.0538,0.3144,0.0006,0.0000,0.0861,0.0457,0.0037,0.1296,0.0000,0.1735,0.0000,0.0171,0.0019,0.0000,0.0705,0.3876,0.0449,0.0000,16.39,17.4021,-4.6256,0.2838
1705282279.5333,0.0905,0.0288,0.0156,0.0403,0.5020,0.0739,0.1095,0.1555,0.1276,0.3138,0.5509,0.5282,0.5885,0.0984,0.0652,0.0538,0.0435,0.2526,0.0467,0.0467,0.0584,0.0412,0.0898,0.1441,0.1387,0.0628,0.0692,0.0634,0.0760,0.1080,0.0976,0.3665,0.1003,0.0000,17.60,-0.6297,0.3167,-5.1892
1705282279.6000,0.0754,0.0481,0.0010,0.0332,0.4924,0.0559,0.1023,0.1430,0.1072,0.3649,0.5246,0.5829,0.6192,0.0230,0.0872,0.1278,0.0041,0.2981,0.0862,0.0436,0.1583,0.1082,0.0333,0.1357,0.0000,0.0971,0.0744,0.0861,0.1080,0.0907,0.0704,0.4028,0.1120,0.0000,13.07,2.7939,-1.4300,1.8821
1705282279.6667,0.0530,0.0563,0.0026,0.0333,0.4752,0.0463,0.0942,0.1289,0.0981,0.4072,0.5389,0.5736,0.6269,0.0000,0.0855,0.1016,0.0758,0.2986,0.0353,0.0000,0.0808,0.1163,0.0736,0.1061,0.1611,0.0257,0.0899,0.0671,0.1527,0.0663,0.1787,0.3360,0.1187,0.0000,13.84,6.7067,-2.7087,2.3996
1705282279.7333,0.0497,0.0664,0.0094,0.0199,0.4860,0.0464,0.0913,0.1103,0.1101,0.4062,0.5396,0.5176,0.6344,0.0435,0.0000,0.0227,0.0469,0.3259,0.0104,0.0430,0.1561,0.0504,0.0524,0.1215,0.2388,0.0823,0.0753,0.0714,0.1699,0.1038,0.1095,0.4465,0.1189,0.0000,15.34,5.9078,12.9076,-4.1469
1705282279.8000,0.0502,0.0690,0.0177,0.0389,0.4748,0.0589,0.1118,0.1166,0.0961,0.3796,0.5228,0.4378,0.5988,0.0983,0.0765,0.0000,0.0505,0.2800,0.0184,0.0379,0.0718,0.1461,0.0709,0.1262,0.1432,0.0000,0.0732,0.0000,0.0480,0.0287,0.1110,0.3721,0.0527,0.0000,13.04,6.7192,0.9078,-0.9111
1705282279.8667,0.0539,0.0715,0.0188,0.0478,0.4939,0.0676,0.1090,0.1198,0.1048,0.3478,0.5721,0.4454,0.6571,0.1224,0.0488,0.0360,0.1200,0.3039,0.0649,0.0427,0.1813,0.0612,0.0530,0.1457,0.0271,0.0922,0.0738,0.0196,0.1251,0.1708,0.1353,0.3575,0.0201,0.0000,13.85,14.1969,-4.8978,-2.9854
1705282279.9333,0.0611,0.0703,0.0199,0.0438,0.4666,0.0816,0.1137,0.1326,0.0868,0.3541,0.6214,0.4074,0.7174,0.1258,0.1106,0.0000,0.0759,0.3016,0.0375,0.0292,0.0323,0.0828,0.1071,0.0886,0.1061,0.0659,0.1144,0.1074,0.0586,0.1210,0.1976,0.4736,0.0769,0.0000,16.69,-24.2627,3.9999,3.8939
1705282280.0000,0.0737,0.0688,0.0286,0.0292,0.4572,0.1009,0.1022,0.1236,0.0910,0.3550,0.5826,0.4549,0.7138,0.0510,0.0943,0.0717,0.0436,0.2823,0.0000,0.0168,0.0064,0.0421,0.0638,0.0766,0.0729,0.0507,0.2080,0.0191,0.0103,0.1329,0.1690,0.4122,0.1812,0.0000,10.44,7.4758,-5.8365,-3.8145
1705282280.0667,0.0656,0.0623,0.0263,0.0160,0.4659,0.0921,0.0818,0.1253,0.1007,0.3785,0.5400,0.5531,0.7402,0.1089,0.0532,0.0261,0.0891,0.2415,0.0178,0.0267,0.0913,0.0969,0.1028,0.1195,0.0389,0.0896,0.1122,0.0355,0.0503,0.0595,0.0662,0.4835,0.0124,0.0000,12.27,-9.0315,-6.7494,6.8476
1705282280.1333,0.0449,0.0620,0.0215,0.0198,0.4747,0.0833,0.0755,0.1180,0.0934,0.4042,0.5992,0.5893,0.6654,0.0623,0.0312,0.1110,0.0479,0.2716,0.0380,0.0274,0.0928,0.1308,0.0156,0.0000,0.1041,0.1543,0.1476,0.0000,0.1198,0.1003,0.1505,0.4069,0.1064,0.0000,11.67,8.1610,4.9751,-4.2263
1705282280.2000,0.0313,0.0445,0.0171,0.0216,0.4677,0.0758,0.0727,0.1092,0.1095,0.4304,0.5919,0.6434,0.6363,0.1129,0.0000,0.0091,0.0300,0.2708,0.0038,0.0084,0.1174,0.0868,0.1079,0.1521,0.1175,0.1290,0.0851,0.0277,0.0941,0.0789,0.1405,0.3310,0.0823,0.0000,13.51,8.1984,9.2593,-0.5555
1705282280.2667,0.0254,0.0680,0.0157,0.0253,0.5002,0.0817,0.0829,0.1087,0.1103,0.3890,0.5618,0.6557,0.6203,0.0472,0.0208,0.1459,0.0774,0.3250,0.0340,0.0208,0.0918,0.0182,0.0347,0.0905,0.1320,0.1109,0.0785,0.0000,0.0330,0.0432,0.0944,0.4296,0.1665,0.0000,16.69,-13.0109,0.5418,-5.9576
1705282280.3333,0.0256,0.0649,0.0112,0.0311,0.5130,0.0825,0.0767,0.1062,0.1226,0.3797,0.6260,0.6848,0.6534,0.0419,0.0439,0.0823,0.0000,0.3109,0.0213,0.0000,0.1566,0.1278,0.0528,0.1393,0.0566,0.1113,0.1254,0.0446,0.1541,0.0465,0.0564,0.4121,0.0725,0.0000,16.25,6.4783,-8.6616,-8.3329
1705282280.4000,0.0403,0.0478,0.0117,0.0333,0.5030,0.0848,0.1217,0.1047,0.1111,0.3650,0.5932,0.7056,0.6402,0.0620,0.0729,0.0279,0.0890,0.3342,0.0140,0.0410,0.1073,0.0661,0.0785,0.0335,0.1394,0.0793,0.1417,0.0545,0.1102,0.1546,0.1553,0.4035,0.1049,0.0000,17.38,7.7795,-13.0814,-3.1034
1705282280.4667,0.0299,0.0339,0.0067,0.0281,0.4923,0.0786,0.1261,0.1065,0.1150,0.3897,0.6021,0.7418,0.6442,0.0548,0.0973,0.0025,0.0755,0.3097,0.0114,0.0229,0.1089,0.0894,0.0335,0.1610,0.1407,0.1304,0.1778,0.0055,0.1000,0.0327,0.0833,0.4030,0.1409,0.0000,13.19,10.6706,5.6427,-9.4814
1705282280.5333,0.0400,0.0299,0.0045,0.0365,0.4861,0.0637,0.1111,0.1117,0.1242,0.3954,0.5780,0.6385,0.6605,0.1107,0.1201,0.1072,0.0391,0.3149,0.0211,0.0000,0.2044,0.1182,0.0395,0.0110,0.0289,0.0803,0.0753,0.0959,0.1318,0.0309,0.0614,0.3691,0.0463,0.0000,8.98,9.3703,1.3708,-2.8795
1705282280.6000,0.0348,0.0411,0.0179,0.0331,0.4841,0.0847,0.1302,0.1179,0.1066,0.3698,0.6690,0.5777,0.7615,0.0561,0.0862,0.0614,0.1006,0.2833,0.0557,0.0446,0.1507,0.1154,0.0325,0.0948,0.1250,0.2682,0.1239,0.0555,0.0924,0.2132,0.0567,0.4098,0.0130,0.0000,17.00,16.2077,4.9178,-1.0464
1705282280.6667,0.0283,0.0430,0.0242,0.0367,0.4791,0.0820,0.1497,0.1302,0.0840,0.3656,0.6785,0.5744,0.7957,0.0085,0.0832,0.1375,0.0832,0.2964,0.0000,0.0840,0.0832,0.0000,0.0630,0.1305,0.0721,0.0852,0.0000,0.0570,0.0961,0.1741,0.1605,0.3663,0.0821,0.0000,15.31,8.9745,1.7838,1.5658
1705282280.7333,0.0295,0.0327,0.0285,0.0511,0.4572,0.0833,0.1615,0.1171,0.0988,0.3641,0.6596,0.6256,0.7557,0.0767,0.0880,0.1062,0.1095,0.3292,0.0097,0.0346,0.0354,0.1119,0.0151,0.1349,0.1311,0.0544,0.0718,0.0562,0.0546,0.0949,0.1458,0.3964,0.0887,0.0000,16.07,8.8068,16.7924,-0.7623
1705282280.8000,0.0453,0.0223,0.0321,0.0464,0.4731,0.0892,0.1461,0.1192,0.1052,0.3527,0.6104,0.5942,0.7917,0.0736,0.1158,0.1495,0.0942,0.2846,0.0078,0.0183,0.1429,0.0948,0.0000,0.1055,0.1147,0.1104,0.1064,0.1243,0.0244,0.0642,0.0791,0.4125,0.1817,0.0000,15.60,7.5841,-9.2421,-2.6279
1705282280.8667,0.0318,0.0280,0.0425,0.0420,0.4968,0.0824,0.1549,0.1238,0.0986,0.3396,0.5963,0.6246,0.8032,0.0955,0.1001,0.0356,0.1061,0.2857,0.0000,0.0512,0.0114,0.1113,0.1027,0.1154,0.0612,0.1105,0.0433,0.1117,0.0707,0.0403,0.0657,0.3717,0.1134,0.0000,19.84,9.3685,-4.2256,-0.4370
1705282280.9333,0.0386,0.0241,0.0470,0.0659,0.4877,0.0646,0.1607,0.1275,0.1277,0.3137,0.5801,0.5408,0.8169,0.0772,0.0609,0.0873,0.0859,0.1910,0.0103,0.0861,0.1233,0.0848,0.0000,0.0424,0.1486,0.0568,0.0872,0.0468,0.1196,0.1253,0.0935,0.3211,0.0370,0.0000,16.59,2.5689,3.2245,1.1135
1705282281.0000,0.0382,0.0332,0.0411,0.0601,0.4908,0.0509,0.1299,0.1273,0.1304,0.3389,0.5406,0.5176,0.8181,0.0837,0.0719,0.0932,0.1241,0.2895,0.0325,0.0310,0.1218,0.1209,0.0000,0.1230,0.1534,0.1171,0.0388,0.0934,0.1526,0.1245,0.0430,0.4100,0.0407,0.0000,16.98,-5.7291,19.4428,2.2445
1705282281.0667,0.0348,0.0413,0.0319,0.0609,0.4663,0.0428,0.1417,0.1264,0.1122,0.3650,0.5440,0.5450,0.7712,0.0000,0.1221,0.0764,0.0434,0.3077,0.0000,0.0000,0.0220,0.1263,0.0000,0.0355,0.0276,0.1004,0.1081,0.1354,0.1553,0.1159,0.0979,0.4093,0.1395,0.0000,19.53,1.1591,7.4762,-4.0379
1705282281.1333,0.0350,0.0338,0.0263,0.0428,0.4763,0.0428,0.1482,0.1425,0.0957,0.3739,0.5177,0.5697,0.7327,0.1047,0.1436,0.0663,0.0646,0.2793,0.0506,0.0299,0.0792,0.1358,0.0531,0.1343,0.0000,0.1188,0.0878,0.0809,0.1062,0.1266,0.1482,0.4291,0.1000,0.0000,15.16,12.8524,-9.5065,0.5704
1705282281.2000,0.0128,0.0244,0.0053,0.0513,0.4809,0.0383,0.1355,0.1446,0.1090,0.3988,0.4602,0.5314,0.7386,0.0739,0.1072,0.0000,0.0289,0.3308,0.0000,0.0177,0.1840,0.0724,0.0170,0.1218,0.0688,0.1581,0.1460,0.0800,0.1133,0.1229,0.0679,0.3262,0.1023,0.0000,12.83,4.6611,-7.8280,-1.0305
1705282281.2667,0.0102,0.0152,0.0101,0.0376,0.4727,0.0467,0.1309,0.1547,0.0950,0.4162,0.4734,0.4891,0.7370,0.1069,0.0908,0.0719,0.0109,0.2971,0.0000,0.0732,0.1174,0.1216,0.0414,0.0790,0.0390,0.0199,0.1702,0.0516,0.0829,0.1502,0.1097,0.3600,0.0796,0.0000,16.24,-4.5661,-0.8111,7.2119
1705282281.3333,0.0109,0.0173,0.0145,0.0406,0.4601,0.0747,0.1125,0.1459,0.0901,0.4200,0.5479,0.4771,0.6932,0.0860,0.0558,0.0054,0.0730,0.2672,0.0000,0.0282,0.0720,0.1038,0.0252,0.1299,0.0301,0.0880,0.1881,0.0727,0.0304,0.1050,0.1045,0.3608,0.0945,0.0000,10.67,14.5945,7.0903,-3.1832
1705282281.4000,0.0137,0.0140,0.0001,0.0314,0.4731,0.0830,0.1102,0.1437,0.0947,0.4216,0.5942,0.4032,0.7544,0.0184,0.0268,0.1149,0.0925,0.2923,0.0000,0.0242,0.0777,0.1509,0.0677,0.0788,0.0568,0.1198,0.1849,0.0536,0.1175,0.1387,0.0818,0.3822,0.1301,0.0000,14.36,2.1448,5.8925,8.9510
1705282281.4667,0.0221,0.0287,0.0033,0.0413,0.4481,0.0705,0.1336,0.1471,0.0948,0.4062,0.5967,0.5439,0.7792,0.0185,0.1301,0.0689,0.0427,0.2259,0.0437,0.0140,0.0000,0.0817,0.0045,0.0113,0.1555,0.0660,0.0864,0.0332,0.0000,0.1031,0.0479,0.3266,0.1049,0.0000,11.48,8.2458,-0.6561,-10.4733
1705282281.5333,0.0248,0.0320,0.0148,0.0452,0.5006,0.0743,0.1230,0.1584,0.0961,0.3585,0.6024,0.5475,0.7705,0.0798,0.0000,0.0000,0.0623,0.2719,0.0017,0.0068,0.0894,0.0793,0.0271,0.1293,0.0795,0.0875,0.0757,0.0829,0.1238,0.1117,0.0719,0.4425,0.0958,0.0000,13.82,6.7948,-12.6051,4.1979
1705282281.6000,0.0331,0.0390,0.0162,0.0560,0.5049,0.0653,0.1056,0.1516,0.0784,0.3700,0.5992,0.5033,0.7907,0.1225,0.1226,0.0634,0.1007,0.3138,0.0000,0.0511,0.1347,0.1234,0.0355,0.1231,0.0881,0.1080,0.0374,0.0398,0.0589,0.0691,0.1334,0.4031,0.0720,1.0000,14.55,5.5392,0.1124,-2.8189
1705282281.6667,0.0402,0.0301,0.0188,0.0277,0.5277,0.0622,0.1092,0.1273,0.0798,0.3861,0.5999,0.5204,0.8169,0.0918,0.0985,0.0306,0.1183,0.3293,0.0000,0.0032,0.1112,0.1291,0.0634,0.0637,0.1327,0.1659,0.0845,0.0000,0.1607,0.0623,0.0824,0.4088,0.1111,0.0000,16.72,2.1338,-9.3515,-1.5874
1705282281.7333,0.0253,0.0336,0.0008,0.0138,0.5089,0.0698,0.1315,0.1224,0.0597,0.4205,0.6011,0.5859,0.7719,0.0351,0.1072,0.0841,0.1029,0.3256,0.0000,0.0431,0.0924,0.1860,0.0689,0.1664,0.0257,0.1412,0.0150,0.0428,0.1556,0.0888,0.0957,0.3628,0.0717,0.0000,12.82,19.8180,23.5173,1.7757
1705282281.8000,0.0429,0.0409,0.0000,0.0080,0.5146,0.0703,0.1390,0.1290,0.0445,0.4064,0.6041,0.4552,0.7874,0.0007,0.1145,0.0869,0.0976,0.3621,0.0000,0.0249,0.0961,0.1707,0.0186,0.0605,0.1095,0.0139,0.0804,0.0434,0.0438,0.1727,0.1476,0.4482,0.0397,0.0000,17.32,14.2140,-0.5645,-1.6209
1705282281.8667,0.0477,0.0492,0.0064,0.0050,0.4990,0.0858,0.1280,0.1158,0.0490,0.4084,0.5509,0.4732,0.7463,0.0647,0.1051,0.0000,0.1022,0.2859,0.0544,0.0541,0.1446,0.0517,0.0790,0.0741,0.0777,0.0967,0.1085,0.0699,0.1419,0.0801,0.1309,0.4756,0.1578,0.0000,15.43,4.5931,-19.5506,-4.4276
1705282281.9333,0.0473,0.0591,0.0049,0.0112,0.5245,0.0770,0.1350,0.1238,0.0696,0.3686,0.5623,0.4806,0.6873,0.0925,0.0805,0.0412,0.0840,0.2835,0.0000,0.0000,0.1936,0.0761,0.0445,0.0932,0.1252,0.0513,0.1744,0.0474,0.1043,0.1047,0.1088,0.4777,0.1106,0.0000,12.20,-2.5770,-2.1414,-4.9175
1705282282.0000,0.0492,0.0516,0.0056,0.0125,0.5243,0.0522,0.1044,0.1237,0.0709,0.4034,0.5990,0.4105,0.6682,0.1385,0.0654,0.1135,0.0322,0.2976,0.0886,0.0000,0.0978,0.0863,0.0612,0.0975,0.0000,0.0941,0.1012,0.0722,0.0117,0.0820,0.0802,0.5235,0.0922,0.0000,10.03,10.7493,-8.2854,7.9007
1705282282.0667,0.0330,0.0404,0.0142,0.0224,0.5018,0.0262,0.1121,0.1322,0.0618,0.4336,0.6331,0.4438,0.7518,0.0126,0.0555,0.0152,0.0667,0.3321,0.0433,0.0083,0.0000,0.1099,0.0178,0.0632,0.1319,0.0978,0.1367,0.0010,0.1670,0.0860,0.1086,0.3818,0.0977,1.0000,9.70,11.5025,20.3205,-0.1391
1705282282.1333,0.0441,0.0471,0.0326,0.0290,0.5168,0.0268,0.1272,0.1341,0.0791,0.3779,0.6701,0.4619,0.7728,0.0000,0.1262,0.0006,0.0857,0.3038,0.0237,0.0470,0.1016,0.0432,0.0000,0.1266,0.1003,0.0729,0.1247,0.0397,0.0163,0.1596,0.1336,0.3649,0.1403,0.0000,23.72,18.5853,-6.1984,-7.1734
1705282282.2000,0.0405,0.0456,0.0299,0.0228,0.5095,0.0335,0.0843,0.1377,0.0619,0.4206,0.5788,0.4895,0.7668,0.0391,0.0045,0.0000,0.0242,0.2644,0.0000,0.0520,0.1011,0.1670,0.0154,0.0403,0.0790,0.1311,0.1337,0.0650,0.1520,0.0168,0.1717,0.3503,0.0817,0.0000,13.35,-8.4410,9.7249,2.7743
1705282282.2667,0.0374,0.0483,0.0222,0.0281,0.5084,0.0096,0.1007,0.1363,0.0593,0.4297,0.6245,0.4769,0.8446,0.0000,0.1008,0.0000,0.0677,0.3040,0.0298,0.0544,0.0843,0.0728,0.0264,0.1769,0.2010,0.0347,0.1620,0.0000,0.0941,0.1122,0.0458,0.3962,0.0493,0.0000,13.70,4.8655,-0.3362,1.5324
1705282282.3333,0.0322,0.0496,0.0367,0.0178,0.5304,0.0057,0.0907,0.1181,0.0822,0.4220,0.6206,0.4011,0.8323,0.0327,0.0414,0.0538,0.0842,0.3019,0.0723,0.0449,0.0706,0.1447,0.0388,0.0422,0.0911,0.1077,0.1128,0.0456,0.1050,0.1364,0.1430,0.4333,0.0763,0.0000,15.01,9.9789,7.1873,2.1311
1705282282.4000,0.0452,0.0521,0.0312,0.0193,0.5224,0.0029,0.0868,0.1198,0.0868,0.4200,0.6367,0.3804,0.7862,0.0000,0.0218,0.0934,0.0784,0.3221,0.0100,0.0000,0.0951,0.1533,0.0328,0.1948,0.1300,0.0000,0.1015,0.0901,0.0544,0.0966,0.1734,0.3757,0.0763,1.0000,12.17,2.1734,28.3539,-0.9647
1705282282.4667,0.0315,0.0506,0.0353,0.0385,0.5210,0.0132,0.1054,0.1123,0.0729,0.4116,0.6737,0.3307,0.8068,0.0284,0.1276,0.0458,0.1233,0.3036,0.0114,0.0246,0.1165,0.0670,0.1100,0.1004,0.2142,0.0323,0.0614,0.0779,0.1085,0.1153,0.1297,0.4121,0.0738,0.0000,21.14,-3.6716,-2.4631,-2.9760
1705282282.5333,0.0247,0.0368,0.0490,0.0391,0.5103,0.0354,0.0989,0.1290,0.0555,0.4127,0.6962,0.3487,0.7348,0.0123,0.0524,0.0327,0.0367,0.2568,0.0196,0.0206,0.0656,0.1833,0.0051,0.0643,0.1102,0.1214,0.1295,0.0274,0.1508,0.0386,0.1401,0.4640,0.0251,0.0000,18.69,0.3033,14.6018,2.6772
1705282282.6000,0.0455,0.0261,0.0468,0.0386,0.5038,0.0180,0.1003,0.1389,0.0855,0.3979,0.6909,0.4495,0.6586,0.0247,0.0465,0.1259,0.0593,0.3186,0.0000,0.0145,0.0000,0.0733,0.0124,0.0486,0.1062,0.1567,0.1783,0.0656,0.0890,0.0345,0.1906,0.4547,0.1034,0.0000,15.80,7.7521,21.7982,-3.2470
1705282282.6667,0.0355,0.0386,0.0487,0.0408,0.4752,0.0072,0.0876,0.1620,0.0719,0.4194,0.6672,0.4488,0.6468,0.0719,0.1071,0.0090,0.0771,0.2694,0.0506,0.0343,0.1254,0.1092,0.0003,0.0894,0.1511,0.1092,0.1428,0.1101,0.1817,0.0393,0.0859,0.4368,0.0752,0.0000,9.93,-1.2068,-15.2895,2.8714
1705282282.7333,0.0487,0.0302,0.0460,0.0302,0.4964,0.0119,0.0809,0.1492,0.0952,0.4068,0.6819,0.3610,0.7226,0.0003,0.0295,0.1120,0.0341,0.3185,0.0261,0.0543,0.0539,0.0761,0.0000,0.0471,0.1836,0.0179,0.1254,0.0539,0.0579,0.0865,0.0395,0.3651,0.0853,0.0000,9.78,14.6063,9.5993,-8.5780
1705282282.8000,0.0546,0.0327,0.0440,0.0152,0.5102,0.0208,0.0657,0.1528,0.0982,0.4035,0.6691,0.4373,0.7552,0.0000,0.0424,0.0546,0.0381,0.3188,0.0476,0.0560,0.0880,0.0000,0.0000,0.0976,0.0680,0.1462,0.0718,0.0279,0.1058,0.0620,0.0656,0.3827,0.0830,0.0000,10.64,-4.3438,6.4156,8.7955
1705282282.8667,0.0500,0.0413,0.0632,0.0000,0.4651,0.0143,0.0954,0.1430,0.1134,0.4087,0.6362,0.3941,0.7767,0.0115,0.1315,0.1496,0.0164,0.2189,0.0485,0.0068,0.0899,0.1049,0.0420,0.0428,0.1359,0.0298,0.1611,0.0585,0.1719,0.0885,0.1193,0.3157,0.0455,0.0000,13.05,-2.4765,-11.6564,-3.5225
1705282282.9333,0.0367,0.0434,0.0587,0.0012,0.4531,0.0341,0.0731,0.1329,0.1211,0.4273,0.6820,0.3569,0.7525,0.0000,0.0875,0.0496,0.0479,0.2479,0.0000,0.0411,0.0875,0.0375,0.0860,0.0653,0.0993,0.1485,0.0868,0.0000,0.1250,0.1082,0.0991,0.3103,0.1760,0.0000,18.85,0.7304,13.9999,-0.3570
1705282283.0000,0.0474,0.0606,0.0428,0.0125,0.4677,0.0299,0.0502,0.1193,0.1146,0.4332,0.6233,0.4272,0.8011,0.0661,0.0747,0.1140,0.0437,0.2904,0.0540,0.0843,0.0218,0.0615,0.0000,0.1837,0.1382,0.0668,0.0475,0.0492,0.0944,0.0586,0.0630,0.3842,0.1112,0.0000,13.42,25.7322,-8.4106,9.2655
1705282283.0667,0.0392,0.0568,0.0482,0.0173,0.4889,0.0453,0.0563,0.1299,0.0924,0.4154,0.6303,0.4079,0.7873,0.0000,0.0000,0.0761,0.0615,0.3712,0.0000,0.0359,0.0907,0.0040,0.0893,0.0809,0.1055,0.0903,0.0689,0.0000,0.1062,0.1470,0.1249,0.4499,0.0000,0.0000,9.99,14.1837,8.3659,0.3790
1705282283.1333,0.0296,0.0577,0.0369,0.0196,0.5020,0.0458,0.0666,0.1181,0.0919,0.4191,0.6236,0.2520,0.7728,0.0463,0.0813,0.0350,0.0000,0.2914,0.0224,0.0000,0.2206,0.0631,0.0540,0.0532,0.0070,0.1327,0.1103,0.0660,0.0445,0.1509,0.0102,0.3952,0.0588,0.0000,14.66,18.6403,-16.4675,-8.0887
1705282283.2000,0.0195,0.0594,0.0372,0.0134,0.5031,0.0423,0.0800,0.1080,0.0897,0.4284,0.6045,0.1954,0.7784,0.0868,0.0539,0.0520,0.0336,0.3067,0.0338,0.0077,0.0512,0.0985,0.0661,0.0688,0.0361,0.1459,0.0849,0.0423,0.1286,0.1072,0.0485,0.3513,0.1730,0.0000,11.84,10.2738,-21.2657,-1.1316
1705282283.2667,0.0289,0.0624,0.0322,0.0053,0.5380,0.0287,0.1028,0.1189,0.0944,0.3930,0.6073,0.3127,0.7361,0.0535,0.1155,0.0629,0.0663,0.3482,0.0012,0.0000,0.1434,0.0894,0.0000,0.1325,0.1273,0.0526,0.1144,0.1126,0.0138,0.0428,0.1146,0.4008,0.0344,0.0000,17.57,-4.2445,12.1126,4.8436
1705282283.3333,0.0226,0.0471,0.0303,0.0117,0.5218,0.0458,0.1357,0.1387,0.0908,0.3733,0.6122,0.2616,0.7165,0.0298,0.0867,0.0937,0.0931,0.3243,0.0499,0.0000,0.0839,0.0141,0.0000,0.0399,0.1765,0.1488,0.0014,0.0874,0.0605,0.0846,0.1905,0.4047,0.1700,1.0000,15.35,0.7478,20.6641,1.6709
1705282283.4000,0.0370,0.0477,0.0373,0.0205,0.5154,0.0652,0.1379,0.1177,0.0972,0.3545,0.6233,0.1300,0.6982,0.0562,0.0825,0.0833,0.0828,0.3004,0.0000,0.0000,0.0820,0.1266,0.0280,0.1228,0.0752,0.1477,0.1134,0.1326,0.1320,0.0194,0.0441,0.4521,0.0555,0.0000,15.42,12.7621,0.9069,-7.6671
1705282283.4667,0.0504,0.0340,0.0457,0.0181,0.5320,0.0564,0.1137,0.1215,0.1076,0.3524,0.6274,0.1885,0.7699,0.0349,0.0262,0.1637,0.0523,0.3340,0.0256,0.0277,0.1344,0.0805,0.0451,0.0970,0.1916,0.1468,0.0772,0.0750,0.0364,0.1585,0.1136,0.4425,0.0679,0.0000,15.51,9.2460,-7.3045,1.7104
1705282283.5333,0.0444,0.0486,0.0342,0.0192,0.5143,0.0677,0.1208,0.1429,0.0890,0.3513,0.6651,0.2916,0.8154,0.0399,0.0883,0.0000,0.0675,0.2978,0.0129,0.0619,0.0659,0.0593,0.0505,0.1442,0.0490,0.0638,0.0775,0.0318,0.0599,0.1694,0.1588,0.3935,0.0725,0.0000,16.48,-0.9262,-9.6790,-1.2109
1705282283.6000,0.0418,0.0624,0.0394,0.0178,0.4775,0.0885,0.1049,0.1315,0.0915,0.3668,0.5895,0.2734,0.8044,0.1364,0.0550,0.0908,0.0611,0.2592,0.0579,0.0294,0.0035,0.0154,0.0807,0.0717,0.1299,0.0429,0.0000,0.0337,0.0848,0.1416,0.1519,0.4441,0.1186,0.0000,17.49,-6.6725,4.2599,-4.5649
1705282283.6667,0.0412,0.0517,0.0450,0.0343,0.5024,0.0829,0.1108,0.1371,0.1007,0.3364,0.6326,0.3266,0.7869,0.0861,0.0981,0.0881,0.0548,0.3371,0.0000,0.0416,0.0640,0.1342,0.0447,0.0601,0.0793,0.2230,0.0907,0.0780,0.0959,0.1123,0.1230,0.3796,0.1120,0.0000,18.41,-0.7742,-5.9775,-2.5042
1705282283.7333,0.0241,0.0381,0.0572,0.0238,0.5034,0.0594,0.1016,0.1332,0.0814,0.3867,0.6802,0.4522,0.7840,0.0236,0.1014,0.0179,0.0535,0.3822,0.0517,0.0000,0.0658,0.2206,0.0152,0.1448,0.0911,0.0652,0.1234,0.0528,0.1182,0.0650,0.0400,0.4584,0.2298,0.0000,18.96,1.5155,-8.5898,0.5610
1705282283.8000,0.0404,0.0357,0.0433,0.0393,0.4667,0.0476,0.1060,0.1077,0.0798,0.4202,0.6610,0.4622,0.8329,0.0000,0.0790,0.0058,0.0976,0.2398,0.0333,0.0318,0.1158,0.1223,0.0042,0.1285,0.0468,0.0586,0.0575,0.0149,0.0716,0.1245,0.1729,0.3920,0.1653,0.0000,16.94,7.4399,0.1744,0.1255
1705282283.8667,0.0280,0.0467,0.0395,0.0416,0.4506,0.0663,0.1121,0.1191,0.0900,0.4036,0.6534,0.5215,0.8477,0.0425,0.1013,0.0879,0.0470,0.2511,0.0236,0.0209,0.0653,0.1201,0.0000,0.1643,0.1058,0.0999,0.1269,0.0044,0.1422,0.1218,0.1150,0.2991,0.1034,0.0000,13.29,11.5311,17.0711,3.8993
1705282283.9333,0.0016,0.0347,0.0336,0.0412,0.4545,0.0739,0.1133,0.1033,0.0824,0.4369,0.6060,0.4887,0.8246,0.0449,0.1295,0.0000,0.1119,0.2318,0.0163,0.0783,0.1508,0.1664,0.0684,0.1529,0.1373,0.1090,0.1339,0.0388,0.1261,0.0000,0.0836,0.3389,0.1023,0.0000,14.65,8.7809,4.9573,-0.6427
1705282284.0000,0.0000,0.0360,0.0299,0.0404,0.4638,0.0715,0.1105,0.0898,0.0987,0.4357,0.6461,0.4927,0.8241,0.0629,0.0787,0.0666,0.0907,0.2749,0.0129,0.0000,0.1356,0.0823,0.0433,0.1238,0.0190,0.0533,0.1420,0.0589,0.0579,0.0914,0.0559,0.2626,0.0906,0.0000,17.97,19.2071,-3.1436,-2.2214
1705282284.0667,0.0182,0.0300,0.0353,0.0378,0.4624,0.0748,0.1259,0.0851,0.0995,0.4186,0.6511,0.4956,0.7975,0.0000,0.0641,0.0903,0.0811,0.2853,0.0000,0.0000,0.1764,0.0065,0.0341,0.1127,0.1028,0.0868,0.1155,0.0934,0.0844,0.1221,0.0643,0.4403,0.0915,0.0000,11.63,11.7280,-1.0155,-2.1257
1705282284.1333,0.0247,0.0300,0.0512,0.0282,0.4530,0.0687,0.1230,0.1112,0.0731,0.4222,0.6590,0.5022,0.8337,0.0491,0.0840,0.1069,0.0672,0.2722,0.0000,0.0048,0.1022,0.0722,0.0555,0.1586,0.0417,0.0857,0.1257,0.0886,0.1166,0.0780,0.1113,0.3619,0.1825,0.0000,12.15,15.5742,-4.5380,-5.4379
1705282284.2000,0.0237,0.0379,0.0553,0.0412,0.4645,0.0879,0.1157,0.1247,0.0766,0.3835,0.6488,0.5364,0.7933,0.1054,0.1727,0.0619,0.0766,0.2805,0.0368,0.0208,0.1160,0.1146,0.0391,0.0875,0.1373,0.0992,0.1781,0.0470,0.0229,0.1372,0.0242,0.3450,0.0499,0.0000,8.97,10.7563,-8.3160,0.9541
1705282284.2667,0.0158,0.0503,0.0506,0.0359,0.4653,0.0685,0.1144,0.1341,0.0807,0.3906,0.6529,0.5188,0.7463,0.0000,0.0284,0.0822,0.0697,0.2052,0.0000,0.0000,0.1326,0.0708,0.0093,0.1457,0.1275,0.0456,0.0877,0.0967,0.1049,0.0839,0.1459,0.2423,0.0821,0.0000,12.75,22.7085,3.6114,-7.0848
1705282284.3333,0.0224,0.0466,0.0406,0.0437,0.4596,0.0747,0.1087,0.1455,0.0572,0.4005,0.6918,0.5457,0.7194,0.0814,0.1086,0.0003,0.0580,0.3261,0.0000,0.0000,0.0386,0.1060,0.0211,0.1771,0.0941,0.0960,0.0123,0.0297,0.0371,0.0978,0.0371,0.2908,0.0255,0.0000,15.58,-1.8411,-1.3396,5.0233
1705282284.4000,0.0439,0.0553,0.0337,0.0342,0.4523,0.0719,0.1038,0.1381,0.0493,0.4105,0.7068,0.4907,0.7516,0.0628,0.0748,0.0502,0.0422,0.2988,0.0034,0.0395,0.1219,0.0760,0.0800,0.1394,0.1154,0.1654,0.1300,0.0227,0.1465,0.1681,0.0552,0.4216,0.0943,0.0000,17.10,2.1308,-6.4041,-1.0887
1705282284.4667,0.0362,0.0472,0.0438,0.0556,0.4277,0.0741,0.1127,0.1360,0.0462,0.4123,0.7731,0.4938,0.7823,0.0407,0.0428,0.0262,0.0756,0.2810,0.0154,0.0000,0.2134,0.1128,0.0359,0.0902,0.1232,0.1139,0.0604,0.0713,0.2057,0.1486,0.1563,0.2436,0.1203,0.0000,15.50,5.4986,22.4212,1.6122
1705282284.5333,0.0268,0.0345,0.0460,0.0454,0.4189,0.0810,0.1303,0.1369,0.0438,0.4218,0.6905,0.4687,0.8056,0.0709,0.1051,0.0579,0.0672,0.2804,0.0202,0.0775,0.0259,0.1298,0.0256,0.1353,0.1557,0.1278,0.0984,0.0581,0.0799,0.0055,0.0634,0.3716,0.1330,0.0000,19.59,6.7052,-4.6453,3.2777
1705282284.6000,0.0201,0.0279,0.0534,0.0493,0.4125,0.0919,0.1520,0.1313,0.0557,0.4037,0.6782,0.4761,0.7566,0.0792,0.0675,0.0274,0.0721,0.2950,0.0704,0.0690,0.0460,0.1924,0.0172,0.0848,0.1967,0.1376,0.0780,0.0699,0.1228,0.1607,0.0906,0.2858,0.1230,0.0000,16.89,-0.7064,8.9867,3.9394
1705282284.6667,0.0222,0.0275,0.0537,0.0646,0.4203,0.1067,0.1503,0.1310,0.0647,0.3754,0.6692,0.5358,0.7081,0.1595,0.0277,0.0663,0.0745,0.2654,0.0182,0.1136,0.0379,0.0916,0.0563,0.0376,0.0000,0.1092,0.1324,0.0708,0.0645,0.0318,0.0866,0.3595,0.1484,0.0000,16.41,-10.6830,3.1762,-4.1982
1705282284.7333,0.0403,0.0259,0.0550,0.0397,0.4077,0.1041,0.1379,0.1349,0.0532,0.4008,0.7788,0.5511,0.7144,0.0788,0.0000,0.0033,0.1141,0.2394,0.0000,0.0527,0.0275,0.0822,0.0271,0.0284,0.1120,0.0872,0.0416,0.0660,0.0000,0.0806,0.0897,0.3100,0.0592,0.0000,15.43,2.1152,13.2321,1.7137
1705282284.8000,0.0305,0.0328,0.0442,0.0429,0.4041,0.1005,0.1029,0.1317,0.0589,0.4308,0.8059,0.4636,0.7537,0.0766,0.1030,0.0200,0.0928,0.1915,0.0000,0.0536,0.0209,0.1093,0.0264,0.0565,0.1551,0.0333,0.0910,0.1080,0.0828,0.1397,0.0000,0.2377,0.1177,0.0000,16.23,8.2801,3.0742,8.8871
1705282284.8667,0.0306,0.0246,0.0457,0.0395,0.4213,0.0978,0.1253,0.1218,0.0610,0.4195,0.8040,0.4405,0.7203,0.1210,0.1108,0.0737,0.0757,0.2291,0.0038,0.0439,0.1569,0.1222,0.0131,0.1731,0.1210,0.0085,0.1143,0.0008,0.0459,0.0640,0.1198,0.3500,0.1863,0.0000,15.75,11.3306,9.4546,0.1221
1705282284.9333,0.0326,0.0285,0.0389,0.0496,0.4148,0.1117,0.1099,0.1371,0.0852,0.3950,0.8212,0.4739,0.7500,0.0903,0.0754,0.0580,0.0911,0.2204,0.0000,0.0224,0.0179,0.1584,0.0330,0.1224,0.1668,0.1650,0.1053,0.1009,0.0000,0.0838,0.0656,0.3338,0.1019,0.0000,15.58,-14.6864,3.3548,-3.4256
1705282285.0000,0.0287,0.0267,0.0417,0.0454,0.4406,0.1079,0.0904,0.1502,0.0992,0.3815,0.7993,0.4443,0.7023,0.0626,0.0668,0.0298,0.0377,0.2969,0.0426,0.0359,0.0204,0.0563,0.0157,0.1544,0.1118,0.1155,0.0631,0.0206,0.1044,0.1227,0.1513,0.3610,0.1415,0.0000,18.73,-3.5587,2.6266,-4.5501
1705282285.0667,0.0394,0.0167,0.0399,0.0365,0.4603,0.1024,0.0933,0.1536,0.1051,0.3717,0.7637,0.3506,0.6903,0.0519,0.1169,0.1075,0.0723,0.2836,0.0494,0.0223,0.1809,0.2250,0.0114,0.1163,0.0984,0.0858,0.1346,0.0476,0.1048,0.0775,0.1585,0.3676,0.1177,0.0000,15.02,-2.1915,-12.4862,0.7242
1705282285.1333,0.0321,0.0285,0.0414,0.0352,0.4915,0.0921,0.1030,0.1460,0.1208,0.3456,0.7563,0.3254,0.7066,0.0070,0.1265,0.0000,0.0897,0.2521,0.0000,0.0000,0.0761,0.0975,0.0169,0.1991,0.1275,0.1208,0.0501,0.0487,0.1005,0.1054,0.0818,0.3122,0.0840,0.0000,14.48,2.2008,0.2433,6.5911
1705282285.2000,0.0379,0.0294,0.0497,0.0453,0.4927,0.0701,0.0839,0.1352,0.1020,0.3723,0.7528,0.5081,0.6710,0.0127,0.0023,0.1285,0.0383,0.2599,0.0407,0.0710,0.1327,0.1511,0.0632,0.1142,0.0309,0.1491,0.0467,0.0036,0.0792,0.1071,0.0868,0.3038,0.0646,0.0000,13.52,5.1329,-9.5280,5.1103
1705282285.2667,0.0311,0.0160,0.0504,0.0508,0.4854,0.0782,0.0966,0.1432,0.0953,0.3716,0.7949,0.5047,0.6486,0.0064,0.0548,0.0832,0.0589,0.2542,0.0090,0.0563,0.0840,0.1441,0.0437,0.1538,0.1864,0.1348,0.0578,0.0846,0.1123,0.1006,0.1741,0.3708,0.1251,0.0000,13.14,0.1946,-1.6220,3.4294
1705282285.3333,0.0199,0.0307,0.0514,0.0346,0.4872,0.0814,0.0961,0.1566,0.1158,0.3558,0.7812,0.4999,0.6752,0.0323,0.0320,0.0675,0.0272,0.2140,0.0000,0.0389,0.1258,0.0934,0.0000,0.0867,0.0688,0.0524,0.1620,0.0000,0.0651,0.1244,0.2073,0.3637,0.0746,0.0000,16.52,-4.6766,-12.0670,-1.1214
1705282285.4000,0.0230,0.0202,0.0341,0.0451,0.4917,0.0757,0.0751,0.1522,0.0977,0.3911,0.7645,0.5259,0.6788,0.0915,0.0000,0.0405,0.0385,0.2687,0.0000,0.0763,0.1144,0.0841,0.0000,0.1031,0.0967,0.0511,0.0295,0.0323,0.0265,0.0966,0.0856,0.4290,0.1519,0.0000,13.27,2.0638,-5.5094,2.6784
1705282285.4667,0.0270,0.0245,0.0434,0.0280,0.4828,0.0629,0.0933,0.1337,0.0809,0.4140,0.8078,0.5404,0.6611,0.0802,0.0554,0.0194,0.0448,0.3073,0.0657,0.0267,0.1128,0.1836,0.0610,0.1915,0.0964,0.0887,0.0627,0.0797,0.1028,0.0685,0.0894,0.3942,0.0000,0.0000,14.89,-0.0224,-10.6605,8.8722
1705282285.5333,0.0271,0.0231,0.0344,0.0298,0.5118,0.0493,0.1063,0.1450,0.1050,0.3808,0.7484,0.5557,0.7050,0.0968,0.0931,0.0155,0.0423,0.2831,0.0073,0.0164,0.1622,0.1346,0.0535,0.0407,0.0696,0.1064,0.1094,0.0251,0.0756,0.0760,0.0200,0.3726,0.1559,0.0000,13.13,7.7536,0.4484,-3.1457
1705282285.6000,0.0335,0.0277,0.0193,0.0420,0.4720,0.0405,0.1122,0.1374,0.1296,0.3916,0.7757,0.5832,0.7072,0.0254,0.0670,0.0415,0.0633,0.3057,0.0482,0.0408,0.0727,0.0575,0.0000,0.1160,0.0170,0.1737,0.0336,0.0430,0.0634,0.0997,0.1195,0.4509,0.1889,0.0000,20.31,7.6285,5.8989,5.8848
1705282285.6667,0.0360,0.0106,0.0258,0.0532,0.4831,0.0663,0.1244,0.1461,0.1413,0.3479,0.7823,0.6464,0.7230,0.0166,0.0453,0.0416,0.0621,0.2519,0.0300,0.0402,0.0842,0.0995,0.0065,0.1305,0.0898,0.1380,0.1489,0.0713,0.1206,0.0825,0.1347,0.3631,0.0000,0.0000,13.29,1.8157,13.2710,4.4269
1705282285.7333,0.0686,0.0153,0.0204,0.0657,0.5094,0.0544,0.1534,0.1460,0.1371,0.2979,0.8093,0.6823,0.6841,0.0546,0.1423,0.1016,0.0417,0.2767,0.0487,0.0502,0.1075,0.1563,0.0170,0.0772,0.0786,0.1442,0.1159,0.0744,0.1236,0.0791,0.0775,0.4260,0.1468,0.0000,14.36,2.9219,-1.2866,4.9066
1705282285.8000,0.0789,0.0070,0.0216,0.0659,0.4921,0.0433,0.1523,0.1549,0.1310,0.3118,0.8153,0.6462,0.7088,0.0792,0.0895,0.1120,0.1498,0.2584,0.0743,0.0635,0.1879,0.1111,0.0386,0.0671,0.1137,0.0474,0.1272,0.0735,0.0533,0.1084,0.0542,0.4612,0.0255,0.0000,13.48,13.7898,9.6539,5.0235
1705282285.8667,0.0434,0.0000,0.0290,0.0590,0.5073,0.0577,0.1504,0.1484,0.1135,0.3348,0.7620,0.6754,0.7417,0.0854,0.0997,0.1814,0.0829,0.2551,0.0577,0.0137,0.1641,0.1587,0.0153,0.1061,0.0733,0.0783,0.0503,0.0836,0.1590,0.1785,0.0176,0.5619,0.0251,0.0000,16.08,3.2372,3.5351,-3.4700
1705282285.9333,0.0461,0.0014,0.0297,0.0541,0.5156,0.0653,0.1452,0.1514,0.0974,0.3363,0.7162,0.6702,0.7500,0.0704,0.1021,0.0000,0.0914,0.3116,0.0631,0.0366,0.0548,0.1144,0.0000,0.1680,0.0662,0.0232,0.0929,0.0782,0.0671,0.1295,0.1022,0.4280,0.1372,0.0000,15.96,-0.7496,17.2786,9.3148
1705282286.0000,0.0329,0.0033,0.0235,0.0529,0.4799,0.0616,0.1406,0.1328,0.1003,0.3834,0.6762,0.6309,0.7140,0.0681,0.0889,0.0503,0.0520,0.3001,0.0000,0.0553,0.0162,0.1479,0.0130,0.2173,0.1262,0.0772,0.1633,0.0636,0.0826,0.1203,0.0986,0.3723,0.1379,0.0000,14.54,-6.7723,3.0594,4.6486
1705282286.0667,0.0328,0.0081,0.0169,0.0598,0.4917,0.0592,0.1562,0.1443,0.0952,0.3615,0.7068,0.5963,0.6764,0.0628,0.1444,0.0477,0.0898,0.2903,0.0423,0.0095,0.0856,0.0413,0.0231,0.1615,0.0491,0.1247,0.1257,0.1292,0.0802,0.1306,0.1603,0.3730,0.1391,0.0000,17.17,5.0599,14.0094,7.1372
1705282286.1333,0.0322,0.0229,0.0158,0.0380,0.4950,0.0549,0.1630,0.1318,0.0971,0.3696,0.7222,0.6147,0.6409,0.0512,0.1187,0.0153,0.1060,0.3288,0.0265,0.0303,0.0599,0.1379,0.0184,0.1264,0.1580,0.0601,0.1092,0.0948,0.1501,0.1328,0.2158,0.3839,0.0942,0.0000,16.86,1.1005,-3.3322,-3.5343
1705282286.2000,0.0356,0.0218,0.0391,0.0291,0.4803,0.0559,0.1433,0.1346,0.0821,0.3869,0.7414,0.6174,0.6907,0.0778,0.0957,0.0348,0.0993,0.2654,0.0668,0.0253,0.1287,0.0891,0.0281,0.0547,0.1241,0.1453,0.0479,0.0342,0.1171,0.0720,0.0669,0.3856,0.0939,0.0000,15.61,5.5773,6.8048,-3.4815
1705282286.2667,0.0512,0.0251,0.0361,0.0310,0.4706,0.0707,0.1419,0.1325,0.0832,0.3747,0.8118,0.6060,0.6960,0.0000,0.0669,0.0270,0.1107,0.2674,0.0877,0.0435,0.1745,0.1662,0.0221,0.0838,0.0570,0.0342,0.0732,0.0818,0.0300,0.1362,0.1058,0.3412,0.1641,0.0000,17.27,9.7283,-5.0793,-2.6401
1705282286.3333,0.0494,0.0284,0.0283,0.0347,0.4885,0.0556,0.1257,0.1271,0.0892,0.3840,0.7783,0.6764,0.6302,0.0617,0.0647,0.1032,0.0488,0.3276,0.0000,0.0000,0.1860,0.0578,0.0250,0.1215,0.0679,0.0951,0.0817,0.0517,0.0000,0.1866,0.1155,0.3071,0.0928,0.0000,10.45,11.2898,8.8304,-1.9905
1705282286.4000,0.0428,0.0330,0.0277,0.0248,0.4758,0.0538,0.1256,0.1318,0.0964,0.3930,0.7325,0.6833,0.5996,0.0320,0.1557,0.1208,0.0928,0.3144,0.0202,0.0040,0.0853,0.1736,0.0540,0.1163,0.1270,0.1155,0.0696,0.0999,0.0738,0.1018,0.1472,0.4617,0.2141,0.0000,14.95,13.6675,-4.5113,-1.9444
1705282286.4667,0.0613,0.0233,0.0214,0.0444,0.4744,0.0669,0.1388,0.1328,0.0658,0.3825,0.7588,0.6118,0.6416,0.0357,0.0938,0.0107,0.0926,0.2230,0.0380,0.0000,0.0312,0.1622,0.0710,0.0653,0.1107,0.0801,0.1784,0.1515,0.0886,0.0973,0.1103,0.3903,0.0377,0.0000,14.79,5.4024,-6.3297,4.6155
1705282286.5333,0.0477,0.0324,0.0184,0.0516,0.4738,0.0943,0.1399,0.1306,0.0751,0.3617,0.7244,0.6090,0.7493,0.0116,0.0875,0.0000,0.0972,0.3269,0.0165,0.0038,0.0320,0.0869,0.0921,0.0450,0.0494,0.1181,0.0684,0.0619,0.1032,0.0175,0.1626,0.3832,0.0997,0.0000,12.74,7.7756,0.4391,5.0174
1705282286.6000,0.0430,0.0360,0.0229,0.0589,0.4785,0.0896,0.1481,0.1419,0.0724,0.3452,0.6639,0.6248,0.7701,0.1078,0.1100,0.1155,0.0725,0.3009,0.0273,0.0000,0.1713,0.0995,0.0800,0.0734,0.1159,0.0267,0.1047,0.1207,0.1479,0.1022,0.0365,0.3913,0.0847,0.0000,15.77,8.9493,3.8276,-3.3118
1705282286.6667,0.0420,0.0411,0.0245,0.0568,0.4871,0.0869,0.1376,0.1484,0.0989,0.3260,0.6338,0.6070,0.7663,0.1205,0.1291,0.1410,0.1001,0.3023,0.0168,0.0174,0.0763,0.1186,0.0658,0.0220,0.1458,0.0486,0.0755,0.0583,0.0753,0.0903,0.1364,0.4476,0.0972,0.0000,17.95,9.3308,0.0643,4.1353
1705282286.7333,0.0404,0.0261,0.0332,0.0651,0.4721,0.0655,0.1320,0.1510,0.0897,0.3549,0.6258,0.5981,0.7273,0.0409,0.1910,0.1118,0.0390,0.3482,0.0047,0.0501,0.0473,0.1288,0.0519,0.0728,0.1279,0.0693,0.1284,0.0760,0.1300,0.0292,0.0569,0.4239,0.1344,0.0000,12.58,16.4438,7.6904,0.6363
1705282286.8000,0.0509,0.0315,0.0335,0.0566,0.4501,0.0671,0.0915,0.1463,0.0696,0.4017,0.6130,0.5794,0.7292,0.0188,0.0000,0.0871,0.0507,0.2619,0.0379,0.0000,0.0140,0.1323,0.1113,0.1225,0.0000,0.0988,0.0277,0.0740,0.0433,0.1404,0.0251,0.3600,0.1147,1.0000,15.19,14.8425,-1.4959,-4.7766
1705282286.8667,0.0449,0.0199,0.0432,0.0534,0.4422,0.0874,0.0900,0.1461,0.0908,0.3892,0.5764,0.6044,0.7231,0.0903,0.0847,0.0283,0.0735,0.2947,0.0621,0.0862,0.0577,0.1006,0.0415,0.1230,0.0338,0.0975,0.1131,0.0282,0.0683,0.0972,0.0272,0.3393,0.0268,0.0000,13.10,-4.2822,-7.7452,5.6882
1705282286.9333,0.0397,0.0111,0.0335,0.0452,0.4100,0.0609,0.0805,0.1439,0.1071,0.4408,0.5538,0.6696,0.6962,0.1017,0.0000,0.1134,0.0726,0.2511,0.0525,0.0000,0.0849,0.1257,0.0501,0.1365,0.0887,0.0557,0.0690,0.0793,0.0536,0.1563,0.1590,0.2201,0.0989,0.0000,17.59,-1.9226,7.3574,5.8566
1705282287.0000,0.0460,0.0161,0.0310,0.0502,0.4122,0.0485,0.0813,0.1508,0.1010,0.4378,0.5960,0.6806,0.6797,0.0129,0.0000,0.0565,0.0295,0.2344,0.0000,0.0178,0.1339,0.0691,0.0021,0.0178,0.1913,0.0378,0.0689,0.0458,0.0919,0.0792,0.1634,0.3386,0.0916,0.0000,13.01,15.6949,8.8585,4.7549
1705282287.0667,0.0470,0.0301,0.0363,0.0480,0.3967,0.0628,0.0739,0.1608,0.0740,0.4423,0.5702,0.5882,0.6572,0.0832,0.0196,0.0148,0.0478,0.2080,0.0144,0.0129,0.1637,0.0536,0.0681,0.1229,0.1492,0.0605,0.0695,0.0258,0.1121,0.0911,0.1659,0.2840,0.1179,0.0000,16.21,9.4526,-16.6458,-4.9626
1705282287.1333,0.0521,0.0334,0.0347,0.0358,0.4044,0.0635,0.0639,0.1722,0.0809,0.4355,0.5797,0.6018,0.6960,0.1185,0.0424,0.0825,0.0574,0.2255,0.0662,0.0000,0.0973,0.0919,0.0776,0.1049,0.0486,0.0000,0.1465,0.0000,0.0462,0.1234,0.1138,0.3599,0.0720,0.0000,16.15,2.7056,-12.6670,2.3239
1705282287.2000,0.0477,0.0259,0.0313,0.0371,0.4103,0.0718,0.0841,0.1687,0.0799,0.4259,0.6308,0.6281,0.7094,0.0137,0.0921,0.0479,0.0478,0.2294,0.0000,0.0464,0.1485,0.0288,0.0530,0.0899,0.1392,0.0563,0.0666,0.0548,0.0672,0.1384,0.0468,0.4096,0.2163,0.0000,18.07,-2.6631,-9.2930,-5.5498
1705282287.2667,0.0396,0.0421,0.0279,0.0365,0.3931,0.0753,0.0823,0.1665,0.0561,0.4484,0.6315,0.5779,0.6802,0.0604,0.0606,0.0526,0.0365,0.2226,0.0000,0.0551,0.0924,0.0697,0.0459,0.1658,0.0685,0.1345,0.0639,0.0135,0.0684,0.1380,0.1120,0.2954,0.1155,0.0000,13.36,0.8038,-2.2521,7.3135
1705282287.3333,0.0497,0.0302,0.0295,0.0353,0.4074,0.0739,0.1117,0.1610,0.0657,0.4214,0.6691,0.6038,0.6751,0.0592,0.0100,0.0647,0.0105,0.2176,0.0284,0.0767,0.1258,0.0748,0.0284,0.0760,0.1218,0.0050,0.1338,0.0308,0.1702,0.0788,0.0351,0.3569,0.1633,0.0000,18.37,9.0611,-5.2620,-1.5083
1705282287.4000,0.0493,0.0217,0.0301,0.0491,0.4005,0.0638,0.0978,0.1434,0.0420,0.4613,0.6704,0.4830,0.6671,0.0000,0.1158,0.0038,0.0419,0.2744,0.0509,0.0824,0.1584,0.0884,0.0221,0.0828,0.0478,0.1468,0.1309,0.0366,0.1552,0.0016,0.0816,0.2879,0.2420,0.0000,17.10,1.5715,-1.1606,0.2430
1705282287.4667,0.0468,0.0376,0.0206,0.0469,0.3933,0.0656,0.1013,0.1519,0.0217,0.4686,0.6665,0.5051,0.6329,0.0629,0.1063,0.0315,0.0551,0.2349,0.0554,0.0026,0.1231,0.0804,0.0626,0.1000,0.1343,0.0784,0.0905,0.0683,0.0651,0.0661,0.0514,0.2579,0.1079,0.0000,15.83,-9.5457,-20.9901,-4.1171
1705282287.5333,0.0447,0.0409,0.0299,0.0452,0.4004,0.0724,0.0829,0.1471,0.0180,0.4711,0.5971,0.5151,0.6650,0.0776,0.0760,0.0863,0.0314,0.2415,0.0000,0.0000,0.0916,0.1176,0.1080,0.1426,0.0666,0.0124,0.1460,0.0562,0.1072,0.1720,0.1513,0.2524,0.1407,0.0000,12.82,6.8148,7.4826,-3.9810
1705282287.6000,0.0484,0.0539,0.0373,0.0470,0.4321,0.0641,0.0789,0.1493,0.0358,0.4319,0.5736,0.4888,0.6589,0.0524,0.1441,0.0027,0.0350,0.2355,0.0360,0.0221,0.0381,0.0707,0.0675,0.1420,0.0658,0.0610,0.0270,0.0000,0.0470,0.0398,0.1757,0.3050,0.1344,0.0000,15.19,11.4647,-28.5693,1.5486
1705282287.6667,0.0287,0.0520,0.0381,0.0493,0.4419,0.0728,0.0675,0.1507,0.0234,0.4454,0.6188,0.4963,0.7122,0.0267,0.1239,0.0099,0.0749,0.2882,0.0203,0.0449,0.0983,0.0823,0.0123,0.0417,0.0575,0.0865,0.0504,0.0017,0.0336,0.1274,0.0593,0.3183,0.0574,0.0000,11.68,-4.9421,7.9817,10.1679
1705282287.7333,0.0399,0.0485,0.0435,0.0593,0.4356,0.0662,0.0684,0.1650,0.0376,0.4215,0.5206,0.4225,0.6267,0.0631,0.0000,0.0667,0.0278,0.2884,0.0000,0.0179,0.0967,0.1453,0.0547,0.1487,0.1104,0.1425,0.0578,0.0000,0.0419,0.0423,0.1274,0.3918,0.1194,0.0000,12.05,1.4715,-0.6640,-9.8982
1705282287.8000,0.0309,0.0408,0.0608,0.0459,0.4390,0.0762,0.0775,0.1514,0.0487,0.4172,0.4571,0.3908,0.6531,0.1371,0.0610,0.0265,0.0787,0.2752,0.0530,0.0328,0.1213,0.1428,0.0000,0.1899,0.0472,0.1343,0.1293,0.0341,0.1246,0.1322,0.0673,0.2938,0.0486,0.0000,17.89,5.2372,5.1585,-6.6922
1705282287.8667,0.0499,0.0403,0.0546,0.0421,0.4624,0.0911,0.0635,0.1610,0.0546,0.3883,0.4315,0.4092,0.6701,0.0474,0.0093,0.1065,0.0298,0.2994,0.0000,0.0586,0.0195,0.1609,0.0576,0.0879,0.0667,0.0981,0.0892,0.0372,0.0637,0.0696,0.1003,0.3654,0.1528,0.0000,17.87,6.4157,7.6846,6.6057
1705282287.9333,0.0576,0.0323,0.0525,0.0406,0.4737,0.1009,0.0911,0.1564,0.0552,0.3637,0.5117,0.4636,0.6339,0.0606,0.0776,0.0744,0.0470,0.2930,0.0000,0.0036,0.0895,0.1852,0.0514,0.1462,0.1046,0.0680,0.0568,0.0386,0.2014,0.2306,0.1103,0.4307,0.0810,0.0000,12.56,-1.9027,-10.7473,3.9629
1705282288.0000,0.0538,0.0445,0.0492,0.0374,0.4318,0.0885,0.0684,0.1530,0.0559,0.4104,0.5711,0.4506,0.5661,0.0688,0.0608,0.0000,0.0260,0.2399,0.0138,0.0596,0.1218,0.1271,0.0857,0.0911,0.1265,0.0666,0.1818,0.0548,0.0491,0.1635,0.0000,0.2813,0.0154,0.0000,15.29,8.1007,-15.8818,0.7708
1705282288.0667,0.0377,0.0489,0.0313,0.0208,0.4576,0.0742,0.0732,0.1463,0.0610,0.4294,0.6148,0.4431,0.6515,0.0727,0.0543,0.0254,0.0000,0.2479,0.0362,0.0000,0.0974,0.0846,0.0459,0.0670,0.0925,0.1100,0.0802,0.0355,0.1097,0.0489,0.1073,0.3788,0.1851,1.0000,16.01,3.8333,-2.8256,-0.0359
1705282288.1333,0.0273,0.0390,0.0401,0.0204,0.4485,0.0820,0.0817,0.1490,0.0774,0.4207,0.5857,0.4498,0.7246,0.0679,0.0317,0.0151,0.0022,0.2408,0.0000,0.0178,0.1114,0.0654,0.0054,0.1229,0.1476,0.1788,0.1713,0.0137,0.0420,0.0408,0.0874,0.3638,0.0625,0.0000,15.83,-0.8543,-6.4256,-4.1952
1705282288.2000,0.0224,0.0418,0.0310,0.0304,0.4197,0.0763,0.0657,0.1481,0.0697,0.4569,0.6082,0.5018,0.7615,0.0956,0.0373,0.0357,0.0321,0.2843,0.0336,0.0301,0.1635,0.0233,0.0467,0.0747,0.1192,0.1405,0.0992,0.0000,0.0402,0.1245,0.0288,0.3721,0.1140,0.0000,11.51,5.8637,1.8876,-10.4913
1705282288.2667,0.0293,0.0416,0.0172,0.0204,0.4268,0.0890,0.0803,0.1300,0.0357,0.4778,0.5741,0.4293,0.7560,0.0000,0.1285,0.0265,0.0572,0.1823,0.0000,0.0136,0.1377,0.2085,0.0317,0.0957,0.0723,0.0951,0.1171,0.0023,0.0844,0.0000,0.1720,0.3399,0.0475,0.0000,15.73,8.0503,8.5509,-0.2590
1705282288.3333,0.0346,0.0137,0.0051,0.0174,0.4577,0.0839,0.0855,0.1480,0.0082,0.4876,0.6229,0.4153,0.6739,0.0100,0.0388,0.0594,0.0191,0.3059,0.0313,0.0465,0.1343,0.1415,0.0837,0.0960,0.0825,0.1558,0.1325,0.0589,0.0532,0.1274,0.0919,0.4358,0.0448,0.0000,16.14,3.0787,-14.6272,-1.1989
1705282288.4000,0.0408,0.0136,0.0180,0.0285,0.4651,0.0726,0.0682,0.1396,0.0186,0.4810,0.6555,0.4331,0.6391,0.0556,0.0903,0.0344,0.0000,0.2792,0.0159,0.0573,0.0374,0.0340,0.0464,0.0810,0.1496,0.0472,0.0861,0.0393,0.0808,0.1489,0.1650,0.3807,0.0879,0.0000,14.18,4.0625,-12.9743,1.9928
1705282288.4667,0.0310,0.0117,0.0100,0.0286,0.4567,0.0689,0.0769,0.1391,0.0473,0.4778,0.6077,0.4374,0.6183,0.0292,0.0000,0.0077,0.0834,0.2869,0.0252,0.0136,0.1032,0.0838,0.0578,0.0539,0.0779,0.1344,0.0463,0.0572,0.1403,0.1279,0.1263,0.3850,0.1182,0.0000,14.70,6.7379,-7.7555,-2.1595
1705282288.5333,0.0294,0.0094,0.0155,0.0312,0.4847,0.0741,0.0822,0.1344,0.0702,0.4413,0.6730,0.4549,0.5977,0.0654,0.0781,0.0044,0.0125,0.3177,0.0000,0.0000,0.1773,0.1675,0.1078,0.1740,0.0135,0.1074,0.0626,0.1093,0.1026,0.1184,0.1035,0.3921,0.1823,0.0000,16.82,4.7388,-15.7419,4.3319
1705282288.6000,0.0072,0.0250,0.0194,0.0259,0.4797,0.0569,0.0778,0.1119,0.0690,0.4763,0.6209,0.5015,0.5488,0.0000,0.0000,0.0399,0.0000,0.3096,0.0000,0.0000,0.1526,0.1003,0.0142,0.0962,0.0534,0.1713,0.1519,0.0491,0.1030,0.1959,0.0145,0.3067,0.0519,0.0000,16.96,26.0188,-0.8835,-0.1147
1705282288.6667,0.0343,0.0326,0.0183,0.0168,0.4821,0.0586,0.0573,0.1172,0.0702,0.4675,0.5965,0.5141,0.6188,0.1291,0.0686,0.0767,0.0257,0.2792,0.0000,0.0000,0.0326,0.1361,0.0000,0.1382,0.1233,0.1565,0.0816,0.0290,0.0677,0.0764,0.1808,0.4795,0.0708,0.0000,14.76,0.7907,4.7298,-6.1945
1705282288.7333,0.0290,0.0294,0.0171,0.0315,0.4646,0.0716,0.0502,0.1251,0.0999,0.4490,0.6254,0.4885,0.6228,0.0519,0.0000,0.0352,0.0542,0.2659,0.0000,0.0088,0.1245,0.2216,0.0331,0.0753,0.0620,0.1340,0.0475,0.0393,0.1102,0.0761,0.0839,0.3475,0.0467,0.0000,10.89,-9.8395,-3.5205,-0.7786
1705282288.8000,0.0424,0.0356,0.0349,0.0453,0.4735,0.0483,0.0836,0.1219,0.1006,0.4084,0.6362,0.4873,0.6277,0.0976,0.0938,0.0871,0.0811,0.3015,0.0000,0.0195,0.0000,0.0181,0.0269,0.0883,0.1206,0.0556,0.0824,0.0129,0.1172,0.1221,0.1929,0.3546,0.0975,0.0000,18.78,4.5383,11.2029,-1.0725
1705282288.8667,0.0386,0.0107,0.0473,0.0511,0.4886,0.0339,0.0643,0.1188,0.0995,0.4282,0.5933,0.5123,0.6183,0.0000,0.0536,0.1331,0.0642,0.2739,0.0124,0.0667,0.0728,0.0738,0.0171,0.1593,0.0839,0.0524,0.1477,0.0410,0.1000,0.0768,0.0616,0.4739,0.0704,0.0000,13.57,-0.7686,-0.1156,-4.0665
1705282288.9333,0.0214,0.0008,0.0407,0.0460,0.4350,0.0167,0.1068,0.1251,0.1019,0.4634,0.6385,0.4150,0.6316,0.0894,0.0969,0.1161,0.1002,0.2930,0.0224,0.0333,0.1143,0.1147,0.0457,0.1204,0.0221,0.1091,0.1482,0.0853,0.1576,0.1707,0.0979,0.3587,0.1674,0.0000,12.03,5.1280,-17.0657,-16.0945
1705282289.0000,0.0142,0.0191,0.0528,0.0425,0.4442,0.0194,0.1159,0.1441,0.1206,0.4164,0.6062,0.4148,0.6775,0.0114,0.0855,0.1248,0.0566,0.2506,0.0203,0.0516,0.1105,0.1446,0.0260,0.0594,0.1150,0.1068,0.0589,0.0501,0.0000,0.1097,0.1243,0.2889,0.1568,0.0000,20.54,18.7037,5.6774,8.9694
1705282289.0667,0.0145,0.0355,0.0463,0.0456,0.4575,0.0097,0.1207,0.1356,0.1054,0.4174,0.5075,0.5018,0.6182,0.1184,0.0812,0.0632,0.0471,0.2527,0.0000,0.0302,0.0715,0.1202,0.0000,0.0502,0.1614,0.1257,0.0887,0.0360,0.0684,0.1622,0.1416,0.3160,0.0824,0.0000,14.76,4.4145,3.3969,-8.2102
1705282289.1333,0.0081,0.0335,0.0251,0.0542,0.4495,0.0049,0.1268,0.1304,0.0968,0.4424,0.4693,0.5740,0.6419,0.0328,0.0651,0.0539,0.1080,0.2624,0.0169,0.0621,0.0781,0.0735,0.0296,0.0131,0.0316,0.0471,0.0227,0.0730,0.1622,0.0050,0.1385,0.2986,0.0706,0.0000,17.64,2.7593,4.5821,7.1808
1705282289.2000,0.0112,0.0273,0.0264,0.0704,0.4667,0.0201,0.1096,0.1444,0.0827,0.4246,0.4843,0.6034,0.6367,0.0551,0.1432,0.0797,0.0723,0.3032,0.0000,0.0438,0.0538,0.1497,0.0184,0.1544,0.0446,0.1051,0.0774,0.0357,0.2033,0.0521,0.0891,0.3628,0.1641,0.0000,13.51,10.3367,-15.8194,6.8756
1705282289.2667,0.0272,0.0282,0.0281,0.0454,0.4831,0.0239,0.1059,0.1437,0.0902,0.4146,0.5020,0.5819,0.6214,0.0514,0.0452,0.0012,0.0654,0.2997,0.0188,0.0000,0.1112,0.1155,0.0000,0.1692,0.1254,0.0770,0.1194,0.1013,0.0450,0.0962,0.1803,0.3996,0.1177,0.0000,22.75,8.4606,-7.8563,8.4013
1705282289.3333,0.0442,0.0163,0.0284,0.0372,0.4729,0.0331,0.1135,0.1529,0.0803,0.4127,0.5359,0.4641,0.6759,0.0000,0.0740,0.1369,0.0197,0.3041,0.0054,0.0403,0.0870,0.1167,0.0000,0.1060,0.0005,0.0793,0.0395,0.0932,0.1309,0.0827,0.1749,0.4181,0.1154,0.0000,17.34,12.0527,-3.2202,2.9124
1705282289.4000,0.0542,0.0353,0.0247,0.0430,0.4702,0.0374,0.1138,0.1546,0.0856,0.3888,0.4999,0.4258,0.6197,0.0098,0.1368,0.0605,0.0126,0.2975,0.0028,0.0890,0.1282,0.1535,0.0487,0.0183,0.1900,0.1325,0.0910,0.0398,0.1202,0.1389,0.1348,0.4231,0.0583,0.0000,13.72,9.0757,21.9430,3.1588
1705282289.4667,0.0537,0.0275,0.0200,0.0412,0.4841,0.0345,0.0828,0.1433,0.1081,0.4029,0.5489,0.4449,0.6298,0.0530,0.0567,0.1009,0.0127,0.2409,0.0393,0.0334,0.1075,0.1355,0.0000,0.2082,0.1717,0.1596,0.0854,0.0347,0.1642,0.0213,0.0664,0.4206,0.0592,0.0000,16.81,9.0610,14.0485,-8.5641
1705282289.5333,0.0609,0.0211,0.0128,0.0299,0.4906,0.0544,0.0599,0.1314,0.1213,0.4108,0.5938,0.3722,0.5992,0.0958,0.0561,0.0776,0.0501,0.3320,0.0241,0.0354,0.1006,0.1804,0.0396,0.1086,0.0636,0.1132,0.0970,0.0187,0.0316,0.0799,0.0093,0.2906,0.1366,0.0000,17.87,12.1138,-8.0485,1.0366
1705282289.6000,0.0491,0.0105,0.0114,0.0179,0.5173,0.0713,0.0455,0.1325,0.1121,0.4195,0.6173,0.3449,0.6127,0.0176,0.0685,0.0429,0.0000,0.2987,0.0000,0.0468,0.0388,0.1178,0.0264,0.0781,0.1538,0.1418,0.0898,0.0228,0.1250,0.0016,0.1022,0.4614,0.0833,0.0000,16.99,8.7355,7.0851,-9.4734
1705282289.6667,0.0514,0.0136,0.0112,0.0326,0.4903,0.0716,0.0556,0.1237,0.1170,0.4198,0.5479,0.3951,0.5447,0.0022,0.0748,0.0291,0.0000,0.3096,0.0897,0.0301,0.0804,0.0791,0.0556,0.1048,0.0779,0.1300,0.0308,0.0000,0.1324,0.0592,0.0689,0.4689,0.0402,0.0000,12.67,-9.0868,-0.6628,4.3548
1705282289.7333,0.0533,0.0148,0.0305,0.0262,0.4847,0.0666,0.0578,0.1260,0.1014,0.4232,0.5432,0.4072,0.5408,0.0713,0.0126,0.0903,0.0133,0.2736,0.0278,0.1043,0.1689,0.0568,0.0941,0.1615,0.1273,0.1586,0.1361,0.0032,0.1079,0.0659,0.0350,0.3892,0.1436,0.0000,15.15,15.3348,-16.2889,-5.6276
1705282289.8000,0.0732,0.0255,0.0325,0.0416,0.4858,0.0620,0.0754,0.1243,0.0887,0.3947,0.5959,0.4694,0.4963,0.0734,0.0546,0.1033,0.0665,0.2866,0.0129,0.0000,0.0890,0.1747,0.1002,0.0024,0.0636,0.1161,0.0293,0.0029,0.1722,0.1087,0.0696,0.3620,0.0800,0.0000,18.69,4.8907,-8.8831,-5.8511
1705282289.8667,0.0733,0.0155,0.0505,0.0559,0.4651,0.0608,0.0786,0.1133,0.0831,0.4023,0.6048,0.5987,0.5401,0.0694,0.0831,0.1384,0.0431,0.2381,0.0255,0.1307,0.0807,0.0451,0.0443,0.1419,0.1358,0.0734,0.0714,0.0991,0.0854,0.0338,0.1207,0.3147,0.0906,0.0000,14.90,7.1020,-6.3071,-7.6690
1705282289.9333,0.0530,0.0283,0.0469,0.0413,0.4655,0.0716,0.0689,0.1326,0.0746,0.4103,0.5693,0.6048,0.5701,0.0196,0.0916,0.0514,0.0667,0.2604,0.0410,0.0037,0.0907,0.0584,0.0428,0.0878,0.0980,0.0704,0.1538,0.0467,0.0807,0.1125,0.0992,0.4109,0.1512,0.0000,12.52,12.4314,13.2263,-3.9939
1705282290.0000,0.0607,0.0418,0.0325,0.0347,0.4783,0.0696,0.0849,0.1444,0.0746,0.3871,0.6151,0.5720,0.6288,0.0560,0.0417,0.0616,0.0356,0.2506,0.0246,0.0744,0.1257,0.0966,0.0547,0.0137,0.0460,0.0850,0.1844,0.0544,0.2505,0.0741,0.0471,0.4430,0.0597,0.0000,16.06,-4.0031,-8.4377,2.6013
1705282290.0667,0.0554,0.0453,0.0267,0.0452,0.4748,0.0794,0.0907,0.1440,0.1107,0.3567,0.6157,0.6264,0.6691,0.0730,0.0538,0.0858,0.0419,0.2470,0.0000,0.0447,0.0876,0.0879,0.1125,0.0715,0.0594,0.1560,0.1528,0.0186,0.1548,0.0807,0.0821,0.4502,0.0462,0.0000,18.28,4.3733,-3.4775,3.0250
1705282290.1333,0.0486,0.0411,0.0237,0.0387,0.4795,0.0702,0.0879,0.1460,0.1158,0.3690,0.6514,0.6325,0.6753,0.0235,0.1431,0.1323,0.0744,0.2634,0.0051,0.0333,0.0555,0.0189,0.0752,0.1527,0.0891,0.1214,0.0219,0.0196,0.1801,0.0879,0.0557,0.3816,0.0694,0.0000,12.80,0.0337,-12.9890,5.3586
1705282290.2000,0.0448,0.0312,0.0217,0.0477,0.4606,0.0658,0.1158,0.1388,0.1177,0.3735,0.6396,0.5514,0.7124,0.0742,0.1286,0.0191,0.0812,0.3002,0.0638,0.0011,0.1643,0.0700,0.0237,0.0613,0.0964,0.0612,0.1199,0.0854,0.1252,0.0981,0.1000,0.4750,0.1286,0.0000,13.23,1.8098,-17.1019,2.8900
1705282290.2667,0.0449,0.0339,0.0253,0.0429,0.4684,0.0598,0.0922,0.1342,0.1256,0.3838,0.7399,0.5296,0.6951,0.0984,0.0662,0.1087,0.0077,0.2826,0.0000,0.0659,0.1062,0.1211,0.0384,0.1520,0.2144,0.0854,0.2447,0.0477,0.2048,0.1200,0.0814,0.3640,0.1066,0.0000,15.79,11.9144,6.7174,8.1932
1705282290.3333,0.0428,0.0341,0.0266,0.0343,0.4795,0.0613,0.0739,0.1145,0.1234,0.4056,0.7168,0.5578,0.7260,0.0000,0.1100,0.0894,0.0302,0.2803,0.0608,0.0556,0.1071,0.0365,0.0977,0.0861,0.0911,0.0259,0.0925,0.0259,0.1330,0.1682,0.1377,0.3681,0.1110,0.0000,10.12,3.0720,-6.4527,3.8461
1705282290.4000,0.0239,0.0223,0.0171,0.0425,0.4786,0.0408,0.0686,0.1216,0.1061,0.4470,0.6731,0.5489,0.7543,0.0814,0.0720,0.0810,0.0261,0.2703,0.0000,0.0000,0.1388,0.0722,0.0155,0.0000,0.0425,0.0807,0.0635,0.0321,0.0885,0.1119,0.1836,0.3402,0.0972,0.0000,18.00,10.3622,-0.2675,0.8525
1705282290.4667,0.0227,0.0297,0.0252,0.0361,0.4700,0.0410,0.0802,0.1157,0.0974,0.4492,0.6342,0.5638,0.8103,0.0568,0.0287,0.0935,0.0835,0.3016,0.0000,0.0038,0.0702,0.0582,0.0356,0.0976,0.1202,0.2233,0.0108,0.0129,0.0491,0.0898,0.1099,0.3705,0.1167,0.0000,11.26,10.6463,7.9467,-4.2813
1705282290.5333,0.0359,0.0179,0.0404,0.0441,0.4924,0.0428,0.0739,0.1084,0.1009,0.4260,0.6289,0.5754,0.8076,0.0193,0.0472,0.1000,0.0173,0.2651,0.0000,0.0222,0.1138,0.1007,0.0852,0.0197,0.1088,0.1157,0.0126,0.0044,0.1924,0.0498,0.1306,0.4990,0.1002,0.0000,20.25,10.5561,3.5377,-5.8195
1705282290.6000,0.0347,0.0198,0.0364,0.0269,0.4692,0.0548,0.0675,0.1095,0.0968,0.4507,0.6105,0.5183,0.8004,0.0237,0.0532,0.0417,0.0654,0.3041,0.0542,0.0792,0.1082,0.1940,0.0596,0.0868,0.1278,0.1016,0.1509,0.0096,0.1658,0.0853,0.0524,0.4308,0.0561,0.0000,21.23,-1.4135,-4.0663,0.5827
1705282290.6667,0.0542,0.0114,0.0479,0.0190,0.4563,0.0592,0.0710,0.0902,0.1031,0.4527,0.6120,0.5598,0.8583,0.1068,0.0141,0.0570,0.0322,0.2931,0.0517,0.0796,0.0000,0.1553,0.0251,0.0076,0.1268,0.0859,0.0599,0.0519,0.0719,0.0862,0.1234,0.3525,0.0737,1.0000,16.60,5.0206,0.0338,-2.6892
1705282290.7333,0.0555,0.0125,0.0370,0.0282,0.4707,0.0625,0.0595,0.1199,0.0818,0.4435,0.5339,0.4903,0.8354,0.0885,0.0000,0.0839,0.0051,0.2945,0.0214,0.0519,0.1275,0.0233,0.0241,0.0695,0.0665,0.0729,0.1310,0.0050,0.0583,0.0864,0.0358,0.3724,0.0795,0.0000,13.42,13.8805,-8.3876,2.9823
1705282290.8000,0.0582,0.0272,0.0477,0.0298,0.4632,0.0798,0.0591,0.1324,0.0942,0.4050,0.5514,0.5158,0.8041,0.0223,0.0586,0.0278,0.0614,0.2402,0.0596,0.0519,0.1135,0.1403,0.0828,0.0409,0.1554,0.1455,0.1558,0.0238,0.1324,0.1128,0.1301,0.3701,0.0923,0.0000,15.31,-1.3411,1.5519,4.2727
1705282290.8667,0.0553,0.0249,0.0486,0.0291,0.4599,0.0828,0.0501,0.1425,0.0945,0.4074,0.5745,0.4960,0.7743,0.0415,0.0000,0.0870,0.0186,0.2736,0.0127,0.0256,0.0357,0.0925,0.0164,0.0428,0.1593,0.0863,0.0989,0.0117,0.0300,0.1713,0.0625,0.3429,0.0592,0.0000,13.65,2.9800,-9.3874,-1.3213
1705282290.9333,0.0492,0.0250,0.0549,0.0245,0.4349,0.0758,0.0599,0.1376,0.0701,0.4409,0.5835,0.4252,0.7578,0.0992,0.0282,0.0243,0.0065,0.2746,0.0601,0.0710,0.0894,0.1618,0.0825,0.1812,0.1296,0.1623,0.0000,0.0284,0.1045,0.1094,0.0510,0.3987,0.1409,1.0000,17.48,-3.2992,16.6681,-1.2279
1705282291.0000,0.0588,0.0269,0.0383,0.0277,0.4443,0.0867,0.0628,0.1441,0.0664,0.4264,0.5928,0.4313,0.7520,0.0243,0.1410,0.0445,0.0632,0.2805,0.0239,0.0523,0.1580,0.1390,0.0448,0.0801,0.1459,0.1450,0.0769,0.0646,0.1156,0.0503,0.0749,0.3864,0.1624,0.0000,13.51,1.3200,5.8927,-13.8034
1705282291.0667,0.0491,0.0392,0.0316,0.0431,0.4475,0.0684,0.0705,0.1338,0.0464,0.4422,0.6291,0.4939,0.7501,0.0931,0.0000,0.0296,0.0451,0.2670,0.0000,0.0000,0.1971,0.1225,0.0353,0.1463,0.0724,0.0776,0.0679,0.0213,0.1691,0.0403,0.0928,0.4271,0.2465,0.0000,17.77,10.6590,3.9758,4.7375
1705282291.1333,0.0315,0.0363,0.0288,0.0264,0.4534,0.0898,0.0722,0.1234,0.0744,0.4383,0.6352,0.5582,0.7049,0.0394,0.0205,0.1344,0.0978,0.2735,0.0903,0.0000,0.0968,0.0371,0.0443,0.1143,0.0773,0.0471,0.1196,0.0897,0.1715,0.0865,0.1617,0.4330,0.0098,0.0000,12.30,-1.2878,-11.4252,6.4501
1705282291.2000,0.0369,0.0233,0.0215,0.0281,0.4702,0.0943,0.0577,0.1031,0.0751,0.4540,0.6969,0.5595,0.6488,0.0849,0.0263,0.0000,0.0040,0.2782,0.0326,0.0000,0.1084,0.0935,0.0556,0.0828,0.0549,0.1037,0.0871,0.0010,0.0755,0.1009,0.1165,0.4623,0.0859,0.0000,12.57,13.1230,2.7504,1.4822
1705282291.2667,0.0440,0.0137,0.0193,0.0213,0.4647,0.0959,0.0811,0.1168,0.0848,0.4351,0.6204,0.6390,0.6024,0.0717,0.0198,0.0000,0.0819,0.2748,0.0368,0.0000,0.0863,0.0307,0.0660,0.0683,0.0593,0.1600,0.0997,0.0500,0.0595,0.0869,0.0853,0.3889,0.1356,0.0000,14.20,3.3226,-19.2305,0.1282
1705282291.3333,0.0445,0.0130,0.0295,0.0274,0.4414,0.0948,0.1060,0.1080,0.0716,0.4383,0.6283,0.5531,0.6211,0.0000,0.0673,0.0914,0.0739,0.2591,0.0618,0.0012,0.0636,0.0785,0.0000,0.0584,0.0971,0.0903,0.0088,0.0939,0.1321,0.1197,0.1266,0.3997,0.0975,0.0000,16.50,-2.6820,2.1457,-2.0958
1705282291.4000,0.0526,0.0118,0.0482,0.0280,0.4273,0.0860,0.1068,0.1107,0.0715,0.4343,0.6586,0.5135,0.5804,0.0834,0.0567,0.0609,0.0356,0.2369,0.0000,0.0000,0.0738,0.1539,0.0289,0.0528,0.0538,0.1369,0.0760,0.0372,0.0650,0.0153,0.1187,0.4034,0.0487,0.0000,15.87,10.8606,9.0438,-0.6162
1705282291.4667,0.0653,0.0142,0.0417,0.0237,0.4441,0.0842,0.0645,0.0950,0.0713,0.4577,0.6277,0.4945,0.5888,0.0891,0.0000,0.1076,0.0000,0.2862,0.0381,0.0399,0.1026,0.1780,0.0311,0.2331,0.0714,0.1553,0.1201,0.0223,0.0916,0.1085,0.1428,0.3751,0.1287,0.0000,15.05,9.0356,-7.8077,-0.7921
1705282291.5333,0.0610,0.0260,0.0379,0.0214,0.4385,0.0525,0.0633,0.0989,0.0554,0.4871,0.6374,0.4224,0.6028,0.1263,0.0200,0.0697,0.0294,0.2846,0.0142,0.0326,0.1279,0.1463,0.0163,0.0243,0.0400,0.1214,0.1718,0.0389,0.1250,0.1028,0.0818,0.3712,0.1656,0.0000,16.37,-7.8989,-13.7124,2.0670
1705282291.6000,0.0651,0.0080,0.0394,0.0044,0.4067,0.0488,0.0680,0.1114,0.0249,0.5339,0.5368,0.4663,0.6556,0.0000,0.0703,0.0377,0.0768,0.2192,0.0270,0.0339,0.2313,0.1937,0.0525,0.1472,0.1294,0.0444,0.0803,0.0000,0.0964,0.1072,0.0445,0.3441,0.1721,0.0000,10.34,10.6971,-3.3262,4.4763
1705282291.6667,0.0670,0.0065,0.0334,0.0000,0.4256,0.0397,0.0747,0.1089,0.0489,0.5171,0.6275,0.4703,0.7046,0.0000,0.0360,0.0782,0.0592,0.2917,0.0483,0.0202,0.0839,0.1318,0.0083,0.0683,0.0834,0.1005,0.1323,0.0904,0.0508,0.1129,0.1353,0.2955,0.0824,0.0000,15.96,15.2392,-0.9923,5.8920
1705282291.7333,0.0746,0.0107,0.0419,0.0087,0.4250,0.0489,0.0832,0.0930,0.0378,0.5058,0.6522,0.4635,0.6388,0.0000,0.0675,0.0137,0.0000,0.2309,0.0865,0.0450,0.0825,0.1189,0.0000,0.0703,0.1449,0.0915,0.0423,0.0123,0.1291,0.1110,0.0643,0.3584,0.0933,0.0000,15.22,13.7703,-7.3122,-8.9076
1705282291.8000,0.0753,0.0061,0.0325,0.0117,0.4371,0.0571,0.0774,0.1154,0.0423,0.4871,0.6841,0.4423,0.6044,0.0009,0.0243,0.0799,0.0614,0.2571,0.0896,0.0254,0.0819,0.1368,0.0208,0.0643,0.1787,0.1197,0.0342,0.0000,0.1023,0.0626,0.0181,0.3219,0.0109,0.0000,14.15,14.6381,-15.2357,4.8516
1705282291.8667,0.0850,0.0030,0.0212,0.0277,0.4230,0.0568,0.0621,0.1210,0.0403,0.4960,0.6766,0.4479,0.6656,0.0499,0.0392,0.1013,0.0000,0.2888,0.0733,0.0548,0.1072,0.1779,0.0544,0.1224,0.0722,0.0979,0.0000,0.0000,0.0716,0.1351,0.1636,0.3443,0.0433,0.0000,12.35,17.6485,-5.6381,-3.1169
1705282291.9333,0.0847,0.0076,0.0111,0.0219,0.4645,0.0917,0.0401,0.1244,0.0438,0.4661,0.7023,0.4537,0.6284,0.0452,0.0329,0.0000,0.0000,0.2619,0.0324,0.0616,0.1295,0.0491,0.0116,0.1312,0.0564,0.0549,0.0978,0.0123,0.0694,0.0123,0.1059,0.3207,0.0010,0.0000,10.90,15.2519,-0.6574,-2.6954
1705282292.0000,0.0701,0.0311,0.0153,0.0071,0.4837,0.0758,0.0377,0.1238,0.0375,0.4707,0.6746,0.4105,0.6754,0.0586,0.0061,0.0000,0.0289,0.2853,0.0874,0.0151,0.1755,0.0280,0.0351,0.0978,0.0240,0.1684,0.0490,0.0212,0.0590,0.1178,0.0623,0.4012,0.0291,0.0000,15.19,10.0258,-7.0568,4.4083
1705282292.0667,0.0639,0.0484,0.0215,0.0213,0.4645,0.0638,0.0462,0.1263,0.0519,0.4553,0.7158,0.5152,0.6704,0.0569,0.0017,0.0339,0.0000,0.2401,0.0361,0.1187,0.1273,0.1642,0.0525,0.1536,0.1667,0.1687,0.1405,0.0264,0.0077,0.1423,0.0986,0.3925,0.1045,0.0000,15.95,10.0266,4.7793,9.5733
1705282292.1333,0.0523,0.0540,0.0110,0.0185,0.4868,0.0852,0.0265,0.1245,0.0543,0.4522,0.7446,0.5397,0.7175,0.0680,0.0000,0.0873,0.0744,0.2666,0.0109,0.0833,0.1147,0.1059,0.0372,0.1074,0.0454,0.1110,0.0725,0.0000,0.0918,0.0826,0.1091,0.3741,0.0558,0.0000,9.79,14.6104,4.5021,-2.8951
1705282292.2000,0.0437,0.0442,0.0134,0.0171,0.4671,0.0800,0.0231,0.1220,0.0683,0.4726,0.7142,0.6116,0.6969,0.0266,0.0592,0.0714,0.0324,0.2306,0.0117,0.0426,0.1090,0.1228,0.1066,0.1014,0.0588,0.0226,0.1097,0.0223,0.1597,0.1423,0.1370,0.3451,0.0707,0.0000,17.43,6.4326,-7.4953,0.5880
1705282292.2667,0.0464,0.0358,0.0110,0.0121,0.4520,0.0773,0.0252,0.1329,0.0635,0.4863,0.6565,0.6216,0.7346,0.0000,0.0000,0.0000,0.0221,0.2035,0.0374,0.0000,0.0932,0.1298,0.0000,0.1741,0.0745,0.0410,0.0695,0.0078,0.0989,0.1453,0.1018,0.3887,0.0766,0.0000,11.01,4.7113,-3.7595,9.9805
1705282292.3333,0.0427,0.0305,0.0119,0.0031,0.4807,0.0799,0.0336,0.1510,0.0657,0.4605,0.6222,0.6385,0.7034,0.1114,0.0980,0.0364,0.0387,0.2828,0.0394,0.0457,0.0490,0.1231,0.0543,0.1224,0.1311,0.1167,0.0795,0.0168,0.0962,0.1324,0.0550,0.3962,0.1770,0.0000,18.97,5.0935,4.9638,0.9193
1705282292.4000,0.0638,0.0211,0.0122,0.0011,0.4927,0.0598,0.0494,0.1359,0.0664,0.4586,0.5726,0.7678,0.6766,0.0715,0.0865,0.0696,0.0000,0.3351,0.0000,0.0481,0.0301,0.1796,0.0074,0.1876,0.0894,0.1317,0.0893,0.0000,0.0000,0.0582,0.1238,0.3912,0.0669,0.0000,16.69,5.8982,0.2207,-3.2931
1705282292.4667,0.0697,0.0310,0.0005,0.0025,0.5208,0.0457,0.0564,0.1388,0.0752,0.4356,0.5894,0.7287,0.6641,0.0243,0.0229,0.0332,0.0008,0.3108,0.0244,0.0000,0.1365,0.0902,0.0165,0.1374,0.1096,0.0869,0.0778,0.0765,0.0862,0.1903,0.0028,0.4142,0.1191,0.0000,15.78,7.1232,-1.5078,-2.0226
1705282292.5333,0.0662,0.0156,0.0011,0.0104,0.4998,0.0297,0.0768,0.1237,0.0700,0.4640,0.6248,0.6955,0.6631,0.0000,0.0000,0.0848,0.0805,0.3150,0.0081,0.0255,0.1209,0.0696,0.0000,0.1368,0.0182,0.1061,0.0353,0.0621,0.1545,0.0937,0.1066,0.4441,0.1171,0.0000,17.39,25.2512,-11.8139,-1.6845
1705282292.6000,0.0827,0.0029,0.0213,0.0124,0.4790,0.0209,0.0870,0.1300,0.0745,0.4536,0.5991,0.6047,0.6233,0.0167,0.0182,0.1365,0.0312,0.2419,0.0299,0.1148,0.1654,0.1679,0.0000,0.0912,0.1042,0.1076,0.1407,0.0081,0.1717,0.1691,0.1792,0.3073,0.1489,0.0000,17.04,0.4627,4.3515,-2.6595
1705282292.6667,0.0760,0.0158,0.0133,0.0182,0.4431,0.0176,0.0999,0.1413,0.0717,0.4619,0.6047,0.6608,0.5861,0.0000,0.0766,0.1276,0.0195,0.3467,0.0427,0.0000,0.1022,0.1496,0.0000,0.1156,0.1804,0.0809,0.1391,0.0512,0.0878,0.0907,0.0440,0.2978,0.1708,0.0000,15.43,1.0130,3.9257,4.7673
1705282292.7333,0.0700,0.0266,0.0141,0.0173,0.4421,0.0269,0.1068,0.1533,0.0758,0.4402,0.5808,0.6161,0.6093,0.0391,0.0332,0.1570,0.1039,0.2733,0.0366,0.0665,0.0191,0.1650,0.0007,0.1084,0.1479,0.0923,0.1313,0.1010,0.1469,0.1321,0.1216,0.3382,0.0316,0.0000,16.02,3.9031,-5.5708,2.9561
1705282292.8000,0.0729,0.0411,0.0134,0.0214,0.4410,0.0185,0.1014,0.1626,0.1042,0.4140,0.5670,0.5990,0.6113,0.0000,0.1243,0.0546,0.0143,0.2348,0.0000,0.0116,0.1358,0.0927,0.0055,0.1448,0.1066,0.1164,0.0581,0.0531,0.0835,0.0529,0.1046,0.3144,0.1176,0.0000,13.94,3.0892,8.5968,-1.6878
1705282292.8667,0.0533,0.0325,0.0097,0.0203,0.4632,0.0267,0.1176,0.1499,0.1229,0.4023,0.5483,0.6506,0.7008,0.0135,0.1257,0.0584,0.0535,0.2873,0.0283,0.1018,0.0242,0.0164,0.0000,0.0831,0.1188,0.0716,0.0000,0.0322,0.0574,0.1933,0.1453,0.3371,0.0752,0.0000,14.04,0.4572,1.2227,2.3487
1705282292.9333,0.0672,0.0286,0.0019,0.0223,0.4697,0.0084,0.1256,0.1473,0.1310,0.3987,0.5936,0.6209,0.7292,0.0312,0.0473,0.1141,0.0687,0.2997,0.0023,0.0000,0.0000,0.0488,0.0000,0.1595,0.0800,0.0784,0.1195,0.0455,0.0774,0.0731,0.1062,0.4245,0.0987,0.0000,17.08,-0.1161,13.5500,7.0931
1705282293.0000,0.0431,0.0142,0.0104,0.0164,0.4538,0.0086,0.1303,0.1547,0.1146,0.4324,0.5545,0.6097,0.7212,0.0047,0.0571,0.0498,0.0967,0.2687,0.0343,0.0011,0.0260,0.1087,0.0047,0.0839,0.0963,0.2213,0.0510,0.0456,0.0611,0.0942,0.0224,0.3705,0.0000,0.0000,18.48,-3.6466,9.3370,-3.7535
1705282293.0667,0.0340,0.0216,0.0170,0.0092,0.4228,0.0000,0.1302,0.1632,0.0968,0.4631,0.5369,0.5282,0.7320,0.0132,0.1060,0.0449,0.0674,0.2417,0.0000,0.0392,0.1107,0.0861,0.0095,0.1838,0.1007,0.0628,0.1010,0.0894,0.1229,0.1718,0.1411,0.3292,0.1966,0.0000,14.41,3.6415,-6.4785,0.4800
1705282293.1333,0.0293,0.0183,0.0303,0.0076,0.4566,0.0000,0.1167,0.1591,0.1021,0.4480,0.5651,0.6385,0.7085,0.0166,0.0800,0.0574,0.0587,0.3130,0.0497,0.0379,0.1076,0.0216,0.0244,0.1129,0.1868,0.0775,0.0350,0.0714,0.1179,0.1804,0.1050,0.3170,0.0582,0.0000,13.17,-4.5422,7.4191,-7.4038
1705282293.2000,0.0253,0.0374,0.0228,0.0004,0.4488,0.0336,0.1367,0.1624,0.0761,0.4339,0.5871,0.6478,0.7543,0.0000,0.0742,0.1366,0.0850,0.2435,0.0082,0.0318,0.0470,0.0173,0.0544,0.1317,0.0878,0.0401,0.1015,0.0554,0.1466,0.0748,0.0714,0.2930,0.1106,0.0000,19.08,5.8150,-24.4373,1.6448
1705282293.2667,0.0113,0.0296,0.0171,0.0115,0.4335,0.0509,0.1339,0.1712,0.0801,0.4366,0.5875,0.6402,0.6908,0.0662,0.0540,0.0000,0.0903,0.1804,0.0648,0.0000,0.0134,0.1103,0.0536,0.0668,0.0953,0.0612,0.1255,0.0000,0.0838,0.1693,0.1712,0.3562,0.1428,0.0000,13.59,5.2721,15.1623,0.7066
1705282293.3333,0.0159,0.0326,0.0198,0.0026,0.4375,0.0510,0.1128,0.1586,0.0718,0.4585,0.5168,0.6369,0.7067,0.0285,0.0356,0.0207,0.1202,0.2491,0.0000,0.0000,0.0272,0.0760,0.0257,0.0250,0.0934,0.1118,0.0195,0.0851,0.0408,0.0457,0.0464,0.4036,0.2012,0.0000,15.59,12.3253,-2.8540,1.9322
1705282293.4000,0.0143,0.0298,0.0177,0.0000,0.4204,0.0511,0.0950,0.1540,0.0379,0.5079,0.5217,0.6576,0.6922,0.0000,0.0572,0.0000,0.0077,0.2662,0.0120,0.0502,0.0893,0.0781,0.0337,0.1043,0.0443,0.1489,0.0878,0.0391,0.1038,0.0080,0.1148,0.3197,0.0617,0.0000,14.83,-7.8015,-6.2383,6.2762
1705282293.4667,0.0076,0.0221,0.0096,0.0150,0.4056,0.0340,0.0931,0.1533,0.0196,0.5441,0.5469,0.5870,0.6363,0.1562,0.0213,0.0759,0.0380,0.2578,0.0000,0.0471,0.1097,0.0993,0.0273,0.0145,0.0879,0.0418,0.0659,0.0129,0.1513,0.0390,0.0812,0.3040,0.1749,0.0000,17.81,8.3032,-13.7963,0.6767
1705282293.5333,0.0105,0.0213,0.0195,0.0273,0.4116,0.0383,0.1040,0.1354,0.0202,0.5271,0.5077,0.5620,0.6796,0.0312,0.0971,0.0220,0.0969,0.2696,0.0000,0.0000,0.1315,0.0489,0.0000,0.0527,0.1679,0.1017,0.1166,0.0782,0.1347,0.0445,0.1517,0.3502,0.1695,0.0000,15.73,24.1910,2.3350,-5.3102
1705282293.6000,0.0021,0.0250,0.0211,0.0288,0.4287,0.0420,0.1217,0.1418,0.0038,0.5110,0.5353,0.4677,0.6032,0.0849,0.0562,0.0000,0.0349,0.2596,0.0378,0.0002,0.0686,0.1109,0.0432,0.0442,0.0376,0.0795,0.1023,0.0517,0.1088,0.0329,0.0165,0.3418,0.0075,0.0000,13.09,3.3081,-6.1237,-3.1777
1705282293.6667,0.0061,0.0184,0.0186,0.0379,0.4379,0.0344,0.1254,0.1308,0.0146,0.5055,0.5381,0.4479,0.5328,0.0587,0.0443,0.0000,0.1191,0.2940,0.0000,0.0380,0.0972,0.0738,0.0384,0.0697,0.1735,0.0895,0.0279,0.0814,0.1498,0.1466,0.0214,0.3385,0.0696,0.0000,7.67,9.2087,1.6618,2.3474
1705282293.7333,0.0321,0.0362,0.0052,0.0281,0.4074,0.0253,0.1353,0.1255,0.0000,0.5229,0.6512,0.4620,0.5450,0.0000,0.1012,0.0587,0.1141,0.2041,0.0540,0.0000,0.0660,0.0600,0.0255,0.0412,0.1800,0.1038,0.0562,0.0673,0.0995,0.0469,0.0939,0.2662,0.2150,0.0000,12.43,-2.6467,14.3669,-3.3590
1705282293.8000,0.0320,0.0457,0.0139,0.0224,0.3979,0.0341,0.1006,0.1370,0.0000,0.5299,0.6342,0.4297,0.5397,0.0577,0.1055,0.0154,0.0378,0.1936,0.0000,0.0000,0.0620,0.0713,0.0000,0.1123,0.0869,0.1488,0.1381,0.0855,0.1859,0.1234,0.0740,0.2990,0.1192,0.0000,14.13,-0.1841,2.2288,-6.5155
1705282293.8667,0.0304,0.0369,0.0217,0.0272,0.3969,0.0420,0.0946,0.1073,0.0087,0.5405,0.6857,0.3936,0.6246,0.1067,0.0391,0.0445,0.0453,0.2178,0.0000,0.0100,0.0737,0.1785,0.0484,0.1709,0.1074,0.0364,0.0112,0.0003,0.0238,0.0685,0.0550,0.3285,0.1631,0.0000,14.18,-3.0272,7.7174,5.3953
1705282293.9333,0.0306,0.0350,0.0181,0.0201,0.3986,0.0385,0.0825,0.1002,0.0119,0.5587,0.7934,0.4967,0.6223,0.0000,0.0209,0.0002,0.0308,0.2232,0.0041,0.0000,0.1393,0.0912,0.0000,0.1452,0.2102,0.1316,0.1472,0.0399,0.1093,0.0812,0.1166,0.3674,0.0752,0.0000,15.85,9.7297,-10.5571,0.9108
1705282294.0000,0.0321,0.0312,0.0329,0.0181,0.4588,0.0517,0.0571,0.1011,0.0193,0.5186,0.7339,0.5294,0.6283,0.0500,0.0000,0.0663,0.0000,0.3038,0.0600,0.0073,0.0987,0.1058,0.0000,0.0379,0.0903,0.1460,0.0408,0.0231,0.0982,0.1358,0.1172,0.4488,0.1452,0.0000,19.02,0.1642,-7.3952,-2.8918
1705282294.0667,0.0452,0.0319,0.0345,0.0264,0.4553,0.0699,0.0562,0.1070,0.0149,0.4952,0.6310,0.4406,0.6707,0.0299,0.0547,0.0211,0.0304,0.2473,0.0000,0.0137,0.1223,0.0838,0.0000,0.1597,0.0485,0.1272,0.0645,0.0372,0.0746,0.0000,0.1160,0.3815,0.0637,0.0000,15.02,1.2393,10.3138,-0.4167
1705282294.1333,0.0569,0.0203,0.0327,0.0331,0.4404,0.0437,0.0463,0.0758,0.0070,0.5463,0.6351,0.4183,0.7024,0.0000,0.0000,0.0328,0.0000,0.2720,0.0832,0.0496,0.0122,0.1070,0.0000,0.1006,0.1712,0.1262,0.1143,0.0000,0.0415,0.1803,0.1514,0.3578,0.2285,0.0000,15.12,15.3532,16.8314,-9.8360
1705282294.2000,0.0625,0.0384,0.0294,0.0315,0.4226,0.0603,0.0482,0.0923,0.0175,0.5184,0.6977,0.4033,0.7296,0.0870,0.0985,0.1321,0.0084,0.3077,0.0321,0.0069,0.1374,0.0943,0.0236,0.1674,0.1492,0.1047,0.1532,0.0000,0.0675,0.1691,0.0562,0.3091,0.0343,0.0000,11.23,21.5597,1.3090,-9.0764
1705282294.2667,0.0584,0.0285,0.0156,0.0185,0.4099,0.0387,0.0656,0.1042,0.0647,0.5175,0.7053,0.5645,0.7008,0.0034,0.0654,0.2018,0.0744,0.2536,0.0250,0.0104,0.2211,0.1376,0.0374,0.0797,0.1165,0.0636,0.0734,0.0000,0.0031,0.0843,0.1560,0.3233,0.0623,0.0000,14.14,15.7391,7.1682,0.5729
1705282294.3333,0.0534,0.0277,0.0188,0.0166,0.3931,0.0522,0.0757,0.1049,0.0720,0.5114,0.6472,0.6289,0.7533,0.0239,0.0403,0.0029,0.0504,0.1993,0.0158,0.0098,0.1376,0.0627,0.0614,0.0568,0.0490,0.2222,0.0651,0.0581,0.1754,0.0301,0.0114,0.2224,0.0541,0.0000,15.90,-2.7253,-13.2357,-7.8572
1705282294.4000,0.0504,0.0438,0.0217,0.0135,0.3890,0.0455,0.0623,0.1142,0.0774,0.5093,0.6301,0.6481,0.6956,0.0339,0.0357,0.0893,0.0678,0.2798,0.0272,0.0000,0.0923,0.1515,0.0000,0.1214,0.0412,0.1787,0.0169,0.0300,0.0048,0.1151,0.1312,0.2260,0.1165,0.0000,15.04,-5.4695,18.8896,-0.1106
1705282294.4667,0.0350,0.0482,0.0147,0.0124,0.3920,0.0417,0.0690,0.1306,0.0607,0.5174,0.6423,0.7116,0.6637,0.0000,0.1377,0.0778,0.0000,0.2198,0.0366,0.0874,0.1145,0.1515,0.0609,0.1128,0.0759,0.0566,0.0843,0.0654,0.1191,0.2011,0.0372,0.3809,0.1616,0.0000,18.76,7.0383,9.7440,4.6916
1705282294.5333,0.0442,0.0407,0.0175,0.0150,0.3780,0.0438,0.0808,0.1334,0.0544,0.5153,0.6544,0.5745,0.6931,0.0742,0.0409,0.0444,0.0949,0.2068,0.0439,0.0000,0.0000,0.0971,0.0508,0.0000,0.1388,0.0000,0.0439,0.0310,0.0617,0.1308,0.0643,0.2889,0.1741,0.0000,16.99,5.5974,-7.8619,-3.8610
1705282294.6000,0.0322,0.0452,0.0148,0.0195,0.3826,0.0355,0.0930,0.1468,0.0711,0.4956,0.7190,0.5765,0.7257,0.0000,0.1167,0.0472,0.0398,0.2639,0.0094,0.0082,0.1003,0.1048,0.0492,0.0252,0.0812,0.0178,0.1283,0.0276,0.0487,0.0483,0.0794,0.3149,0.1643,0.0000,13.86,-1.5251,-1.5814,-1.2532
1705282294.6667,0.0335,0.0318,0.0222,0.0273,0.4023,0.0418,0.1043,0.1601,0.0710,0.4634,0.7111,0.5233,0.7140,0.0481,0.1455,0.0467,0.0671,0.2358,0.0385,0.0211,0.1317,0.0324,0.0000,0.0900,0.1002,0.0875,0.1234,0.0379,0.1916,0.0453,0.1235,0.2867,0.0123,0.0000,12.18,8.8651,13.1298,2.8757
1705282294.7333,0.0367,0.0304,0.0322,0.0309,0.4265,0.0369,0.1000,0.1571,0.0676,0.4491,0.7238,0.4956,0.7198,0.0597,0.0926,0.0659,0.1156,0.2631,0.0000,0.0000,0.0557,0.1147,0.0083,0.1776,0.1058,0.0000,0.1265,0.0391,0.0764,0.0324,0.1087,0.3596,0.0075,0.0000,18.16,16.7859,-17.2127,2.6954
1705282294.8000,0.0411,0.0261,0.0258,0.0139,0.4120,0.0174,0.0736,0.1493,0.0872,0.4921,0.7146,0.5125,0.6830,0.0000,0.0959,0.0000,0.0444,0.2818,0.0552,0.0415,0.0592,0.0603,0.0000,0.0647,0.1083,0.1546,0.0246,0.0447,0.2164,0.1723,0.0276,0.2886,0.1253,0.0000,15.22,8.6382,-3.8147,1.1623
1705282294.8667,0.0522,0.0238,0.0243,0.0245,0.3916,0.0193,0.0924,0.1352,0.1101,0.4760,0.6853,0.5124,0.7114,0.0996,0.1026,0.1082,0.0641,0.2165,0.0409,0.0000,0.0281,0.2070,0.0903,0.1117,0.1151,0.0188,0.1012,0.0897,0.0208,0.1054,0.1359,0.2614,0.1705,0.0000,15.19,1.2685,-10.0234,1.3725
1705282294.9333,0.0472,0.0367,0.0193,0.0238,0.3740,0.0356,0.0873,0.1300,0.1204,0.4755,0.7096,0.5750,0.7336,0.0000,0.0626,0.0981,0.0902,0.2199,0.0584,0.0000,0.1267,0.0368,0.0000,0.0533,0.0522,0.1632,0.0585,0.0667,0.1015,0.1141,0.1392,0.3360,0.0644,0.0000,13.94,3.0867,6.0494,2.1326
1705282295.0000,0.0419,0.0513,0.0047,0.0235,0.4061,0.0366,0.0991,0.1173,0.1045,0.4690,0.7133,0.6323,0.7553,0.0337,0.0515,0.0981,0.0367,0.2350,0.0000,0.0074,0.1431,0.0639,0.0097,0.0410,0.1357,0.1173,0.0475,0.0584,0.1000,0.0000,0.0568,0.2597,0.0596,0.0000,17.37,4.9237,12.5126,3.7046
1705282295.0667,0.0535,0.0479,0.0000,0.0418,0.3985,0.0349,0.1002,0.1220,0.1020,0.4594,0.7064,0.6381,0.7361,0.1337,0.0566,0.2017,0.0500,0.2551,0.0230,0.0000,0.0365,0.0869,0.0166,0.0537,0.0896,0.1681,0.0744,0.0594,0.1342,0.0870,0.0944,0.3848,0.0948,0.0000,14.75,-2.9231,-2.0142,16.0484
1705282295.1333,0.0648,0.0392,0.0035,0.0466,0.4146,0.0267,0.1007,0.1083,0.1028,0.4557,0.7327,0.5836,0.6940,0.0978,0.0745,0.0459,0.0791,0.2128,0.0482,0.0141,0.0000,0.0637,0.0391,0.1934,0.0824,0.2227,0.1170,0.0390,0.1118,0.1102,0.0531,0.3236,0.0772,0.0000,14.61,14.7218,10.1825,4.4239
1705282295.2000,0.0487,0.0381,0.0204,0.0373,0.4232,0.0452,0.1024,0.1080,0.0875,0.4536,0.7014,0.5975,0.7113,0.0679,0.0110,0.0663,0.0450,0.2422,0.0090,0.0309,0.0117,0.0792,0.0162,0.1300,0.1467,0.1467,0.1085,0.0101,0.1667,0.0799,0.1164,0.3045,0.1150,0.0000,20.30,10.4398,-8.6843,2.5693
1705282295.2667,0.0395,0.0457,0.0248,0.0452,0.4177,0.0390,0.1195,0.1071,0.0938,0.4407,0.7379,0.5463,0.7510,0.0238,0.1302,0.0883,0.0000,0.1914,0.0498,0.0000,0.0232,0.1572,0.0064,0.0837,0.0763,0.1509,0.0953,0.0326,0.1371,0.1284,0.0658,0.3791,0.0853,0.0000,16.47,2.4101,-11.5033,2.7225
1705282295.3333,0.0442,0.0395,0.0286,0.0562,0.4334,0.0242,0.1307,0.0980,0.1120,0.4200,0.8288,0.4589,0.7675,0.0371,0.0966,0.0864,0.0817,0.2406,0.0786,0.0465,0.1292,0.1242,0.0061,0.1504,0.0973,0.0912,0.0856,0.0341,0.0484,0.1159,0.0658,0.3044,0.0967,0.0000,17.51,-6.6983,-18.2988,-3.8054
1705282295.4000,0.0268,0.0384,0.0208,0.0581,0.4439,0.0370,0.1289,0.0993,0.1107,0.4217,0.8158,0.4769,0.7257,0.1174,0.1407,0.0650,0.0820,0.2570,0.0000,0.0179,0.0229,0.1532,0.0462,0.1220,0.0615,0.0711,0.1238,0.0307,0.0328,0.0699,0.1435,0.3693,0.1703,0.0000,13.49,25.0641,-6.5738,3.8041
1705282295.4667,0.0385,0.0399,0.0170,0.0473,0.4271,0.0506,0.1119,0.0738,0.0970,0.4581,0.7445,0.4486,0.7363,0.0126,0.0990,0.0707,0.0731,0.3018,0.0246,0.0603,0.0489,0.1012,0.0223,0.1556,0.1659,0.0168,0.0782,0.0119,0.0160,0.0634,0.1593,0.4578,0.0000,0.0000,14.19,10.5110,7.2058,-5.3145
1705282295.5333,0.0146,0.0472,0.0002,0.0498,0.4201,0.0648,0.0922,0.0871,0.0843,0.4839,0.7139,0.4662,0.7528,0.0911,0.1047,0.0289,0.0867,0.2568,0.0124,0.0180,0.1381,0.1193,0.0137,0.1308,0.0407,0.1223,0.0227,0.0112,0.1911,0.0889,0.0432,0.3433,0.0768,0.0000,15.84,5.2905,-0.6668,-0.7456
1705282295.6000,0.0135,0.0412,0.0000,0.0523,0.4273,0.0731,0.1076,0.0939,0.1050,0.4517,0.7141,0.4759,0.7091,0.0721,0.0216,0.0843,0.0495,0.2514,0.0092,0.0000,0.1440,0.1103,0.0490,0.1066,0.1371,0.1033,0.1616,0.0725,0.1323,0.1494,0.2342,0.4169,0.0693,0.0000,20.20,-5.4170,5.0982,-1.0830
1705282295.6667,0.0196,0.0404,0.0011,0.0438,0.4358,0.0537,0.1118,0.1007,0.0846,0.4651,0.7129,0.5370,0.7112,0.0152,0.0959,0.0117,0.0701,0.2300,0.0000,0.0373,0.1153,0.0000,0.0713,0.1749,0.0724,0.0600,0.1472,0.0731,0.1354,0.1261,0.0821,0.3973,0.0000,0.0000,16.96,8.6645,21.9755,9.1488
1705282295.7333,0.0073,0.0615,0.0000,0.0465,0.4267,0.0608,0.1019,0.0937,0.0734,0.4769,0.6706,0.5478,0.6635,0.0276,0.0746,0.0000,0.0896,0.2833,0.0000,0.0000,0.1176,0.0964,0.0237,0.0234,0.1475,0.1153,0.0316,0.0701,0.1118,0.0836,0.2060,0.2853,0.0293,0.0000,12.01,10.5296,-4.8000,-6.9086
1705282295.8000,0.0115,0.0625,0.0021,0.0439,0.4233,0.0587,0.1161,0.1097,0.0688,0.4619,0.7031,0.5725,0.6539,0.0505,0.0331,0.0449,0.0541,0.2822,0.0012,0.0234,0.0249,0.1444,0.0779,0.0498,0.0710,0.0647,0.0797,0.0816,0.1297,0.1453,0.0854,0.3666,0.1256,0.0000,16.48,15.4018,23.4598,5.7075
1705282295.8667,0.0317,0.0666,0.0016,0.0428,0.4427,0.0609,0.1005,0.1115,0.0677,0.4445,0.7157,0.5108,0.6788,0.0652,0.0441,0.0002,0.0000,0.3167,0.0000,0.0198,0.0849,0.0099,0.0295,0.0841,0.0859,0.0017,0.1481,0.0336,0.0929,0.1335,0.0795,0.3841,0.0977,0.0000,9.52,10.5663,1.9753,-8.5647
1705282295.9333,0.0508,0.0548,0.0000,0.0311,0.4495,0.0670,0.0926,0.1056,0.0807,0.4408,0.6222,0.5176,0.6662,0.0210,0.0750,0.0517,0.1171,0.2545,0.0499,0.0561,0.0705,0.2032,0.0671,0.0462,0.1394,0.1664,0.0890,0.0607,0.0000,0.0779,0.1022,0.3463,0.1268,0.0000,12.69,-3.4127,-20.4194,-6.8149
1705282296.0000,0.0470,0.0464,0.0000,0.0336,0.4552,0.0657,0.1111,0.1229,0.0757,0.4255,0.6187,0.4897,0.6171,0.0000,0.0987,0.0248,0.0869,0.2574,0.0080,0.0000,0.0332,0.0391,0.0162,0.0728,0.0960,0.1048,0.1064,0.0160,0.0394,0.0489,0.1839,0.3304,0.1347,0.0000,19.74,-0.7167,-8.9873,3.8757
1705282296.0667,0.0502,0.0613,0.0000,0.0352,0.4716,0.0593,0.1003,0.1162,0.0513,0.4328,0.6769,0.5553,0.6085,0.0000,0.0205,0.0000,0.0184,0.2550,0.0469,0.0641,0.1298,0.1985,0.0822,0.1120,0.0588,0.0601,0.1187,0.0856,0.0961,0.0651,0.0598,0.3080,0.1515,0.0000,16.46,5.1724,3.0896,0.8191
1705282296.1333,0.0569,0.0525,0.0000,0.0286,0.4478,0.0647,0.0945,0.1326,0.0357,0.4520,0.6635,0.6430,0.5874,0.0385,0.1051,0.1068,0.0333,0.2820,0.0309,0.0007,0.0667,0.1326,0.1231,0.0864,0.0877,0.1118,0.0884,0.0782,0.1255,0.1050,0.0516,0.3397,0.1510,0.0000,13.41,-0.2392,14.1478,2.1834
1705282296.2000,0.0581,0.0355,0.0139,0.0224,0.4303,0.0569,0.0997,0.1327,0.0672,0.4500,0.6510,0.4956,0.6500,0.0105,0.0399,0.0682,0.0761,0.2937,0.0085,0.0475,0.0904,0.0832,0.0170,0.1600,0.0905,0.1437,0.1669,0.0735,0.1949,0.0638,0.0559,0.3604,0.0191,0.0000,11.35,7.4589,5.6203,1.2438
1705282296.2667,0.0527,0.0591,0.0226,0.0270,0.4518,0.0580,0.0896,0.1353,0.0569,0.4281,0.6543,0.4574,0.5954,0.0313,0.0643,0.0036,0.0448,0.2790,0.0000,0.0369,0.0408,0.0842,0.0000,0.0304,0.1417,0.1346,0.1137,0.0566,0.1355,0.1191,0.0071,0.3334,0.0824,0.0000,16.62,10.4154,-6.6470,-6.4143
1705282296.3333,0.0656,0.0533,0.0181,0.0302,0.4334,0.0565,0.0836,0.1411,0.0597,0.4352,0.6605,0.5021,0.6359,0.0241,0.0830,0.0661,0.0655,0.2523,0.0000,0.0000,0.1856,0.1270,0.0646,0.0722,0.0749,0.0214,0.0828,0.0572,0.0607,0.1345,0.0038,0.3163,0.1800,0.0000,15.25,2.8912,-3.4658,1.7264
1705282296.4000,0.0768,0.0351,0.0207,0.0198,0.4346,0.0581,0.0630,0.1617,0.0796,0.4303,0.5940,0.5757,0.6301,0.0312,0.0272,0.0920,0.0000,0.2100,0.0628,0.0573,0.1162,0.0765,0.0303,0.1494,0.1917,0.0869,0.1136,0.0317,0.1635,0.1030,0.1418,0.3941,0.0154,0.0000,13.59,11.3619,2.6096,0.7310
1705282296.4667,0.0646,0.0278,0.0188,0.0205,0.4641,0.0610,0.0566,0.1592,0.0530,0.4446,0.5883,0.6267,0.5719,0.0550,0.0436,0.0555,0.0456,0.2533,0.0623,0.0036,0.0962,0.0998,0.0257,0.1292,0.0268,0.1631,0.1499,0.0693,0.0743,0.1248,0.1603,0.3800,0.0890,0.0000,15.70,13.1315,3.3328,-0.2119
1705282296.5333,0.0624,0.0233,0.0184,0.0265,0.4804,0.0541,0.0813,0.1689,0.0540,0.4184,0.6041,0.6415,0.6239,0.0000,0.0870,0.0874,0.0207,0.3382,0.0600,0.0480,0.0933,0.1654,0.0114,0.0690,0.0641,0.0877,0.0887,0.0641,0.1459,0.1888,0.1170,0.4145,0.0759,0.0000,16.59,18.3626,4.3077,-4.3159
1705282296.6000,0.0496,0.0290,0.0229,0.0229,0.4790,0.0639,0.0898,0.1596,0.0515,0.4191,0.6488,0.5620,0.6589,0.1333,0.0268,0.0662,0.1067,0.3011,0.0398,0.0638,0.1140,0.0361,0.0522,0.0795,0.0562,0.1060,0.0651,0.0241,0.0540,0.1145,0.0049,0.3850,0.1220,0.0000,17.18,-4.8621,17.9214,-1.3471
1705282296.6667,0.0476,0.0211,0.0235,0.0312,0.4780,0.0647,0.0883,0.1647,0.0631,0.4106,0.6441,0.4179,0.6318,0.1032,0.0194,0.0665,0.0495,0.2812,0.0155,0.0000,0.1132,0.1056,0.0185,0.0874,0.1230,0.0876,0.0788,0.0438,0.1165,0.0881,0.1060,0.4416,0.0806,0.0000,9.31,-3.7144,4.5631,2.6280
1705282296.7333,0.0400,0.0282,0.0262,0.0251,0.4629,0.0517,0.0872,0.1604,0.0532,0.4391,0.6467,0.4585,0.6454,0.0000,0.0739,0.0901,0.0213,0.2722,0.0049,0.0120,0.0586,0.0003,0.0000,0.0661,0.0867,0.1090,0.0997,0.0000,0.0946,0.1588,0.0000,0.4215,0.1364,0.0000,13.15,16.6937,-8.1250,3.7834
1705282296.8000,0.0476,0.0380,0.0297,0.0169,0.4716,0.0497,0.0919,0.1772,0.0337,0.4261,0.6689,0.4995,0.6680,0.0581,0.0807,0.0856,0.0486,0.3319,0.0365,0.0399,0.0757,0.1299,0.0836,0.0907,0.0332,0.0884,0.1983,0.0334,0.1026,0.1257,0.0149,0.2945,0.1056,0.0000,14.70,1.0884,5.2242,-1.3953
1705282296.8667,0.0418,0.0298,0.0194,0.0194,0.4669,0.0405,0.1075,0.1675,0.0415,0.4395,0.6025,0.4911,0.7023,0.0057,0.0795,0.0000,0.0527,0.2410,0.0000,0.0663,0.0852,0.0522,0.0424,0.0476,0.0409,0.1740,0.0360,0.0904,0.1722,0.0647,0.2050,0.3973,0.1959,0.0000,11.58,-3.2552,6.1343,-0.2753
1705282296.9333,0.0383,0.0174,0.0152,0.0287,0.4493,0.0378,0.1080,0.1479,0.0516,0.4635,0.6217,0.5267,0.7481,0.0124,0.0556,0.0000,0.0858,0.2856,0.0391,0.1000,0.0730,0.2044,0.0447,0.0905,0.0887,0.0101,0.1139,0.0628,0.0643,0.1570,0.1362,0.3813,0.0859,0.0000,8.36,-8.3324,-9.5280,-8.9507
1705282297.0000,0.0286,0.0272,0.0296,0.0322,0.4607,0.0383,0.1114,0.1530,0.0422,0.4461,0.5319,0.5614,0.6912,0.0233,0.0682,0.0641,0.1377,0.2608,0.0141,0.0348,0.1862,0.0378,0.0204,0.0072,0.0000,0.1500,0.1055,0.0503,0.0737,0.0704,0.1446,0.3812,0.0919,0.0000,13.59,19.1032,-0.2564,-5.0413
1705282297.0667,0.0204,0.0327,0.0270,0.0455,0.4117,0.0349,0.0856,0.1420,0.0283,0.5032,0.5512,0.5695,0.6889,0.0744,0.0758,0.0266,0.0000,0.2758,0.0875,0.0018,0.1740,0.1311,0.0015,0.1199,0.0973,0.1435,0.0829,0.0854,0.1129,0.1127,0.0942,0.3134,0.1054,0.0000,14.96,-5.2362,-4.6944,-0.4604
1705282297.1333,0.0358,0.0200,0.0356,0.0705,0.4296,0.0236,0.1003,0.1399,0.0423,0.4614,0.6038,0.5274,0.7169,0.0929,0.0516,0.0000,0.0849,0.2499,0.0000,0.0937,0.0730,0.1844,0.0129,0.1432,0.1723,0.0593,0.1278,0.0484,0.1690,0.1959,0.0746,0.3416,0.1603,0.0000,14.55,-6.2182,9.6272,-1.5027
1705282297.2000,0.0562,0.0103,0.0340,0.0541,0.4429,0.0286,0.0883,0.1170,0.0331,0.4812,0.6029,0.6474,0.6857,0.0513,0.0000,0.0494,0.0566,0.2879,0.0949,0.0851,0.0000,0.1193,0.0318,0.0000,0.2022,0.0816,0.0455,0.0416,0.1623,0.0211,0.1305,0.3553,0.0277,0.0000,15.85,14.9503,-12.1741,-1.4255
1705282297.2667,0.0570,0.0171,0.0334,0.0541,0.4361,0.0533,0.0832,0.1081,0.0424,0.4692,0.5822,0.6001,0.7464,0.0241,0.0719,0.0696,0.0289,0.3081,0.0278,0.0635,0.0000,0.1430,0.0182,0.1466,0.1186,0.0972,0.0795,0.0436,0.0890,0.1344,0.0790,0.3716,0.1574,0.0000,16.22,20.2304,11.8560,2.6395
1705282297.3333,0.0379,0.0205,0.0264,0.0587,0.4438,0.0681,0.0697,0.0954,0.0596,0.4719,0.6323,0.5378,0.7618,0.1071,0.0886,0.0609,0.0623,0.3056,0.0146,0.0000,0.0695,0.1548,0.0598,0.0752,0.0452,0.1505,0.1284,0.0000,0.0921,0.0273,0.1452,0.4392,0.0896,0.0000,19.54,3.1632,1.7440,-2.3394
1705282297.4000,0.0472,0.0224,0.0437,0.0421,0.4349,0.0730,0.0603,0.0950,0.0550,0.4758,0.6382,0.5805,0.7792,0.0579,0.0628,0.0000,0.0705,0.2407,0.0187,0.0000,0.0444,0.0633,0.0523,0.0602,0.0787,0.1147,0.0185,0.0000,0.1052,0.0640,0.0759,0.3797,0.0905,0.0000,13.68,5.6932,5.2927,-0.6239
1705282297.4667,0.0567,0.0236,0.0490,0.0455,0.4235,0.0825,0.0636,0.1078,0.0329,0.4689,0.6555,0.5500,0.8057,0.0790,0.0456,0.0513,0.0538,0.2578,0.0342,0.0325,0.1098,0.1121,0.0774,0.1761,0.1229,0.0629,0.1617,0.0712,0.0529,0.0946,0.0627,0.3779,0.1330,0.0000,15.44,8.4514,-4.1493,-5.9401
1705282297.5333,0.0390,0.0259,0.0534,0.0405,0.4310,0.0729,0.0549,0.1108,0.0157,0.4936,0.6861,0.4390,0.7992,0.0674,0.0402,0.0792,0.0327,0.2624,0.0191,0.0517,0.1625,0.1540,0.0393,0.1116,0.1408,0.1006,0.1964,0.0000,0.1174,0.1579,0.1230,0.3412,0.1477,0.0000,18.08,1.9177,-0.4302,-5.8516
1705282297.6000,0.0360,0.0057,0.0437,0.0454,0.4356,0.0743,0.0501,0.1008,0.0406,0.5008,0.6533,0.4722,0.7782,0.0758,0.0362,0.0538,0.0331,0.2604,0.0129,0.0299,0.1320,0.1079,0.0179,0.1665,0.0815,0.1317,0.0373,0.0144,0.1176,0.0831,0.0567,0.4401,0.1877,0.0000,12.60,-1.2386,-21.3276,-2.4787
1705282297.6667,0.0192,0.0173,0.0416,0.0346,0.4370,0.0435,0.0426,0.1272,0.0385,0.5191,0.6606,0.5197,0.7755,0.0024,0.0267,0.0356,0.0438,0.2070,0.0126,0.0504,0.0771,0.0774,0.0146,0.1219,0.0808,0.0977,0.1480,0.0269,0.1217,0.0983,0.1957,0.4028,0.0923,0.0000,15.64,16.7017,14.1751,-3.3846
1705282297.7333,0.0128,0.0153,0.0507,0.0227,0.4250,0.0482,0.0733,0.1145,0.0676,0.5020,0.6957,0.5132,0.7577,0.1030,0.0783,0.1055,0.0788,0.2647,0.0286,0.0228,0.1001,0.0789,0.0038,0.1116,0.0199,0.0395,0.2777,0.0569,0.1000,0.0663,0.0441,0.2721,0.1435,0.0000,16.15,-4.2068,5.0131,13.0782
1705282297.8000,0.0113,0.0131,0.0647,0.0236,0.4302,0.0402,0.0557,0.1377,0.0707,0.4916,0.7122,0.4401,0.7819,0.1083,0.0039,0.0298,0.0305,0.2930,0.0142,0.0249,0.0666,0.0115,0.0041,0.0078,0.1275,0.0902,0.1129,0.0000,0.1474,0.1191,0.0976,0.3677,0.1543,0.0000,11.92,2.8654,-12.3185,8.8448
1705282297.8667,0.0287,0.0197,0.0476,0.0229,0.3993,0.0412,0.0563,0.1254,0.0895,0.5017,0.7019,0.4160,0.7837,0.0286,0.0111,0.1053,0.0329,0.2468,0.0045,0.0309,0.1294,0.1517,0.0380,0.1561,0.0728,0.0740,0.1020,0.0000,0.2110,0.1071,0.1154,0.3301,0.0482,0.0000,14.79,-2.1430,-15.4744,-8.5434
1705282297.9333,0.0352,0.0165,0.0376,0.0309,0.4091,0.0262,0.0639,0.1337,0.0976,0.4896,0.7490,0.3176,0.8086,0.0368,0.0518,0.0638,0.0350,0.2653,0.0000,0.0146,0.1113,0.1252,0.0000,0.1623,0.0564,0.1628,0.0780,0.0442,0.0421,0.1766,0.0784,0.3275,0.1251,0.0000,18.19,-4.2127,-6.9583,0.7549
1705282298.0000,0.0283,0.0263,0.0417,0.0299,0.4374,0.0496,0.0607,0.1548,0.0837,0.4526,0.7252,0.2526,0.8266,0.0671,0.0152,0.0000,0.0063,0.2630,0.0000,0.0632,0.1599,0.1451,0.0000,0.0868,0.0000,0.1426,0.1193,0.0423,0.1453,0.1356,0.1338,0.3751,0.0778,0.0000,14.53,1.7587,-25.0040,5.7005
1705282298.0667,0.0252,0.0286,0.0420,0.0522,0.4127,0.0691,0.0527,0.1618,0.0668,0.4535,0.7485,0.2721,0.8205,0.0107,0.0814,0.0511,0.0392,0.2958,0.0575,0.0526,0.0618,0.1142,0.1311,0.0458,0.1213,0.0818,0.0630,0.0285,0.0723,0.1103,0.0817,0.3204,0.0970,0.0000,15.40,-11.2014,4.7312,0.0084
1705282298.1333,0.0244,0.0312,0.0533,0.0427,0.4394,0.0774,0.0609,0.1592,0.0385,0.4438,0.7017,0.3247,0.8530,0.1039,0.1262,0.0453,0.0000,0.2867,0.0242,0.0000,0.0694,0.1667,0.0525,0.1091,0.0460,0.1420,0.0551,0.0779,0.0881,0.1064,0.1708,0.2799,0.1909,0.0000,12.20,4.7369,-6.3932,1.1233
1705282298.2000,0.0082,0.0304,0.0343,0.0526,0.4517,0.0663,0.0825,0.1386,0.0422,0.4560,0.6948,0.3457,0.8237,0.0170,0.0891,0.0505,0.0395,0.3742,0.0048,0.0000,0.1402,0.0215,0.0094,0.1259,0.0887,0.1095,0.1355,0.0253,0.0467,0.0915,0.1732,0.4036,0.1226,0.0000,16.36,19.7160,-1.3449,6.7829
1705282298.2667,0.0000,0.0315,0.0290,0.0532,0.4383,0.0668,0.0914,0.1193,0.0613,0.4656,0.7078,0.3474,0.8256,0.0710,0.1032,0.0226,0.0579,0.2870,0.0076,0.0000,0.0156,0.0644,0.0096,0.1507,0.0460,0.0527,0.1198,0.0084,0.1128,0.1108,0.0696,0.4051,0.0134,0.0000,17.21,1.4644,3.9851,-4.5960
1705282298.3333,0.0000,0.0134,0.0322,0.0413,0.4657,0.0764,0.0736,0.1227,0.0524,0.4733,0.7222,0.3354,0.8313,0.0114,0.0787,0.0168,0.0156,0.2703,0.0350,0.0000,0.1047,0.0859,0.0351,0.1262,0.1716,0.0828,0.0838,0.0832,0.1049,0.0000,0.0628,0.3606,0.1022,0.0000,9.85,0.4955,1.6613,-3.7933
1705282298.4000,0.0065,0.0268,0.0254,0.0376,0.4770,0.0973,0.0564,0.1012,0.0364,0.4813,0.7283,0.3595,0.8002,0.0247,0.0000,0.0180,0.0480,0.2664,0.0000,0.0120,0.0663,0.0550,0.0236,0.0714,0.0975,0.1243,0.2021,0.0564,0.0147,0.1431,0.1153,0.2986,0.1044,1.0000,12.34,10.0234,-5.1547,0.9553
1705282298.4667,0.0221,0.0150,0.0327,0.0390,0.4818,0.0756,0.0778,0.1073,0.0165,0.4793,0.7146,0.3939,0.7367,0.0505,0.0000,0.0000,0.0486,0.3013,0.0000,0.0228,0.1229,0.2436,0.0491,0.0949,0.1448,0.0962,0.1697,0.0685,0.1233,0.1711,0.0951,0.4404,0.0000,0.0000,8.60,3.8491,-6.3168,8.8918
1705282298.5333,0.0352,0.0230,0.0437,0.0360,0.4892,0.0843,0.0747,0.1139,0.0444,0.4333,0.7226,0.3872,0.7139,0.0658,0.0036,0.0159,0.0378,0.2715,0.0195,0.0330,0.0068,0.1230,0.0096,0.0713,0.0477,0.0479,0.0733,0.0000,0.1340,0.1296,0.0832,0.3969,0.1210,0.0000,12.84,16.8564,-9.4411,3.7844
1705282298.6000,0.0410,0.0101,0.0263,0.0388,0.4788,0.0908,0.0737,0.1148,0.0404,0.4512,0.7213,0.4075,0.7597,0.0676,0.0269,0.0000,0.0380,0.3006,0.0000,0.0257,0.1233,0.1225,0.0356,0.0471,0.1048,0.0000,0.0609,0.0000,0.0103,0.1668,0.1189,0.4025,0.0536,0.0000,16.83,16.9133,4.8997,2.6561
1705282298.6667,0.0504,0.0035,0.0203,0.0248,0.4715,0.0729,0.0872,0.1072,0.0358,0.4759,0.7431,0.4438,0.7158,0.0869,0.0259,0.0909,0.0794,0.2670,0.0332,0.0000,0.0732,0.1326,0.0000,0.0534,0.0320,0.1232,0.0157,0.0385,0.0577,0.0828,0.0843,0.4085,0.1071,1.0000,15.85,12.8359,1.4644,-1.6431
1705282298.7333,0.0340,0.0000,0.0156,0.0163,0.4746,0.0512,0.0864,0.1111,0.0329,0.5067,0.7458,0.4626,0.7202,0.0166,0.0850,0.0000,0.0531,0.2819,0.0021,0.0000,0.1059,0.0574,0.0349,0.1233,0.1679,0.2394,0.1167,0.0598,0.0330,0.2052,0.1589,0.4658,0.1370,0.0000,10.47,11.4072,1.6321,0.3847
1705282298.8000,0.0305,0.0145,0.0219,0.0231,0.4347,0.0537,0.0924,0.0952,0.0390,0.5170,0.7544,0.4709,0.6855,0.0461,0.0443,0.0178,0.1061,0.2612,0.0279,0.0535,0.1147,0.1869,0.0196,0.0683,0.1716,0.0690,0.0134,0.0745,0.1050,0.0561,0.2359,0.3392,0.1279,0.0000,14.75,0.3979,-1.8891,-6.9507
1705282298.8667,0.0137,0.0154,0.0189,0.0196,0.4224,0.0646,0.0690,0.0813,0.0394,0.5534,0.7739,0.4891,0.6980,0.0000,0.0251,0.0393,0.0330,0.2181,0.0256,0.0130,0.0959,0.0275,0.0096,0.0999,0.0708,0.1449,0.1042,0.0617,0.0847,0.0880,0.1895,0.3767,0.1115,0.0000,17.89,-4.9883,-1.0568,8.4591
1705282298.9333,0.0245,0.0092,0.0280,0.0217,0.4320,0.0601,0.0730,0.0941,0.0285,0.5374,0.6733,0.4914,0.8184,0.0112,0.0826,0.0000,0.0168,0.2758,0.0067,0.0208,0.1306,0.1862,0.1061,0.1343,0.1589,0.0897,0.0760,0.0642,0.1572,0.1084,0.0336,0.4263,0.1428,0.0000,13.40,3.6115,-3.4697,3.0180
1705282299.0000,0.0156,0.0275,0.0332,0.0159,0.4331,0.0673,0.0882,0.0968,0.0397,0.5096,0.6928,0.4423,0.8557,0.1011,0.0300,0.0252,0.0128,0.2812,0.0438,0.0280,0.1079,0.1654,0.0000,0.1213,0.1185,0.1142,0.1569,0.0370,0.0517,0.0061,0.0400,0.3600,0.0338,0.0000,19.47,-2.0601,-9.1047,5.7967
1705282299.0667,0.0175,0.0376,0.0143,0.0087,0.4422,0.0766,0.0918,0.0958,0.0276,0.5127,0.7255,0.4843,0.7968,0.1657,0.0705,0.0357,0.0384,0.2192,0.0000,0.0087,0.0796,0.0805,0.0611,0.0285,0.0858,0.0557,0.0984,0.0578,0.1100,0.0753,0.1646,0.3675,0.1711,1.0000,17.54,-3.9020,-7.4199,4.3909
1705282299.1333,0.0113,0.0245,0.0023,0.0113,0.4420,0.0832,0.0815,0.1100,0.0574,0.5059,0.7067,0.4647,0.8299,0.0068,0.0955,0.0428,0.0340,0.3050,0.0056,0.0000,0.1010,0.1563,0.0096,0.0668,0.0323,0.1258,0.0860,0.0256,0.2291,0.1005,0.0788,0.3850,0.0000,0.0000,19.99,9.8108,8.9204,3.4585
1705282299.2000,0.0247,0.0120,0.0000,0.0000,0.4141,0.0986,0.0937,0.1178,0.0572,0.5091,0.7370,0.4496,0.7732,0.0272,0.0280,0.1263,0.0479,0.2292,0.0034,0.0000,0.0730,0.0708,0.0654,0.1105,0.0806,0.0824,0.1685,0.0810,0.0841,0.1304,0.1140,0.3573,0.0903,0.0000,15.48,5.9481,2.4960,-0.5333
1705282299.2667,0.0208,0.0273,0.0000,0.0051,0.4082,0.0922,0.0940,0.1076,0.0808,0.4985,0.6991,0.4575,0.7089,0.0253,0.1267,0.0830,0.0486,0.2113,0.0543,0.0367,0.1092,0.1799,0.0750,0.0000,0.1210,0.0639,0.0292,0.1055,0.1056,0.1526,0.1246,0.3286,0.1120,0.0000,21.66,9.1026,-13.2220,-12.0459
1705282299.3333,0.0224,0.0144,0.0000,0.0000,0.3986,0.0925,0.0817,0.1090,0.0644,0.5302,0.6490,0.4568,0.6132,0.0565,0.0797,0.0890,0.0671,0.2543,0.0291,0.0389,0.1330,0.1671,0.0561,0.1009,0.0924,0.0464,0.0479,0.0000,0.1017,0.0946,0.0543,0.3541,0.0100,0.0000,17.87,4.8528,12.0034,-4.3567
1705282299.4000,0.0255,0.0120,0.0000,0.0000,0.3741,0.0969,0.0800,0.1149,0.0787,0.5308,0.6487,0.5472,0.6287,0.0006,0.0000,0.0347,0.0264,0.2723,0.0000,0.0000,0.1292,0.1129,0.0542,0.0761,0.1826,0.0555,0.1055,0.0802,0.0698,0.0672,0.1648,0.2651,0.1353,0.0000,19.15,9.1551,12.1137,3.4028
1705282299.4667,0.0323,0.0116,0.0000,0.0000,0.3922,0.0800,0.0779,0.1270,0.0699,0.5254,0.6559,0.6250,0.6749,0.0000,0.0000,0.0508,0.0568,0.2323,0.0000,0.0070,0.0713,0.1794,0.0667,0.1232,0.0748,0.1465,0.1640,0.0492,0.1118,0.1663,0.1070,0.1505,0.0459,0.0000,13.91,0.1052,3.7662,8.3260
1705282299.5333,0.0249,0.0037,0.0043,0.0017,0.3847,0.0521,0.0789,0.1134,0.0757,0.5563,0.6040,0.6015,0.6971,0.0047,0.0000,0.0802,0.0562,0.2384,0.0295,0.0300,0.1105,0.2271,0.0215,0.0100,0.0929,0.0303,0.1145,0.0529,0.1561,0.1047,0.1273,0.3654,0.0854,1.0000,14.18,6.5015,-6.4947,-0.6133
1705282299.6000,0.0389,0.0271,0.0038,0.0052,0.3677,0.0314,0.0820,0.1109,0.0458,0.5724,0.5823,0.5524,0.7316,0.0436,0.0947,0.1412,0.1296,0.1912,0.0000,0.0517,0.1859,0.0920,0.0354,0.0495,0.1035,0.0710,0.0343,0.0763,0.0549,0.1422,0.1590,0.3185,0.1789,0.0000,14.11,0.4262,8.3054,0.6153
1705282299.6667,0.0372,0.0252,0.0029,0.0065,0.3861,0.0329,0.0901,0.1159,0.0553,0.5488,0.6668,0.6029,0.7398,0.0000,0.0984,0.0516,0.0476,0.1754,0.0407,0.0317,0.2272,0.0955,0.0179,0.0929,0.0306,0.1545,0.1114,0.0947,0.0738,0.1167,0.1082,0.3634,0.1114,0.0000,19.49,7.6314,-2.2161,-1.2887
1705282299.7333,0.0636,0.0346,0.0000,0.0106,0.4191,0.0311,0.0793,0.1190,0.0538,0.5134,0.5677,0.6546,0.7184,0.0497,0.0137,0.0180,0.0571,0.2924,0.0516,0.0402,0.1218,0.1327,0.0301,0.0754,0.1449,0.0544,0.1236,0.0182,0.0765,0.1063,0.1205,0.4034,0.1381,0.0000,10.52,-7.7765,-1.8815,1.1129
1705282299.8000,0.0421,0.0414,0.0141,0.0000,0.4359,0.0375,0.0817,0.1142,0.0652,0.5008,0.5173,0.6708,0.7346,0.0822,0.0555,0.1093,0.0185,0.2822,0.0652,0.0237,0.0893,0.1276,0.0206,0.1639,0.1034,0.0537,0.1247,0.1245,0.1187,0.1609,0.1219,0.3843,0.2014,0.0000,13.51,2.4313,0.7422,8.2720
1705282299.8667,0.0321,0.0414,0.0054,0.0119,0.4823,0.0260,0.0769,0.1065,0.0573,0.4961,0.4962,0.6540,0.7862,0.0341,0.1115,0.0000,0.0696,0.2537,0.0032,0.0787,0.0725,0.1015,0.0594,0.0503,0.0262,0.1355,0.1301,0.0662,0.0482,0.1437,0.0707,0.3846,0.1181,0.0000,16.10,4.6619,-21.3086,-6.3123
1705282299.9333,0.0348,0.0376,0.0068,0.0218,0.4617,0.0511,0.0532,0.1106,0.0850,0.4825,0.5204,0.6321,0.7528,0.0602,0.0454,0.0664,0.0000,0.2515,0.0567,0.0185,0.1285,0.1159,0.0744,0.0777,0.1562,0.0611,0.1817,0.0000,0.0081,0.0973,0.0079,0.3084,0.1446,0.0000,15.48,7.1264,2.8686,-3.6166
1705282300.0000,0.0302,0.0389,0.0056,0.0277,0.4755,0.0660,0.0627,0.1175,0.0990,0.4461,0.5676,0.5664,0.7869,0.0285,0.0117,0.0888,0.0490,0.3046,0.0418,0.0119,0.0604,0.1051,0.0000,0.1048,0.0990,0.0607,0.0780,0.0820,0.0308,0.1199,0.1550,0.3238,0.0606,0.0000,9.17,5.6086,-6.2938,3.2790
1705282300.0667,0.0598,0.0279,0.0012,0.0270,0.4608,0.0616,0.0746,0.1219,0.0951,0.4421,0.5610,0.5916,0.7717,0.0327,0.0871,0.0287,0.0384,0.2690,0.0261,0.0632,0.1100,0.0636,0.0916,0.1003,0.1775,0.1330,0.0979,0.0739,0.0000,0.1002,0.0292,0.3434,0.0483,0.0000,18.49,4.1947,11.7313,3.9358
1705282300.1333,0.0481,0.0303,0.0086,0.0117,0.4099,0.0502,0.0771,0.1229,0.1042,0.4822,0.5565,0.6217,0.8219,0.0795,0.0750,0.0313,0.0922,0.2138,0.0000,0.0833,0.0782,0.1242,0.0432,0.0344,0.1325,0.0793,0.0410,0.0465,0.0518,0.1123,0.1235,0.3676,0.0570,0.0000,13.24,6.8812,8.6428,-5.5025
1705282300.2000,0.0473,0.0269,0.0074,0.0186,0.3995,0.0640,0.0497,0.1242,0.1169,0.4873,0.6274,0.6046,0.8109,0.1009,0.0000,0.0728,0.0887,0.2138,0.0102,0.0456,0.0885,0.1015,0.0385,0.0362,0.1437,0.0710,0.0664,0.0585,0.0286,0.1108,0.1184,0.4136,0.0866,0.0000,19.39,14.7570,6.6983,-4.8848
1705282300.2667,0.0357,0.0155,0.0116,0.0323,0.3920,0.0539,0.0498,0.1124,0.1154,0.5088,0.6586,0.5069,0.8923,0.0136,0.0355,0.0871,0.0787,0.2251,0.0102,0.0000,0.1855,0.1361,0.0814,0.0986,0.1486,0.1531,0.1274,0.0026,0.2309,0.1674,0.1004,0.3004,0.1723,0.0000,17.89,6.1580,-4.1797,-6.5840
1705282300.3333,0.0268,0.0201,0.0142,0.0312,0.3874,0.0740,0.0668,0.1087,0.0718,0.5195,0.6371,0.4608,0.7859,0.0598,0.0751,0.0122,0.0107,0.1455,0.0242,0.0110,0.1524,0.1335,0.0103,0.0775,0.1077,0.1431,0.1058,0.0748,0.0708,0.0607,0.1512,0.2575,0.1251,0.0000,11.02,-7.7501,-3.4734,6.5206
1705282300.4000,0.0347,0.0139,0.0228,0.0288,0.3939,0.0653,0.0881,0.1125,0.0589,0.5087,0.6398,0.4552,0.8081,0.0069,0.0423,0.1241,0.0414,0.2201,0.0620,0.0278,0.1781,0.1209,0.0065,0.0726,0.1294,0.1182,0.1605,0.0000,0.1986,0.1258,0.1182,0.2856,0.1080,0.0000,14.28,15.9406,-3.3018,-4.4706
1705282300.4667,0.0235,0.0205,0.0196,0.0278,0.3934,0.0359,0.0976,0.1193,0.0690,0.5160,0.6277,0.4828,0.7808,0.0826,0.1123,0.0379,0.0650,0.2727,0.0363,0.0460,0.0983,0.0642,0.0576,0.1097,0.1583,0.1017,0.0000,0.0861,0.1112,0.1617,0.1439,0.3218,0.0000,0.0000,10.33,-0.2028,-3.8364,-8.0926
1705282300.5333,0.0488,0.0155,0.0232,0.0245,0.4060,0.0469,0.0753,0.1261,0.0644,0.5016,0.7014,0.5066,0.7663,0.0000,0.0000,0.0457,0.0711,0.3207,0.0569,0.0447,0.1656,0.1272,0.0021,0.0845,0.1687,0.0795,0.1067,0.0000,0.0604,0.0613,0.1174,0.3533,0.0825,0.0000,13.80,2.3465,2.4919,4.8746
1705282300.6000,0.0504,0.0152,0.0177,0.0141,0.4095,0.0427,0.0971,0.1297,0.0603,0.4980,0.6855,0.4457,0.7700,0.0139,0.0695,0.0000,0.1004,0.2145,0.0211,0.0452,0.0113,0.1003,0.0054,0.1193,0.0764,0.0000,0.0786,0.0000,0.1058,0.1531,0.0619,0.2605,0.0194,0.0000,21.28,4.7077,11.4146,4.6060
1705282300.6667,0.0583,0.0096,0.0147,0.0143,0.4372,0.0480,0.0921,0.1142,0.0586,0.4917,0.6360,0.4203,0.7069,0.0000,0.0539,0.0301,0.0798,0.2331,0.0667,0.0000,0.1484,0.1121,0.0169,0.1405,0.1568,0.1578,0.1248,0.1115,0.1644,0.0797,0.0824,0.3976,0.0577,0.0000,18.69,6.7362,8.5023,1.0298
1705282300.7333,0.0733,0.0267,0.0125,0.0052,0.4752,0.0589,0.1001,0.1067,0.0731,0.4410,0.5983,0.4461,0.6380,0.0214,0.0930,0.0439,0.0137,0.3003,0.1056,0.0577,0.0460,0.0946,0.0789,0.1301,0.0932,0.1025,0.0912,0.0540,0.1611,0.1106,0.1338,0.4358,0.0540,0.0000,14.01,7.2112,-3.6709,-4.2545
1705282300.8000,0.0596,0.0221,0.0169,0.0085,0.4724,0.0645,0.1049,0.1039,0.0822,0.4390,0.5742,0.4244,0.6290,0.0337,0.0954,0.0108,0.0413,0.3088,0.0140,0.0724,0.1768,0.0753,0.0408,0.0875,0.0395,0.1446,0.0720,0.0695,0.1420,0.0572,0.1393,0.3146,0.0929,0.0000,13.81,16.0217,8.2884,-4.8789
1705282300.8667,0.0639,0.0421,0.0100,0.0043,0.4667,0.0813,0.1168,0.1055,0.0776,0.4191,0.5565,0.4066,0.6361,0.0424,0.1066,0.1159,0.1034,0.3172,0.0000,0.0000,0.0510,0.0244,0.0264,0.1222,0.1086,0.0436,0.0786,0.0418,0.0614,0.1868,0.0706,0.4879,0.1432,0.0000,12.99,6.2475,6.4820,3.3624
1705282300.9333,0.0565,0.0202,0.0133,0.0000,0.4799,0.0858,0.1100,0.1042,0.0969,0.4198,0.6464,0.3590,0.6428,0.1151,0.0857,0.0754,0.0617,0.2412,0.0106,0.0251,0.0752,0.0943,0.0693,0.0510,0.1090,0.1506,0.1163,0.0583,0.0840,0.0931,0.0000,0.4163,0.0909,0.0000,16.93,4.8214,7.7861,-5.4987
1705282301.0000,0.0555,0.0190,0.0174,0.0070,0.4839,0.0786,0.0807,0.1135,0.0783,0.4398,0.6200,0.3328,0.6363,0.0536,0.0220,0.0454,0.0592,0.2040,0.0095,0.0000,0.0381,0.1732,0.0293,0.1244,0.1319,0.1084,0.0914,0.0151,0.1089,0.0679,0.2005,0.4393,0.0837,0.0000,20.93,-8.2397,0.0648,3.3545
1705282301.0667,0.0419,0.0256,0.0083,0.0132,0.5193,0.0876,0.0628,0.1278,0.0792,0.4206,0.6696,0.3833,0.5899,0.0000,0.0322,0.0504,0.0209,0.2932,0.0083,0.0618,0.1306,0.0000,0.0758,0.0168,0.1423,0.0914,0.0963,0.0396,0.1051,0.0993,0.0677,0.4771,0.1435,0.0000,15.33,-12.3096,9.1437,5.4854
1705282301.1333,0.0334,0.0237,0.0041,0.0126,0.5189,0.0828,0.0689,0.1338,0.0863,0.4212,0.6453,0.4039,0.5972,0.0918,0.0350,0.0000,0.0816,0.2889,0.0174,0.0233,0.0927,0.1022,0.0096,0.0855,0.1021,0.1659,0.1179,0.0398,0.1058,0.1488,0.0070,0.3564,0.0776,0.0000,14.89,-3.1980,8.8428,-3.1870
1705282301.2000,0.0490,0.0273,0.0005,0.0180,0.5151,0.0805,0.0605,0.1265,0.0626,0.4360,0.6521,0.4767,0.5615,0.0464,0.0487,0.0406,0.0358,0.2712,0.0000,0.0332,0.1998,0.1433,0.0289,0.0822,0.1404,0.0584,0.0000,0.0696,0.0332,0.1872,0.0000,0.4541,0.1205,0.0000,15.25,10.1752,5.6434,-5.8238
1705282301.2667,0.0537,0.0324,0.0053,0.0099,0.5002,0.0855,0.0770,0.1294,0.0863,0.4122,0.6530,0.4706,0.5761,0.0765,0.0516,0.0985,0.0648,0.3416,0.0181,0.0510,0.0886,0.1393,0.0614,0.1248,0.1141,0.1678,0.1916,0.0392,0.0580,0.1480,0.1425,0.3941,0.0699,0.0000,18.77,3.9857,-1.8432,-4.8705
1705282301.3333,0.0450,0.0339,0.0050,0.0256,0.4837,0.1051,0.0771,0.1301,0.0913,0.4018,0.7080,0.5409,0.6021,0.0227,0.0156,0.0836,0.0333,0.3263,0.0000,0.0037,0.0975,0.1032,0.0910,0.1168,0.0957,0.0159,0.1359,0.0689,0.1354,0.0716,0.1106,0.3096,0.1305,0.0000,12.77,10.3560,-10.0759,3.2030
1705282301.4000,0.0419,0.0322,0.0000,0.0343,0.4431,0.0894,0.0708,0.1392,0.0937,0.4332,0.6826,0.5231,0.6254,0.0805,0.0000,0.0536,0.0268,0.2673,0.0000,0.0000,0.1022,0.0777,0.1031,0.0971,0.0417,0.1799,0.1136,0.0250,0.0621,0.2081,0.0404,0.3243,0.0182,0.0000,13.44,-17.0984,-4.0279,-8.2505
1705282301.4667,0.0504,0.0267,0.0100,0.0266,0.4692,0.0949,0.0623,0.1501,0.0841,0.4154,0.7006,0.4549,0.6165,0.0311,0.0459,0.1016,0.0171,0.2769,0.0430,0.0210,0.1423,0.0986,0.0778,0.1313,0.1751,0.1692,0.1670,0.0477,0.1187,0.1203,0.0408,0.3735,0.0496,1.0000,14.33,12.9752,-8.7131,-4.1863
1705282301.5333,0.0483,0.0202,0.0083,0.0218,0.4779,0.0847,0.0647,0.1524,0.0811,0.4244,0.6907,0.4375,0.6451,0.0411,0.0639,0.1038,0.0142,0.3200,0.0414,0.0321,0.1125,0.1857,0.0573,0.0560,0.1327,0.1001,0.0934,0.0148,0.1128,0.0531,0.1558,0.4203,0.1333,0.0000,11.61,-6.2661,-9.3971,-6.9940
1705282301.6000,0.0397,0.0185,0.0026,0.0272,0.4534,0.0767,0.0489,0.1620,0.0911,0.4480,0.6483,0.4264,0.6728,0.0299,0.0813,0.1355,0.0093,0.2404,0.0000,0.0218,0.1776,0.1914,0.0011,0.1006,0.0729,0.1662,0.0703,0.0002,0.1095,0.0111,0.0465,0.4702,0.0000,0.0000,17.04,13.9745,-5.5023,-3.9469
1705282301.6667,0.0447,0.0084,0.0053,0.0106,0.4243,0.0768,0.0464,0.1676,0.1043,0.4669,0.6766,0.4332,0.7019,0.0294,0.0401,0.0321,0.0466,0.2709,0.0106,0.0675,0.1016,0.0037,0.0029,0.1597,0.0364,0.0986,0.1436,0.0170,0.0966,0.0833,0.0885,0.3311,0.1403,0.0000,12.22,-1.0674,-7.8063,3.0618
1705282301.7333,0.0515,0.0096,0.0227,0.0063,0.4308,0.0609,0.0436,0.1735,0.1076,0.4561,0.7003,0.4137,0.7284,0.0592,0.0036,0.0618,0.0319,0.2285,0.0217,0.0289,0.1208,0.1218,0.0732,0.1929,0.0855,0.1397,0.0696,0.0000,0.0809,0.0786,0.0889,0.2605,0.0913,0.0000,15.63,6.3694,4.4087,3.3406
1705282301.8000,0.0437,0.0072,0.0094,0.0107,0.4405,0.0460,0.0312,0.1843,0.0803,0.4881,0.6941,0.3764,0.7494,0.0000,0.0169,0.0537,0.0136,0.3148,0.0250,0.0000,0.0812,0.1153,0.0684,0.1088,0.1207,0.1181,0.0839,0.0339,0.1330,0.1263,0.0906,0.2889,0.0207,0.0000,11.55,9.9682,9.1744,1.6232
1705282301.8667,0.0509,0.0185,0.0138,0.0000,0.4527,0.0473,0.0163,0.1647,0.0788,0.4941,0.6412,0.5110,0.8034,0.0214,0.0000,0.0584,0.0287,0.3232,0.0522,0.0000,0.1080,0.0971,0.0095,0.0653,0.0558,0.0154,0.0939,0.0066,0.1643,0.0651,0.1002,0.4439,0.1166,0.0000,10.64,-2.9907,-23.7595,-11.0492
1705282301.9333,0.0392,0.0142,0.0232,0.0021,0.4551,0.0551,0.0318,0.1624,0.0776,0.4836,0.6030,0.4976,0.7699,0.0000,0.0144,0.0000,0.0441,0.2689,0.0458,0.0112,0.0000,0.0944,0.0416,0.0299,0.1001,0.0836,0.1058,0.0441,0.1173,0.1494,0.1749,0.3763,0.1525,0.0000,17.83,7.6522,-13.3064,4.7801
1705282302.0000,0.0405,0.0126,0.0245,0.0081,0.4319,0.0605,0.0380,0.1454,0.0717,0.5000,0.6038,0.5044,0.7758,0.0855,0.0772,0.0000,0.0275,0.2215,0.0104,0.0163,0.0522,0.1449,0.0863,0.0249,0.1397,0.1012,0.0393,0.0000,0.1555,0.0235,0.1340,0.3458,0.2147,1.0000,12.07,14.3707,6.4740,-11.2377
1705282302.0667,0.0338,0.0141,0.0111,0.0185,0.4225,0.0476,0.0345,0.1364,0.0670,0.5287,0.6412,0.5325,0.7669,0.0152,0.0402,0.0098,0.0429,0.3136,0.0253,0.0119,0.0148,0.1057,0.0000,0.0723,0.1018,0.1927,0.0713,0.0207,0.0303,0.1301,0.0883,0.2997,0.1529,0.0000,10.90,14.5369,-6.5534,-1.6974
1705282302.1333,0.0275,0.0123,0.0111,0.0050,0.4285,0.0280,0.0446,0.1327,0.0495,0.5565,0.6906,0.4587,0.7499,0.0766,0.0000,0.0091,0.0581,0.2179,0.0000,0.0000,0.1495,0.1082,0.0000,0.0772,0.0000,0.0967,0.0678,0.0531,0.0978,0.1310,0.1131,0.3524,0.1077,0.0000,19.84,6.5250,5.4653,-4.6984
1705282302.2000,0.0324,0.0119,0.0145,0.0064,0.4072,0.0171,0.0308,0.1335,0.0454,0.5805,0.7430,0.4836,0.6891,0.0000,0.0629,0.0575,0.0354,0.2734,0.0090,0.0245,0.0338,0.1750,0.0052,0.0260,0.1153,0.1233,0.0789,0.0174,0.0792,0.1059,0.1055,0.3638,0.1470,0.0000,15.78,-0.0594,-6.3145,-2.0400
1705282302.2667,0.0215,0.0046,0.0000,0.0202,0.4103,0.0283,0.0381,0.1309,0.0490,0.5783,0.7322,0.5452,0.6284,0.0479,0.0614,0.0644,0.0145,0.2672,0.0112,0.0000,0.0637,0.1339,0.0000,0.1777,0.0842,0.1040,0.0858,0.0821,0.1745,0.0275,0.1227,0.3010,0.1244,0.0000,17.04,5.6209,-9.4534,-9.2698
1705282302.3333,0.0124,0.0133,0.0082,0.0279,0.4562,0.0240,0.0531,0.1264,0.0519,0.5359,0.6763,0.6298,0.6414,0.0053,0.0699,0.0372,0.0000,0.3176,0.0000,0.0400,0.1112,0.0820,0.0057,0.0347,0.0356,0.1205,0.0105,0.0025,0.0954,0.0677,0.1008,0.3885,0.0505,0.0000,16.08,0.0299,14.0402,-3.3562
1705282302.4000,0.0232,0.0081,0.0160,0.0115,0.4499,0.0119,0.0556,0.1211,0.0482,0.5527,0.6590,0.5758,0.6139,0.0000,0.0235,0.0375,0.0000,0.2931,0.0000,0.0124,0.0768,0.1668,0.0000,0.1112,0.1160,0.1491,0.1493,0.0047,0.1495,0.0933,0.0624,0.3945,0.0691,0.0000,15.15,16.6289,-2.9800,-4.5580
1705282302.4667,0.0111,0.0072,0.0084,0.0302,0.4459,0.0228,0.0675,0.1197,0.0515,0.5415,0.6734,0.4398,0.5670,0.0618,0.0259,0.0103,0.0237,0.2834,0.0045,0.0269,0.1074,0.1118,0.0592,0.0839,0.1921,0.1384,0.0136,0.0656,0.1136,0.1373,0.1036,0.3686,0.1696,0.0000,12.61,4.3829,3.4006,5.4607
1705282302.5333,0.0174,0.0211,0.0237,0.0287,0.4403,0.0080,0.0904,0.1276,0.0455,0.5183,0.6532,0.4212,0.5721,0.0026,0.0695,0.0434,0.0672,0.2353,0.0215,0.0000,0.1240,0.0958,0.0000,0.1472,0.1758,0.1358,0.0000,0.0421,0.0577,0.0868,0.1049,0.3343,0.1031,0.0000,12.52,18.9758,-16.1895,5.0651
1705282302.6000,0.0338,0.0133,0.0482,0.0365,0.4092,0.0062,0.0889,0.1378,0.0356,0.5143,0.5792,0.4499,0.5658,0.0057,0.0928,0.0034,0.0372,0.2559,0.0066,0.0679,0.0142,0.0236,0.0000,0.0637,0.0306,0.0573,0.1225,0.0306,0.0301,0.0241,0.0436,0.2986,0.0995,0.0000,19.98,-7.8968,4.4164,-0.4982
1705282302.6667,0.0213,0.0167,0.0443,0.0385,0.4276,0.0050,0.1088,0.1309,0.0431,0.4982,0.5387,0.4652,0.5365,0.0120,0.0268,0.0000,0.0459,0.2304,0.0128,0.0327,0.0466,0.1145,0.0105,0.1069,0.0983,0.1133,0.0535,0.0176,0.0277,0.1275,0.0146,0.3472,0.1757,0.0000,15.26,-0.3745,-2.4449,4.3150
1705282302.7333,0.0138,0.0285,0.0427,0.0281,0.4586,0.0126,0.1056,0.1234,0.0590,0.4767,0.4753,0.4960,0.5002,0.0014,0.1072,0.0099,0.0119,0.2885,0.0203,0.0752,0.1262,0.0530,0.0000,0.1325,0.1113,0.0372,0.0144,0.0609,0.1173,0.0745,0.1459,0.3254,0.0687,0.0000,16.02,5.0708,14.8201,8.1059
1705282302.8000,0.0343,0.0243,0.0459,0.0439,0.4611,0.0000,0.0928,0.1070,0.0695,0.4727,0.4959,0.5035,0.5972,0.0696,0.0387,0.0458,0.0000,0.2796,0.0000,0.0256,0.0295,0.1159,0.0000,0.1017,0.0285,0.1225,0.0986,0.0979,0.0086,0.0808,0.0000,0.4023,0.1711,0.0000,18.04,11.0206,0.8111,-2.3245
1705282302.8667,0.0421,0.0169,0.0317,0.0393,0.4417,0.0071,0.1257,0.0890,0.0878,0.4712,0.5407,0.4949,0.5809,0.0810,0.0698,0.0237,0.0301,0.2325,0.0277,0.0359,0.1554,0.1217,0.0169,0.1529,0.0210,0.0717,0.1264,0.0531,0.2007,0.0684,0.1301,0.3524,0.1127,0.0000,14.01,24.9080,10.5385,-5.5207
1705282302.9333,0.0541,0.0298,0.0329,0.0417,0.3978,0.0087,0.1181,0.0900,0.1090,0.4707,0.5523,0.4963,0.6215,0.0506,0.1077,0.0715,0.0225,0.2322,0.0541,0.0000,0.1047,0.0688,0.0000,0.0380,0.0470,0.0727,0.0766,0.0473,0.1564,0.1128,0.1388,0.3011,0.0706,0.0000,16.54,-6.1191,-1.7547,-2.4063
1705282303.0000,0.0580,0.0381,0.0271,0.0309,0.4077,0.0000,0.0999,0.1134,0.0952,0.4778,0.5430,0.4860,0.6031,0.0440,0.0592,0.0712,0.0322,0.2171,0.0281,0.0882,0.0798,0.0364,0.0000,0.1163,0.0808,0.1592,0.1610,0.0172,0.1773,0.0801,0.0445,0.2992,0.0294,0.0000,14.54,1.5343,8.4096,-1.8078
1705282303.0667,0.0508,0.0363,0.0254,0.0316,0.3576,0.0000,0.1094,0.1103,0.0711,0.5245,0.5338,0.4777,0.6122,0.0194,0.0199,0.0648,0.1377,0.2056,0.0000,0.0914,0.1360,0.0780,0.0062,0.0986,0.1042,0.0845,0.1097,0.0221,0.0519,0.1478,0.0517,0.2603,0.0620,0.0000,15.74,-3.4468,-21.3074,-2.8059
1705282303.1333,0.0361,0.0459,0.0397,0.0380,0.3591,0.0000,0.1102,0.1113,0.0554,0.5226,0.5732,0.5204,0.6177,0.0158,0.0529,0.0887,0.0587,0.2060,0.0509,0.0440,0.0611,0.1591,0.0368,0.1779,0.0782,0.0330,0.0986,0.0848,0.1120,0.1020,0.0684,0.2719,0.0891,0.0000,19.06,-3.0419,1.4004,-6.2633
1705282303.2000,0.0492,0.0342,0.0349,0.0428,0.3359,0.0098,0.1242,0.1212,0.0380,0.5259,0.5850,0.5622,0.6537,0.0000,0.0738,0.0547,0.0525,0.2412,0.0025,0.0338,0.0804,0.1504,0.0073,0.1100,0.1251,0.1371,0.1465,0.0483,0.0605,0.0684,0.1236,0.2149,0.0769,0.0000,17.95,5.6521,-24.9756,4.1414
1705282303.2667,0.0504,0.0377,0.0288,0.0474,0.3953,0.0213,0.1037,0.1250,0.0625,0.4768,0.5794,0.5351,0.6946,0.0142,0.0389,0.0827,0.0198,0.2242,0.0123,0.0486,0.0923,0.2059,0.0156,0.1541,0.1007,0.0503,0.0636,0.0696,0.0438,0.0336,0.0653,0.3453,0.1148,0.0000,12.46,8.2317,3.9826,7.2319
1705282303.3333,0.0548,0.0273,0.0208,0.0394,0.4091,0.0415,0.0787,0.1186,0.0404,0.5017,0.5554,0.5052,0.6801,0.0000,0.0068,0.0990,0.0292,0.2558,0.0634,0.0169,0.0692,0.0588,0.0000,0.0183,0.1151,0.0352,0.1594,0.0594,0.0122,0.1275,0.0701,0.2955,0.0531,0.0000,15.07,-0.7863,-4.6736,-3.6087
1705282303.4000,0.0657,0.0246,0.0260,0.0465,0.4002,0.0761,0.0811,0.1092,0.0819,0.4532,0.5959,0.5139,0.6578,0.0000,0.0647,0.0514,0.0468,0.2218,0.0780,0.0562,0.0467,0.1199,0.0184,0.1238,0.0986,0.0862,0.0664,0.0219,0.0643,0.1163,0.0721,0.3585,0.1468,0.0000,12.76,-1.1937,-4.0366,3.0691
1705282303.4667,0.0461,0.0348,0.0239,0.0342,0.4076,0.0605,0.0812,0.1003,0.0599,0.4908,0.6487,0.5212,0.7119,0.0843,0.0788,0.0324,0.0358,0.2586,0.0384,0.0558,0.1435,0.0752,0.0461,0.1283,0.0000,0.0430,0.1184,0.0521,0.0363,0.1066,0.1356,0.3038,0.1166,0.0000,12.72,0.4612,-14.4627,-0.6594
1705282303.5333,0.0488,0.0421,0.0179,0.0523,0.4019,0.0644,0.0763,0.0922,0.0760,0.4768,0.5987,0.4979,0.6890,0.0876,0.0608,0.2238,0.0000,0.3011,0.0000,0.0444,0.0342,0.0398,0.0273,0.0927,0.1286,0.1430,0.0911,0.0531,0.1011,0.1355,0.0508,0.3515,0.1876,0.0000,13.26,1.5577,-8.9783,-4.5105
1705282303.6000,0.0556,0.0211,0.0185,0.0435,0.3970,0.0691,0.0936,0.0816,0.0918,0.4768,0.6643,0.4319,0.6568,0.0527,0.1684,0.0535,0.0480,0.2703,0.0422,0.0139,0.1550,0.1532,0.0212,0.1183,0.0772,0.1025,0.1237,0.0135,0.0754,0.0572,0.2058,0.4657,0.0705,0.0000,13.78,5.8510,-1.5948,0.8422
1705282303.6667,0.0514,0.0139,0.0195,0.0518,0.3995,0.0697,0.0808,0.0929,0.0641,0.4939,0.7020,0.4435,0.6257,0.0672,0.0844,0.0731,0.0856,0.3064,0.0037,0.0000,0.0859,0.1861,0.0204,0.2060,0.0970,0.0167,0.1139,0.0312,0.1732,0.2137,0.1280,0.3137,0.1036,1.0000,20.20,8.3381,0.5232,-5.5940
1705282303.7333,0.0565,0.0138,0.0233,0.0617,0.3742,0.0583,0.0869,0.0982,0.0574,0.5019,0.7733,0.4724,0.7004,0.1139,0.0000,0.0119,0.0658,0.2159,0.0021,0.0613,0.0396,0.0727,0.0148,0.0991,0.1269,0.0866,0.1565,0.0347,0.0439,0.2152,0.1027,0.3243,0.0945,0.0000,15.00,21.8696,7.4425,-11.8932
1705282303.8000,0.0521,0.0099,0.0125,0.0635,0.3926,0.0623,0.0703,0.0945,0.0628,0.5078,0.7908,0.5006,0.6871,0.0986,0.0253,0.0089,0.0622,0.2293,0.0000,0.0069,0.1615,0.1029,0.0082,0.0622,0.0966,0.0724,0.1111,0.0000,0.1185,0.0447,0.1228,0.2208,0.1123,0.0000,14.31,-2.8313,0.2701,5.8575
1705282303.8667,0.0470,0.0197,0.0176,0.0466,0.4177,0.0491,0.0623,0.1150,0.0511,0.5044,0.7621,0.3977,0.6463,0.0603,0.0208,0.0542,0.0063,0.2899,0.0361,0.0000,0.1481,0.0516,0.0211,0.1083,0.0820,0.1793,0.1333,0.0388,0.1628,0.0975,0.0000,0.3135,0.1754,0.0000,17.56,10.8625,7.1908,-5.0944
1705282303.9333,0.0543,0.0320,0.0203,0.0251,0.4260,0.0442,0.0780,0.1184,0.0403,0.4968,0.6316,0.5260,0.6324,0.0070,0.0640,0.0000,0.1000,0.2993,0.0000,0.0125,0.0755,0.0696,0.0285,0.0703,0.1068,0.1505,0.0769,0.0210,0.1123,0.1485,0.0446,0.3379,0.0000,0.0000,10.78,13.5584,2.7388,4.9659
1705282304.0000,0.0388,0.0272,0.0312,0.0134,0.4144,0.0234,0.0616,0.1223,0.0480,0.5319,0.5964,0.4987,0.6463,0.0000,0.0105,0.0441,0.0444,0.2126,0.0295,0.0211,0.0000,0.0678,0.0000,0.1497,0.1820,0.0846,0.1343,0.0517,0.1756,0.0409,0.1223,0.3422,0.0610,0.0000,14.56,-3.6293,-26.8215,-4.5279
1705282304.0667,0.0410,0.0367,0.0206,0.0302,0.3880,0.0278,0.0666,0.1241,0.0373,0.5366,0.6483,0.4904,0.7190,0.0066,0.0839,0.0827,0.0526,0.2014,0.0134,0.0134,0.2447,0.0921,0.0000,0.1243,0.1188,0.1036,0.1498,0.0405,0.1072,0.1922,0.0969,0.3525,0.1576,0.0000,16.11,15.1388,-2.9505,1.2672
1705282304.1333,0.0346,0.0338,0.0202,0.0328,0.3634,0.0214,0.0635,0.1076,0.0192,0.5822,0.7551,0.3823,0.6695,0.0183,0.0861,0.0546,0.0588,0.2189,0.0000,0.0057,0.1014,0.1186,0.0000,0.1170,0.1181,0.1027,0.0411,0.0160,0.1305,0.0992,0.1070,0.2246,0.2076,0.0000,20.86,11.1342,-11.8213,-7.0756
1705282304.2000,0.0330,0.0149,0.0262,0.0203,0.3933,0.0220,0.0518,0.1144,0.0150,0.5854,0.6715,0.4624,0.6895,0.0096,0.0850,0.0669,0.0383,0.2366,0.0289,0.0122,0.0859,0.0775,0.0000,0.0519,0.0809,0.1023,0.1016,0.0169,0.2159,0.1002,0.0916,0.3698,0.1380,0.0000,15.52,-4.8152,11.5359,1.4567
1705282304.2667,0.0150,0.0085,0.0289,0.0109,0.4152,0.0236,0.0460,0.1011,0.0166,0.6005,0.6567,0.4436,0.6783,0.0907,0.0340,0.0000,0.0594,0.2349,0.0382,0.0138,0.1360,0.0634,0.0000,0.0710,0.0874,0.0976,0.0514,0.0069,0.0493,0.1432,0.0981,0.3012,0.1683,0.0000,15.45,17.9482,-17.4531,-0.4278
1705282304.3333,0.0150,0.0155,0.0301,0.0130,0.4270,0.0125,0.0793,0.1012,0.0057,0.5803,0.7132,0.4524,0.7051,0.0000,0.0354,0.0000,0.0020,0.2375,0.0000,0.0282,0.0705,0.0885,0.0264,0.0119,0.0539,0.1837,0.0613,0.0435,0.1775,0.1429,0.2072,0.3177,0.0566,1.0000,11.73,2.8704,-7.3500,-2.6136
1705282304.4000,0.0222,0.0171,0.0334,0.0320,0.4761,0.0057,0.0799,0.1017,0.0069,0.5350,0.7428,0.4055,0.6498,0.0421,0.0699,0.0082,0.0965,0.2925,0.0105,0.0266,0.1491,0.1767,0.0000,0.2301,0.0905,0.0812,0.0928,0.0634,0.2075,0.0959,0.1525,0.4928,0.0353,0.0000,13.96,-4.5062,-14.8336,1.2106
1705282304.4667,0.0195,0.0240,0.0206,0.0156,0.4546,0.0278,0.0891,0.1015,0.0000,0.5484,0.6863,0.3434,0.6774,0.0192,0.1136,0.0000,0.0744,0.2719,0.0070,0.0000,0.1470,0.0902,0.0279,0.0642,0.1011,0.0724,0.1618,0.0341,0.0325,0.0559,0.0540,0.3682,0.1381,0.0000,15.42,-1.5540,18.0110,5.6234
1705282304.5333,0.0132,0.0325,0.0162,0.0168,0.4398,0.0225,0.0917,0.0850,0.0184,0.5583,0.6873,0.3296,0.6489,0.0073,0.0726,0.0652,0.0568,0.2407,0.0000,0.0062,0.0659,0.0844,0.0141,0.0291,0.0869,0.1487,0.1098,0.0321,0.1618,0.1344,0.0902,0.3153,0.0403,0.0000,18.34,4.6340,6.1785,9.7634
1705282304.6000,0.0089,0.0164,0.0250,0.0116,0.4259,0.0215,0.0749,0.0856,0.0190,0.5869,0.6639,0.3730,0.6231,0.0000,0.0670,0.0000,0.0212,0.1914,0.0053,0.0464,0.1061,0.1224,0.0255,0.0671,0.1060,0.1060,0.1752,0.0766,0.0738,0.0460,0.0020,0.4126,0.1188,0.0000,17.33,28.7810,-0.3611,-1.9714
1705282304.6667,0.0043,0.0245,0.0239,0.0176,0.4064,0.0000,0.0700,0.0957,0.0228,0.6008,0.6545,0.5004,0.6792,0.0000,0.0000,0.0000,0.0494,0.2342,0.0345,0.0046,0.2274,0.0000,0.0665,0.0890,0.0572,0.0341,0.0294,0.0138,0.2068,0.1936,0.0743,0.3483,0.0000,0.0000,10.99,-8.0897,-2.5992,-6.1883
1705282304.7333,0.0434,0.0235,0.0216,0.0228,0.4517,0.0000,0.0798,0.0979,0.0230,0.5418,0.6544,0.4815,0.6796,0.0000,0.1084,0.0490,0.0782,0.2847,0.0183,0.0157,0.1728,0.0857,0.0243,0.1485,0.0504,0.0521,0.1551,0.0245,0.0944,0.1376,0.1023,0.2470,0.0893,0.0000,13.87,7.5005,-2.3526,-1.7793
1705282304.8000,0.0216,0.0220,0.0246,0.0244,0.4558,0.0000,0.0633,0.1061,0.0178,0.5586,0.6259,0.5132,0.7054,0.0265,0.0952,0.0000,0.0232,0.3033,0.0000,0.0000,0.1548,0.0161,0.0268,0.1356,0.0879,0.0515,0.1726,0.0519,0.0528,0.0638,0.0468,0.3700,0.0811,0.0000,12.79,19.7179,10.8352,-8.1961
1705282304.8667,0.0395,0.0154,0.0253,0.0254,0.4506,0.0000,0.0632,0.1332,0.0231,0.5345,0.6473,0.5265,0.6922,0.0125,0.0423,0.0000,0.0114,0.3304,0.0479,0.0325,0.1273,0.1370,0.0271,0.1640,0.0650,0.1283,0.0397,0.0193,0.1260,0.1284,0.0666,0.4700,0.0720,0.0000,18.14,0.0821,-0.7472,5.7610
1705282304.9333,0.0425,0.0108,0.0342,0.0287,0.4447,0.0181,0.0471,0.1213,0.0128,0.5439,0.6756,0.5080,0.6615,0.0000,0.0982,0.0000,0.0000,0.2794,0.0000,0.0000,0.1206,0.0587,0.0000,0.1343,0.0100,0.0737,0.0191,0.0149,0.1670,0.0591,0.0000,0.4573,0.0939,0.0000,15.17,2.1249,4.7947,-0.3036
1705282305.0000,0.0424,0.0178,0.0457,0.0093,0.4601,0.0194,0.0675,0.1159,0.0310,0.5145,0.7509,0.5792,0.6786,0.0000,0.0849,0.0742,0.0464,0.2896,0.0179,0.0007,0.0876,0.1614,0.0000,0.1631,0.1543,0.1054,0.0299,0.0269,0.0290,0.0440,0.0962,0.3610,0.0068,0.0000,25.02,5.2338,-10.1960,-4.9642
1705282305.0667,0.0385,0.0133,0.0337,0.0096,0.4279,0.0222,0.0364,0.1229,0.0519,0.5462,0.6906,0.5307,0.6721,0.0515,0.0424,0.0669,0.0000,0.2750,0.0000,0.0000,0.1010,0.1056,0.0000,0.0874,0.0669,0.1237,0.1435,0.0407,0.0604,0.0852,0.0594,0.3375,0.0669,0.0000,20.51,-1.9379,-3.2735,-5.6856
1705282305.1333,0.0317,0.0125,0.0356,0.0173,0.4193,0.0269,0.0397,0.1280,0.0522,0.5421,0.6762,0.5562,0.6456,0.0000,0.0000,0.0490,0.0000,0.2334,0.0234,0.0002,0.1162,0.1064,0.0667,0.0847,0.0425,0.1057,0.0946,0.0275,0.1307,0.1566,0.0493,0.3594,0.0724,1.0000,17.52,-2.6168,19.7982,1.2433
1705282305.2000,0.0215,0.0153,0.0203,0.0092,0.4328,0.0095,0.0452,0.1335,0.0623,0.5501,0.6525,0.4881,0.6596,0.0552,0.0844,0.0355,0.0182,0.3326,0.0000,0.0128,0.1848,0.0000,0.0673,0.2023,0.0796,0.1054,0.0289,0.0000,0.1057,0.1865,0.0924,0.3671,0.0803,0.0000,13.22,-11.3219,-10.7335,-5.0347
1705282305.2667,0.0296,0.0136,0.0166,0.0212,0.4892,0.0119,0.0698,0.1262,0.0523,0.5018,0.6523,0.4840,0.6595,0.0264,0.0000,0.0377,0.0655,0.2951,0.0149,0.0256,0.0000,0.0403,0.0000,0.0770,0.1814,0.0953,0.1144,0.0310,0.1236,0.0541,0.0682,0.3456,0.1249,0.0000,16.10,15.4079,-8.9856,-6.0102
1705282305.3333,0.0399,0.0074,0.0102,0.0211,0.4830,0.0190,0.0760,0.1166,0.0520,0.5049,0.6499,0.4746,0.6332,0.0518,0.0866,0.0214,0.0340,0.2649,0.0544,0.0431,0.0968,0.0033,0.0011,0.0506,0.0956,0.1881,0.0571,0.0327,0.0803,0.0229,0.2186,0.3504,0.0781,0.0000,16.11,0.4301,0.1244,1.2555
1705282305.4000,0.0449,0.0159,0.0103,0.0235,0.4641,0.0229,0.0713,0.1183,0.0348,0.5164,0.7162,0.4464,0.6430,0.0498,0.0598,0.0192,0.0406,0.3178,0.0024,0.0177,0.1137,0.0766,0.0000,0.1239,0.1300,0.1289,0.1623,0.0000,0.1308,0.1291,0.0745,0.3251,0.1678,0.0000,14.39,-12.4836,0.4935,-1.2794
1705282305.4667,0.0325,0.0106,0.0180,0.0250,0.4219,0.0172,0.0737,0.1171,0.0366,0.5484,0.7322,0.4063,0.6275,0.0000,0.1024,0.0499,0.0225,0.3176,0.0000,0.0327,0.1281,0.0213,0.0185,0.0916,0.1114,0.2246,0.1317,0.1053,0.1773,0.0742,0.1983,0.4277,0.1627,0.0000,15.79,-4.6909,19.2139,3.9030
1705282305.5333,0.0256,0.0242,0.0161,0.0329,0.4298,0.0200,0.0825,0.1407,0.0367,0.5149,0.6979,0.4870,0.6474,0.0000,0.0609,0.0009,0.0958,0.2134,0.0324,0.0466,0.0999,0.1187,0.0000,0.0818,0.0947,0.1758,0.0874,0.0283,0.1301,0.1288,0.0577,0.3411,0.0904,0.0000,9.10,0.7377,9.5332,2.9676
1705282305.6000,0.0332,0.0405,0.0087,0.0363,0.4345,0.0249,0.0851,0.1479,0.0219,0.5002,0.6579,0.4827,0.6683,0.0252,0.1280,0.0321,0.0509,0.2712,0.0000,0.0417,0.1807,0.1336,0.0650,0.0425,0.0687,0.0992,0.1241,0.0854,0.1066,0.0607,0.1045,0.3994,0.0567,0.0000,15.97,3.5205,-4.4345,-2.8450
1705282305.6667,0.0419,0.0345,0.0058,0.0288,0.4327,0.0264,0.0793,0.1342,0.0348,0.5090,0.6182,0.4692,0.6892,0.0885,0.0315,0.0801,0.0649,0.2804,0.0547,0.0642,0.1951,0.0938,0.0276,0.0358,0.1402,0.0348,0.1345,0.0151,0.1781,0.0747,0.0748,0.5090,0.1105,0.0000,8.90,13.7224,-3.0803,0.8152
1705282305.7333,0.0293,0.0287,0.0138,0.0098,0.4289,0.0273,0.1055,0.1333,0.0339,0.5137,0.5863,0.5695,0.6343,0.0146,0.1129,0.0325,0.1126,0.2549,0.0679,0.0355,0.0272,0.1526,0.0055,0.0342,0.1495,0.2561,0.0974,0.0532,0.1542,0.1499,0.1855,0.4232,0.1318,1.0000,13.36,4.7888,-5.9087,-4.3494
1705282305.8000,0.0414,0.0195,0.0090,0.0152,0.4444,0.0387,0.0899,0.1166,0.0523,0.5038,0.6023,0.5307,0.6248,0.0660,0.0963,0.0581,0.0186,0.3032,0.0000,0.0591,0.1285,0.1646,0.0087,0.1406,0.1250,0.0754,0.1246,0.0643,0.1519,0.1289,0.1291,0.3025,0.0274,0.0000,18.76,3.1302,1.1734,-3.1713
1705282305.8667,0.0331,0.0071,0.0112,0.0225,0.4253,0.0510,0.0855,0.1277,0.0472,0.5136,0.6282,0.5604,0.6661,0.0128,0.0895,0.0000,0.0655,0.2447,0.0000,0.0208,0.0498,0.0905,0.0000,0.0505,0.0839,0.0756,0.1589,0.0562,0.1685,0.1530,0.0623,0.3334,0.0745,0.0000,14.71,11.1225,13.8878,1.7012
1705282305.9333,0.0409,0.0214,0.0224,0.0308,0.4125,0.0684,0.0871,0.1148,0.0680,0.4803,0.6366,0.4881,0.6782,0.0452,0.0458,0.0599,0.0844,0.2791,0.0000,0.0314,0.0481,0.1801,0.0364,0.0472,0.0747,0.0901,0.1022,0.0057,0.0000,0.0560,0.0742,0.3671,0.1686,0.0000,12.10,6.7771,8.0981,1.1184
1705282306.0000,0.0508,0.0171,0.0194,0.0332,0.4320,0.0733,0.0848,0.1113,0.0955,0.4497,0.6489,0.5327,0.6918,0.0616,0.0857,0.0557,0.0833,0.2067,0.0588,0.0316,0.1414,0.0935,0.0245,0.0836,0.1177,0.0989,0.0616,0.0000,0.1170,0.0065,0.0967,0.3939,0.0986,0.0000,9.29,-5.1294,-10.3126,-9.1377
1705282306.0667,0.0414,0.0099,0.0128,0.0401,0.4500,0.0628,0.1023,0.1214,0.0645,0.4568,0.6274,0.5738,0.7436,0.0912,0.0821,0.0862,0.0187,0.2504,0.0711,0.0338,0.0722,0.0415,0.0660,0.0850,0.0789,0.1394,0.0794,0.0532,0.1676,0.1824,0.1570,0.3860,0.0066,0.0000,14.30,17.5111,-6.5719,-5.7296
1705282306.1333,0.0593,0.0156,0.0121,0.0384,0.4270,0.0757,0.1078,0.1278,0.0654,0.4425,0.6557,0.5523,0.7565,0.0000,0.0732,0.0291,0.0358,0.1809,0.0478,0.0096,0.1078,0.1726,0.0486,0.1110,0.1005,0.0625,0.0835,0.0476,0.0652,0.0994,0.0667,0.4026,0.0871,0.0000,15.85,-9.7507,-13.8015,-5.9382
1705282306.2000,0.0474,0.0189,0.0172,0.0369,0.4126,0.0639,0.0898,0.1372,0.0758,0.4602,0.6670,0.5047,0.8062,0.1305,0.1017,0.0008,0.0934,0.2506,0.0435,0.0972,0.0000,0.0312,0.0640,0.0619,0.1816,0.1427,0.0445,0.0179,0.1498,0.0920,0.1013,0.3624,0.0944,1.0000,21.87,2.9087,-7.5324,5.7956
1705282306.2667,0.0593,0.0103,0.0077,0.0259,0.4136,0.0360,0.0904,0.1404,0.0476,0.5013,0.6572,0.5015,0.7055,0.0280,0.0260,0.0465,0.0753,0.1988,0.0001,0.0000,0.0000,0.0597,0.0064,0.1369,0.1672,0.1321,0.0344,0.0390,0.0505,0.0404,0.1057,0.4022,0.1964,0.0000,13.41,3.9364,4.1564,-4.7171
1705282306.3333,0.0351,0.0186,0.0036,0.0282,0.4090,0.0416,0.0954,0.1380,0.0588,0.5031,0.6808,0.5166,0.7412,0.0381,0.0843,0.1001,0.0559,0.2031,0.0000,0.0114,0.0405,0.1022,0.0464,0.0381,0.0004,0.1715,0.0243,0.0194,0.1879,0.0696,0.0514,0.2628,0.1482,0.0000,15.20,10.1653,-4.2102,-3.3135
1705282306.4000,0.0297,0.0433,0.0065,0.0253,0.4307,0.0534,0.1021,0.1448,0.0721,0.4553,0.6898,0.6041,0.6962,0.0000,0.0433,0.0467,0.0779,0.2662,0.0463,0.0241,0.0826,0.0578,0.0396,0.1590,0.1075,0.2325,0.2152,0.0000,0.0457,0.1547,0.0887,0.3627,0.0696,0.0000,15.62,9.8227,-6.5317,-2.5212
1705282306.4667,0.0401,0.0388,0.0053,0.0142,0.4165,0.0367,0.0979,0.1386,0.0706,0.4848,0.7288,0.6168,0.5829,0.0000,0.0632,0.1036,0.0467,0.2986,0.0000,0.0193,0.0686,0.1322,0.1055,0.0914,0.1850,0.1316,0.0604,0.0394,0.1032,0.1583,0.0912,0.3421,0.0924,1.0000,15.18,13.1567,4.8220,11.5629
1705282306.5333,0.0384,0.0417,0.0000,0.0212,0.3889,0.0352,0.1052,0.1357,0.0895,0.4865,0.7382,0.5283,0.5510,0.0000,0.0354,0.0644,0.0636,0.2332,0.0000,0.0406,0.1322,0.1392,0.0000,0.0359,0.0935,0.1482,0.1091,0.0692,0.1021,0.0475,0.0737,0.2841,0.2179,0.0000,16.95,-9.3926,7.3191,1.0648
1705282306.6000,0.0315,0.0304,0.0000,0.0161,0.3679,0.0256,0.0873,0.1468,0.0748,0.5317,0.6681,0.5580,0.5065,0.0757,0.0163,0.1512,0.0703,0.2370,0.0948,0.0376,0.0895,0.0683,0.0292,0.0605,0.0380,0.0955,0.0878,0.0476,0.1318,0.1091,0.1395,0.2810,0.1185,0.0000,14.83,8.5252,13.8125,0.2354
1705282306.6667,0.0174,0.0222,0.0000,0.0270,0.3326,0.0196,0.0460,0.1438,0.0561,0.6012,0.7110,0.5267,0.5978,0.0000,0.1344,0.0317,0.0000,0.1843,0.0000,0.0201,0.1026,0.1223,0.0000,0.0273,0.1510,0.0717,0.1630,0.0143,0.0945,0.0909,0.0881,0.3164,0.2051,0.0000,19.23,7.2184,9.1242,-0.0675
1705282306.7333,0.0010,0.0225,0.0095,0.0109,0.3742,0.0281,0.0513,0.1384,0.0427,0.5928,0.7274,0.4986,0.5910,0.0407,0.0215,0.0000,0.0475,0.2139,0.0000,0.0308,0.0972,0.1167,0.0659,0.0491,0.0916,0.1575,0.1775,0.0170,0.1060,0.1097,0.1028,0.3840,0.1698,0.0000,17.55,15.0976,4.1315,-2.5657
1705282306.8000,0.0112,0.0271,0.0220,0.0353,0.3815,0.0275,0.0631,0.1323,0.0587,0.5448,0.7143,0.4776,0.5963,0.0834,0.1578,0.0000,0.0149,0.2350,0.0134,0.0000,0.0456,0.0453,0.0155,0.1123,0.0614,0.2221,0.0663,0.0621,0.0994,0.1344,0.0921,0.3074,0.0022,0.0000,12.17,-7.0926,3.8410,7.9574
1705282306.8667,0.0286,0.0335,0.0319,0.0442,0.3836,0.0000,0.0648,0.1268,0.0780,0.5251,0.7197,0.4254,0.6219,0.0000,0.0429,0.0704,0.0550,0.1901,0.0361,0.0253,0.0028,0.0486,0.0000,0.0616,0.0286,0.0925,0.1185,0.0000,0.2242,0.1088,0.1446,0.2268,0.1246,0.0000,15.68,8.6163,3.7142,-1.6104
1705282306.9333,0.0265,0.0380,0.0299,0.0431,0.4127,0.0340,0.0660,0.1335,0.0820,0.4805,0.6828,0.3930,0.6318,0.0000,0.0000,0.0298,0.0392,0.2646,0.0641,0.0037,0.0913,0.1681,0.0234,0.1160,0.2223,0.1359,0.1511,0.0169,0.0395,0.0611,0.1120,0.3128,0.1043,0.0000,9.81,-4.9895,2.8310,3.6577
1705282307.0000,0.0154,0.0306,0.0305,0.0434,0.3920,0.0366,0.0828,0.1198,0.0641,0.5108,0.6669,0.4382,0.6271,0.0176,0.0148,0.0347,0.0565,0.1754,0.0000,0.0546,0.1515,0.1298,0.0000,0.0982,0.0525,0.0585,0.1714,0.0000,0.0865,0.1441,0.1086,0.3450,0.1443,0.0000,11.60,7.0839,6.0762,-0.8081
1705282307.0667,0.0280,0.0210,0.0291,0.0451,0.4288,0.0431,0.0677,0.1221,0.0743,0.4844,0.6712,0.4756,0.6946,0.1151,0.0861,0.0422,0.0000,0.2726,0.0211,0.0706,0.1599,0.1872,0.0431,0.1897,0.1025,0.0636,0.0435,0.0404,0.1350,0.0744,0.0446,0.3096,0.0562,0.0000,22.84,8.8886,-7.7261,-4.5820
1705282307.1333,0.0233,0.0295,0.0194,0.0445,0.4307,0.0456,0.0513,0.1177,0.0685,0.5018,0.6925,0.5491,0.6911,0.0413,0.0137,0.0918,0.0102,0.2786,0.0067,0.0079,0.1332,0.1060,0.0322,0.1641,0.0090,0.1104,0.0728,0.0680,0.0249,0.1351,0.1013,0.3562,0.1316,0.0000,15.61,17.8733,7.6862,3.1619
1705282307.2000,0.0458,0.0242,0.0063,0.0407,0.4454,0.0424,0.0736,0.1045,0.0465,0.5024,0.6961,0.5709,0.6594,0.0842,0.0000,0.0018,0.0693,0.2617,0.0000,0.0417,0.0000,0.0774,0.0180,0.0734,0.1019,0.1161,0.0979,0.0935,0.0533,0.1043,0.1046,0.3389,0.1021,0.0000,16.29,9.1725,10.3344,8.7831
1705282307.2667,0.0387,0.0080,0.0139,0.0511,0.4340,0.0436,0.1239,0.1133,0.0282,0.4871,0.6613,0.5128,0.6991,0.0803,0.0619,0.0225,0.1263,0.2288,0.0187,0.0657,0.1003,0.0945,0.0142,0.1440,0.0000,0.0600,0.1535,0.0417,0.2007,0.1016,0.1937,0.3673,0.1404,0.0000,14.37,17.6219,13.9205,-0.6936
1705282307.3333,0.0388,0.0000,0.0129,0.0439,0.4571,0.0343,0.1155,0.1155,0.0380,0.4864,0.6433,0.4211,0.7157,0.0527,0.1220,0.0854,0.0591,0.2373,0.0206,0.0000,0.1852,0.1216,0.0140,0.0347,0.1466,0.1353,0.1003,0.0744,0.0474,0.2004,0.0000,0.3278,0.2335,0.0000,14.94,-6.5256,-2.7419,-0.8512
1705282307.4000,0.0372,0.0105,0.0126,0.0396,0.4784,0.0277,0.1161,0.1083,0.0535,0.4698,0.6049,0.3839,0.7541,0.1514,0.1050,0.0795,0.0653,0.3162,0.0237,0.0000,0.1676,0.0572,0.0022,0.0207,0.0049,0.1740,0.0965,0.0447,0.0817,0.0765,0.0596,0.3899,0.1775,0.0000,14.67,0.8377,-3.1177,0.3262
1705282307.4667,0.0400,0.0055,0.0130,0.0336,0.4774,0.0310,0.1234,0.1127,0.0624,0.4606,0.5702,0.3959,0.7260,0.0062,0.0686,0.0865,0.0660,0.2873,0.0000,0.0000,0.1209,0.0146,0.0513,0.0000,0.1249,0.0724,0.0482,0.0556,0.0872,0.0957,0.1782,0.3350,0.0000,0.0000,15.53,11.9675,5.8980,0.2077
1705282307.5333,0.0574,0.0127,0.0160,0.0147,0.4771,0.0273,0.1183,0.1295,0.0742,0.4437,0.5724,0.4737,0.7384,0.0000,0.0319,0.0764,0.0760,0.2190,0.0094,0.0561,0.0037,0.0599,0.0165,0.1166,0.1274,0.1771,0.1468,0.0465,0.1093,0.1548,0.1020,0.3323,0.0523,0.0000,14.05,13.4806,15.7887,1.1920
1705282307.6000,0.0533,0.0186,0.0081,0.0246,0.4837,0.0466,0.1374,0.1375,0.0557,0.4207,0.4945,0.4487,0.7545,0.0449,0.1136,0.0658,0.0403,0.2672,0.0654,0.0090,0.0857,0.1028,0.0000,0.0674,0.1183,0.1582,0.1226,0.0855,0.1460,0.0583,0.1610,0.3825,0.0449,0.0000,19.63,5.3467,7.4871,1.2509
1705282307.6667,0.0362,0.0207,0.0106,0.0178,0.4842,0.0553,0.1367,0.1237,0.0470,0.4408,0.4558,0.4462,0.7170,0.0018,0.1257,0.0736,0.0418,0.2613,0.0165,0.0825,0.1558,0.1327,0.0000,0.0389,0.0730,0.1217,0.1312,0.0509,0.0795,0.0815,0.0959,0.4175,0.0761,0.0000,14.91,12.3463,-8.5745,3.0303
1705282307.7333,0.0521,0.0247,0.0086,0.0180,0.4688,0.0495,0.1424,0.1291,0.0411,0.4395,0.3729,0.4352,0.7497,0.0622,0.0540,0.0943,0.0877,0.3068,0.0297,0.0663,0.0644,0.1734,0.0000,0.1413,0.1828,0.0799,0.1733,0.0746,0.1007,0.1065,0.1080,0.3735,0.1397,0.0000,13.60,4.9755,5.2195,3.5631
1705282307.8000,0.0550,0.0069,0.0084,0.0139,0.4983,0.0580,0.1436,0.1250,0.0297,0.4366,0.3429,0.4253,0.6588,0.0533,0.1159,0.0769,0.0772,0.3469,0.0078,0.0370,0.0865,0.0921,0.0381,0.1346,0.1062,0.1218,0.0415,0.1153,0.1433,0.0591,0.0443,0.3936,0.1143,0.0000,14.17,7.5807,-7.4855,-0.5390
1705282307.8667,0.0434,0.0095,0.0176,0.0009,0.4995,0.0542,0.1215,0.1182,0.0395,0.4575,0.4079,0.4033,0.6780,0.0445,0.0654,0.0618,0.0713,0.2825,0.0550,0.0387,0.1307,0.0837,0.0540,0.0806,0.1123,0.1397,0.1299,0.0608,0.0787,0.1588,0.0104,0.3616,0.0936,0.0000,10.30,9.0438,-12.3040,2.3620
1705282307.9333,0.0388,0.0161,0.0191,0.0094,0.5157,0.0557,0.0956,0.1265,0.0474,0.4455,0.3936,0.4189,0.7078,0.0294,0.0807,0.0000,0.0527,0.3723,0.0193,0.0453,0.1517,0.1559,0.0000,0.0977,0.1431,0.0569,0.0000,0.0590,0.0275,0.1372,0.1689,0.3217,0.0549,0.0000,15.78,2.8765,-11.3436,3.6065
1705282308.0000,0.0451,0.0060,0.0106,0.0196,0.5015,0.0657,0.1157,0.1223,0.0465,0.4402,0.3711,0.4397,0.6888,0.0613,0.0869,0.0358,0.1186,0.2834,0.0130,0.0587,0.1019,0.0000,0.0521,0.0590,0.0115,0.0626,0.1121,0.0512,0.0734,0.0214,0.1604,0.3371,0.1703,0.0000,12.56,19.9491,5.8876,-4.3576
1705282308.0667,0.0375,0.0011,0.0081,0.0121,0.4677,0.0730,0.1082,0.1130,0.0553,0.4744,0.4293,0.4623,0.7123,0.0868,0.0660,0.0959,0.0633,0.2661,0.0557,0.0000,0.1365,0.1398,0.0047,0.1909,0.0927,0.0820,0.1884,0.0467,0.1136,0.1204,0.1293,0.4139,0.1186,0.0000,13.36,9.1659,9.4772,2.3243
1705282308.1333,0.0449,0.0011,0.0192,0.0167,0.4472,0.0795,0.1091,0.1192,0.0460,0.4703,0.4675,0.4771,0.7368,0.0390,0.0936,0.0428,0.0909,0.2478,0.0000,0.0000,0.1543,0.1270,0.0530,0.0642,0.0722,0.0556,0.0974,0.0609,0.1873,0.0865,0.1448,0.3673,0.1582,0.0000,20.75,9.6467,-12.7051,-1.6601
1705282308.2000,0.0413,0.0076,0.0174,0.0022,0.4166,0.0852,0.1107,0.1376,0.0242,0.4944,0.4787,0.5055,0.7358,0.0141,0.1571,0.0477,0.0573,0.2836,0.0549,0.0043,0.0721,0.0773,0.0165,0.2060,0.0896,0.0235,0.0759,0.0216,0.0000,0.1342,0.0567,0.3446,0.0922,0.0000,13.83,5.1007,-13.5323,2.1203
1705282308.2667,0.0304,0.0085,0.0208,0.0000,0.4095,0.1028,0.1130,0.1334,0.0194,0.4974,0.4805,0.4662,0.7299,0.0719,0.1010,0.1108,0.0427,0.2026,0.0601,0.0609,0.1228,0.1180,0.0614,0.0487,0.0393,0.1354,0.0546,0.0000,0.0760,0.1078,0.1714,0.2933,0.1077,0.0000,14.08,-6.7208,0.9864,4.8118
1705282308.3333,0.0381,0.0099,0.0138,0.0171,0.3586,0.0961,0.0987,0.1301,0.0335,0.5225,0.5249,0.4636,0.7340,0.0438,0.0480,0.0000,0.0560,0.1912,0.0584,0.0174,0.1661,0.1399,0.0315,0.0760,0.0015,0.1043,0.1252,0.0791,0.0849,0.1081,0.0454,0.2486,0.1652,0.0000,21.01,11.6578,-8.0829,0.1807
1705282308.4000,0.0203,0.0000,0.0000,0.0182,0.3579,0.0947,0.0656,0.1200,0.0313,0.5752,0.5831,0.4503,0.7231,0.0675,0.0637,0.0066,0.0143,0.2194,0.0081,0.0000,0.1158,0.0975,0.0424,0.0962,0.1846,0.0890,0.1317,0.0142,0.1227,0.0517,0.0915,0.2283,0.1000,0.0000,14.51,20.2014,-3.9514,4.4889
1705282308.4667,0.0175,0.0000,0.0019,0.0193,0.3774,0.0954,0.0357,0.1037,0.0504,0.5793,0.5898,0.4873,0.7471,0.0454,0.0000,0.0702,0.0000,0.2036,0.0000,0.0634,0.0108,0.0878,0.0235,0.0921,0.0212,0.1133,0.0832,0.0000,0.0950,0.0602,0.1852,0.3554,0.0566,0.0000,18.84,15.7502,23.6985,-3.6682
1705282308.5333,0.0119,0.0055,0.0082,0.0294,0.3667,0.0912,0.0488,0.1141,0.0507,0.5640,0.6040,0.4354,0.6906,0.0303,0.0000,0.0183,0.0247,0.2281,0.0320,0.0000,0.0427,0.1427,0.0321,0.1032,0.0192,0.0825,0.0001,0.0068,0.0712,0.1498,0.0409,0.3028,0.0945,0.0000,15.30,12.8779,9.0283,2.3560
1705282308.6000,0.0092,0.0118,0.0000,0.0167,0.3832,0.0669,0.0593,0.1143,0.0618,0.5661,0.5391,0.4362,0.6802,0.0692,0.0840,0.0863,0.0289,0.2252,0.0061,0.0000,0.1088,0.0533,0.0000,0.0974,0.1433,0.1622,0.1379,0.0436,0.0354,0.1134,0.0422,0.3247,0.1112,0.0000,19.49,-6.8758,-6.9639,5.7879
1705282308.6667,0.0142,0.0078,0.0031,0.0147,0.3628,0.0546,0.0859,0.1122,0.0521,0.5755,0.5958,0.4668,0.7087,0.0000,0.0184,0.0404,0.0583,0.2200,0.0199,0.0000,0.0592,0.1011,0.0000,0.0830,0.2232,0.0655,0.0945,0.0484,0.0973,0.0906,0.2268,0.3640,0.1681,0.0000,19.13,-5.9272,7.4340,0.0661
1705282308.7333,0.0088,0.0239,0.0109,0.0000,0.3883,0.0591,0.0777,0.1090,0.0479,0.5646,0.6510,0.3645,0.6733,0.0000,0.0513,0.0470,0.0049,0.2024,0.0000,0.0000,0.1032,0.0839,0.0000,0.0286,0.1078,0.1489,0.1662,0.0919,0.0352,0.1655,0.0330,0.3318,0.1058,0.0000,7.70,1.2810,0.2150,3.8410
1705282308.8000,0.0000,0.0195,0.0193,0.0012,0.3970,0.0588,0.0750,0.1169,0.0749,0.5424,0.5897,0.3013,0.6838,0.0695,0.0601,0.0140,0.0502,0.2294,0.0000,0.0000,0.0345,0.0919,0.0863,0.0814,0.1219,0.1295,0.1499,0.0527,0.1904,0.1070,0.0454,0.3270,0.0797,0.0000,11.15,7.4183,-8.2253,3.3694
1705282308.8667,0.0229,0.0267,0.0080,0.0003,0.4117,0.0497,0.0588,0.1100,0.0620,0.5499,0.6428,0.3063,0.6342,0.0024,0.0605,0.1025,0.0239,0.2638,0.0000,0.0000,0.0213,0.1152,0.0247,0.1561,0.0240,0.0903,0.0361,0.0000,0.1148,0.0619,0.1266,0.2942,0.0909,0.0000,11.20,-0.4037,6.8500,-3.6476
1705282308.9333,0.0367,0.0380,0.0103,0.0000,0.3969,0.0413,0.0496,0.1062,0.0548,0.5597,0.6126,0.2995,0.6163,0.0032,0.1399,0.0757,0.0099,0.2259,0.0208,0.0549,0.0865,0.1557,0.0423,0.0722,0.1223,0.0945,0.1265,0.0000,0.1015,0.1319,0.0249,0.3175,0.0849,0.0000,14.73,-3.0806,0.4930,0.7706
1705282309.0000,0.0237,0.0277,0.0068,0.0078,0.3896,0.0366,0.0449,0.0942,0.0536,0.5891,0.6165,0.4214,0.6496,0.0128,0.0900,0.0324,0.0667,0.1441,0.0502,0.0030,0.0823,0.1071,0.0541,0.0000,0.0388,0.1412,0.1080,0.0287,0.0861,0.1094,0.0996,0.3199,0.1068,0.0000,10.13,0.1834,0.5559,0.0229
1705282309.0667,0.0469,0.0162,0.0244,0.0293,0.3627,0.0284,0.0498,0.0950,0.0757,0.5630,0.6398,0.4406,0.6195,0.0134,0.0136,0.0360,0.0147,0.2118,0.0035,0.0024,0.1068,0.0014,0.0400,0.0545,0.1567,0.0440,0.1810,0.0193,0.1114,0.0882,0.0833,0.3069,0.1247,0.0000,12.77,2.8735,14.9341,2.8758
1705282309.1333,0.0491,0.0208,0.0060,0.0247,0.3770,0.0360,0.0296,0.1020,0.0793,0.5652,0.6786,0.4751,0.6918,0.0583,0.0510,0.0813,0.0000,0.1757,0.0508,0.0001,0.0107,0.1315,0.0000,0.0870,0.0353,0.1300,0.0972,0.0000,0.0917,0.0289,0.0641,0.3146,0.0588,0.0000,14.51,20.3620,-4.2731,1.5434
1705282309.2000,0.0323,0.0108,0.0025,0.0309,0.3622,0.0278,0.0119,0.0768,0.0902,0.6129,0.6623,0.5019,0.6560,0.0481,0.0485,0.0000,0.0247,0.2037,0.0487,0.0057,0.0359,0.1237,0.0251,0.1430,0.0708,0.0438,0.1322,0.0107,0.0525,0.0951,0.1224,0.2688,0.1359,0.0000,15.62,1.2124,-6.4903,-7.9297
1705282309.2667,0.0326,0.0140,0.0000,0.0348,0.3562,0.0345,0.0388,0.0779,0.0639,0.6083,0.6424,0.5267,0.7452,0.0000,0.0895,0.0360,0.0000,0.1927,0.0048,0.0479,0.0957,0.0411,0.0000,0.0933,0.0727,0.0925,0.0366,0.0543,0.1302,0.1685,0.1161,0.2951,0.1701,1.0000,12.89,14.9867,-2.1675,5.2316
1705282309.3333,0.0542,0.0193,0.0025,0.0274,0.3956,0.0261,0.0389,0.0878,0.0579,0.5742,0.6654,0.5829,0.7115,0.0000,0.0359,0.0405,0.0402,0.2325,0.0282,0.0000,0.1426,0.0268,0.0000,0.0097,0.1808,0.1830,0.1182,0.0000,0.1553,0.0000,0.1342,0.2854,0.2025,0.0000,16.96,-4.0627,5.2675,0.0959
1705282309.4000,0.0249,0.0238,0.0000,0.0256,0.4240,0.0245,0.0769,0.1066,0.0324,0.5568,0.6821,0.5202,0.7057,0.0000,0.1245,0.0866,0.0000,0.2456,0.0089,0.0000,0.0907,0.1165,0.0824,0.0546,0.1134,0.1504,0.0755,0.0000,0.0223,0.1415,0.1781,0.3386,0.1642,1.0000,17.09,8.4880,5.2216,15.7661
1705282309.4667,0.0256,0.0271,0.0000,0.0039,0.4290,0.0272,0.0720,0.1258,0.0274,0.5572,0.6158,0.5348,0.7144,0.0482,0.0427,0.0074,0.0446,0.2234,0.0129,0.0565,0.0833,0.0822,0.0251,0.1469,0.0642,0.0783,0.1490,0.0019,0.0721,0.1093,0.1407,0.3405,0.0666,0.0000,18.10,19.2576,-3.9464,11.4051
1705282309.5333,0.0313,0.0196,0.0048,0.0000,0.4515,0.0497,0.1024,0.1277,0.0344,0.5072,0.5881,0.4460,0.7134,0.0561,0.0421,0.0067,0.0322,0.2841,0.0000,0.0687,0.0930,0.1327,0.0179,0.0991,0.0434,0.1647,0.1505,0.0000,0.0650,0.1426,0.0476,0.3753,0.0427,0.0000,8.62,1.7651,-9.7932,0.3007
1705282309.6000,0.0447,0.0202,0.0071,0.0000,0.4615,0.0363,0.0840,0.1380,0.0428,0.4993,0.6252,0.4310,0.7555,0.0000,0.0727,0.0940,0.0334,0.2851,0.0000,0.0151,0.0910,0.1983,0.0388,0.0542,0.0965,0.1012,0.0555,0.0729,0.1005,0.1433,0.0671,0.3381,0.0474,0.0000,15.01,9.8352,1.0836,-8.2671
1705282309.6667,0.0384,0.0271,0.0000,0.0000,0.4455,0.0250,0.0718,0.1243,0.0625,0.5232,0.5568,0.4850,0.7079,0.0210,0.1034,0.0000,0.0079,0.2300,0.0580,0.0271,0.1212,0.0399,0.0021,0.0868,0.2078,0.0995,0.0930,0.0426,0.0876,0.0892,0.0820,0.3826,0.1022,0.0000,15.19,-3.0737,0.1499,2.4885
1705282309.7333,0.0652,0.0263,0.0041,0.0021,0.4362,0.0128,0.0707,0.1320,0.0702,0.5082,0.5552,0.5060,0.7236,0.0494,0.0577,0.0878,0.0586,0.2744,0.0063,0.0283,0.1887,0.1418,0.0086,0.0444,0.0993,0.0758,0.1332,0.0312,0.0650,0.0653,0.0271,0.4727,0.1261,0.0000,14.71,-9.8123,20.2229,6.4612
1705282309.8000,0.0449,0.0207,0.0136,0.0220,0.4474,0.0177,0.0694,0.1360,0.0614,0.5000,0.5201,0.5492,0.7151,0.0000,0.0482,0.0608,0.0680,0.2991,0.0143,0.0890,0.0772,0.1665,0.0216,0.0506,0.0279,0.0683,0.0864,0.1041,0.0365,0.1725,0.1514,0.3036,0.1123,0.0000,16.31,17.4066,-1.5771,7.4504
1705282309.8667,0.0542,0.0226,0.0202,0.0373,0.4419,0.0211,0.0686,0.1261,0.0682,0.4839,0.4915,0.5090,0.7270,0.0222,0.0071,0.0465,0.0534,0.2711,0.0253,0.0162,0.1281,0.1798,0.0565,0.1264,0.2036,0.0718,0.0843,0.0256,0.1049,0.0658,0.0724,0.2709,0.2466,0.0000,13.03,10.2020,8.1598,2.1953
1705282309.9333,0.0361,0.0115,0.0118,0.0412,0.4274,0.0193,0.0707,0.1249,0.0713,0.5115,0.4990,0.5207,0.6014,0.0136,0.0032,0.0446,0.0847,0.2894,0.0000,0.0277,0.0839,0.0275,0.0000,0.1745,0.0494,0.1402,0.0670,0.0228,0.1270,0.1166,0.0355,0.3732,0.1562,0.0000,17.12,4.6368,10.8307,-2.3404
1705282310.0000,0.0268,0.0182,0.0189,0.0419,0.4402,0.0308,0.0654,0.1408,0.0644,0.4916,0.5707,0.5807,0.5841,0.0811,0.0000,0.0188,0.0196,0.2180,0.0277,0.0265,0.1175,0.1031,0.0180,0.1102,0.0646,0.1010,0.0963,0.0386,0.0528,0.0948,0.1807,0.3180,0.0944,0.0000,9.15,4.7579,-3.4046,-1.9135
1705282310.0667,0.0100,0.0192,0.0200,0.0467,0.4444,0.0092,0.0371,0.1293,0.0763,0.5247,0.5963,0.5414,0.4977,0.0009,0.0238,0.0000,0.0308,0.2057,0.0000,0.0404,0.1250,0.1608,0.0000,0.1142,0.0696,0.2356,0.1497,0.0180,0.1922,0.1379,0.0664,0.4429,0.1146,0.0000,12.40,12.3274,9.1034,-5.5657
1705282310.1333,0.0195,0.0115,0.0272,0.0573,0.4421,0.0155,0.0393,0.1230,0.0621,0.5215,0.5283,0.5628,0.5148,0.0748,0.0549,0.0588,0.0651,0.3303,0.0352,0.0382,0.1348,0.0183,0.0000,0.0662,0.0199,0.1252,0.0388,0.0461,0.0831,0.0503,0.1275,0.3050,0.0160,0.0000,14.01,1.5715,10.1875,-9.7149
1705282310.2000,0.0042,0.0028,0.0316,0.0535,0.4334,0.0217,0.0260,0.1436,0.0466,0.5420,0.6074,0.4990,0.5031,0.0505,0.0845,0.0000,0.0305,0.2999,0.0000,0.0000,0.0609,0.0761,0.0420,0.0502,0.0762,0.0386,0.1102,0.0000,0.0305,0.1298,0.0697,0.2701,0.1202,0.0000,16.30,-0.3093,-10.0430,-4.7062
1705282310.2667,0.0208,0.0072,0.0314,0.0427,0.4431,0.0103,0.0385,0.1430,0.0465,0.5298,0.5944,0.4547,0.4807,0.0000,0.0529,0.0000,0.0090,0.2582,0.0000,0.0056,0.1641,0.1574,0.0000,0.0576,0.1390,0.1568,0.0662,0.0576,0.0769,0.0671,0.0787,0.4238,0.0391,0.0000,12.61,13.9975,-10.9933,3.6473
1705282310.3333,0.0230,0.0000,0.0383,0.0446,0.4315,0.0241,0.0301,0.1567,0.0645,0.5123,0.6087,0.5069,0.5512,0.0794,0.0200,0.0966,0.0471,0.2981,0.0427,0.0148,0.1685,0.1786,0.0356,0.1611,0.0668,0.0050,0.0580,0.0096,0.1523,0.1010,0.1514,0.2964,0.1888,0.0000,14.92,1.8450,2.9810,4.0357
1705282310.4000,0.0244,0.0091,0.0331,0.0413,0.4233,0.0202,0.0547,0.1493,0.0815,0.4979,0.5319,0.4791,0.6145,0.0000,0.0902,0.0756,0.0379,0.2749,0.0000,0.0823,0.1001,0.0503,0.0000,0.1125,0.1466,0.0619,0.0854,0.0427,0.0853,0.1158,0.0673,0.3116,0.1059,0.0000,14.83,-2.0787,-3.0445,-0.8184
1705282310.4667,0.0386,0.0059,0.0407,0.0307,0.4499,0.0154,0.0527,0.1434,0.1090,0.4682,0.5225,0.5024,0.6269,0.0106,0.0499,0.1113,0.0231,0.2594,0.0392,0.0340,0.0951,0.1405,0.0000,0.0987,0.0333,0.0934,0.1554,0.0815,0.1217,0.0790,0.0662,0.3231,0.1847,0.0000,14.73,3.4160,-3.4572,-5.5024
1705282310.5333,0.0266,0.0098,0.0297,0.0347,0.4109,0.0144,0.0494,0.1427,0.0918,0.5140,0.4907,0.5765,0.5513,0.0000,0.0328,0.0219,0.0702,0.2422,0.0047,0.0180,0.0965,0.0804,0.0414,0.1222,0.0354,0.1774,0.1937,0.0000,0.1320,0.1029,0.0359,0.3546,0.0791,0.0000,17.05,-4.9826,-3.9761,3.3801
1705282310.6000,0.0205,0.0209,0.0423,0.0238,0.4249,0.0253,0.0586,0.1457,0.0951,0.4857,0.5343,0.5055,0.5988,0.0176,0.0067,0.0510,0.0000,0.2147,0.0000,0.0000,0.0871,0.0000,0.0631,0.1326,0.1165,0.1405,0.0693,0.0609,0.0846,0.1514,0.1033,0.3900,0.0750,0.0000,14.51,0.1800,-1.6278,-1.6490
1705282310.6667,0.0229,0.0284,0.0346,0.0319,0.4049,0.0302,0.0553,0.1411,0.0817,0.5013,0.5371,0.5785,0.5929,0.0537,0.0429,0.1272,0.0746,0.2344,0.0208,0.0001,0.0171,0.1377,0.0326,0.1084,0.0094,0.1077,0.1545,0.0563,0.0403,0.0498,0.1452,0.3340,0.1113,0.0000,12.92,-4.6765,10.4484,-3.3881
1705282310.7333,0.0094,0.0139,0.0331,0.0199,0.3935,0.0480,0.0680,0.1366,0.0720,0.5234,0.5270,0.5652,0.5902,0.0000,0.0620,0.0981,0.0279,0.2051,0.0041,0.0011,0.0435,0.0481,0.0418,0.0825,0.1415,0.1252,0.1247,0.0098,0.0985,0.1237,0.0945,0.2451,0.1293,0.0000,15.31,4.0513,-9.3607,-5.0949
1705282310.8000,0.0222,0.0299,0.0231,0.0151,0.4003,0.0372,0.0840,0.1306,0.0741,0.5101,0.5074,0.4792,0.6078,0.0114,0.0287,0.0000,0.0449,0.2248,0.0000,0.0000,0.1414,0.1312,0.0417,0.0554,0.0875,0.1527,0.0973,0.0435,0.1364,0.1067,0.1460,0.3022,0.1263,0.0000,17.19,-12.1542,10.9271,-2.5985
1705282310.8667,0.0172,0.0126,0.0197,0.0118,0.4172,0.0243,0.0570,0.1253,0.0594,0.5533,0.4974,0.4911,0.6551,0.0000,0.0203,0.0000,0.0306,0.2199,0.0000,0.0313,0.0644,0.0599,0.0353,0.0954,0.0879,0.0843,0.0751,0.0141,0.1295,0.0886,0.1585,0.3556,0.1435,0.0000,18.75,9.9745,9.1231,-2.8844
1705282310.9333,0.0080,0.0033,0.0257,0.0118,0.4502,0.0239,0.0820,0.1127,0.0715,0.5265,0.5409,0.4302,0.6298,0.0914,0.0805,0.1139,0.0298,0.3148,0.0285,0.0042,0.0980,0.1011,0.0000,0.0661,0.1072,0.1071,0.1149,0.0616,0.1080,0.1468,0.1345,0.3357,0.0920,0.0000,13.13,-9.2106,10.8210,0.3271
1705282311.0000,0.0127,0.0020,0.0209,0.0194,0.4217,0.0258,0.0789,0.1068,0.0904,0.5328,0.5810,0.5048,0.5994,0.0972,0.0765,0.1060,0.0557,0.3070,0.0109,0.0326,0.1249,0.0687,0.0073,0.0617,0.0893,0.0276,0.0741,0.0309,0.1662,0.0815,0.0735,0.2977,0.1089,0.0000,15.47,-0.3569,-17.8108,3.6312
1705282311.0667,0.0000,0.0127,0.0148,0.0290,0.4399,0.0023,0.0887,0.0921,0.0897,0.5385,0.5921,0.4434,0.5705,0.0000,0.0000,0.0743,0.0921,0.2624,0.0000,0.0526,0.0156,0.1476,0.0517,0.1397,0.1257,0.1275,0.1227,0.0617,0.0259,0.1046,0.0928,0.3722,0.1235,0.0000,11.43,13.5178,17.0856,-4.2685
1705282311.1333,0.0128,0.0237,0.0058,0.0270,0.4538,0.0000,0.0870,0.1017,0.0542,0.5404,0.5962,0.5232,0.6581,0.0000,0.0523,0.1476,0.0418,0.2465,0.0347,0.0000,0.1037,0.1017,0.0616,0.0616,0.0532,0.0234,0.1304,0.0833,0.1117,0.1031,0.0687,0.3381,0.1238,0.0000,11.81,10.5568,-16.8418,2.8072
1705282311.2000,0.0000,0.0208,0.0192,0.0166,0.4638,0.0111,0.0852,0.1001,0.0571,0.5357,0.6144,0.4651,0.6673,0.0319,0.0353,0.0219,0.0692,0.2901,0.0000,0.0000,0.0875,0.0181,0.0000,0.0690,0.0390,0.0789,0.1266,0.0524,0.1292,0.1435,0.0545,0.3815,0.1268,0.0000,19.68,-16.5406,11.8155,4.5797
1705282311.2667,0.0013,0.0081,0.0256,0.0215,0.4661,0.0112,0.0656,0.1031,0.0725,0.5350,0.6434,0.5149,0.7300,0.0903,0.1048,0.0538,0.0451,0.3093,0.0741,0.0461,0.1413,0.1011,0.0000,0.0283,0.1235,0.1113,0.1261,0.0300,0.0000,0.0753,0.1222,0.4792,0.1024,0.0000,19.89,13.5854,-18.6863,7.7065
1705282311.3333,0.0178,0.0145,0.0221,0.0090,0.4663,0.0006,0.0717,0.0927,0.0723,0.5398,0.5801,0.6083,0.7563,0.0350,0.0412,0.0873,0.0499,0.3015,0.0151,0.0594,0.1611,0.2130,0.0000,0.1316,0.1401,0.0368,0.1091,0.0828,0.1141,0.1184,0.0093,0.4182,0.1172,0.0000,9.67,13.5743,-16.5087,-4.9432
1705282311.4000,0.0182,0.0009,0.0195,0.0091,0.4654,0.0037,0.0776,0.0957,0.0884,0.5329,0.5224,0.6525,0.7776,0.0199,0.0450,0.0099,0.0387,0.2989,0.0219,0.0277,0.1023,0.0912,0.0000,0.1686,0.1272,0.0438,0.1358,0.0130,0.0408,0.1538,0.1012,0.3797,0.0684,0.0000,18.07,9.6973,-12.3940,14.5612
1705282311.4667,0.0231,0.0170,0.0180,0.0059,0.4543,0.0009,0.0930,0.1038,0.0805,0.5221,0.4375,0.6479,0.7893,0.0079,0.0368,0.0067,0.0000,0.2575,0.0000,0.0610,0.1439,0.1666,0.0246,0.2124,0.1232,0.0588,0.0698,0.0445,0.1114,0.1126,0.0966,0.4643,0.0592,0.0000,21.34,3.5534,7.6504,-2.6536
1705282311.5333,0.0371,0.0261,0.0114,0.0000,0.4081,0.0210,0.0816,0.1031,0.0575,0.5524,0.5756,0.6049,0.7614,0.0185,0.0373,0.0867,0.0061,0.2979,0.0229,0.0163,0.1153,0.1126,0.0000,0.0020,0.1187,0.0127,0.0788,0.0484,0.2259,0.2103,0.0008,0.2655,0.1652,0.0000,18.93,8.5145,-8.1138,0.2697
1705282311.6000,0.0431,0.0207,0.0048,0.0000,0.3921,0.0250,0.0731,0.1174,0.0338,0.5741,0.6307,0.5581,0.7268,0.0037,0.1531,0.0000,0.0473,0.2199,0.0000,0.0000,0.0000,0.0874,0.0000,0.0476,0.0741,0.0400,0.1367,0.0883,0.2053,0.1207,0.2170,0.3366,0.1426,0.0000,11.42,12.5113,-5.3381,5.0774
1705282311.6667,0.0458,0.0162,0.0000,0.0076,0.4174,0.0389,0.0683,0.0912,0.0230,0.5749,0.6239,0.4377,0.7355,0.0000,0.0251,0.0000,0.0532,0.2073,0.0313,0.0600,0.1212,0.0959,0.0127,0.1306,0.1538,0.0936,0.0843,0.0501,0.0868,0.0754,0.0891,0.3601,0.1350,0.0000,14.74,-2.6834,2.2575,7.4333
1705282311.7333,0.0390,0.0160,0.0134,0.0081,0.4063,0.0476,0.0680,0.0892,0.0232,0.5735,0.6096,0.4063,0.7663,0.0000,0.0414,0.0558,0.0427,0.2837,0.0427,0.0268,0.0855,0.1434,0.0000,0.1177,0.2101,0.1262,0.1565,0.0643,0.1094,0.1143,0.1262,0.3067,0.1449,0.0000,14.95,12.4908,5.5182,-6.4532
1705282311.8000,0.0326,0.0240,0.0180,0.0064,0.3980,0.0186,0.0818,0.0932,0.0141,0.5879,0.6112,0.4521,0.7796,0.0037,0.0909,0.0620,0.0455,0.2628,0.0152,0.0226,0.1055,0.0539,0.0000,0.1705,0.0557,0.0740,0.0547,0.0383,0.1012,0.0738,0.1571,0.3731,0.0864,0.0000,6.84,5.8017,19.8259,3.0056
1705282311.8667,0.0143,0.0197,0.0130,0.0018,0.3901,0.0089,0.0993,0.0971,0.0111,0.6068,0.6036,0.5001,0.7579,0.0000,0.0808,0.0363,0.0547,0.2430,0.0000,0.0105,0.1661,0.0986,0.0000,0.0794,0.1193,0.0770,0.0599,0.0230,0.1433,0.0717,0.0220,0.4389,0.0472,0.0000,11.43,7.7574,-0.9390,-1.1957
1705282311.9333,0.0321,0.0126,0.0145,0.0000,0.4001,0.0178,0.0888,0.0822,0.0135,0.6030,0.5671,0.5179,0.7842,0.0200,0.0751,0.0504,0.0523,0.2246,0.0415,0.0369,0.1023,0.1737,0.0230,0.1154,0.0595,0.1034,0.0823,0.0639,0.0788,0.0650,0.1862,0.2739,0.1631,0.0000,14.67,11.2526,-1.2720,-5.0742
1705282312.0000,0.0316,0.0171,0.0182,0.0047,0.3932,0.0085,0.1019,0.0912,0.0145,0.5914,0.5616,0.5055,0.7712,0.0105,0.1143,0.0000,0.0623,0.2226,0.0412,0.0197,0.1643,0.0814,0.0320,0.2574,0.0454,0.1510,0.1256,0.0354,0.0738,0.0081,0.1339,0.2481,0.0940,0.0000,10.30,8.0051,-6.6087,-1.8366
1705282312.0667,0.0235,0.0109,0.0108,0.0047,0.3914,0.0291,0.1021,0.0826,0.0000,0.6069,0.5239,0.3951,0.7969,0.0000,0.0227,0.0387,0.1164,0.2280,0.0798,0.0082,0.0152,0.1304,0.0000,0.1690,0.1165,0.1053,0.0914,0.0734,0.0982,0.0817,0.0544,0.2904,0.1416,0.0000,21.40,-3.4074,2.1673,-1.8002
1705282312.1333,0.0239,0.0215,0.0139,0.0069,0.4045,0.0364,0.0888,0.0954,0.0195,0.5735,0.5017,0.3763,0.7737,0.0488,0.0327,0.0000,0.0110,0.2827,0.0196,0.0568,0.0978,0.0421,0.0000,0.1507,0.1868,0.0000,0.1249,0.0968,0.1324,0.1554,0.0849,0.3561,0.1363,1.0000,15.26,0.1238,2.4916,-1.6171
1705282312.2000,0.0341,0.0193,0.0033,0.0109,0.3829,0.0524,0.0937,0.1085,0.0274,0.5605,0.5098,0.3798,0.7281,0.0243,0.0721,0.0000,0.0500,0.2044,0.0002,0.0144,0.2022,0.1575,0.0364,0.0861,0.1878,0.1499,0.1093,0.0653,0.0618,0.1023,0.1105,0.2842,0.1268,0.0000,14.56,-7.8491,-6.4146,-5.6016
1705282312.2667,0.0181,0.0157,0.0031,0.0241,0.4069,0.0748,0.0993,0.1171,0.0351,0.5234,0.5665,0.4402,0.7278,0.0000,0.0528,0.0577,0.0228,0.2176,0.0000,0.0294,0.1156,0.0891,0.0273,0.1477,0.1031,0.1045,0.1896,0.0224,0.0999,0.0478,0.0212,0.3618,0.1159,0.0000,11.47,3.9343,-10.3156,-0.4703
1705282312.3333,0.0426,0.0187,0.0058,0.0244,0.4121,0.0282,0.0885,0.1140,0.0237,0.5451,0.5395,0.4247,0.7150,0.0416,0.0549,0.0565,0.1216,0.2815,0.0836,0.0463,0.0693,0.1813,0.0000,0.0493,0.0886,0.0145,0.1556,0.0821,0.0784,0.0891,0.1908,0.3329,0.0656,0.0000,15.18,8.7238,-2.7634,-5.1334
1705282312.4000,0.0365,0.0000,0.0070,0.0155,0.3960,0.0181,0.0957,0.0962,0.0399,0.5771,0.5023,0.4349,0.7246,0.0010,0.0975,0.0046,0.0486,0.2530,0.0269,0.0306,0.2361,0.1025,0.0000,0.0822,0.1442,0.1129,0.0200,0.0676,0.0610,0.0860,0.0893,0.3306,0.0737,0.0000,12.82,3.5586,-0.6844,-1.2126
1705282312.4667,0.0361,0.0004,0.0085,0.0164,0.4225,0.0275,0.1143,0.0775,0.0511,0.5474,0.5376,0.4368,0.6917,0.0531,0.0401,0.0402,0.0604,0.2408,0.0510,0.0223,0.1896,0.1390,0.0000,0.2121,0.2280,0.0970,0.0516,0.0162,0.0856,0.1619,0.1035,0.4495,0.1225,0.0000,14.00,-15.1250,-14.0947,-0.7107
1705282312.5333,0.0349,0.0220,0.0145,0.0117,0.4333,0.0425,0.1046,0.0949,0.0477,0.5164,0.5153,0.4470,0.7010,0.0483,0.0509,0.1394,0.1212,0.2192,0.0596,0.0503,0.0125,0.0918,0.0146,0.0667,0.1563,0.1140,0.1510,0.0274,0.0530,0.0254,0.0232,0.4288,0.1033,0.0000,16.60,12.4013,-16.9213,1.6463
1705282312.6000,0.0418,0.0199,0.0183,0.0110,0.4413,0.0431,0.0861,0.1116,0.0562,0.5024,0.4999,0.4161,0.6762,0.0000,0.0261,0.0692,0.0664,0.2239,0.0350,0.0065,0.0229,0.1245,0.0000,0.0957,0.0486,0.1276,0.0970,0.0613,0.0267,0.1100,0.1322,0.2718,0.2210,0.0000,18.08,0.5351,5.6364,-2.9461
1705282312.6667,0.0252,0.0140,0.0356,0.0169,0.4346,0.0451,0.0638,0.1111,0.0644,0.5136,0.4883,0.4317,0.6898,0.0786,0.0175,0.1176,0.0704,0.2899,0.0000,0.0337,0.1326,0.1432,0.0000,0.1278,0.0766,0.1209,0.1557,0.0000,0.0478,0.1960,0.2110,0.3056,0.0646,0.0000,12.84,13.3254,8.8900,-5.4867
1705282312.7333,0.0356,0.0155,0.0417,0.0117,0.4501,0.0422,0.0760,0.1182,0.0565,0.4915,0.5264,0.4508,0.6708,0.0025,0.0838,0.1201,0.0781,0.3034,0.0160,0.0683,0.0467,0.0612,0.0000,0.0366,0.1471,0.0766,0.1106,0.0000,0.0809,0.1313,0.1230,0.3454,0.0000,0.0000,16.87,2.0505,15.5352,-5.2967
1705282312.8000,0.0533,0.0122,0.0436,0.0244,0.4471,0.0351,0.0599,0.1242,0.0474,0.4917,0.4981,0.4284,0.6481,0.0329,0.0058,0.0656,0.0603,0.2873,0.0000,0.0283,0.0000,0.0000,0.0462,0.1379,0.0353,0.1130,0.1370,0.0042,0.0494,0.1039,0.1540,0.3559,0.1441,1.0000,16.95,3.9306,3.0800,1.8891
1705282312.8667,0.0387,0.0178,0.0276,0.0165,0.4259,0.0293,0.0840,0.1375,0.0506,0.5033,0.4675,0.4237,0.7190,0.0000,0.1179,0.0404,0.0318,0.2676,0.0585,0.0176,0.1213,0.0609,0.0144,0.0585,0.1019,0.0570,0.0761,0.0000,0.1007,0.0891,0.1481,0.2474,0.0686,0.0000,16.05,9.0432,-0.5579,2.1055
1705282312.9333,0.0346,0.0049,0.0336,0.0136,0.4180,0.0288,0.0628,0.1375,0.0481,0.5308,0.4895,0.4477,0.6873,0.0369,0.0000,0.0000,0.0683,0.2449,0.0000,0.0256,0.1455,0.1051,0.0000,0.0593,0.1106,0.1554,0.1188,0.0239,0.1597,0.0540,0.1043,0.4189,0.0782,0.0000,12.95,8.0892,5.9794,-3.7859
1705282313.0000,0.0404,0.0000,0.0397,0.0211,0.4341,0.0236,0.0795,0.1168,0.0447,0.5200,0.5706,0.4728,0.6585,0.0148,0.1047,0.0018,0.0329,0.2150,0.0681,0.0116,0.0462,0.0614,0.0522,0.0559,0.1254,0.0580,0.0000,0.0000,0.1454,0.1394,0.0350,0.3668,0.0400,0.0000,19.73,3.1637,-8.2441,2.2281
1705282313.0667,0.0375,0.0010,0.0329,0.0244,0.4036,0.0061,0.0952,0.1158,0.0174,0.5598,0.5709,0.4098,0.6630,0.0588,0.0726,0.0355,0.0993,0.2310,0.0213,0.0122,0.1547,0.0632,0.0000,0.2646,0.1008,0.1054,0.1411,0.0263,0.0438,0.2120,0.1199,0.2628,0.0896,0.0000,11.21,14.0825,-10.6761,-0.1336
1705282313.1333,0.0464,0.0086,0.0258,0.0262,0.4090,0.0002,0.0906,0.1120,0.0353,0.5476,0.5437,0.4156,0.6179,0.0234,0.0534,0.1253,0.0437,0.2550,0.0000,0.0221,0.0823,0.0000,0.0518,0.0558,0.1287,0.0627,0.0411,0.0665,0.1036,0.0437,0.1162,0.3697,0.1407,0.0000,14.28,-19.4079,6.6210,-6.6823
1705282313.2000,0.0413,0.0066,0.0171,0.0226,0.4355,0.0154,0.0980,0.1277,0.0299,0.5235,0.5818,0.3577,0.7033,0.0000,0.1089,0.0622,0.0633,0.2838,0.0266,0.0982,0.0041,0.2089,0.0405,0.0914,0.0000,0.1089,0.0322,0.0515,0.0113,0.0474,0.1762,0.2991,0.1208,0.0000,15.07,3.3655,-2.8078,0.8533
1705282313.2667,0.0435,0.0183,0.0114,0.0259,0.3902,0.0248,0.1153,0.1161,0.0043,0.5502,0.5847,0.4263,0.6925,0.0142,0.0803,0.0008,0.0572,0.2286,0.0482,0.0370,0.0399,0.1316,0.0587,0.0413,0.0353,0.1509,0.0553,0.0912,0.1647,0.0645,0.1616,0.3293,0.0367,0.0000,14.18,13.2259,0.2103,-2.0845
1705282313.3333,0.0635,0.0296,0.0077,0.0263,0.3874,0.0182,0.1143,0.1159,0.0000,0.5423,0.5671,0.4298,0.6968,0.0000,0.0966,0.0289,0.1010,0.1968,0.0295,0.0000,0.1249,0.0856,0.0156,0.0503,0.1829,0.1248,0.0845,0.0278,0.0000,0.0831,0.0000,0.2965,0.1010,0.0000,16.31,0.0011,4.1768,3.4155
1705282313.4000,0.0547,0.0302,0.0245,0.0150,0.3835,0.0371,0.0851,0.1136,0.0335,0.5337,0.5565,0.5396,0.6991,0.0575,0.0557,0.0000,0.0733,0.2455,0.0687,0.0293,0.1114,0.1238,0.0216,0.0505,0.0025,0.1354,0.1576,0.0718,0.0985,0.1170,0.1354,0.3143,0.0281,0.0000,13.54,8.5218,5.4221,2.9933
1705282313.4667,0.0619,0.0196,0.0198,0.0199,0.3749,0.0142,0.1147,0.1100,0.0460,0.5314,0.5357,0.4701,0.6399,0.0000,0.0260,0.0684,0.0651,0.2174,0.0000,0.0629,0.1604,0.0355,0.0284,0.1456,0.0897,0.1611,0.1594,0.0467,0.0174,0.0065,0.0968,0.3436,0.1606,0.0000,18.12,-0.3900,-0.0358,0.0842
1705282313.5333,0.0468,0.0153,0.0170,0.0317,0.3916,0.0263,0.1263,0.1054,0.0369,0.5216,0.5500,0.5021,0.7147,0.0442,0.1190,0.0720,0.0767,0.3153,0.0542,0.0019,0.0356,0.1491,0.0204,0.0565,0.1341,0.2001,0.1090,0.0533,0.0733,0.0482,0.0543,0.3478,0.0372,0.0000,13.24,-2.5751,-5.1706,4.3200
1705282313.6000,0.0453,0.0330,0.0318,0.0203,0.4053,0.0382,0.1138,0.1083,0.0265,0.5065,0.6060,0.4395,0.7021,0.0000,0.0918,0.0342,0.0481,0.2188,0.0356,0.0026,0.1027,0.0757,0.0093,0.0000,0.1451,0.1077,0.0934,0.0677,0.1011,0.0318,0.2042,0.3405,0.0581,0.0000,9.57,2.9839,-9.6489,2.9139
1705282313.6667,0.0301,0.0363,0.0310,0.0234,0.3952,0.0482,0.1161,0.1115,0.0016,0.5240,0.6172,0.4401,0.7608,0.0000,0.0454,0.0000,0.0663,0.2438,0.0243,0.1061,0.0973,0.0960,0.0505,0.1622,0.0842,0.0972,0.1183,0.0470,0.0776,0.0362,0.1316,0.2935,0.1068,0.0000,13.01,19.0751,9.8827,-1.4641
1705282313.7333,0.0261,0.0186,0.0111,0.0277,0.4079,0.0462,0.0875,0.1094,0.0342,0.5387,0.5748,0.4580,0.7939,0.0000,0.0909,0.0000,0.1416,0.2293,0.0000,0.0037,0.0690,0.0964,0.0148,0.1019,0.1796,0.0962,0.0978,0.0453,0.1358,0.0862,0.0979,0.3710,0.2031,0.0000,16.05,20.0231,17.7824,0.5293
1705282313.8000,0.0098,0.0321,0.0202,0.0373,0.3984,0.0455,0.0974,0.1028,0.0436,0.5277,0.5788,0.4399,0.7534,0.0281,0.1403,0.0834,0.0732,0.2429,0.0101,0.0000,0.0792,0.1447,0.0603,0.0502,0.0000,0.0860,0.0794,0.0352,0.0474,0.1057,0.1140,0.3456,0.0528,0.0000,12.44,0.5221,-4.9387,4.7334
1705282313.8667,0.0059,0.0268,0.0178,0.0185,0.3946,0.0540,0.0955,0.0921,0.0542,0.5444,0.5799,0.3896,0.7090,0.0000,0.0423,0.0672,0.0886,0.2544,0.0157,0.0000,0.0629,0.0817,0.0400,0.0850,0.0821,0.0927,0.1883,0.0739,0.0474,0.1052,0.1417,0.2219,0.1939,0.0000,13.22,-0.0869,-3.6939,4.1624
1705282313.9333,0.0132,0.0157,0.0266,0.0308,0.3944,0.0602,0.0775,0.1025,0.0613,0.5307,0.5316,0.4727,0.7018,0.0429,0.0808,0.0255,0.0851,0.2273,0.0318,0.0627,0.1004,0.1678,0.0181,0.0248,0.0964,0.1506,0.1462,0.0050,0.0741,0.1303,0.1202,0.2560,0.0895,0.0000,13.06,2.2130,-5.9019,4.5933
1705282314.0000,0.0006,0.0038,0.0294,0.0402,0.4142,0.0437,0.0958,0.0914,0.0667,0.5285,0.5708,0.4296,0.6294,0.0197,0.0997,0.0475,0.0616,0.2599,0.0000,0.0000,0.1105,0.0978,0.0237,0.1030,0.1049,0.0943,0.1046,0.0226,0.0113,0.0662,0.0959,0.3138,0.1052,0.0000,12.51,-2.3381,2.0982,3.8408
1705282314.0667,0.0239,0.0064,0.0210,0.0511,0.4258,0.0196,0.0864,0.1047,0.0693,0.5150,0.6132,0.3909,0.6601,0.0242,0.0449,0.0000,0.0000,0.2648,0.0000,0.0000,0.1097,0.1269,0.0133,0.0458,0.0608,0.1222,0.1331,0.0598,0.1102,0.0000,0.0951,0.3162,0.2334,0.0000,16.12,5.6540,4.9860,-10.8739
1705282314.1333,0.0214,0.0296,0.0274,0.0335,0.4070,0.0313,0.0881,0.1064,0.0670,0.5129,0.6429,0.4483,0.5444,0.0000,0.0697,0.0000,0.0621,0.2548,0.0000,0.0000,0.1438,0.0552,0.0595,0.1175,0.1655,0.0797,0.0604,0.0276,0.0825,0.1068,0.0480,0.2732,0.1486,0.0000,16.16,-7.4581,1.2131,0.5245
1705282314.2000,0.0365,0.0254,0.0392,0.0234,0.4035,0.0182,0.0813,0.1000,0.0793,0.5159,0.5908,0.4537,0.5665,0.0387,0.0088,0.1390,0.0348,0.2768,0.0280,0.0000,0.0323,0.0660,0.0310,0.1111,0.1230,0.1742,0.0856,0.0390,0.0683,0.0968,0.0815,0.3920,0.0706,0.0000,17.51,0.4495,0.3446,-3.2301
1705282314.2667,0.0118,0.0197,0.0345,0.0219,0.3975,0.0195,0.0854,0.1125,0.0977,0.5197,0.5551,0.4705,0.5699,0.0000,0.0582,0.0000,0.0100,0.2249,0.0000,0.0485,0.0948,0.0762,0.0000,0.0955,0.0613,0.0949,0.1342,0.0809,0.0488,0.1331,0.1157,0.3081,0.1546,0.0000,12.30,6.0378,7.6012,1.0287
1705282314.3333,0.0004,0.0000,0.0453,0.0210,0.3965,0.0110,0.0877,0.1196,0.0755,0.5458,0.6026,0.5679,0.5736,0.0000,0.0845,0.0150,0.0729,0.2550,0.0000,0.0000,0.0575,0.0800,0.0000,0.0523,0.1259,0.0000,0.0328,0.0874,0.1279,0.0936,0.0501,0.3213,0.1430,0.0000,15.41,10.1091,-10.9213,1.0475
1705282314.4000,0.0124,0.0107,0.0402,0.0370,0.3787,0.0205,0.0881,0.1052,0.0825,0.5348,0.6015,0.5391,0.5106,0.0055,0.0710,0.0284,0.0894,0.1769,0.0027,0.0632,0.1913,0.1030,0.0415,0.1819,0.1388,0.0423,0.0715,0.0188,0.0714,0.1266,0.0905,0.2450,0.0602,0.0000,12.14,-0.2725,-3.4308,4.2170
1705282314.4667,0.0249,0.0017,0.0406,0.0333,0.3883,0.0046,0.0735,0.0844,0.0471,0.5810,0.6618,0.5378,0.5246,0.0036,0.0325,0.1128,0.0821,0.1955,0.0142,0.0182,0.1063,0.1476,0.0301,0.0286,0.1419,0.1035,0.1582,0.0000,0.1215,0.1158,0.1584,0.3733,0.0399,0.0000,14.02,-1.7028,8.7727,0.1684
1705282314.5333,0.0064,0.0096,0.0385,0.0387,0.3848,0.0000,0.0793,0.0884,0.0471,0.5844,0.6588,0.6470,0.5803,0.0389,0.0045,0.0000,0.0754,0.2178,0.0000,0.0087,0.0961,0.1014,0.0150,0.1239,0.0915,0.0965,0.0404,0.0070,0.0750,0.0574,0.0843,0.3196,0.1040,0.0000,14.16,10.1911,-22.4077,0.0665
1705282314.6000,0.0202,0.0033,0.0400,0.0307,0.3552,0.0000,0.0794,0.0913,0.1133,0.5599,0.5256,0.5928,0.6187,0.0743,0.0282,0.0542,0.1079,0.2335,0.0000,0.0277,0.0165,0.0951,0.0043,0.1228,0.1175,0.0717,0.0958,0.0440,0.1173,0.1664,0.0972,0.4293,0.1288,0.0000,11.13,6.0286,-11.3815,3.0525
1705282314.6667,0.0037,0.0099,0.0490,0.0185,0.4006,0.0095,0.0636,0.0759,0.1292,0.5441,0.5475,0.5778,0.6029,0.0000,0.0923,0.0304,0.0442,0.2498,0.0742,0.0035,0.0977,0.0399,0.0000,0.1634,0.0153,0.1389,0.1065,0.0532,0.0955,0.0340,0.0792,0.2864,0.1867,0.0000,10.50,14.6220,5.0074,-5.6499
1705282314.7333,0.0000,0.0138,0.0458,0.0155,0.4267,0.0054,0.0659,0.0773,0.1239,0.5354,0.5620,0.5014,0.5828,0.0000,0.0640,0.0453,0.0856,0.2569,0.0065,0.0514,0.0689,0.0601,0.0326,0.0000,0.1184,0.1747,0.1225,0.0293,0.1678,0.0373,0.0936,0.2076,0.1309,0.0000,15.34,-0.4661,11.4418,-1.8504
1705282314.8000,0.0042,0.0181,0.0404,0.0208,0.4169,0.0147,0.0726,0.0856,0.1106,0.5297,0.5094,0.5523,0.5500,0.0696,0.0362,0.0430,0.0465,0.2466,0.0000,0.0000,0.0374,0.0594,0.0203,0.1742,0.0914,0.1008,0.1495,0.0432,0.0816,0.0530,0.0892,0.3233,0.0192,0.0000,15.21,5.2863,17.5735,3.1939
1705282314.8667,0.0024,0.0354,0.0358,0.0206,0.4277,0.0049,0.0779,0.0771,0.0956,0.5336,0.5527,0.6080,0.4925,0.0026,0.0087,0.0782,0.0404,0.2846,0.0000,0.0000,0.1044,0.1655,0.0000,0.0926,0.0635,0.1573,0.0739,0.0777,0.0000,0.0390,0.0144,0.2527,0.0841,0.0000,18.75,6.4812,-12.8594,-2.1052
1705282314.9333,0.0058,0.0483,0.0253,0.0202,0.4373,0.0121,0.0813,0.0837,0.0893,0.5180,0.5333,0.5500,0.5014,0.0286,0.0144,0.0888,0.0644,0.3069,0.0535,0.0227,0.1416,0.1108,0.0777,0.1583,0.0345,0.1141,0.1161,0.0824,0.1460,0.1337,0.1072,0.3265,0.0701,0.0000,16.79,14.1730,-6.1764,-6.7296
1705282315.0000,0.0213,0.0306,0.0214,0.0172,0.4311,0.0334,0.0872,0.1054,0.0749,0.5066,0.5061,0.5013,0.5276,0.0088,0.1051,0.0292,0.0062,0.2645,0.0206,0.0368,0.1647,0.0801,0.0000,0.1137,0.0173,0.1177,0.0780,0.0523,0.0835,0.1606,0.0959,0.4302,0.1714,0.0000,11.62,-4.0165,-7.7672,-4.1662
1705282315.0667,0.0202,0.0327,0.0213,0.0152,0.4541,0.0269,0.0811,0.1198,0.0557,0.5038,0.5517,0.4888,0.5073,0.0000,0.1056,0.0355,0.0301,0.2963,0.0044,0.0199,0.0305,0.1395,0.0129,0.1820,0.1051,0.1810,0.0000,0.0470,0.1857,0.1222,0.1826,0.3887,0.2332,0.0000,17.82,-10.0908,-13.5691,0.3859
1705282315.1333,0.0191,0.0249,0.0228,0.0279,0.4779,0.0215,0.0963,0.1176,0.0603,0.4790,0.5750,0.5257,0.5065,0.0000,0.0419,0.0000,0.0820,0.3446,0.0231,0.0000,0.0728,0.1864,0.0132,0.0336,0.1110,0.0576,0.1186,0.0283,0.1845,0.0129,0.1373,0.3228,0.1593,0.0000,14.58,21.7104,1.1082,1.7417
1705282315.2000,0.0164,0.0369,0.0266,0.0192,0.4632,0.0298,0.0763,0.1043,0.0786,0.4892,0.5235,0.4928,0.5912,0.0210,0.0265,0.0000,0.0482,0.2631,0.0663,0.0566,0.1179,0.1238,0.0000,0.1293,0.1226,0.1387,0.1550,0.0146,0.1504,0.0065,0.1158,0.4152,0.0705,0.0000,9.80,5.2246,0.6844,2.8756
1705282315.2667,0.0000,0.0184,0.0183,0.0183,0.4457,0.0285,0.0898,0.0982,0.0556,0.5363,0.4959,0.4965,0.6391,0.0653,0.0767,0.0872,0.0761,0.2187,0.0121,0.0277,0.1925,0.0441,0.0000,0.1230,0.0923,0.1299,0.1330,0.0368,0.0731,0.0000,0.1043,0.3803,0.1135,0.0000,9.03,12.1394,-12.4560,6.7004
1705282315.3333,0.0195,0.0290,0.0224,0.0144,0.4543,0.0347,0.0982,0.1158,0.0507,0.4967,0.5485,0.4816,0.5635,0.0395,0.0702,0.0079,0.0610,0.2631,0.0352,0.0407,0.1973,0.1309,0.0286,0.0119,0.1396,0.1173,0.1796,0.0372,0.1224,0.0714,0.1289,0.3803,0.1524,0.0000,13.86,6.0107,9.6180,10.5634
1705282315.4000,0.0308,0.0209,0.0186,0.0097,0.4081,0.0346,0.0805,0.1044,0.0363,0.5536,0.5066,0.5011,0.5513,0.0070,0.1149,0.0660,0.0000,0.2227,0.0448,0.0242,0.1678,0.1961,0.0256,0.1650,0.0895,0.0543,0.0401,0.0643,0.1316,0.1572,0.0447,0.3558,0.0170,0.0000,17.32,-7.5984,-2.3961,-6.4510
1705282315.4667,0.0306,0.0094,0.0091,0.0000,0.3808,0.0202,0.0953,0.1070,0.0126,0.6010,0.5470,0.4652,0.5114,0.0000,0.0000,0.0428,0.0631,0.2212,0.0303,0.0000,0.0000,0.0921,0.0092,0.1014,0.0276,0.1281,0.1591,0.0311,0.0871,0.1062,0.0294,0.2774,0.0731,0.0000,13.98,10.2759,-6.0802,1.6779
1705282315.5333,0.0292,0.0134,0.0061,0.0000,0.3461,0.0199,0.1189,0.0984,0.0000,0.6208,0.5485,0.5142,0.5017,0.0165,0.1293,0.0517,0.1046,0.2363,0.0472,0.0682,0.1841,0.0851,0.0408,0.0795,0.0189,0.1301,0.0563,0.1022,0.1064,0.0916,0.1152,0.2738,0.0814,0.0000,16.82,10.8718,-19.4806,6.4924
1705282315.6000,0.0263,0.0171,0.0220,0.0000,0.3579,0.0031,0.1147,0.1105,0.0000,0.6090,0.6168,0.5314,0.5191,0.0298,0.1014,0.0289,0.0473,0.1875,0.0333,0.0273,0.1464,0.1350,0.0000,0.1057,0.0643,0.1724,0.1626,0.0079,0.1488,0.0624,0.1151,0.2260,0.0798,0.0000,15.19,5.6662,-7.2099,1.0248
1705282315.6667,0.0241,0.0025,0.0233,0.0000,0.3486,0.0000,0.1048,0.1113,0.0300,0.6133,0.6180,0.5044,0.5051,0.0208,0.0725,0.0092,0.0441,0.2032,0.0297,0.0000,0.1036,0.0901,0.0093,0.1046,0.1320,0.0892,0.1538,0.0720,0.0802,0.0901,0.0960,0.3223,0.0258,0.0000,16.52,2.1644,-3.4715,-3.2499
1705282315.7333,0.0614,0.0000,0.0186,0.0019,0.3525,0.0132,0.1036,0.1143,0.0645,0.5620,0.6425,0.4875,0.5290,0.0000,0.0966,0.0247,0.0620,0.2594,0.0000,0.0000,0.0998,0.1394,0.0390,0.1317,0.1439,0.0883,0.1211,0.0196,0.0814,0.1030,0.1891,0.2623,0.0613,0.0000,9.96,3.1530,14.6064,-4.2925
1705282315.8000,0.0481,0.0086,0.0006,0.0063,0.3938,0.0085,0.0931,0.1261,0.0661,0.5492,0.6821,0.4681,0.5486,0.0691,0.0397,0.0000,0.0119,0.2533,0.0468,0.0065,0.0731,0.1826,0.0617,0.0515,0.1521,0.1861,0.1508,0.0686,0.0538,0.0206,0.1382,0.2627,0.0891,0.0000,21.06,8.8991,-1.7218,6.4048
1705282315.8667,0.0476,0.0206,0.0093,0.0287,0.4047,0.0000,0.0879,0.1094,0.0586,0.5399,0.6623,0.5130,0.5605,0.0000,0.0497,0.0971,0.0246,0.2593,0.0320,0.0000,0.1024,0.1033,0.0000,0.0916,0.1005,0.1320,0.0320,0.0685,0.1431,0.0808,0.1308,0.3163,0.1230,0.0000,16.63,12.2557,-9.0274,2.9981
1705282315.9333,0.0556,0.0284,0.0163,0.0248,0.4143,0.0123,0.0767,0.1049,0.0706,0.5176,0.6179,0.4819,0.5518,0.0387,0.0492,0.0639,0.0860,0.2628,0.0477,0.0537,0.1185,0.1202,0.0000,0.1668,0.0578,0.1470,0.1243,0.0271,0.0835,0.1200,0.1551,0.4161,0.0725,0.0000,19.12,10.9026,5.1778,3.5849
1705282316.0000,0.0436,0.0264,0.0081,0.0139,0.4253,0.0218,0.0977,0.1127,0.0851,0.4993,0.6923,0.5696,0.5193,0.0468,0.0117,0.0152,0.0877,0.2715,0.0000,0.0107,0.0816,0.2105,0.0251,0.1915,0.0453,0.0815,0.1860,0.0344,0.1551,0.1394,0.1480,0.2940,0.1053,0.0000,10.43,-0.3696,-20.9457,4.0338
1705282316.0667,0.0419,0.0305,0.0036,0.0165,0.3980,0.0041,0.1053,0.0998,0.1099,0.5142,0.6676,0.6017,0.5678,0.0000,0.1552,0.0409,0.0550,0.2180,0.0000,0.0125,0.1242,0.1626,0.0000,0.1229,0.1625,0.0424,0.1109,0.0364,0.1407,0.1562,0.1855,0.3290,0.0476,0.0000,18.01,0.8515,-8.3564,-5.2302
1705282316.1333,0.0550,0.0167,0.0225,0.0081,0.3910,0.0000,0.1145,0.0961,0.1001,0.5176,0.6503,0.5399,0.6163,0.0000,0.1080,0.1014,0.0802,0.2233,0.0348,0.0341,0.1832,0.0932,0.0000,0.0112,0.0000,0.0870,0.0844,0.0609,0.0805,0.0808,0.0434,0.2972,0.0790,0.0000,12.13,10.6513,-13.2949,-10.7158
1705282316.2000,0.0375,0.0099,0.0256,0.0283,0.3969,0.0069,0.1290,0.1158,0.0953,0.4930,0.6620,0.5130,0.6077,0.0000,0.1331,0.0629,0.0674,0.2797,0.0073,0.0000,0.0497,0.1015,0.0106,0.1377,0.0943,0.1012,0.0546,0.0303,0.0080,0.1498,0.1141,0.3122,0.0729,0.0000,20.59,1.1986,-16.7231,-6.6457
1705282316.2667,0.0581,0.0025,0.0230,0.0372,0.3946,0.0000,0.1179,0.1182,0.1034,0.4870,0.6511,0.5003,0.6535,0.0000,0.0727,0.0878,0.0638,0.2314,0.0474,0.0000,0.1050,0.0058,0.0164,0.1141,0.0383,0.0713,0.1080,0.0413,0.0121,0.0907,0.1284,0.2542,0.1164,0.0000,12.39,2.0458,3.0638,8.2251
1705282316.3333,0.0574,0.0000,0.0150,0.0361,0.3736,0.0000,0.0872,0.1295,0.0966,0.5228,0.6062,0.4811,0.6014,0.0117,0.0763,0.1244,0.0800,0.2076,0.0790,0.0310,0.1256,0.1951,0.0000,0.1115,0.0611,0.1325,0.0521,0.0343,0.1309,0.0920,0.0166,0.3344,0.0000,0.0000,18.51,11.6568,-28.4791,-4.9832
1705282316.4000,0.0559,0.0066,0.0082,0.0219,0.3893,0.0005,0.0857,0.1278,0.0769,0.5364,0.6225,0.4529,0.5683,0.0625,0.0193,0.0455,0.0524,0.2770,0.0890,0.0289,0.1275,0.1558,0.0000,0.1168,0.0746,0.0834,0.0723,0.0666,0.1359,0.0537,0.1486,0.2298,0.0000,0.0000,9.75,3.6181,1.6013,4.5054
1705282316.4667,0.0574,0.0082,0.0102,0.0243,0.3690,0.0194,0.0675,0.1153,0.0500,0.5672,0.7123,0.5383,0.5621,0.0136,0.0587,0.0502,0.0336,0.2349,0.0670,0.0369,0.1210,0.0734,0.0000,0.0972,0.1164,0.1270,0.1716,0.0000,0.0902,0.2288,0.1251,0.2539,0.0620,0.0000,10.89,-11.7955,-5.7140,-7.4171
1705282316.5333,0.0442,0.0221,0.0037,0.0336,0.3675,0.0357,0.0658,0.1191,0.0155,0.5757,0.6766,0.5665,0.5142,0.0759,0.0674,0.1110,0.0744,0.1840,0.0699,0.0649,0.0407,0.1665,0.0000,0.1027,0.1080,0.0472,0.1758,0.0253,0.0327,0.1306,0.0452,0.3273,0.1044,0.0000,12.82,6.0944,9.1795,-2.2700
1705282316.6000,0.0314,0.0114,0.0000,0.0187,0.3285,0.0357,0.0531,0.1110,0.0168,0.6361,0.6539,0.5866,0.4740,0.0516,0.0382,0.0636,0.0527,0.2259,0.0366,0.0000,0.1296,0.1128,0.0498,0.0497,0.1133,0.0755,0.0178,0.0814,0.0583,0.0994,0.0546,0.2116,0.0642,0.0000,13.31,-0.2810,3.2167,-4.5417
1705282316.6667,0.0325,0.0170,0.0174,0.0297,0.3088,0.0246,0.0712,0.1228,0.0010,0.6251,0.6552,0.4965,0.4857,0.0358,0.0666,0.0389,0.0000,0.1584,0.0000,0.0000,0.1975,0.0943,0.0000,0.0448,0.0923,0.1200,0.0795,0.0708,0.1376,0.0000,0.0150,0.2279,0.0531,0.0000,13.19,-16.0951,5.6782,-2.7101
1705282316.7333,0.0286,0.0104,0.0000,0.0278,0.3079,0.0233,0.0943,0.1408,0.0048,0.6172,0.6609,0.5220,0.4916,0.0444,0.0596,0.0969,0.0216,0.2379,0.0152,0.0064,0.0790,0.0083,0.0074,0.0741,0.1835,0.0257,0.0823,0.0141,0.0314,0.1442,0.1066,0.2270,0.0670,0.0000,19.25,12.5903,31.4089,6.9065
1705282316.8000,0.0313,0.0125,0.0053,0.0216,0.3281,0.0032,0.0869,0.1250,0.0208,0.6192,0.6481,0.4740,0.5463,0.0177,0.0463,0.0455,0.0867,0.2121,0.0000,0.0905,0.0682,0.1306,0.0070,0.0624,0.1009,0.1841,0.0557,0.0612,0.0745,0.0818,0.1947,0.2311,0.1151,0.0000,13.50,8.6728,13.2748,-2.4937
1705282316.8667,0.0240,0.0346,0.0030,0.0050,0.3318,0.0000,0.0688,0.1279,0.0096,0.6372,0.6470,0.4790,0.4588,0.0000,0.0063,0.0394,0.0000,0.1654,0.0000,0.0011,0.0269,0.0338,0.0000,0.0000,0.0463,0.1003,0.1354,0.0706,0.0412,0.1777,0.0444,0.2750,0.0741,0.0000,11.97,-4.8657,11.1453,-5.0060
1705282316.9333,0.0382,0.0456,0.0008,0.0000,0.3338,0.0327,0.0432,0.1340,0.0139,0.6147,0.5819,0.5012,0.5241,0.0282,0.0000,0.0151,0.0176,0.1973,0.0329,0.0000,0.0946,0.0302,0.0547,0.0401,0.0685,0.1527,0.0637,0.0000,0.1642,0.2281,0.1392,0.2878,0.1033,0.0000,15.13,-2.5462,-13.1568,2.1411
1705282317.0000,0.0309,0.0331,0.0000,0.0123,0.3379,0.0509,0.0188,0.1592,0.0051,0.6112,0.6232,0.5365,0.5364,0.0198,0.0430,0.0383,0.0134,0.2130,0.0385,0.0713,0.1422,0.1605,0.0322,0.0670,0.0739,0.1518,0.0773,0.0410,0.1376,0.0000,0.0786,0.2105,0.0300,0.0000,15.02,2.9430,-9.1438,-5.8023
1705282317.0667,0.0424,0.0339,0.0126,0.0104,0.3510,0.0425,0.0443,0.1338,0.0113,0.5906,0.6291,0.5757,0.5731,0.0574,0.0243,0.0000,0.0175,0.1880,0.0776,0.0077,0.0652,0.0556,0.0292,0.1781,0.0000,0.0485,0.0880,0.0000,0.1013,0.0537,0.0243,0.2966,0.1488,0.0000,13.44,10.2119,-5.5825,5.7676
1705282317.1333,0.0391,0.0148,0.0017,0.0060,0.3570,0.0296,0.0393,0.1352,0.0021,0.6251,0.6305,0.5585,0.5216,0.0000,0.0570,0.0000,0.0008,0.1741,0.0310,0.0000,0.2079,0.1071,0.0162,0.1010,0.0795,0.1751,0.0226,0.0155,0.0917,0.0537,0.0865,0.3084,0.1000,0.0000,19.74,7.3199,21.8527,1.4959
1705282317.2000,0.0403,0.0104,0.0024,0.0086,0.3802,0.0245,0.0633,0.1301,0.0148,0.5953,0.6486,0.5302,0.6040,0.0214,0.0253,0.0104,0.0782,0.2431,0.0259,0.0000,0.0715,0.0402,0.0565,0.0806,0.1330,0.1281,0.0682,0.0564,0.0963,0.1310,0.1190,0.3372,0.1823,0.0000,13.58,-1.4207,20.2580,-5.7274
1705282317.2667,0.0357,0.0155,0.0000,0.0223,0.3549,0.0289,0.0727,0.1188,0.0213,0.5979,0.6964,0.4801,0.5198,0.0143,0.0346,0.0100,0.0000,0.1932,0.0522,0.0329,0.0701,0.0253,0.0000,0.0199,0.0127,0.0484,0.0304,0.0575,0.0806,0.0517,0.0956,0.3273,0.1133,0.0000,13.48,-5.2088,-4.1003,-6.1192
1705282317.3333,0.0377,0.0194,0.0000,0.0077,0.3654,0.0550,0.0726,0.1234,0.0386,0.5681,0.7170,0.5318,0.5294,0.0181,0.0318,0.0574,0.1027,0.2220,0.0145,0.0000,0.0988,0.1026,0.0000,0.1322,0.1410,0.1204,0.1278,0.0261,0.0792,0.0278,0.1314,0.2512,0.0000,0.0000,14.75,10.3122,10.0557,1.1593
1705282317.4000,0.0293,0.0265,0.0076,0.0102,0.3740,0.0461,0.0859,0.1266,0.0168,0.5662,0.6963,0.4998,0.4797,0.0135,0.0777,0.0000,0.0672,0.2680,0.0004,0.0364,0.1403,0.0681,0.0218,0.1114,0.1139,0.1806,0.0704,0.0464,0.1471,0.1037,0.1841,0.2665,0.1793,0.0000,6.97,-3.7772,3.5236,-5.0421
1705282317.4667,0.0286,0.0186,0.0012,0.0078,0.3575,0.0348,0.0732,0.1208,0.0231,0.6006,0.7231,0.5242,0.5516,0.0301,0.0146,0.0048,0.0843,0.2223,0.0146,0.0000,0.0842,0.0911,0.0000,0.1081,0.2111,0.0645,0.0603,0.0000,0.0000,0.1455,0.0419,0.2650,0.1074,0.0000,17.45,6.6864,-4.0089,-2.4206
1705282317.5333,0.0142,0.0050,0.0000,0.0134,0.3663,0.0395,0.0743,0.1144,0.0172,0.6134,0.7298,0.5097,0.5350,0.0841,0.0378,0.0460,0.0788,0.2063,0.0290,0.0588,0.0893,0.0956,0.0205,0.0374,0.0968,0.0565,0.1198,0.0559,0.1987,0.0653,0.1345,0.2991,0.1023,0.0000,12.35,-0.6399,-8.3482,-4.4751
1705282317.6000,0.0201,0.0068,0.0000,0.0041,0.3801,0.0373,0.0494,0.1068,0.0190,0.6258,0.7530,0.4590,0.5690,0.0000,0.0374,0.0257,0.0001,0.1871,0.0000,0.0124,0.0611,0.1182,0.0269,0.1630,0.0198,0.0567,0.1500,0.0200,0.1055,0.1184,0.0763,0.2744,0.0777,0.0000,15.89,-5.9002,14.5914,3.0260
1705282317.6667,0.0220,0.0106,0.0000,0.0000,0.3770,0.0349,0.0347,0.1069,0.0000,0.6483,0.6556,0.4734,0.5965,0.0115,0.0000,0.0000,0.0041,0.2331,0.0079,0.0093,0.1183,0.0891,0.0000,0.0674,0.0916,0.1752,0.0000,0.0191,0.0912,0.1168,0.1260,0.2921,0.0821,0.0000,9.25,1.7699,-13.5376,-6.1845
1705282317.7333,0.0049,0.0000,0.0000,0.0000,0.3811,0.0122,0.0612,0.0952,0.0000,0.6672,0.6648,0.5222,0.5746,0.0285,0.0901,0.0000,0.0156,0.2112,0.0203,0.0000,0.1171,0.0399,0.0000,0.0195,0.0489,0.0178,0.1116,0.0493,0.0631,0.1520,0.0824,0.2596,0.0939,0.0000,10.01,-11.1440,-18.3462,-7.2114
1705282317.8000,0.0000,0.0089,0.0000,0.0000,0.3860,0.0022,0.0494,0.1116,0.0000,0.6651,0.6509,0.5877,0.5842,0.0148,0.0504,0.0000,0.0255,0.1926,0.0126,0.0000,0.0442,0.0980,0.0002,0.1007,0.0949,0.1136,0.1461,0.0000,0.0260,0.0732,0.0787,0.2897,0.1462,0.0000,17.83,1.5096,-15.5739,-0.5851
1705282317.8667,0.0000,0.0205,0.0107,0.0000,0.4100,0.0058,0.0746,0.1118,0.0076,0.6154,0.5883,0.5829,0.6395,0.0184,0.0553,0.0333,0.0430,0.2577,0.0000,0.0347,0.0000,0.1213,0.0000,0.0897,0.0559,0.1280,0.0720,0.0746,0.0556,0.0669,0.1384,0.2792,0.1446,0.0000,9.36,23.7667,7.3107,2.4950
1705282317.9333,0.0000,0.0122,0.0112,0.0000,0.3740,0.0173,0.0607,0.0851,0.0078,0.6590,0.5500,0.5613,0.6810,0.0319,0.0000,0.0407,0.0000,0.2251,0.0199,0.0659,0.1273,0.0891,0.0411,0.1384,0.1335,0.0696,0.0569,0.0110,0.1266,0.1102,0.1147,0.2983,0.1205,0.0000,15.71,1.8118,4.8200,-0.0986
1705282318.0000,0.0000,0.0000,0.0095,0.0066,0.3895,0.0056,0.0519,0.0849,0.0000,0.6712,0.5385,0.5034,0.6873,0.0000,0.0908,0.0000,0.0377,0.2525,0.0000,0.0092,0.0554,0.1992,0.0731,0.0978,0.1025,0.0606,0.1166,0.0611,0.1506,0.0875,0.2059,0.3917,0.1373,0.0000,18.39,-5.4110,0.7956,-4.5312
1705282318.0667,0.0000,0.0030,0.0110,0.0135,0.3814,0.0204,0.0537,0.0884,0.0000,0.6571,0.6037,0.5236,0.7726,0.0000,0.0318,0.0000,0.0013,0.2380,0.0151,0.0000,0.1134,0.0598,0.0419,0.1892,0.0835,0.1700,0.0483,0.0379,0.1831,0.0655,0.1214,0.2610,0.1745,0.0000,15.35,4.9709,-3.9215,-13.2152
1705282318.1333,0.0000,0.0000,0.0182,0.0035,0.3806,0.0375,0.0426,0.0777,0.0195,0.6522,0.5770,0.4797,0.7289,0.0149,0.0000,0.0639,0.0430,0.2628,0.0000,0.0441,0.1323,0.1324,0.0131,0.0884,0.0596,0.1932,0.1682,0.0072,0.1004,0.0734,0.0815,0.3625,0.0877,0.0000,10.16,20.1561,18.0453,4.7528
1705282318.2000,0.0010,0.0000,0.0197,0.0074,0.3794,0.0473,0.0466,0.0750,0.0169,0.6440,0.6202,0.5342,0.7087,0.0381,0.0771,0.0000,0.0346,0.1966,0.0000,0.0357,0.1010,0.1149,0.0643,0.0543,0.0948,0.0696,0.1178,0.0181,0.0689,0.1177,0.0549,0.3407,0.0759,0.0000,14.53,-2.7488,-0.6523,-8.4803
1705282318.2667,0.0000,0.0000,0.0217,0.0000,0.3691,0.0334,0.0729,0.0834,0.0347,0.6309,0.6247,0.5154,0.6977,0.0114,0.0195,0.0030,0.0737,0.1878,0.0611,0.0144,0.1225,0.1302,0.0000,0.1005,0.1219,0.0638,0.0683,0.0425,0.1661,0.0132,0.0676,0.3387,0.2053,0.0000,22.40,4.2861,-1.7912,2.4091
1705282318.3333,0.0107,0.0000,0.0290,0.0004,0.3885,0.0125,0.0616,0.0916,0.0204,0.6312,0.5600,0.5608,0.6521,0.0197,0.0795,0.0000,0.0334,0.1751,0.0415,0.0246,0.1508,0.1342,0.0000,0.0411,0.1821,0.0771,0.1131,0.0040,0.1390,0.1071,0.1028,0.3136,0.1564,0.0000,19.80,-6.1735,-7.1813,4.8749
1705282318.4000,0.0000,0.0025,0.0340,0.0013,0.3558,0.0318,0.0545,0.0829,0.0103,0.6562,0.4678,0.6103,0.6995,0.0056,0.0922,0.0000,0.0470,0.2841,0.0192,0.0000,0.0385,0.1149,0.0309,0.1130,0.1151,0.0912,0.0654,0.0225,0.1601,0.0955,0.0489,0.2647,0.1050,0.0000,12.25,-1.8756,-3.0400,-2.5391
1705282318.4667,0.0000,0.0013,0.0342,0.0000,0.3562,0.0150,0.0665,0.0987,0.0256,0.6416,0.4702,0.5268,0.6718,0.0000,0.0803,0.0000,0.0281,0.2148,0.0229,0.0004,0.0652,0.0460,0.0000,0.0847,0.0200,0.0784,0.0689,0.1010,0.1497,0.0940,0.1312,0.2775,0.0315,0.0000,18.93,10.8980,-7.1254,-1.5090
1705282318.5333,0.0016,0.0153,0.0328,0.0000,0.3559,0.0244,0.0787,0.0974,0.0272,0.6200,0.4394,0.6488,0.6182,0.0320,0.1031,0.0308,0.0721,0.2380,0.0000,0.0559,0.1171,0.0601,0.0605,0.1150,0.1549,0.0739,0.0000,0.0000,0.0608,0.1358,0.1032,0.2806,0.0113,0.0000,11.11,-3.5341,6.2678,-2.2028
1705282318.6000,0.0000,0.0285,0.0363,0.0000,0.3602,0.0207,0.0717,0.1030,0.0317,0.6087,0.4379,0.6804,0.5523,0.0000,0.0723,0.0753,0.0023,0.2154,0.0413,0.0000,0.1179,0.0316,0.0127,0.1640,0.1485,0.0774,0.1009,0.0641,0.1370,0.0030,0.0253,0.2462,0.0572,1.0000,12.97,2.7845,14.0280,-5.5386
1705282318.6667,0.0000,0.0385,0.0259,0.0000,0.3803,0.0315,0.0906,0.0910,0.0321,0.5860,0.4764,0.6321,0.5328,0.0367,0.0345,0.0217,0.0220,0.2411,0.0187,0.0426,0.1103,0.0706,0.0803,0.0688,0.1219,0.0924,0.0678,0.0763,0.1909,0.1456,0.1341,0.3276,0.1702,0.0000,14.22,9.1286,-11.2537,-3.2234
1705282318.7333,0.0158,0.0379,0.0196,0.0000,0.3784,0.0230,0.0915,0.1134,0.0255,0.5769,0.5052,0.5137,0.5779,0.0633,0.0991,0.0924,0.0034,0.2077,0.0394,0.0463,0.2265,0.0000,0.0141,0.0939,0.0395,0.1351,0.0509,0.0101,0.1242,0.1457,0.1009,0.2851,0.0732,0.0000,15.52,5.5470,-9.4274,-8.5668
1705282318.8000,0.0117,0.0263,0.0091,0.0000,0.3648,0.0176,0.0917,0.1204,0.0327,0.5954,0.5496,0.5651,0.6134,0.0000,0.0561,0.1163,0.0410,0.2156,0.0000,0.0134,0.0882,0.0500,0.0473,0.1014,0.1457,0.1526,0.0233,0.0000,0.0819,0.0563,0.0897,0.2438,0.1005,1.0000,19.33,-2.0804,9.3074,4.1474
1705282318.8667,0.0000,0.0246,0.0049,0.0000,0.3828,0.0114,0.1172,0.1178,0.0274,0.5883,0.5586,0.5387,0.5627,0.0000,0.0717,0.0412,0.0753,0.1946,0.0625,0.0102,0.0964,0.0415,0.0586,0.0842,0.0138,0.1705,0.1437,0.0805,0.0000,0.0936,0.1200,0.3158,0.0445,0.0000,13.67,0.7853,3.6819,-2.4243
1705282318.9333,0.0219,0.0276,0.0000,0.0000,0.3803,0.0280,0.1092,0.1198,0.0737,0.5437,0.5011,0.5496,0.6026,0.0000,0.0264,0.0000,0.0485,0.2856,0.0004,0.0063,0.0781,0.0772,0.0000,0.1874,0.0650,0.1253,0.1225,0.0816,0.1027,0.0726,0.1249,0.3239,0.0934,0.0000,14.20,-6.3472,0.0580,-9.9753
1705282319.0000,0.0166,0.0359,0.0076,0.0000,0.3943,0.0134,0.0893,0.1191,0.0966,0.5365,0.4652,0.6102,0.6148,0.0264,0.0624,0.0000,0.0534,0.2249,0.0442,0.0159,0.1401,0.0410,0.0368,0.0000,0.0645,0.1100,0.2512,0.0617,0.0478,0.1552,0.1006,0.2779,0.1427,0.0000,12.74,15.0567,-0.0580,6.5513
1705282319.0667,0.0369,0.0182,0.0049,0.0000,0.4010,0.0000,0.1078,0.0948,0.1008,0.5413,0.4961,0.6278,0.6450,0.0143,0.0000,0.0605,0.1006,0.2779,0.0616,0.0053,0.1198,0.0881,0.0000,0.0359,0.0693,0.0712,0.0898,0.0158,0.0443,0.0753,0.0813,0.3417,0.0556,0.0000,17.77,-8.8849,8.3358,1.2973
1705282319.1333,0.0173,0.0185,0.0143,0.0083,0.4244,0.0000,0.1008,0.0899,0.0866,0.5439,0.5351,0.6563,0.6480,0.0686,0.0246,0.0709,0.0526,0.2364,0.0482,0.0036,0.1549,0.1282,0.0468,0.0990,0.1375,0.1656,0.0871,0.0296,0.1269,0.1436,0.0368,0.3675,0.0078,0.0000,16.11,14.8036,-23.9548,0.2108
1705282319.2000,0.0068,0.0289,0.0136,0.0024,0.4485,0.0211,0.0659,0.1103,0.0732,0.5376,0.5256,0.6543,0.5521,0.0571,0.0835,0.0644,0.0527,0.2763,0.0000,0.0041,0.1243,0.0457,0.0086,0.2203,0.0116,0.0743,0.2071,0.0475,0.0410,0.1701,0.1684,0.3654,0.0875,0.0000,15.01,25.0855,-2.3788,3.9742
1705282319.2667,0.0000,0.0358,0.0149,0.0000,0.4194,0.0147,0.0535,0.1080,0.0640,0.5738,0.6148,0.6165,0.5206,0.0388,0.0498,0.0684,0.0321,0.1911,0.0000,0.0000,0.1380,0.0772,0.0184,0.1577,0.0525,0.1043,0.1876,0.0191,0.0830,0.0888,0.0589,0.3237,0.1867,0.0000,14.50,-0.2526,-16.8143,3.5881
1705282319.3333,0.0074,0.0095,0.0069,0.0000,0.4089,0.0169,0.0738,0.1015,0.0897,0.5712,0.5916,0.6508,0.5395,0.0293,0.0457,0.0524,0.0000,0.2317,0.0004,0.0000,0.0622,0.0113,0.0000,0.1518,0.0937,0.1440,0.1044,0.0141,0.1493,0.0398,0.0656,0.4240,0.1103,0.0000,13.11,3.3504,12.3272,9.4945
1705282319.4000,0.0000,0.0003,0.0187,0.0000,0.4013,0.0145,0.0531,0.1013,0.0888,0.5932,0.5936,0.5521,0.4924,0.0309,0.0812,0.0177,0.0352,0.2562,0.0000,0.0000,0.0809,0.1374,0.0000,0.1307,0.1230,0.1300,0.1850,0.0187,0.1683,0.0738,0.0638,0.3241,0.1302,0.0000,20.55,-8.0112,0.5870,-1.5612
1705282319.4667,0.0000,0.0152,0.0242,0.0155,0.4326,0.0000,0.0305,0.1002,0.0817,0.5801,0.6336,0.5645,0.4516,0.0040,0.1133,0.0369,0.0000,0.2866,0.0000,0.0000,0.0970,0.1243,0.0000,0.0875,0.1334,0.0537,0.2082,0.0410,0.0819,0.0000,0.1424,0.3679,0.1118,0.0000,17.36,3.9250,6.6873,-2.5441
1705282319.5333,0.0000,0.0421,0.0202,0.0185,0.4336,0.0153,0.0205,0.1030,0.0474,0.5796,0.6144,0.6307,0.4466,0.0468,0.0729,0.0594,0.0425,0.3007,0.0000,0.0106,0.1074,0.0637,0.0649,0.0667,0.0350,0.1000,0.1791,0.0091,0.1005,0.0959,0.0949,0.2937,0.1819,0.0000,13.27,5.5941,10.3764,0.7594
1705282319.6000,0.0094,0.0475,0.0155,0.0000,0.3711,0.0181,0.0000,0.0876,0.0440,0.6441,0.6358,0.5362,0.5143,0.0000,0.0000,0.0000,0.0508,0.2322,0.0000,0.0000,0.1005,0.0882,0.0821,0.0589,0.1308,0.0613,0.0457,0.0000,0.0928,0.0934,0.1105,0.2965,0.1302,0.0000,13.92,4.4815,-17.1442,8.0476
1705282319.6667,0.0032,0.0366,0.0204,0.0000,0.3762,0.0386,0.0325,0.0818,0.0588,0.6111,0.5780,0.4730,0.4921,0.0386,0.0000,0.0193,0.0490,0.2902,0.0000,0.0151,0.1265,0.1378,0.0225,0.1531,0.0505,0.0711,0.1278,0.0000,0.0703,0.1122,0.1672,0.2417,0.0678,0.0000,17.10,-4.0485,-7.9256,3.8757
1705282319.7333,0.0052,0.0367,0.0221,0.0000,0.3644,0.0350,0.0276,0.0874,0.0221,0.6397,0.5626,0.5465,0.5391,0.0078,0.0006,0.0516,0.0000,0.1998,0.0000,0.0000,0.0563,0.0473,0.0407,0.0573,0.2314,0.1082,0.1277,0.0755,0.0785,0.1117,0.0661,0.2336,0.1392,0.0000,11.16,-5.7257,-1.1334,5.2286
1705282319.8000,0.0070,0.0404,0.0187,0.0044,0.3641,0.0318,0.0315,0.0918,0.0349,0.6253,0.5698,0.5847,0.5256,0.0095,0.0792,0.0070,0.0153,0.2109,0.0000,0.0202,0.1733,0.0707,0.0657,0.2031,0.1236,0.0915,0.0930,0.0347,0.1335,0.1242,0.0802,0.3239,0.1615,0.0000,15.08,-2.4304,3.4506,5.6903
1705282319.8667,0.0180,0.0325,0.0233,0.0000,0.3999,0.0350,0.0084,0.0921,0.0540,0.6021,0.5626,0.5663,0.5714,0.0480,0.0448,0.0531,0.0000,0.2370,0.0000,0.0000,0.0746,0.0179,0.0341,0.1221,0.0000,0.1479,0.0736,0.0000,0.0764,0.1012,0.0576,0.2205,0.0789,1.0000,15.12,13.9116,-7.7360,-3.4869
1705282319.9333,0.0093,0.0203,0.0267,0.0000,0.3631,0.0438,0.0286,0.0825,0.0343,0.6349,0.6355,0.5665,0.5803,0.0850,0.0283,0.0000,0.0533,0.2148,0.0195,0.0000,0.0976,0.1258,0.0000,0.0501,0.1300,0.0641,0.1302,0.0429,0.0913,0.1439,0.1634,0.3377,0.0021,0.0000,16.29,4.8153,8.2230,3.0208