time stamp,anger,contempt,disgust,fear,joy,sadness,surprise,sentimentality,confusion,neutral,engagement,valence,attention,inner brow raise,brow raise,brow furrow,eye widen,cheek raise,lid tighten,nose wrinkle,upper lip raise,dimpler,lip corner depressor,chin raise,lip pucker,lip stretch,lip press,mouth open,jaw drop,lip suck,eye closure,smile,smirk,blink,blink rate,pitch,yaw,roll
1705297500.0000,0.0882,0.0676,0.0319,0.0339,0.1421,0.1192,0.0269,0.0471,0.2321,0.5266,0.4220,-0.2028,0.7625,0.0731,0.0039,0.1339,0.0000,0.1228,0.0460,0.0024,0.0655,0.0896,0.1053,0.1245,0.1084,0.1584,0.1363,0.0587,0.1343,0.1319,0.1274,0.1429,0.0458,0.0000,7.50,19.4619,-26.6802,0.5625
1705297500.0667,0.0841,0.0613,0.0311,0.0485,0.1492,0.1139,0.0183,0.0378,0.2490,0.5241,0.4049,-0.2010,0.7441,0.0000,0.0372,0.1906,0.0178,0.0665,0.0476,0.0466,0.1920,0.0590,0.1064,0.1347,0.0764,0.1568,0.0452,0.0418,0.1125,0.1757,0.1278,0.0814,0.1411,0.0000,19.09,0.2321,-13.4084,-6.9111
1705297500.1333,0.0900,0.0609,0.0342,0.0376,0.1364,0.1181,0.0321,0.0421,0.2146,0.5404,0.3206,-0.2006,0.7774,0.0954,0.0021,0.2235,0.0000,0.0885,0.0808,0.1063,0.0876,0.0494,0.1253,0.1571,0.1641,0.1289,0.0697,0.0106,0.2026,0.1106,0.0942,0.0713,0.0590,0.0000,13.04,11.9693,-10.3797,-2.7312
1705297500.2000,0.0883,0.0780,0.0456,0.0319,0.1366,0.1179,0.0426,0.0393,0.2048,0.5291,0.3163,-0.1909,0.7400,0.0732,0.0798,0.1582,0.0117,0.0694,0.0356,0.0453,0.1497,0.0432,0.1078,0.0740,0.0972,0.0760,0.0508,0.0056,0.1735,0.1188,0.1451,0.0373,0.1368,0.0000,15.88,3.7207,9.1017,-4.0448
1705297500.2667,0.0896,0.0834,0.0362,0.0256,0.1239,0.1332,0.0541,0.0579,0.2174,0.5072,0.3560,-0.1838,0.7374,0.0871,0.0022,0.1707,0.0253,0.0517,0.0206,0.0638,0.0629,0.0681,0.0632,0.0850,0.1197,0.1530,0.0517,0.0326,0.1283,0.1221,0.0686,0.0235,0.0719,0.0000,17.04,-4.3989,1.6332,5.3130
1705297500.3333,0.1069,0.0756,0.0399,0.0198,0.1018,0.1438,0.0536,0.0479,0.2246,0.5116,0.3789,-0.2234,0.7355,0.0230,0.0426,0.1392,0.0304,0.0931,0.0461,0.0574,0.1185,0.1388,0.0894,0.0541,0.0698,0.0803,0.0217,0.0650,0.1328,0.1489,0.0684,0.1259,0.0837,0.0000,20.31,14.6206,-7.2470,-7.3582
1705297500.4000,0.1067,0.0746,0.0446,0.0166,0.1304,0.1404,0.0738,0.0459,0.2527,0.4687,0.4330,-0.3004,0.6511,0.0903,0.0000,0.1411,0.0458,0.0409,0.0404,0.0941,0.0971,0.0114,0.1364,0.0843,0.0398,0.1419,0.2000,0.0004,0.0741,0.0545,0.1450,0.1120,0.1709,0.0000,14.78,1.9310,-9.5229,1.5260
1705297500.4667,0.1189,0.0718,0.0518,0.0259,0.1531,0.1380,0.0347,0.0579,0.2380,0.4661,0.4503,-0.3310,0.6488,0.0734,0.0514,0.1786,0.0572,0.1037,0.0987,0.0734,0.0672,0.1401,0.1045,0.0816,0.0649,0.0627,0.1597,0.0000,0.0720,0.0139,0.0977,0.0822,0.1278,0.0000,18.92,13.5923,-3.5459,1.0382
1705297500.5333,0.1199,0.0852,0.0416,0.0283,0.1588,0.1381,0.0339,0.0659,0.2484,0.4479,0.3844,-0.2755,0.6315,0.1246,0.0031,0.1287,0.0190,0.0845,0.1037,0.0874,0.0996,0.1211,0.1310,0.0619,0.1036,0.0533,0.1184,0.0710,0.0000,0.0941,0.0954,0.1171,0.1144,0.0000,9.06,-8.5698,-11.8669,-1.7311
1705297500.6000,0.1026,0.0715,0.0447,0.0254,0.1444,0.1369,0.0521,0.0667,0.2202,0.4813,0.3901,-0.2999,0.6941,0.0677,0.0000,0.0840,0.0841,0.0949,0.0296,0.0788,0.2082,0.1674,0.0848,0.0527,0.0451,0.1088,0.0261,0.0440,0.0884,0.1435,0.2071,0.1103,0.0070,0.0000,13.87,5.8814,-3.9537,-1.7775
1705297500.6667,0.0972,0.0623,0.0273,0.0353,0.0753,0.1255,0.0479,0.0560,0.2318,0.5448,0.3432,-0.2127,0.6185,0.1467,0.0352,0.2074,0.0672,0.0277,0.0230,0.0457,0.1460,0.0468,0.0881,0.0352,0.0637,0.1285,0.0791,0.0153,0.1140,0.0976,0.1820,0.0320,0.0000,0.0000,11.95,-6.8093,5.4764,-2.3686
1705297500.7333,0.0955,0.0747,0.0222,0.0151,0.1082,0.1310,0.0613,0.0781,0.2428,0.5027,0.3521,-0.2741,0.6948,0.0413,0.0052,0.1744,0.0737,0.0624,0.1012,0.0000,0.0735,0.0000,0.1231,0.1099,0.0442,0.1115,0.1261,0.0160,0.0933,0.1200,0.1075,0.0317,0.1150,0.0000,15.59,7.6846,-6.2168,-1.5702
1705297500.8000,0.1011,0.0724,0.0138,0.0182,0.1052,0.1451,0.0750,0.0804,0.2528,0.4816,0.3753,-0.3011,0.6654,0.0000,0.0916,0.1776,0.0095,0.0646,0.0504,0.0450,0.0450,0.0599,0.0765,0.0916,0.0404,0.0946,0.1288,0.0678,0.1159,0.1421,0.0407,0.1028,0.0269,0.0000,15.40,2.3486,11.9921,-0.4714
1705297500.8667,0.0929,0.0608,0.0081,0.0079,0.1167,0.1303,0.0799,0.0678,0.2607,0.5049,0.3803,-0.3447,0.6670,0.0138,0.0647,0.1380,0.0510,0.0849,0.0388,0.0463,0.0869,0.1202,0.0958,0.0000,0.1579,0.0466,0.0566,0.0668,0.0589,0.0647,0.0762,0.0982,0.1723,0.0000,20.71,13.5711,0.3497,0.8263
1705297500.9333,0.0817,0.0627,0.0130,0.0177,0.0964,0.1378,0.0668,0.0745,0.2483,0.5206,0.4171,-0.3140,0.6837,0.0305,0.0528,0.1937,0.0356,0.0393,0.1214,0.0602,0.1140,0.0566,0.1037,0.0000,0.1517,0.0124,0.0945,0.0517,0.0387,0.1015,0.1206,0.0432,0.1461,0.0000,5.19,-2.5125,0.8657,-6.4606
1705297501.0000,0.0776,0.0705,0.0209,0.0318,0.0693,0.1355,0.0584,0.0521,0.2659,0.5307,0.4084,-0.2674,0.6851,0.0512,0.1537,0.2749,0.0513,0.0079,0.0514,0.0269,0.1707,0.1140,0.0629,0.0701,0.1458,0.1123,0.1817,0.0228,0.1092,0.1132,0.1455,0.0207,0.0627,0.0000,13.35,-12.2744,13.7775,0.0822
1705297501.0667,0.0970,0.0645,0.0263,0.0292,0.0580,0.1299,0.0424,0.0514,0.2681,0.5400,0.4073,-0.1723,0.6301,0.0719,0.0503,0.1654,0.0591,0.0366,0.0406,0.0575,0.1021,0.1051,0.0565,0.1370,0.1421,0.0963,0.1433,0.0000,0.0631,0.0000,0.1108,0.1040,0.0858,0.0000,17.42,9.0138,10.2536,-1.3112
1705297501.1333,0.1017,0.0597,0.0357,0.0193,0.0643,0.1420,0.0258,0.0561,0.2641,0.5388,0.4466,-0.2123,0.7378,0.0283,0.0426,0.1744,0.0499,0.0829,0.1026,0.0640,0.1499,0.1047,0.1066,0.1384,0.1755,0.0842,0.1059,0.0000,0.2141,0.0329,0.1543,0.0608,0.1689,0.0000,18.69,0.2983,8.7121,-3.4076
1705297501.2000,0.0923,0.0623,0.0321,0.0181,0.0858,0.1404,0.0057,0.0522,0.2457,0.5592,0.4551,-0.2096,0.7485,0.0813,0.0296,0.1428,0.0000,0.0894,0.0439,0.0789,0.0240,0.1395,0.1292,0.0754,0.1371,0.1115,0.0972,0.0036,0.1246,0.0544,0.0960,0.0530,0.0217,0.0000,18.09,1.9023,-5.4590,-2.4919
1705297501.2667,0.0815,0.0489,0.0443,0.0194,0.1050,0.1235,0.0277,0.0617,0.2315,0.5539,0.4905,-0.2116,0.8090,0.1023,0.0445,0.1651,0.0432,0.0881,0.0142,0.0520,0.0003,0.0560,0.1270,0.0176,0.1304,0.1151,0.1539,0.0000,0.1225,0.0762,0.0713,0.0176,0.1008,0.0000,15.34,-0.0390,-6.6749,7.1960
1705297501.3333,0.0847,0.0647,0.0417,0.0222,0.1206,0.1327,0.0013,0.0792,0.2361,0.5301,0.4802,-0.2084,0.8226,0.1664,0.0000,0.2372,0.0000,0.0838,0.0533,0.0820,0.0459,0.0000,0.0672,0.0892,0.1774,0.1175,0.1706,0.0000,0.1555,0.1332,0.0811,0.0673,0.0680,0.0000,16.81,-0.4779,-2.7940,-0.8172
1705297501.4000,0.0927,0.0680,0.0359,0.0166,0.1401,0.1248,0.0213,0.0701,0.2538,0.5060,0.4424,-0.2290,0.8607,0.0811,0.0427,0.1939,0.0455,0.0702,0.0173,0.0105,0.1512,0.0233,0.0724,0.2126,0.1563,0.0881,0.1060,0.0495,0.0558,0.0595,0.1029,0.1652,0.0654,0.0000,15.96,11.0629,-13.6739,4.4685
1705297501.4667,0.0976,0.0806,0.0289,0.0207,0.1507,0.1249,0.0252,0.0868,0.2491,0.4814,0.4349,-0.2637,0.8162,0.1032,0.0221,0.3060,0.0416,0.1079,0.0754,0.0323,0.1035,0.0374,0.0653,0.0853,0.1126,0.1092,0.0801,0.0000,0.0636,0.0052,0.1568,0.0926,0.1571,0.0000,17.38,3.1766,2.3474,8.5562
1705297501.5333,0.0989,0.0703,0.0393,0.0328,0.1272,0.1339,0.0194,0.0746,0.2433,0.4961,0.4173,-0.2096,0.6954,0.0782,0.0715,0.1878,0.0581,0.0909,0.0619,0.0580,0.0710,0.1390,0.0908,0.1027,0.0174,0.1272,0.1763,0.0038,0.0954,0.1832,0.0069,0.0861,0.0762,0.0000,18.21,8.7491,7.3245,-2.5482
1705297501.6000,0.0987,0.0652,0.0445,0.0445,0.1541,0.1539,0.0136,0.0556,0.2537,0.4697,0.3647,-0.2566,0.6496,0.0902,0.0000,0.2079,0.0080,0.1012,0.0542,0.0422,0.1158,0.0456,0.1251,0.2082,0.1287,0.0567,0.0287,0.0085,0.1385,0.0902,0.1384,0.1180,0.1183,0.0000,9.76,-4.5405,1.5993,3.7101
1705297501.6667,0.1126,0.0647,0.0409,0.0518,0.1553,0.1254,0.0145,0.0591,0.2324,0.4860,0.2961,-0.1463,0.6939,0.0953,0.0222,0.2189,0.0000,0.0739,0.1203,0.0545,0.0526,0.1121,0.0530,0.0112,0.0207,0.1094,0.1101,0.0111,0.0237,0.0000,0.1560,0.1555,0.1144,0.0000,15.61,5.0310,7.3631,6.1863
1705297501.7333,0.1180,0.0632,0.0447,0.0563,0.1770,0.1254,0.0000,0.0673,0.2352,0.4678,0.3403,-0.1387,0.6821,0.1018,0.0000,0.1920,0.0026,0.1035,0.0179,0.0515,0.1209,0.0671,0.0992,0.1175,0.1600,0.1117,0.1450,0.0225,0.0679,0.0394,0.1210,0.0976,0.0789,0.0000,13.65,16.3134,-7.3743,-4.1441
1705297501.8000,0.1080,0.0629,0.0394,0.0570,0.1722,0.1294,0.0000,0.0539,0.2590,0.4709,0.2987,-0.1171,0.6063,0.1355,0.0000,0.2019,0.0700,0.0966,0.0564,0.0149,0.0987,0.0400,0.0556,0.1565,0.0680,0.0843,0.1486,0.0000,0.1233,0.0916,0.1334,0.1473,0.1164,0.0000,12.03,6.4089,-8.6822,0.5221
1705297501.8667,0.0997,0.0717,0.0506,0.0678,0.1594,0.1352,0.0000,0.0576,0.2271,0.4785,0.3202,-0.1861,0.6208,0.0379,0.0369,0.1233,0.0156,0.0492,0.0516,0.0716,0.1242,0.0613,0.1019,0.0368,0.1416,0.0759,0.1807,0.0000,0.0854,0.1108,0.0847,0.0786,0.1207,0.0000,15.05,16.1181,-10.3098,-3.1982
1705297501.9333,0.0831,0.0926,0.0576,0.0696,0.1426,0.1306,0.0128,0.0772,0.2366,0.4584,0.3395,-0.2722,0.5903,0.0844,0.0000,0.1424,0.0345,0.0845,0.0442,0.0194,0.1918,0.0292,0.1042,0.1140,0.1424,0.0748,0.0619,0.0281,0.0427,0.0855,0.1186,0.1099,0.1343,0.0000,13.05,3.9332,1.6372,0.9271
1705297502.0000,0.0700,0.0745,0.0581,0.0700,0.1339,0.1438,0.0089,0.0752,0.2449,0.4724,0.3638,-0.3151,0.6035,0.0694,0.0154,0.1747,0.0355,0.0658,0.0410,0.0426,0.0737,0.1788,0.0623,0.2054,0.1072,0.1576,0.1138,0.0000,0.0979,0.1197,0.0399,0.0493,0.0881,0.0000,11.87,12.0668,-3.3264,2.3267
1705297502.0667,0.0715,0.0747,0.0717,0.0725,0.1389,0.1334,0.0005,0.0684,0.2224,0.4876,0.3353,-0.2404,0.6525,0.0898,0.0216,0.0626,0.0334,0.0333,0.0497,0.1163,0.1343,0.1921,0.1427,0.0119,0.1583,0.0718,0.1924,0.0000,0.0943,0.1209,0.0947,0.0894,0.0901,0.0000,13.91,19.8373,3.9105,5.6720
1705297502.1333,0.0888,0.0883,0.0727,0.0604,0.1790,0.1180,0.0097,0.0777,0.2419,0.4381,0.2679,-0.2291,0.7444,0.0866,0.0877,0.1675,0.0549,0.1300,0.0140,0.0103,0.1019,0.1248,0.0863,0.1042,0.0409,0.0476,0.0523,0.0007,0.1361,0.1045,0.1016,0.0419,0.1320,0.0000,21.21,-2.7373,-3.5459,6.1592
1705297502.2000,0.0948,0.0870,0.0631,0.0693,0.1907,0.1039,0.0000,0.0628,0.2244,0.4624,0.3293,-0.1798,0.7020,0.0033,0.0000,0.1819,0.0305,0.1274,0.0357,0.0733,0.1027,0.1525,0.1158,0.1142,0.0775,0.1695,0.1256,0.0351,0.1597,0.0000,0.0729,0.1619,0.1820,0.0000,17.53,9.8149,-13.2596,3.2650
1705297502.2667,0.1089,0.0868,0.0648,0.0812,0.1945,0.0999,0.0000,0.0525,0.2439,0.4405,0.3371,-0.2321,0.7079,0.0957,0.0000,0.1775,0.0290,0.0768,0.0328,0.0286,0.1296,0.0776,0.0583,0.1157,0.1883,0.0000,0.0407,0.0210,0.1703,0.1759,0.0369,0.2190,0.0000,0.0000,15.83,5.5634,5.9015,0.6213
1705297502.3333,0.0933,0.0734,0.0666,0.0643,0.1918,0.1246,0.0229,0.0535,0.2216,0.4528,0.3584,-0.3206,0.7265,0.0666,0.0000,0.1902,0.0246,0.0820,0.0518,0.0375,0.1066,0.1526,0.0999,0.0940,0.0985,0.1486,0.0398,0.0000,0.0814,0.0629,0.1153,0.1830,0.1614,0.0000,14.58,7.3715,2.8890,3.5113
1705297502.4000,0.1137,0.0624,0.0499,0.0510,0.1638,0.1148,0.0148,0.0414,0.1994,0.5134,0.3256,-0.2822,0.7423,0.0940,0.0356,0.1811,0.0523,0.1689,0.0635,0.1021,0.1588,0.0689,0.1359,0.1370,0.0821,0.1693,0.1320,0.0000,0.1139,0.1711,0.0654,0.1061,0.0216,0.0000,14.78,23.3791,-0.6622,-0.6619
1705297502.4667,0.1049,0.0618,0.0454,0.0495,0.1339,0.0979,0.0000,0.0268,0.1955,0.5706,0.2635,-0.2724,0.8210,0.0338,0.0319,0.1642,0.0000,0.0647,0.0000,0.0348,0.0194,0.0504,0.0562,0.1031,0.0997,0.1363,0.1140,0.0000,0.0830,0.0346,0.0331,0.0814,0.1058,0.0000,12.18,15.6213,-6.7842,-0.4143
1705297502.5333,0.0927,0.0617,0.0349,0.0443,0.1036,0.1181,0.0000,0.0259,0.1860,0.5996,0.2597,-0.2608,0.7882,0.0645,0.0000,0.1240,0.0000,0.0768,0.0819,0.0365,0.1244,0.0625,0.0688,0.0388,0.1061,0.0270,0.1571,0.0293,0.2141,0.0826,0.1778,0.0267,0.1249,0.0000,12.45,-8.3609,-6.7365,13.5966
1705297502.6000,0.1005,0.0624,0.0240,0.0430,0.1029,0.1320,0.0091,0.0242,0.1803,0.5931,0.2956,-0.3088,0.7641,0.0670,0.0000,0.1538,0.0000,0.0805,0.0168,0.0778,0.0865,0.1108,0.0897,0.0776,0.1108,0.0562,0.0140,0.0000,0.0456,0.0213,0.0676,0.0816,0.0643,0.0000,15.75,-5.8946,-7.9675,-5.8902
1705297502.6667,0.1039,0.0637,0.0268,0.0382,0.0989,0.1086,0.0272,0.0271,0.2079,0.5786,0.2574,-0.3118,0.7666,0.0464,0.0000,0.0822,0.0438,0.0272,0.0460,0.0969,0.1514,0.1373,0.0422,0.0565,0.1306,0.1253,0.1651,0.0136,0.0985,0.1263,0.0447,0.0217,0.0285,0.0000,9.87,5.8054,-5.9774,5.6265
1705297502.7333,0.1001,0.0594,0.0350,0.0519,0.1002,0.1041,0.0364,0.0587,0.2029,0.5507,0.3479,-0.3376,0.7568,0.0306,0.0024,0.0925,0.0493,0.0762,0.0551,0.1032,0.1503,0.0358,0.1009,0.0979,0.0705,0.1645,0.1024,0.0496,0.0777,0.0544,0.0081,0.0326,0.1288,0.0000,13.69,13.5568,11.9673,-6.8491
1705297502.8000,0.0968,0.0685,0.0380,0.0494,0.0877,0.0923,0.0231,0.0410,0.2019,0.5808,0.3779,-0.3380,0.7802,0.0751,0.0015,0.1896,0.0203,0.0244,0.0480,0.0917,0.0625,0.1406,0.0325,0.0211,0.0970,0.1077,0.2005,0.0747,0.0957,0.0970,0.1140,0.1448,0.0993,0.0000,15.19,0.5594,8.5293,4.7306
1705297502.8667,0.1073,0.0710,0.0499,0.0462,0.1211,0.1050,0.0322,0.0454,0.2174,0.5227,0.3243,-0.1935,0.7689,0.0628,0.0142,0.1183,0.0213,0.0385,0.0618,0.0648,0.0335,0.0926,0.1024,0.0603,0.1401,0.1727,0.1529,0.0197,0.1120,0.2136,0.0875,0.0248,0.1676,0.0000,18.41,5.6864,-1.8406,4.8499
1705297502.9333,0.1070,0.0426,0.0458,0.0434,0.1183,0.1127,0.0560,0.0433,0.2231,0.5247,0.2943,-0.1538,0.7601,0.1257,0.0930,0.1325,0.0214,0.0647,0.0000,0.0632,0.1164,0.0477,0.0042,0.0642,0.1368,0.0805,0.0000,0.0000,0.1960,0.1355,0.1682,0.0000,0.1431,0.0000,18.80,0.4272,12.3048,-2.6240
1705297503.0000,0.1101,0.0439,0.0488,0.0399,0.1103,0.0904,0.0528,0.0322,0.1853,0.5718,0.3191,-0.1485,0.8267,0.1060,0.0190,0.2036,0.0346,0.0831,0.0580,0.0761,0.1459,0.1284,0.0349,0.0591,0.1888,0.1266,0.0621,0.0020,0.0748,0.1325,0.1376,0.0250,0.0854,0.0000,16.09,-1.9409,12.1156,1.1732
1705297503.0667,0.0888,0.0516,0.0443,0.0321,0.1151,0.1023,0.0425,0.0474,0.1774,0.5791,0.2960,-0.1174,0.8748,0.0000,0.0385,0.1523,0.0100,0.0797,0.0330,0.0616,0.1373,0.0810,0.0386,0.1057,0.0773,0.1892,0.1043,0.0090,0.1799,0.0547,0.1869,0.0891,0.0033,0.0000,16.80,8.7308,-7.0513,2.3158
1705297503.1333,0.0924,0.0502,0.0431,0.0403,0.1122,0.1068,0.0413,0.0450,0.2005,0.5610,0.2789,-0.0632,0.8466,0.0296,0.0637,0.1343,0.0512,0.0875,0.0525,0.0595,0.1057,0.1872,0.0187,0.1557,0.0751,0.1096,0.0529,0.0000,0.0445,0.1058,0.0394,0.0625,0.0295,0.0000,12.59,14.6693,2.0247,-5.5299
1705297503.2000,0.1042,0.0596,0.0417,0.0230,0.1193,0.0804,0.0513,0.0540,0.2128,0.5522,0.3145,-0.0726,0.7971,0.0531,0.0586,0.1672,0.0056,0.0216,0.0715,0.0771,0.1511,0.0931,0.0144,0.0914,0.1334,0.0063,0.1181,0.0998,0.0115,0.1063,0.0920,0.1137,0.0203,0.0000,15.90,4.5763,2.2655,2.4257
1705297503.2667,0.0982,0.0714,0.0479,0.0399,0.1185,0.0790,0.0428,0.0587,0.2027,0.5445,0.2577,-0.1329,0.7788,0.0871,0.0000,0.1626,0.0458,0.0524,0.0552,0.0787,0.1419,0.0176,0.0908,0.0756,0.0874,0.1321,0.0738,0.0330,0.1437,0.1890,0.0531,0.1320,0.1320,0.0000,18.17,17.5545,-11.8862,-3.3355
1705297503.3333,0.0952,0.0743,0.0482,0.0307,0.1415,0.0788,0.0618,0.0557,0.1961,0.5306,0.3221,-0.0310,0.7784,0.0638,0.0737,0.1685,0.0360,0.0496,0.0479,0.0639,0.1517,0.0000,0.0718,0.0360,0.0029,0.0881,0.1449,0.0102,0.0989,0.1140,0.0000,0.1591,0.1005,0.0000,13.59,12.6359,-18.1655,1.8598
1705297503.4000,0.0830,0.0740,0.0564,0.0382,0.1357,0.0983,0.0563,0.0607,0.1958,0.5209,0.3149,-0.0641,0.7943,0.1400,0.0338,0.1429,0.0116,0.0571,0.0064,0.0493,0.1644,0.2028,0.1009,0.0896,0.1221,0.0307,0.0918,0.0401,0.0949,0.1293,0.0551,0.0346,0.1059,0.0000,16.72,4.3205,-7.5263,8.1851
1705297503.4667,0.0742,0.0684,0.0529,0.0307,0.1444,0.0989,0.0567,0.0725,0.2064,0.5170,0.3248,-0.1416,0.7990,0.0846,0.0302,0.2005,0.0000,0.1052,0.0000,0.0210,0.1927,0.0870,0.0891,0.1755,0.0625,0.1770,0.1090,0.0704,0.1300,0.1198,0.0683,0.1431,0.1140,1.0000,17.63,14.3556,10.5092,-4.0147
1705297503.5333,0.0895,0.0699,0.0494,0.0244,0.1595,0.0976,0.0441,0.0529,0.2022,0.5263,0.3219,-0.2928,0.8492,0.1054,0.0634,0.1589,0.0466,0.0911,0.0323,0.0468,0.0682,0.1282,0.0738,0.0877,0.1273,0.1342,0.0757,0.0000,0.0250,0.1705,0.0653,0.0795,0.1332,0.0000,13.38,-8.3568,8.2144,-0.0280
1705297503.6000,0.0840,0.0601,0.0518,0.0353,0.1572,0.0996,0.0771,0.0446,0.2115,0.5073,0.3189,-0.2805,0.8676,0.0525,0.0680,0.1389,0.0062,0.0420,0.0296,0.0732,0.0481,0.1585,0.0254,0.1234,0.0733,0.0310,0.1781,0.0421,0.1422,0.0547,0.1563,0.2408,0.0834,0.0000,10.03,19.0297,-7.8794,-0.2880
1705297503.6667,0.0788,0.0620,0.0576,0.0390,0.1635,0.1059,0.0474,0.0522,0.2126,0.5086,0.2929,-0.1959,0.8514,0.0653,0.0009,0.1458,0.0560,0.1000,0.0140,0.0407,0.0866,0.1068,0.0745,0.1249,0.1539,0.1006,0.1349,0.0588,0.1202,0.1463,0.0000,0.2427,0.1594,0.0000,12.30,-6.4226,-0.5320,-7.1929
1705297503.7333,0.0865,0.0569,0.0410,0.0439,0.1534,0.1007,0.0497,0.0319,0.2184,0.5306,0.2539,-0.1797,0.8087,0.0926,0.0355,0.1427,0.0307,0.0692,0.0315,0.0621,0.1082,0.0642,0.0860,0.0823,0.0863,0.1328,0.1677,0.0464,0.2336,0.1364,0.1584,0.0947,0.0390,0.0000,11.51,-6.1645,-1.2411,-3.2321
1705297503.8000,0.0813,0.0698,0.0245,0.0397,0.1615,0.0966,0.0259,0.0372,0.2434,0.5321,0.3390,-0.1587,0.8098,0.0278,0.0587,0.1927,0.0298,0.0578,0.0360,0.0457,0.0432,0.0713,0.0108,0.0177,0.0005,0.0712,0.1076,0.0251,0.0621,0.0709,0.1781,0.1466,0.1108,0.0000,12.10,7.1253,-4.9181,-0.8524
1705297503.8667,0.0785,0.0623,0.0302,0.0435,0.1496,0.0931,0.0285,0.0574,0.2416,0.5291,0.3537,-0.1540,0.7327,0.1340,0.0236,0.1300,0.0636,0.1011,0.0000,0.0965,0.0436,0.0557,0.0553,0.1457,0.1421,0.0787,0.0328,0.0000,0.1354,0.0363,0.0686,0.1162,0.2374,0.0000,18.40,-0.1821,9.7636,7.2364
1705297503.9333,0.0635,0.0580,0.0420,0.0402,0.1660,0.1106,0.0224,0.0661,0.2456,0.5114,0.2846,-0.1844,0.7269,0.0746,0.0000,0.1383,0.0000,0.0811,0.0650,0.0633,0.0785,0.1398,0.0887,0.1049,0.1106,0.0704,0.1015,0.0651,0.1335,0.0935,0.0000,0.1192,0.0580,0.0000,21.60,-8.4906,14.6740,-10.7165
1705297504.0000,0.0534,0.0511,0.0354,0.0544,0.1352,0.1083,0.0356,0.0758,0.2572,0.5161,0.3046,-0.2483,0.7266,0.0674,0.0792,0.1948,0.0350,0.0499,0.0199,0.0379,0.1974,0.0123,0.0492,0.1182,0.0654,0.1777,0.1413,0.0306,0.0441,0.1646,0.1025,0.0556,0.1122,0.0000,15.43,11.9519,4.1564,-6.1705
1705297504.0667,0.0579,0.0552,0.0386,0.0575,0.1321,0.1100,0.0621,0.0798,0.2485,0.4949,0.2645,-0.2941,0.7045,0.1382,0.0253,0.1189,0.0626,0.0619,0.0000,0.0642,0.0473,0.1518,0.0847,0.0129,0.0767,0.0549,0.1030,0.0084,0.1152,0.0630,0.0970,0.0729,0.1391,0.0000,14.73,9.2095,-8.4739,11.1532
1705297504.1333,0.0678,0.0615,0.0495,0.0407,0.1423,0.1293,0.1079,0.0778,0.2453,0.4468,0.2579,-0.2634,0.7016,0.0879,0.1130,0.1718,0.0586,0.0799,0.0000,0.1213,0.1201,0.1190,0.0000,0.0877,0.1304,0.0797,0.1126,0.0547,0.1216,0.0676,0.0427,0.1242,0.1876,0.0000,16.19,6.0766,-16.1427,2.0144
1705297504.2000,0.0626,0.0538,0.0525,0.0452,0.1086,0.1290,0.0853,0.0766,0.2295,0.4942,0.3100,-0.3643,0.6604,0.0878,0.0322,0.1424,0.0348,0.0518,0.0529,0.0448,0.0287,0.1453,0.0372,0.0470,0.0905,0.0223,0.1132,0.0170,0.0852,0.0422,0.0446,0.0970,0.1028,0.0000,13.50,8.3632,-9.9723,5.8538
1705297504.2667,0.0676,0.0634,0.0548,0.0460,0.1256,0.1339,0.0952,0.0733,0.2029,0.4824,0.3799,-0.2994,0.7330,0.1017,0.1143,0.1352,0.0678,0.0488,0.0548,0.0162,0.1804,0.2002,0.0652,0.0848,0.0256,0.1097,0.1789,0.0571,0.0771,0.1177,0.1024,0.1471,0.2023,0.0000,18.49,9.3417,26.1671,-1.3255
1705297504.3333,0.0745,0.0751,0.0508,0.0455,0.1307,0.1503,0.0764,0.0653,0.2000,0.4789,0.3691,-0.2743,0.6928,0.1150,0.1012,0.0556,0.0725,0.0696,0.0592,0.0110,0.1525,0.2146,0.0467,0.1546,0.1592,0.0946,0.1375,0.0049,0.1366,0.1141,0.1162,0.0958,0.1336,0.0000,15.59,4.9784,1.5893,-3.9307
1705297504.4000,0.0742,0.0699,0.0540,0.0416,0.1637,0.1444,0.1168,0.0598,0.2000,0.4453,0.3489,-0.3063,0.6462,0.1551,0.0866,0.2070,0.0936,0.0593,0.0065,0.0233,0.1419,0.1874,0.0958,0.0489,0.1602,0.1504,0.0742,0.0419,0.0535,0.1760,0.0599,0.1885,0.1480,0.0000,15.85,9.9804,-11.0024,8.9378
1705297504.4667,0.0751,0.0762,0.0514,0.0515,0.1309,0.1277,0.1171,0.0278,0.2067,0.4813,0.3453,-0.2251,0.6518,0.0879,0.1386,0.1547,0.0586,0.0910,0.0725,0.0321,0.1016,0.1395,0.0448,0.1664,0.1040,0.1392,0.0839,0.0102,0.0602,0.1073,0.0746,0.1168,0.0736,0.0000,13.39,-8.2826,6.3338,-11.7431
1705297504.5333,0.0716,0.0836,0.0548,0.0509,0.1535,0.1246,0.1087,0.0350,0.1974,0.4719,0.3627,-0.1889,0.7147,0.0435,0.0071,0.0902,0.0287,0.1391,0.0234,0.0562,0.1657,0.0805,0.0874,0.1308,0.1652,0.0546,0.1016,0.0970,0.0104,0.0808,0.1019,0.1280,0.0885,0.0000,11.86,-12.8133,11.7920,1.4786
1705297504.6000,0.0714,0.0819,0.0602,0.0483,0.1360,0.1152,0.1015,0.0508,0.2177,0.4702,0.3300,-0.1894,0.7128,0.0734,0.0772,0.1909,0.0904,0.0628,0.0256,0.0278,0.0983,0.0236,0.1106,0.1066,0.1436,0.1123,0.0748,0.0823,0.0047,0.0871,0.1284,0.1694,0.0688,0.0000,11.94,10.4491,-6.1185,-1.1372
1705297504.6667,0.0726,0.0921,0.0614,0.0533,0.1359,0.1124,0.0755,0.0381,0.2156,0.4858,0.3760,-0.1315,0.7025,0.0435,0.0296,0.1319,0.0830,0.0941,0.0455,0.0511,0.1088,0.0850,0.0376,0.1653,0.1547,0.1278,0.1579,0.0876,0.1108,0.0955,0.0712,0.1471,0.0438,0.0000,16.23,5.3481,-12.0410,-3.1096
1705297504.7333,0.0809,0.0745,0.0544,0.0510,0.1548,0.1170,0.0450,0.0594,0.1753,0.5125,0.3897,-0.2448,0.7005,0.1846,0.0513,0.0400,0.0544,0.1207,0.0000,0.0639,0.1165,0.1838,0.0954,0.0530,0.1031,0.0912,0.0553,0.0501,0.0633,0.1013,0.0393,0.0000,0.2023,0.0000,10.99,15.7987,14.7966,-2.8069
1705297504.8000,0.0692,0.0882,0.0520,0.0520,0.1607,0.1157,0.0571,0.0544,0.1738,0.5061,0.3490,-0.2507,0.6450,0.0897,0.0239,0.1758,0.0483,0.0770,0.0147,0.0190,0.0977,0.0895,0.1291,0.0855,0.0467,0.0838,0.1173,0.0440,0.0954,0.1317,0.1323,0.0668,0.0464,0.0000,15.75,1.2522,9.5793,1.7195
1705297504.8667,0.0760,0.0773,0.0447,0.0375,0.1819,0.1123,0.0565,0.0487,0.1949,0.5021,0.3604,-0.2917,0.6377,0.0909,0.0432,0.1152,0.0202,0.0956,0.0827,0.0000,0.1360,0.0930,0.1207,0.1464,0.0071,0.0663,0.1713,0.0287,0.0536,0.0880,0.1232,0.1814,0.1382,0.0000,16.08,13.1927,-4.6205,-5.3486
1705297504.9333,0.0903,0.0816,0.0591,0.0290,0.1489,0.1209,0.0601,0.0523,0.2175,0.4841,0.3750,-0.2946,0.6412,0.1160,0.0242,0.1437,0.0656,0.0665,0.0451,0.1024,0.0907,0.0584,0.0714,0.1483,0.0208,0.0838,0.0696,0.0298,0.0014,0.0398,0.1003,0.1186,0.0740,0.0000,22.73,7.5544,1.1760,-2.1934
1705297505.0000,0.1019,0.0785,0.0512,0.0358,0.1770,0.1348,0.0498,0.0519,0.2090,0.4661,0.4509,-0.2506,0.6563,0.0702,0.0000,0.1902,0.0170,0.0214,0.0308,0.0334,0.0141,0.0676,0.0205,0.0178,0.0070,0.0728,0.0936,0.0000,0.0579,0.0712,0.1396,0.1149,0.0716,0.0000,14.76,24.3026,-16.1177,2.3557
1705297505.0667,0.1278,0.0910,0.0534,0.0306,0.1793,0.1362,0.0350,0.0675,0.2427,0.4219,0.4129,-0.2610,0.7138,0.0000,0.0451,0.1470,0.0307,0.1069,0.0545,0.0209,0.0858,0.1192,0.1460,0.0670,0.1485,0.0679,0.1820,0.0224,0.2586,0.0998,0.0924,0.1407,0.0734,0.0000,17.04,3.5638,-1.0184,-4.7941
1705297505.1333,0.1331,0.0862,0.0504,0.0372,0.1731,0.1420,0.0373,0.0575,0.2649,0.4110,0.4035,-0.2512,0.6983,0.0980,0.0410,0.2649,0.0132,0.0695,0.0733,0.0954,0.0197,0.1924,0.0642,0.0760,0.1518,0.1081,0.1185,0.0551,0.1364,0.0113,0.0000,0.1982,0.1085,0.0000,13.27,6.8342,-2.1734,9.6210
1705297505.2000,0.1235,0.0893,0.0569,0.0305,0.1451,0.1368,0.0561,0.0555,0.2517,0.4327,0.4696,-0.2022,0.7271,0.1065,0.0069,0.2537,0.0177,0.0358,0.0723,0.0874,0.0946,0.0514,0.1290,0.1147,0.0672,0.0992,0.1408,0.0242,0.0466,0.0361,0.0227,0.0978,0.0954,0.0000,15.98,16.1557,-3.1396,2.7270
1705297505.2667,0.1253,0.0778,0.0650,0.0264,0.1206,0.1188,0.0456,0.0598,0.2492,0.4669,0.3970,-0.3039,0.7587,0.0630,0.0364,0.2606,0.0000,0.0625,0.0423,0.0862,0.0987,0.1152,0.0394,0.0689,0.0949,0.1984,0.0411,0.0177,0.0477,0.1022,0.0920,0.0457,0.0000,0.0000,15.12,12.8874,20.0578,4.1629
1705297505.3333,0.1139,0.0762,0.0715,0.0441,0.1111,0.1253,0.0368,0.0578,0.2447,0.4712,0.3039,-0.2280,0.7400,0.0910,0.0400,0.2297,0.0660,0.0929,0.0707,0.0388,0.0936,0.1633,0.0319,0.1371,0.0532,0.1436,0.1504,0.0000,0.1171,0.1159,0.1020,0.1025,0.0731,0.0000,19.02,4.5166,-6.5456,1.9813
1705297505.4000,0.1041,0.0648,0.0734,0.0452,0.0899,0.1224,0.0572,0.0510,0.2389,0.4918,0.3050,-0.2957,0.7545,0.0530,0.0676,0.2129,0.0179,0.0350,0.0909,0.1039,0.0857,0.1423,0.1008,0.1224,0.0848,0.0934,0.0769,0.0073,0.0409,0.0512,0.0961,0.0871,0.0771,0.0000,14.02,10.2160,5.6007,-3.1682
1705297505.4667,0.0989,0.0570,0.0743,0.0302,0.0884,0.1142,0.0672,0.0310,0.2468,0.5153,0.3335,-0.2999,0.6911,0.0751,0.0454,0.1955,0.0000,0.0318,0.0587,0.0612,0.0760,0.0654,0.0615,0.1077,0.0895,0.1104,0.1618,0.0061,0.0748,0.0604,0.1197,0.0000,0.1458,1.0000,11.76,10.0655,-8.5476,-0.0667
1705297505.5333,0.0889,0.0565,0.0766,0.0316,0.0941,0.1016,0.0957,0.0255,0.2354,0.5165,0.3954,-0.3391,0.6815,0.0458,0.0449,0.1323,0.0705,0.0457,0.0848,0.0336,0.1552,0.0492,0.0574,0.0439,0.0832,0.1337,0.0752,0.0753,0.1028,0.1376,0.1118,0.1500,0.1277,0.0000,15.93,10.2912,-14.6099,7.0670
1705297505.6000,0.0803,0.0563,0.0650,0.0563,0.1152,0.1030,0.1071,0.0389,0.2379,0.4841,0.3693,-0.2797,0.6643,0.0919,0.1250,0.1551,0.0477,0.0669,0.0741,0.0474,0.0746,0.0698,0.0507,0.1096,0.1540,0.0629,0.1482,0.0472,0.1195,0.0336,0.2495,0.0394,0.1415,0.0000,9.88,17.4973,1.1201,0.5669
1705297505.6667,0.0902,0.0509,0.0683,0.0553,0.0786,0.1222,0.0963,0.0375,0.2361,0.4988,0.4301,-0.3358,0.7049,0.0148,0.1063,0.1756,0.0560,0.0843,0.0622,0.0063,0.0700,0.0581,0.0752,0.2122,0.0955,0.1469,0.1203,0.0834,0.0867,0.0000,0.1355,0.0428,0.0611,0.0000,20.08,12.3827,-7.6472,2.9031
1705297505.7333,0.0844,0.0577,0.0667,0.0609,0.0593,0.1077,0.1321,0.0380,0.2299,0.4979,0.4297,-0.2683,0.7241,0.1104,0.0638,0.1648,0.0883,0.0829,0.0082,0.0534,0.0656,0.0000,0.0392,0.2136,0.1005,0.1564,0.1303,0.0643,0.1019,0.0980,0.1210,0.1181,0.1442,0.0000,10.73,12.8062,-10.5551,1.2197
1705297505.8000,0.1006,0.0619,0.0714,0.0643,0.0915,0.1225,0.1118,0.0323,0.2311,0.4675,0.4514,-0.2020,0.7030,0.0713,0.0993,0.2269,0.0921,0.0000,0.0859,0.0857,0.0545,0.1731,0.1076,0.1263,0.1711,0.1276,0.0699,0.0801,0.1265,0.1640,0.0708,0.1368,0.0642,0.0000,19.05,-3.9258,1.7599,-2.7135
1705297505.8667,0.0976,0.0607,0.0637,0.0604,0.1036,0.1346,0.1165,0.0447,0.2195,0.4592,0.4621,-0.2722,0.7051,0.1012,0.1001,0.1288,0.0743,0.0443,0.0814,0.0271,0.1390,0.1167,0.0439,0.0962,0.0463,0.1468,0.0808,0.0787,0.1257,0.1060,0.1371,0.0825,0.1028,0.0000,12.87,1.6283,4.6597,-0.2455
1705297505.9333,0.0783,0.0679,0.0667,0.0632,0.1354,0.1225,0.1016,0.0196,0.2410,0.4623,0.4313,-0.1743,0.7384,0.0194,0.0579,0.1529,0.0659,0.0731,0.1008,0.1172,0.1159,0.0670,0.0810,0.1118,0.0748,0.0721,0.1679,0.0017,0.0424,0.0609,0.1103,0.0676,0.1652,0.0000,15.62,4.6099,-1.1876,-1.8206
1705297506.0000,0.0763,0.0680,0.0561,0.0644,0.1657,0.1173,0.1015,0.0212,0.2349,0.4569,0.4373,-0.1488,0.7194,0.0805,0.0812,0.1615,0.0660,0.0563,0.0232,0.0605,0.0560,0.1181,0.0324,0.0887,0.0613,0.0244,0.0725,0.0717,0.1158,0.1241,0.0685,0.0544,0.1076,0.0000,15.62,-1.8100,-4.0825,0.0745
1705297506.0667,0.0699,0.0847,0.0623,0.0692,0.1815,0.1245,0.0889,0.0170,0.2239,0.4468,0.4462,-0.1702,0.6924,0.0853,0.0875,0.2213,0.0396,0.1547,0.0194,0.0681,0.0803,0.0000,0.0722,0.0786,0.0412,0.1373,0.1184,0.0465,0.1272,0.1680,0.0802,0.1291,0.0754,0.0000,14.64,11.5603,-7.5842,4.5494
1705297506.1333,0.0643,0.0668,0.0542,0.0627,0.1852,0.1320,0.0702,0.0207,0.2083,0.4813,0.4439,-0.1301,0.7040,0.1601,0.0000,0.1048,0.0600,0.0645,0.0125,0.0611,0.0650,0.0506,0.0515,0.1203,0.0718,0.0549,0.0957,0.0649,0.1329,0.1597,0.1189,0.2146,0.1737,0.0000,9.77,-4.6507,-4.1704,6.6536
1705297506.2000,0.0680,0.0645,0.0609,0.0604,0.1641,0.1335,0.0548,0.0261,0.1859,0.5092,0.3843,-0.0320,0.7616,0.0655,0.0149,0.0794,0.0338,0.1119,0.0080,0.0446,0.1489,0.0426,0.1002,0.0790,0.0679,0.1477,0.1828,0.0414,0.1775,0.0653,0.1232,0.1045,0.0211,0.0000,18.47,-0.3391,14.1098,-5.5532
1705297506.2667,0.0803,0.0712,0.0546,0.0676,0.1701,0.1202,0.0453,0.0142,0.1971,0.5076,0.4166,-0.0613,0.7499,0.0918,0.0795,0.1218,0.0439,0.1224,0.0190,0.0186,0.0516,0.1088,0.0478,0.0869,0.0771,0.1068,0.1221,0.0302,0.1652,0.1831,0.0628,0.1373,0.1028,1.0000,11.96,0.5164,9.8696,1.2283
1705297506.3333,0.0672,0.0710,0.0566,0.0687,0.1829,0.1203,0.0450,0.0248,0.1807,0.5097,0.4423,-0.1133,0.7545,0.0707,0.0325,0.1414,0.0397,0.1319,0.0827,0.0692,0.1117,0.0854,0.1082,0.0549,0.2191,0.0368,0.1532,0.0000,0.0751,0.1042,0.1816,0.1842,0.0716,0.0000,12.67,20.2578,3.0465,-6.9061
1705297506.4000,0.0756,0.0705,0.0529,0.0884,0.1784,0.1244,0.0473,0.0351,0.2072,0.4722,0.3869,-0.1438,0.8027,0.0822,0.1394,0.1758,0.0302,0.0893,0.0509,0.0676,0.1199,0.1723,0.0494,0.1572,0.0727,0.1103,0.1278,0.0490,0.0960,0.0141,0.0649,0.1027,0.1452,0.0000,18.14,20.9680,-9.6621,6.7675
1705297506.4667,0.0750,0.0982,0.0468,0.0904,0.1769,0.1276,0.0516,0.0454,0.2127,0.4452,0.4590,-0.2113,0.7081,0.1207,0.0723,0.1279,0.0319,0.1055,0.0532,0.0000,0.0790,0.0668,0.0447,0.1851,0.1744,0.1388,0.1183,0.0008,0.1646,0.0638,0.0000,0.0681,0.0675,0.0000,14.85,4.2860,-10.6037,-3.3762
1705297506.5333,0.0965,0.0943,0.0607,0.0743,0.2012,0.1261,0.0663,0.0613,0.2118,0.4045,0.5397,-0.2597,0.6744,0.1457,0.0788,0.1487,0.0000,0.1009,0.0617,0.1057,0.1469,0.0836,0.0908,0.0868,0.0955,0.1359,0.1175,0.0224,0.1761,0.0793,0.0518,0.1717,0.2078,0.0000,18.67,13.8128,-16.2271,-0.4260
1705297506.6000,0.1118,0.0857,0.0506,0.0713,0.1689,0.1200,0.0560,0.0570,0.1956,0.4499,0.5684,-0.2077,0.6462,0.0873,0.0000,0.0816,0.0926,0.1558,0.1172,0.0408,0.1069,0.0156,0.1554,0.1575,0.1602,0.0537,0.1341,0.0000,0.1133,0.0255,0.0788,0.1522,0.0736,0.0000,12.24,1.8652,11.9896,-0.6676
1705297506.6667,0.1062,0.0968,0.0542,0.0544,0.1771,0.1260,0.0547,0.0445,0.2245,0.4369,0.5277,-0.1942,0.6773,0.1142,0.0236,0.2374,0.0368,0.1912,0.0888,0.0000,0.0668,0.0504,0.1358,0.1110,0.0874,0.0000,0.0020,0.0998,0.0821,0.0578,0.1107,0.1370,0.0595,0.0000,16.46,12.5301,23.1596,3.2006
1705297506.7333,0.0957,0.0997,0.0583,0.0527,0.1811,0.1311,0.0555,0.0332,0.2438,0.4294,0.5287,-0.2501,0.6932,0.1449,0.0353,0.1541,0.0000,0.1015,0.0461,0.0402,0.0994,0.0770,0.1378,0.1258,0.1807,0.1103,0.1559,0.0677,0.0222,0.0335,0.0383,0.0915,0.0510,0.0000,16.23,-8.0707,1.0779,3.4387
1705297506.8000,0.1127,0.0843,0.0478,0.0494,0.1746,0.1210,0.0463,0.0334,0.2349,0.4573,0.5448,-0.2011,0.6509,0.1205,0.1119,0.1720,0.0000,0.1056,0.0372,0.0326,0.0829,0.1807,0.0885,0.1374,0.0211,0.2579,0.0946,0.0207,0.1469,0.1174,0.0345,0.0112,0.1128,0.0000,17.52,9.3331,-12.9719,-4.6055
1705297506.8667,0.1032,0.0757,0.0463,0.0489,0.1444,0.1446,0.0530,0.0488,0.2384,0.4579,0.5784,-0.1668,0.5705,0.0207,0.0778,0.1541,0.0438,0.0993,0.0928,0.0518,0.0758,0.1061,0.1147,0.1394,0.1870,0.0043,0.0283,0.0211,0.1411,0.0826,0.0285,0.0464,0.1380,0.0000,13.94,-8.0793,-10.2596,3.1623
1705297506.9333,0.0943,0.0785,0.0429,0.0216,0.1324,0.1137,0.0591,0.0479,0.2617,0.4888,0.5116,-0.2063,0.5885,0.0340,0.0016,0.1368,0.0276,0.1046,0.0102,0.0284,0.1075,0.1434,0.1136,0.0638,0.0482,0.2063,0.0181,0.0066,0.1088,0.0691,0.1413,0.0862,0.0703,0.0000,14.59,0.5180,-12.9146,-2.1839
1705297507.0000,0.0918,0.0767,0.0480,0.0309,0.1125,0.1231,0.0615,0.0404,0.2634,0.4910,0.4422,-0.2555,0.6430,0.0502,0.0052,0.1747,0.0300,0.0668,0.0542,0.0345,0.0760,0.1232,0.1215,0.0541,0.1391,0.1105,0.1362,0.0295,0.0595,0.0000,0.0249,0.1254,0.1069,0.0000,20.75,1.5177,1.7923,4.5739
1705297507.0667,0.0927,0.0668,0.0475,0.0482,0.1205,0.1151,0.0526,0.0365,0.2543,0.4996,0.4126,-0.1320,0.6120,0.1210,0.0000,0.2352,0.0101,0.0844,0.0341,0.0481,0.1257,0.1026,0.0816,0.1323,0.0281,0.0015,0.0473,0.0000,0.1318,0.0986,0.0893,0.1882,0.1318,0.0000,17.60,3.5020,3.8879,3.3866
1705297507.1333,0.0789,0.0672,0.0573,0.0298,0.1532,0.1145,0.0565,0.0485,0.2580,0.4817,0.3570,-0.1884,0.5753,0.0620,0.0402,0.1154,0.0748,0.0545,0.0364,0.0153,0.1462,0.1365,0.1000,0.1336,0.0918,0.0893,0.0777,0.0279,0.1468,0.1658,0.1753,0.0609,0.1034,1.0000,13.12,2.8679,-3.2593,4.8255
1705297507.2000,0.0809,0.0837,0.0553,0.0239,0.1801,0.1262,0.0331,0.0489,0.2681,0.4599,0.3570,-0.2105,0.6174,0.0918,0.0251,0.2355,0.0000,0.1463,0.0509,0.0740,0.0329,0.1107,0.1128,0.0352,0.0727,0.1329,0.1421,0.0665,0.1299,0.1407,0.0424,0.1493,0.0998,0.0000,17.58,25.1056,-9.8036,4.2116
1705297507.2667,0.0934,0.0878,0.0770,0.0239,0.1960,0.1475,0.0381,0.0572,0.2485,0.4182,0.3922,-0.2992,0.6375,0.1613,0.0405,0.1423,0.0000,0.0800,0.0051,0.0839,0.0786,0.0892,0.1386,0.0523,0.0697,0.1099,0.1332,0.0000,0.1002,0.1061,0.1141,0.2325,0.1260,0.0000,15.74,-1.4068,4.2901,-0.1574
1705297507.3333,0.0929,0.0937,0.0780,0.0396,0.1972,0.1558,0.0468,0.0719,0.2304,0.3962,0.3057,-0.2531,0.5887,0.0817,0.0066,0.1619,0.0000,0.0547,0.0828,0.0995,0.0596,0.1556,0.1332,0.0378,0.1351,0.0370,0.0780,0.0000,0.1551,0.1088,0.1628,0.1230,0.1180,0.0000,9.94,-5.2679,-7.4699,-6.0945
1705297507.4000,0.0967,0.1038,0.0796,0.0508,0.1876,0.1415,0.0284,0.0572,0.2449,0.4057,0.2541,-0.3163,0.5892,0.0500,0.0158,0.2591,0.0242,0.0863,0.0093,0.1305,0.1072,0.1659,0.1125,0.0753,0.1576,0.0941,0.0000,0.0260,0.0371,0.0233,0.0825,0.1941,0.1240,0.0000,13.37,-7.3484,-3.5397,0.1207
1705297507.4667,0.0880,0.0905,0.0730,0.0455,0.1814,0.1330,0.0378,0.0678,0.2604,0.4136,0.2641,-0.2323,0.5827,0.0745,0.0000,0.1677,0.0561,0.0707,0.0174,0.0533,0.1029,0.0717,0.0776,0.0576,0.0101,0.0683,0.0636,0.0128,0.0535,0.0392,0.0492,0.1931,0.0994,0.0000,14.60,4.3658,9.9399,2.4694
1705297507.5333,0.0974,0.0809,0.0747,0.0433,0.1648,0.1357,0.0279,0.0533,0.2410,0.4486,0.3043,-0.2537,0.5929,0.1361,0.0237,0.0724,0.0363,0.0952,0.0359,0.0629,0.1356,0.0945,0.0875,0.0604,0.0938,0.0576,0.0705,0.0040,0.0942,0.0687,0.1200,0.1107,0.1018,0.0000,17.04,-11.0719,13.0003,-0.7688
1705297507.6000,0.1074,0.0845,0.0737,0.0442,0.1316,0.1363,0.0348,0.0648,0.2442,0.4471,0.3069,-0.2471,0.6128,0.1535,0.0147,0.2237,0.0486,0.0798,0.1283,0.0819,0.1636,0.1189,0.1126,0.1311,0.0565,0.1160,0.1559,0.0360,0.0502,0.1298,0.0934,0.0780,0.0330,0.0000,18.23,3.3500,4.1312,-2.5575
1705297507.6667,0.1071,0.0645,0.0757,0.0483,0.1631,0.1269,0.0550,0.0501,0.2400,0.4416,0.2921,-0.2310,0.6200,0.0963,0.0403,0.1436,0.0621,0.1350,0.0452,0.0564,0.1054,0.0631,0.1195,0.1563,0.0714,0.0904,0.1376,0.0000,0.1245,0.1128,0.0634,0.0944,0.0977,0.0000,10.19,20.2878,-8.0854,3.4758
1705297507.7333,0.1151,0.0489,0.0805,0.0347,0.1768,0.1293,0.0682,0.0446,0.2199,0.4491,0.2867,-0.2019,0.6174,0.0934,0.0456,0.1178,0.0271,0.0771,0.0587,0.1431,0.1013,0.0863,0.0564,0.1286,0.1694,0.0896,0.0373,0.0000,0.0646,0.1267,0.0481,0.1085,0.1546,0.0000,24.81,19.2958,1.5781,-4.4969
1705297507.8000,0.1108,0.0644,0.0701,0.0497,0.1631,0.1262,0.0552,0.0287,0.2197,0.4672,0.3058,-0.1728,0.6176,0.1270,0.0143,0.2373,0.0165,0.1114,0.0713,0.0706,0.1743,0.1195,0.0888,0.1362,0.2085,0.0000,0.1675,0.0498,0.0292,0.1194,0.1122,0.1918,0.0872,0.0000,14.72,7.1875,5.9264,0.8787
1705297507.8667,0.1267,0.0553,0.0722,0.0453,0.1663,0.1175,0.0362,0.0261,0.2125,0.4852,0.3586,-0.1907,0.6486,0.1140,0.0935,0.2031,0.0369,0.1278,0.0912,0.1049,0.0879,0.1329,0.0770,0.0410,0.1194,0.0548,0.0000,0.0000,0.1051,0.0947,0.0698,0.1498,0.0514,0.0000,17.00,7.8283,-1.0638,2.5451
1705297507.9333,0.1227,0.0310,0.0589,0.0514,0.1674,0.1211,0.0239,0.0283,0.1903,0.5231,0.3484,-0.2123,0.6037,0.0669,0.0292,0.1710,0.0513,0.1086,0.0000,0.0834,0.0707,0.0331,0.0780,0.0000,0.0835,0.1561,0.0884,0.0191,0.1095,0.0569,0.0911,0.1773,0.0212,0.0000,18.24,-3.5859,-4.2215,-2.3925
1705297508.0000,0.0998,0.0274,0.0456,0.0547,0.1865,0.1244,0.0405,0.0256,0.1817,0.5283,0.3174,-0.2394,0.5416,0.0879,0.0353,0.2044,0.0595,0.1115,0.0176,0.0444,0.1729,0.1241,0.0199,0.0455,0.0973,0.0327,0.0598,0.0000,0.1215,0.1140,0.0512,0.1817,0.0557,0.0000,20.10,12.1322,10.2388,4.4213
1705297508.0667,0.0958,0.0170,0.0401,0.0668,0.1730,0.1326,0.0639,0.0290,0.2127,0.5015,0.3300,-0.1996,0.6117,0.0760,0.0255,0.1594,0.0690,0.1165,0.0397,0.0470,0.1479,0.1007,0.0786,0.0002,0.0276,0.0827,0.0223,0.0035,0.0732,0.1152,0.0721,0.1213,0.0735,0.0000,10.98,14.2901,-6.6904,9.0320
1705297508.1333,0.0961,0.0393,0.0421,0.0789,0.1315,0.1425,0.0724,0.0379,0.1935,0.4995,0.3475,-0.1805,0.6414,0.0675,0.0295,0.0982,0.0273,0.1227,0.0596,0.0252,0.0693,0.1350,0.0413,0.0781,0.1326,0.0378,0.0340,0.0793,0.1102,0.1004,0.0820,0.1893,0.1705,0.0000,14.44,5.5134,-20.8916,-8.1622
1705297508.2000,0.1094,0.0370,0.0476,0.0721,0.1439,0.1456,0.0554,0.0330,0.1645,0.5149,0.4539,-0.2022,0.6173,0.1105,0.0034,0.0622,0.0802,0.1283,0.0389,0.0453,0.0861,0.0895,0.0531,0.0995,0.1746,0.1058,0.1466,0.0108,0.1849,0.1345,0.1747,0.0786,0.0896,0.0000,16.68,1.6095,1.8140,-11.5570
1705297508.2667,0.1169,0.0482,0.0559,0.0680,0.1337,0.1542,0.0539,0.0567,0.1692,0.4860,0.3756,-0.1974,0.5757,0.1578,0.0195,0.1434,0.0840,0.0967,0.0570,0.0129,0.0812,0.1611,0.1201,0.0994,0.0247,0.1709,0.1167,0.0122,0.0517,0.0930,0.0450,0.0884,0.0583,0.0000,14.19,7.8050,-14.4958,-6.7558
1705297508.3333,0.0916,0.0633,0.0513,0.0581,0.1463,0.1651,0.0540,0.0505,0.1732,0.4881,0.3430,-0.1664,0.5728,0.1147,0.0127,0.1235,0.0467,0.0867,0.0318,0.0542,0.0972,0.1165,0.1507,0.0837,0.0505,0.0468,0.1012,0.0024,0.0639,0.0226,0.1315,0.1409,0.1112,0.0000,21.68,6.8524,-13.0103,-7.4763
1705297508.4000,0.0665,0.0569,0.0527,0.0619,0.1569,0.1591,0.0688,0.0652,0.2129,0.4595,0.3261,-0.1242,0.5066,0.1676,0.0620,0.0965,0.0388,0.1275,0.0000,0.0600,0.1481,0.0625,0.1487,0.0855,0.1256,0.0630,0.1287,0.0197,0.0449,0.0715,0.1098,0.1773,0.0131,0.0000,20.42,-4.5047,-1.8264,-9.9628
1705297508.4667,0.0534,0.0669,0.0557,0.0501,0.1424,0.1687,0.0694,0.0763,0.2203,0.4581,0.2873,-0.1530,0.5422,0.0934,0.0000,0.1371,0.0432,0.0549,0.0485,0.0672,0.0738,0.1199,0.1102,0.1743,0.1210,0.1286,0.0560,0.0270,0.0550,0.0549,0.1042,0.0720,0.1263,0.0000,12.14,3.6654,15.3981,-3.2618
1705297508.5333,0.0539,0.0700,0.0434,0.0452,0.1730,0.1589,0.0616,0.0708,0.2249,0.4590,0.3082,-0.1182,0.6295,0.1778,0.0421,0.0701,0.0724,0.0942,0.0000,0.0176,0.1040,0.0575,0.1199,0.1296,0.1219,0.0545,0.1088,0.0527,0.0547,0.1000,0.1138,0.1784,0.0897,0.0000,17.56,-10.1680,6.2085,0.9153
1705297508.6000,0.0680,0.0846,0.0457,0.0339,0.1932,0.1570,0.0572,0.0707,0.2369,0.4317,0.3707,-0.0775,0.6721,0.0993,0.0000,0.1711,0.0000,0.1051,0.0193,0.0441,0.0371,0.0628,0.0665,0.1379,0.0929,0.1669,0.1561,0.0000,0.0976,0.0825,0.0836,0.1114,0.0000,0.0000,13.73,2.8212,11.7835,-2.5082
1705297508.6667,0.0590,0.0849,0.0337,0.0295,0.1693,0.1645,0.0455,0.0793,0.2301,0.4624,0.4146,-0.0384,0.6518,0.0415,0.0589,0.1956,0.0247,0.1116,0.0505,0.0481,0.0945,0.1050,0.0720,0.1795,0.0479,0.1333,0.0429,0.0476,0.0715,0.0392,0.0974,0.0989,0.1131,0.0000,11.10,5.1096,-7.0246,-8.8463
1705297508.7333,0.0761,0.0785,0.0417,0.0321,0.1834,0.1548,0.0641,0.0717,0.2362,0.4368,0.3656,-0.1671,0.6977,0.0681,0.0429,0.1655,0.0300,0.0743,0.0270,0.0922,0.0432,0.1472,0.0545,0.0093,0.1712,0.0946,0.1814,0.0442,0.1705,0.1482,0.1885,0.2025,0.1489,0.0000,15.85,6.2101,10.5802,2.7973
1705297508.8000,0.0777,0.0728,0.0414,0.0462,0.2275,0.1617,0.0363,0.0498,0.2511,0.4212,0.4015,-0.1662,0.6744,0.1095,0.0121,0.1656,0.0000,0.1190,0.0097,0.0323,0.2368,0.1292,0.0894,0.1225,0.0669,0.1548,0.1252,0.0063,0.2140,0.1680,0.1732,0.1606,0.1874,0.0000,22.56,9.0823,2.4838,-4.1610
1705297508.8667,0.0925,0.0794,0.0537,0.0542,0.2376,0.1677,0.0212,0.0476,0.2698,0.3858,0.4414,-0.2368,0.7271,0.1332,0.0055,0.1971,0.0199,0.1759,0.0683,0.0210,0.0910,0.0135,0.1194,0.1165,0.1555,0.1734,0.0729,0.0378,0.1673,0.1012,0.0545,0.2178,0.0369,0.0000,14.99,2.1646,6.5757,-6.7311
1705297508.9333,0.0995,0.0736,0.0435,0.0506,0.2301,0.1637,0.0285,0.0423,0.2683,0.4000,0.4320,-0.1294,0.7416,0.1506,0.0066,0.1610,0.0000,0.1542,0.0711,0.0448,0.1298,0.1162,0.0818,0.1277,0.0729,0.0857,0.1312,0.0223,0.0501,0.1504,0.2078,0.1861,0.1845,0.0000,16.97,-3.2943,-4.9020,-2.8340
1705297509.0000,0.0982,0.0730,0.0453,0.0537,0.2205,0.1490,0.0133,0.0617,0.2724,0.4077,0.4940,-0.1276,0.7137,0.0986,0.0572,0.0766,0.0253,0.1545,0.0794,0.1083,0.0484,0.1002,0.0799,0.1640,0.1894,0.1234,0.0622,0.0331,0.0431,0.2083,0.1146,0.2147,0.0575,0.0000,11.26,-1.2738,6.9261,-6.4239
1705297509.0667,0.1099,0.0841,0.0405,0.0650,0.2275,0.1442,0.0310,0.0805,0.2707,0.3679,0.4853,-0.1695,0.7880,0.1213,0.0421,0.1912,0.0172,0.1111,0.0325,0.0641,0.1106,0.0313,0.1626,0.0500,0.1123,0.1068,0.0636,0.0000,0.1573,0.0000,0.1784,0.2262,0.0286,0.0000,15.53,11.4047,-19.9229,-5.2128
1705297509.1333,0.1201,0.0810,0.0456,0.0686,0.2383,0.1647,0.0307,0.0807,0.2750,0.3372,0.4527,-0.1670,0.8100,0.1543,0.0368,0.0742,0.0000,0.1505,0.0956,0.0558,0.0842,0.1475,0.1059,0.1919,0.1022,0.0495,0.1475,0.0000,0.0023,0.0964,0.0118,0.2454,0.1213,0.0000,18.73,-5.1121,9.8623,6.2624
1705297509.2000,0.0974,0.0787,0.0409,0.0669,0.2173,0.1725,0.0373,0.0582,0.2716,0.3756,0.4113,-0.1062,0.7675,0.1259,0.0000,0.1839,0.0000,0.1736,0.0340,0.0453,0.0501,0.1204,0.0722,0.1415,0.0722,0.1307,0.1346,0.0000,0.0434,0.0619,0.1248,0.0687,0.0916,0.0000,15.18,12.3001,-5.1471,2.4540
1705297509.2667,0.0986,0.0905,0.0439,0.0736,0.2207,0.1664,0.0456,0.0651,0.2770,0.3512,0.4247,-0.1010,0.8004,0.0731,0.0735,0.2052,0.0341,0.1334,0.0706,0.0311,0.0269,0.1878,0.1278,0.0623,0.0443,0.1671,0.1341,0.0000,0.0000,0.0282,0.0293,0.1924,0.1304,0.0000,13.77,0.2268,10.1954,-3.1261
1705297509.3333,0.0979,0.0945,0.0386,0.0746,0.2462,0.1594,0.0435,0.0469,0.2513,0.3683,0.3512,-0.1293,0.7878,0.0781,0.0000,0.1619,0.0035,0.1391,0.0383,0.0777,0.1082,0.0363,0.1380,0.1345,0.0587,0.0848,0.1160,0.0077,0.2103,0.1294,0.1088,0.2233,0.1087,0.0000,21.57,11.3244,3.6326,0.9050
1705297509.4000,0.0895,0.0953,0.0587,0.0763,0.2344,0.1662,0.0467,0.0386,0.2585,0.3614,0.3947,-0.2008,0.8124,0.1176,0.0000,0.1169,0.0097,0.1702,0.0695,0.1013,0.0921,0.1146,0.0803,0.1107,0.0733,0.1785,0.0408,0.0268,0.0291,0.1152,0.0188,0.2129,0.1599,0.0000,15.51,2.3093,-10.8748,0.6862
1705297509.4667,0.0984,0.0977,0.0483,0.0719,0.2191,0.1455,0.0705,0.0500,0.2691,0.3578,0.4046,-0.1751,0.8108,0.1010,0.0296,0.1683,0.0741,0.1490,0.0464,0.0616,0.2159,0.0841,0.0439,0.0000,0.0419,0.2014,0.1211,0.0620,0.2040,0.0897,0.0950,0.2709,0.0755,0.0000,23.09,9.6869,-1.2197,5.5829
1705297509.5333,0.1096,0.0896,0.0451,0.0721,0.2055,0.1679,0.0517,0.0403,0.2656,0.3716,0.3939,-0.0712,0.8327,0.1120,0.0356,0.1414,0.0369,0.1185,0.0478,0.0991,0.1323,0.0830,0.1153,0.1170,0.1032,0.0588,0.0950,0.0066,0.0877,0.0241,0.1876,0.1853,0.1896,0.0000,20.35,5.3391,8.4441,4.9726
1705297509.6000,0.1028,0.0876,0.0555,0.0793,0.1653,0.1735,0.0367,0.0362,0.3036,0.3756,0.3673,-0.0781,0.8827,0.0970,0.0642,0.2100,0.0000,0.1305,0.0228,0.0707,0.1465,0.1798,0.1458,0.1306,0.0694,0.0502,0.1073,0.0131,0.1218,0.1085,0.0789,0.2064,0.0972,0.0000,11.15,14.0473,-2.1922,-0.1002
1705297509.6667,0.0993,0.0835,0.0529,0.0726,0.1863,0.1621,0.0489,0.0434,0.3087,0.3654,0.4328,-0.1281,0.8533,0.1200,0.0710,0.2126,0.0497,0.1037,0.0246,0.0952,0.0527,0.0577,0.1051,0.1347,0.1236,0.0573,0.1278,0.0046,0.0949,0.1740,0.0831,0.1436,0.0787,0.0000,13.99,6.7009,-5.5709,-3.7945
1705297509.7333,0.1022,0.0842,0.0554,0.0625,0.1834,0.1310,0.0400,0.0324,0.3102,0.3993,0.4169,-0.1374,0.9062,0.1541,0.0000,0.2706,0.0000,0.1279,0.0403,0.0489,0.1262,0.0872,0.0978,0.1203,0.1303,0.0861,0.1128,0.0376,0.0945,0.0441,0.1747,0.0604,0.1423,0.0000,11.52,-13.1151,14.1864,-3.7874
1705297509.8000,0.0939,0.0778,0.0410,0.0618,0.1602,0.1236,0.0349,0.0372,0.2958,0.4442,0.4384,-0.1232,0.9168,0.0796,0.0306,0.1739,0.0322,0.0842,0.0742,0.0682,0.0745,0.1434,0.1333,0.0881,0.1297,0.0883,0.0370,0.0312,0.0603,0.0805,0.0931,0.2009,0.0744,0.0000,14.68,-8.4760,-4.0482,-5.4442
1705297509.8667,0.1059,0.0777,0.0420,0.0568,0.1674,0.1308,0.0507,0.0488,0.2642,0.4335,0.4262,-0.2295,0.9319,0.0862,0.0330,0.2271,0.0277,0.1075,0.0782,0.0637,0.0000,0.1125,0.1149,0.1328,0.1235,0.0878,0.0536,0.0096,0.0029,0.1697,0.0754,0.1945,0.0174,0.0000,10.87,0.1504,-8.0159,1.6562
1705297509.9333,0.0925,0.0725,0.0400,0.0579,0.1595,0.1365,0.0394,0.0091,0.2599,0.4795,0.3776,-0.2266,0.8948,0.1064,0.0392,0.1113,0.0299,0.1241,0.0887,0.1057,0.0944,0.1345,0.1195,0.0659,0.1503,0.1711,0.0677,0.0000,0.1606,0.2079,0.1512,0.1794,0.0993,0.0000,20.02,2.9529,-5.2488,-3.4395
1705297510.0000,0.1147,0.0742,0.0378,0.0662,0.1674,0.1297,0.0492,0.0098,0.2715,0.4477,0.3707,-0.2794,0.8078,0.1390,0.0405,0.1691,0.0527,0.1025,0.0863,0.0284,0.0901,0.1577,0.0738,0.1280,0.1577,0.1318,0.1246,0.0327,0.0669,0.0869,0.0746,0.1320,0.0382,0.0000,14.17,5.7645,-15.5982,-1.8691
1705297510.0667,0.0766,0.0774,0.0263,0.0481,0.1556,0.1481,0.0282,0.0144,0.2855,0.4838,0.3671,-0.1958,0.7896,0.0561,0.0546,0.1828,0.0000,0.0734,0.0447,0.0096,0.0253,0.1631,0.0652,0.1272,0.0244,0.0870,0.0791,0.0000,0.0000,0.0196,0.1516,0.0332,0.0296,0.0000,17.80,6.4944,4.0818,-2.6741
1705297510.1333,0.0784,0.0825,0.0269,0.0718,0.1781,0.1591,0.0005,0.0162,0.2678,0.4712,0.3854,-0.1667,0.6950,0.1066,0.0514,0.1719,0.0000,0.1386,0.0541,0.0522,0.1425,0.1050,0.0664,0.0336,0.1707,0.1139,0.1097,0.0000,0.0791,0.1053,0.1160,0.1283,0.0031,0.0000,22.28,2.0647,5.8932,5.0766
1705297510.2000,0.0893,0.0848,0.0186,0.0637,0.1831,0.1581,0.0147,0.0277,0.2587,0.4608,0.3621,-0.1862,0.7127,0.0900,0.0805,0.1750,0.0097,0.0827,0.0593,0.0596,0.0962,0.1001,0.0919,0.0591,0.0828,0.0137,0.0520,0.0000,0.1148,0.1311,0.0853,0.2663,0.0862,0.0000,7.62,-1.4970,-3.6275,-4.5240
1705297510.2667,0.0968,0.0700,0.0172,0.0650,0.1670,0.1527,0.0302,0.0302,0.2420,0.4773,0.3091,-0.1207,0.6598,0.1023,0.0076,0.1983,0.0226,0.0730,0.0295,0.0345,0.0233,0.1171,0.1447,0.0693,0.1359,0.0046,0.1458,0.0166,0.1613,0.1519,0.0112,0.0935,0.1227,0.0000,18.96,6.0949,-5.9737,4.9998
1705297510.3333,0.0993,0.0739,0.0082,0.0667,0.1483,0.1621,0.0208,0.0441,0.2648,0.4671,0.2924,-0.0530,0.6894,0.1632,0.0000,0.2122,0.0125,0.0788,0.1350,0.0426,0.1026,0.0872,0.0855,0.1419,0.0881,0.1064,0.0754,0.0541,0.0974,0.0734,0.1347,0.1335,0.0550,1.0000,17.50,1.4503,-17.2745,-0.8854
1705297510.4000,0.0859,0.0713,0.0205,0.0647,0.1266,0.1561,0.0090,0.0499,0.2828,0.4799,0.3201,-0.1594,0.6452,0.0857,0.0581,0.1842,0.0000,0.0374,0.0962,0.0080,0.0691,0.0000,0.0963,0.0304,0.1108,0.1132,0.1871,0.0078,0.1302,0.1046,0.0617,0.0652,0.0815,0.0000,15.52,13.8344,6.7517,-6.5970
1705297510.4667,0.0899,0.0721,0.0147,0.0688,0.1308,0.1527,0.0171,0.0481,0.2562,0.4897,0.3330,-0.2038,0.6728,0.1557,0.0759,0.1736,0.0207,0.0523,0.0894,0.0449,0.1252,0.0702,0.1064,0.1657,0.1240,0.0660,0.0837,0.0260,0.0885,0.0058,0.0902,0.0517,0.1321,0.0000,14.39,0.7911,-1.2547,2.4192
1705297510.5333,0.0787,0.0723,0.0123,0.0491,0.1415,0.1506,0.0397,0.0328,0.2527,0.5022,0.4059,-0.2022,0.7003,0.0393,0.0367,0.0950,0.0193,0.0471,0.0511,0.0619,0.0719,0.0000,0.0565,0.0573,0.0480,0.0615,0.0020,0.0042,0.1384,0.1170,0.1388,0.0240,0.0968,0.0000,17.67,-3.6057,-5.8761,-2.8551
1705297510.6000,0.0874,0.0732,0.0083,0.0419,0.1892,0.1443,0.0321,0.0355,0.2270,0.4967,0.4299,-0.2483,0.7168,0.1051,0.0043,0.1556,0.0237,0.1079,0.0230,0.0722,0.0000,0.0143,0.0622,0.1867,0.0505,0.1724,0.1934,0.0183,0.0844,0.0000,0.0776,0.1376,0.1442,0.0000,13.50,14.8457,13.0875,-5.9317
1705297510.6667,0.0766,0.0677,0.0136,0.0460,0.2146,0.1493,0.0332,0.0336,0.2381,0.4764,0.4234,-0.2832,0.6736,0.1404,0.0285,0.2033,0.0000,0.1162,0.0235,0.0084,0.0882,0.1114,0.1270,0.1397,0.0091,0.1104,0.0255,0.0000,0.0596,0.0629,0.0835,0.1768,0.2420,0.0000,21.67,12.6815,2.2163,-1.8759
1705297510.7333,0.0751,0.0783,0.0254,0.0463,0.2075,0.1428,0.0552,0.0505,0.2351,0.4503,0.4470,-0.3129,0.6419,0.1379,0.1115,0.1962,0.0356,0.1360,0.0993,0.0141,0.0627,0.0638,0.1072,0.1246,0.0699,0.1606,0.1256,0.0000,0.1364,0.0788,0.1347,0.1691,0.1000,0.0000,16.82,7.6042,15.7036,0.2767
1705297510.8000,0.0866,0.0913,0.0438,0.0491,0.1781,0.1349,0.0501,0.0571,0.2204,0.4532,0.4107,-0.2724,0.6578,0.1287,0.0532,0.1939,0.0521,0.0708,0.0440,0.0499,0.0425,0.0508,0.0755,0.1644,0.1331,0.0811,0.0800,0.0000,0.0782,0.1544,0.0944,0.1197,0.0707,0.0000,16.90,-8.3887,-1.8481,-1.3837
1705297510.8667,0.0863,0.0863,0.0517,0.0356,0.2063,0.1077,0.0563,0.0617,0.2477,0.4362,0.3309,-0.3172,0.6762,0.0699,0.0916,0.1833,0.0000,0.1563,0.0321,0.0483,0.0514,0.0823,0.0707,0.0670,0.0501,0.0754,0.1197,0.0780,0.0657,0.1871,0.1210,0.0619,0.0287,0.0000,17.01,13.9573,-20.9153,-6.9349
1705297510.9333,0.0784,0.1010,0.0437,0.0214,0.1971,0.1104,0.0421,0.0735,0.2463,0.4516,0.2374,-0.2469,0.6395,0.1008,0.0460,0.1523,0.0344,0.1563,0.0580,0.0000,0.1267,0.1151,0.1275,0.0541,0.1193,0.0446,0.0323,0.0363,0.1234,0.1859,0.0845,0.2704,0.1603,0.0000,9.21,9.7488,-12.0830,-3.7465
1705297511.0000,0.0726,0.1039,0.0521,0.0306,0.1749,0.1294,0.0334,0.0587,0.2404,0.4624,0.2814,-0.2908,0.5864,0.0000,0.0530,0.1229,0.0678,0.0656,0.0813,0.0221,0.1065,0.0805,0.0840,0.1526,0.1273,0.0554,0.1013,0.0442,0.0744,0.1542,0.1149,0.2394,0.0785,0.0000,16.03,6.5321,5.4494,-8.5697
1705297511.0667,0.0826,0.0969,0.0389,0.0290,0.1930,0.1263,0.0366,0.0579,0.2190,0.4719,0.2883,-0.2261,0.5987,0.0628,0.0161,0.1666,0.0000,0.1373,0.0355,0.0400,0.0892,0.0280,0.1052,0.0826,0.1412,0.1413,0.1418,0.0000,0.1390,0.1006,0.1850,0.2058,0.0622,0.0000,19.54,-1.7974,-23.6760,-6.6634
1705297511.1333,0.0782,0.0956,0.0363,0.0292,0.1575,0.1477,0.0238,0.0644,0.2429,0.4746,0.2701,-0.3101,0.5458,0.0626,0.0124,0.2412,0.0000,0.0951,0.0254,0.0671,0.1059,0.1333,0.1446,0.0369,0.1286,0.0571,0.0684,0.0217,0.0628,0.0437,0.1700,0.0587,0.0958,0.0000,14.73,10.2886,-5.9299,8.2875
1705297511.2000,0.0933,0.0931,0.0278,0.0311,0.1603,0.1245,0.0432,0.0704,0.2603,0.4575,0.3627,-0.2314,0.5252,0.0317,0.0280,0.1767,0.0239,0.0694,0.0000,0.0542,0.1164,0.0897,0.1067,0.0642,0.1332,0.2022,0.1368,0.0470,0.1477,0.1333,0.1092,0.0573,0.0631,1.0000,14.08,2.8124,3.3735,2.4345
1705297511.2667,0.0805,0.0696,0.0306,0.0369,0.1778,0.1427,0.0544,0.0726,0.2792,0.4335,0.3717,-0.3027,0.6098,0.0509,0.0000,0.1754,0.0385,0.1047,0.0078,0.0757,0.0804,0.1632,0.0457,0.0648,0.0000,0.1034,0.1108,0.0405,0.1176,0.0284,0.0828,0.1026,0.0726,0.0000,13.01,6.5710,19.1436,1.1324
1705297511.3333,0.0948,0.0856,0.0393,0.0290,0.1613,0.1440,0.0506,0.0643,0.2646,0.4400,0.4022,-0.2909,0.6593,0.0776,0.0000,0.2480,0.0361,0.0439,0.0383,0.0532,0.0225,0.0703,0.1171,0.2086,0.1246,0.1507,0.1565,0.0264,0.1830,0.0200,0.0480,0.1365,0.0770,1.0000,16.51,-11.0489,8.3136,-8.1912
1705297511.4000,0.1035,0.0839,0.0584,0.0477,0.1330,0.1406,0.0411,0.0769,0.2710,0.4263,0.4124,-0.1972,0.5843,0.0349,0.0000,0.1377,0.0378,0.0740,0.1309,0.0191,0.0529,0.1474,0.0917,0.0856,0.0971,0.0776,0.1712,0.0644,0.1702,0.1567,0.0459,0.0766,0.1472,0.0000,11.85,1.4750,5.4451,-7.2886
1705297511.4667,0.1106,0.0817,0.0308,0.0535,0.1463,0.1320,0.0688,0.0742,0.2879,0.4085,0.4687,-0.2543,0.6052,0.0337,0.0840,0.2428,0.0552,0.1173,0.0555,0.0660,0.0846,0.1633,0.1356,0.0930,0.0853,0.0408,0.0742,0.0335,0.1433,0.0992,0.1168,0.1075,0.2092,0.0000,13.08,-8.3933,-6.0993,-5.7120
1705297511.5333,0.1141,0.0969,0.0253,0.0770,0.1508,0.1396,0.0462,0.0895,0.2779,0.3897,0.5083,-0.1863,0.6809,0.1078,0.0263,0.1731,0.0272,0.0643,0.1207,0.0732,0.1065,0.0148,0.0803,0.0288,0.1096,0.1781,0.1012,0.0139,0.1383,0.1930,0.0820,0.0877,0.0290,0.0000,11.57,9.3091,13.2013,8.4840
1705297511.6000,0.1151,0.0792,0.0247,0.0797,0.1365,0.1311,0.0207,0.0790,0.2957,0.4230,0.4935,-0.0884,0.6748,0.1132,0.0000,0.2186,0.0411,0.0696,0.0596,0.0467,0.0995,0.1375,0.0515,0.0218,0.0470,0.1155,0.0360,0.0342,0.1480,0.0237,0.0095,0.2294,0.1263,0.0000,16.05,9.2521,2.9441,2.9067
1705297511.6667,0.1116,0.0636,0.0286,0.0714,0.1650,0.1310,0.0295,0.0768,0.2900,0.4195,0.4919,-0.0918,0.7133,0.0936,0.0000,0.2084,0.0000,0.0928,0.0121,0.0740,0.1200,0.0993,0.0525,0.1242,0.0000,0.0931,0.1022,0.0076,0.0777,0.1882,0.1097,0.1042,0.0559,0.0000,10.78,5.1762,-10.3737,11.2386
1705297511.7333,0.0965,0.0877,0.0296,0.0638,0.1740,0.1327,0.0216,0.0651,0.2838,0.4271,0.5050,-0.0632,0.7311,0.0587,0.0256,0.2454,0.0000,0.1293,0.0616,0.0838,0.0149,0.1039,0.1068,0.1273,0.2079,0.1604,0.0714,0.0000,0.0931,0.1757,0.1176,0.1418,0.0425,0.0000,20.14,-0.6753,17.2240,4.8882
1705297511.8000,0.0972,0.0842,0.0186,0.0648,0.1777,0.1303,0.0213,0.0517,0.2553,0.4593,0.5294,-0.0850,0.7207,0.1320,0.0016,0.1939,0.0250,0.1365,0.0581,0.0330,0.1185,0.1756,0.0842,0.0840,0.1158,0.2455,0.1040,0.0487,0.0986,0.1699,0.1385,0.0145,0.1181,1.0000,17.57,7.9308,-8.3447,-8.2926
1705297511.8667,0.0861,0.0688,0.0252,0.0683,0.1501,0.1276,0.0169,0.0633,0.2633,0.4783,0.4560,-0.0736,0.7412,0.0672,0.0041,0.1938,0.0451,0.1078,0.0322,0.0642,0.1488,0.0335,0.0985,0.1051,0.1743,0.1650,0.1533,0.0064,0.1271,0.0676,0.1641,0.1126,0.0933,0.0000,11.70,7.3167,-8.1700,0.7133
1705297511.9333,0.0805,0.0729,0.0268,0.0725,0.1488,0.1390,0.0239,0.0517,0.2568,0.4764,0.3865,-0.0775,0.7759,0.1916,0.0000,0.1641,0.0070,0.1087,0.0568,0.0062,0.0952,0.0758,0.0904,0.1601,0.1127,0.1790,0.1083,0.0434,0.1110,0.0772,0.1057,0.0996,0.1118,0.0000,15.46,7.7296,-4.7846,3.1986
1705297512.0000,0.0757,0.0762,0.0308,0.0532,0.1672,0.1265,0.0289,0.0589,0.2548,0.4767,0.4194,-0.0884,0.6946,0.1379,0.0626,0.2098,0.0695,0.0889,0.0482,0.0471,0.0859,0.1712,0.0828,0.1297,0.0693,0.1322,0.0000,0.0788,0.0945,0.0735,0.1782,0.2003,0.1039,0.0000,15.19,1.7812,-4.7072,-2.0940
1705297512.0667,0.0831,0.0759,0.0375,0.0434,0.1504,0.1322,0.0178,0.0471,0.2527,0.4960,0.4439,-0.0296,0.6634,0.0378,0.0000,0.2292,0.0000,0.0370,0.0452,0.0313,0.0559,0.1310,0.0606,0.0953,0.0491,0.1113,0.0852,0.0000,0.1008,0.0980,0.0641,0.1426,0.1348,0.0000,15.08,1.1596,-3.9204,-1.7068
1705297512.1333,0.0850,0.0687,0.0260,0.0573,0.1491,0.1507,0.0380,0.0491,0.2280,0.4888,0.4537,-0.1090,0.6884,0.0791,0.0708,0.2717,0.0028,0.0683,0.0386,0.0503,0.1016,0.0309,0.0812,0.1044,0.0403,0.1037,0.0831,0.0000,0.0840,0.0750,0.0951,0.1721,0.1364,0.0000,15.80,-0.7954,-18.9930,-2.9550
1705297512.2000,0.0871,0.0775,0.0368,0.0441,0.1384,0.1484,0.0225,0.0511,0.2375,0.4940,0.4576,-0.0874,0.6959,0.1345,0.0230,0.1895,0.0000,0.0613,0.0078,0.0268,0.1102,0.0195,0.0501,0.0325,0.0417,0.1720,0.1202,0.0165,0.0000,0.0741,0.1484,0.0914,0.1205,0.0000,13.03,7.8935,2.0988,2.9863
1705297512.2667,0.0865,0.0608,0.0371,0.0440,0.1560,0.1290,0.0430,0.0460,0.2408,0.4941,0.4634,-0.1041,0.6498,0.1744,0.0000,0.1815,0.0552,0.1488,0.0693,0.0431,0.0000,0.0883,0.1292,0.0952,0.1580,0.0979,0.0928,0.0576,0.1219,0.0948,0.0887,0.1782,0.1184,0.0000,11.63,13.2374,-0.2987,2.2161
1705297512.3333,0.0617,0.0518,0.0359,0.0400,0.1482,0.1362,0.0466,0.0465,0.2335,0.5197,0.4296,-0.1365,0.6938,0.0588,0.0199,0.1616,0.0531,0.1079,0.0152,0.0367,0.1471,0.0820,0.0399,0.1451,0.1304,0.0127,0.0951,0.0387,0.1771,0.0228,0.0402,0.0911,0.0144,0.0000,15.09,6.8664,2.1711,-8.8769
1705297512.4000,0.0540,0.0566,0.0391,0.0321,0.1437,0.1539,0.0374,0.0559,0.2352,0.5152,0.4504,-0.1883,0.6729,0.1021,0.0083,0.0685,0.0000,0.0475,0.0152,0.0419,0.1758,0.0544,0.1220,0.1089,0.1005,0.0984,0.0543,0.0000,0.1773,0.0209,0.0704,0.1123,0.1061,0.0000,12.56,4.8971,10.2138,0.9212
1705297512.4667,0.0353,0.0521,0.0518,0.0238,0.1980,0.1353,0.0345,0.0550,0.2435,0.5025,0.5032,-0.1790,0.7045,0.0803,0.0000,0.1078,0.0285,0.0962,0.0113,0.0269,0.1628,0.1006,0.0818,0.1298,0.0439,0.1261,0.0913,0.0186,0.0832,0.0948,0.1683,0.1174,0.0912,0.0000,15.71,9.2239,-14.9585,-7.7467
1705297512.5333,0.0333,0.0664,0.0576,0.0240,0.1816,0.1257,0.0358,0.0623,0.2716,0.4850,0.4832,-0.1583,0.7294,0.0560,0.0000,0.0898,0.0263,0.1505,0.0304,0.0358,0.0434,0.0981,0.1092,0.1113,0.1321,0.1240,0.0000,0.0761,0.0881,0.0811,0.1313,0.2129,0.1981,0.0000,17.37,14.5705,2.4192,0.3766
1705297512.6000,0.0501,0.0764,0.0623,0.0163,0.1869,0.1366,0.0222,0.0692,0.2418,0.4830,0.4547,-0.1506,0.7615,0.0629,0.0620,0.2216,0.0203,0.0962,0.0000,0.0115,0.0610,0.1262,0.1169,0.0911,0.2478,0.1614,0.1181,0.0000,0.0684,0.1121,0.1288,0.1631,0.1620,0.0000,16.12,7.4479,18.4173,0.3590
1705297512.6667,0.0546,0.0697,0.0735,0.0289,0.1748,0.1516,0.0322,0.0749,0.2355,0.4625,0.3876,-0.0628,0.7459,0.0916,0.0956,0.1522,0.0600,0.0345,0.0118,0.0911,0.0434,0.1231,0.1103,0.0731,0.0674,0.0792,0.1238,0.0314,0.1360,0.1154,0.1590,0.1733,0.0024,0.0000,15.59,12.0030,18.1270,0.9063
1705297512.7333,0.0544,0.0894,0.0740,0.0281,0.1924,0.1436,0.0241,0.0885,0.2288,0.4460,0.3507,-0.0139,0.7844,0.0824,0.0000,0.1150,0.0000,0.1205,0.0000,0.0929,0.1574,0.0773,0.1281,0.1083,0.0679,0.1799,0.1056,0.0295,0.0060,0.1034,0.1785,0.1601,0.1038,0.0000,14.85,5.2472,-2.9795,-2.0189
1705297512.8000,0.0689,0.0816,0.0600,0.0267,0.1978,0.1537,0.0506,0.0876,0.2280,0.4270,0.3485,-0.0499,0.7892,0.1492,0.0261,0.1327,0.0137,0.1225,0.0960,0.0361,0.1377,0.0142,0.0536,0.1325,0.1457,0.1260,0.0365,0.0200,0.1078,0.1053,0.1097,0.1498,0.0236,0.0000,18.64,-7.2301,9.9317,-1.3545
1705297512.8667,0.0673,0.0820,0.0634,0.0251,0.1849,0.1314,0.0316,0.0800,0.2550,0.4476,0.2876,-0.1161,0.7526,0.1102,0.0300,0.1839,0.0032,0.1273,0.0275,0.0000,0.0000,0.1647,0.1116,0.1363,0.0994,0.0736,0.1212,0.0000,0.0477,0.0732,0.1755,0.1257,0.0763,0.0000,17.01,4.7595,19.5181,-3.7880
1705297512.9333,0.0542,0.0771,0.0705,0.0333,0.1891,0.1350,0.0373,0.0592,0.2625,0.4490,0.3575,-0.0588,0.7801,0.0897,0.0196,0.1452,0.0186,0.1134,0.0036,0.0971,0.1418,0.0517,0.0891,0.1453,0.1013,0.0671,0.1795,0.0000,0.1836,0.0900,0.0828,0.1704,0.2071,0.0000,13.97,4.8814,-5.6874,2.1851
1705297513.0000,0.0660,0.0557,0.0615,0.0459,0.1784,0.1306,0.0419,0.0770,0.2764,0.4399,0.4164,-0.0633,0.7615,0.1031,0.0000,0.1481,0.0558,0.1299,0.0359,0.0000,0.0911,0.1640,0.0584,0.1197,0.0589,0.0805,0.1783,0.0522,0.0387,0.1642,0.0982,0.1784,0.0351,0.0000,11.47,10.5818,10.2917,-0.6373
1705297513.0667,0.0621,0.0709,0.0715,0.0609,0.1937,0.1260,0.0634,0.0877,0.2985,0.3793,0.3822,-0.0580,0.7351,0.0648,0.0000,0.1829,0.0374,0.1610,0.0273,0.1083,0.1278,0.0768,0.0557,0.0765,0.1082,0.0223,0.0664,0.0455,0.1086,0.1697,0.1073,0.2382,0.0500,0.0000,15.21,3.5093,10.6926,-7.3602
1705297513.1333,0.0776,0.0821,0.0762,0.0433,0.1707,0.1231,0.0400,0.0872,0.2734,0.4158,0.3674,-0.0327,0.7375,0.0498,0.0399,0.1608,0.0303,0.0835,0.0075,0.0289,0.1191,0.0735,0.1126,0.0989,0.1060,0.1104,0.0688,0.0304,0.1474,0.1985,0.0794,0.2147,0.0933,0.0000,15.83,2.4174,-21.4422,-1.7762
1705297513.2000,0.0840,0.0963,0.0738,0.0567,0.1414,0.1259,0.0543,0.0836,0.2522,0.4192,0.4150,-0.1244,0.7306,0.0421,0.0590,0.1160,0.0227,0.1509,0.0088,0.0764,0.0000,0.1571,0.0740,0.1594,0.0770,0.1077,0.1528,0.0773,0.0880,0.1158,0.1534,0.0724,0.0261,0.0000,19.01,-3.8662,19.1961,9.8947
1705297513.2667,0.0853,0.0960,0.0739,0.0608,0.1108,0.1376,0.0716,0.0678,0.2172,0.4474,0.3996,0.0112,0.7043,0.1193,0.0498,0.1131,0.0415,0.0605,0.0028,0.0856,0.1013,0.0840,0.0274,0.1274,0.0668,0.0566,0.1805,0.0099,0.1336,0.1495,0.0672,0.1041,0.1408,0.0000,17.40,6.5944,-11.4249,3.5147
1705297513.3333,0.0667,0.0890,0.0779,0.0826,0.0980,0.1299,0.0839,0.0713,0.2053,0.4572,0.4186,0.0015,0.6974,0.1361,0.0435,0.0990,0.0336,0.0685,0.0000,0.0388,0.1258,0.0461,0.0958,0.1193,0.0581,0.0960,0.0719,0.0244,0.0928,0.0443,0.0616,0.1383,0.0154,0.0000,16.66,14.9704,-13.9011,-4.3375
1705297513.4000,0.0975,0.0885,0.0713,0.0677,0.1076,0.1421,0.0614,0.0695,0.2101,0.4506,0.4923,-0.1073,0.7130,0.1775,0.0031,0.0901,0.0586,0.0852,0.0089,0.0644,0.1956,0.0616,0.1184,0.0867,0.0796,0.0474,0.1020,0.0000,0.0099,0.1931,0.1197,0.0051,0.0885,0.0000,16.14,12.9434,-4.1855,-2.5745
1705297513.4667,0.0945,0.0744,0.0740,0.0671,0.1107,0.1452,0.0647,0.0682,0.2142,0.4523,0.4693,-0.1151,0.6501,0.0782,0.0636,0.1414,0.0302,0.0653,0.0190,0.0928,0.1537,0.1188,0.0906,0.1251,0.0241,0.1188,0.0974,0.0053,0.1613,0.1591,0.0777,0.0528,0.1013,0.0000,16.74,-2.0322,-8.1388,-0.7000
1705297513.5333,0.0845,0.0578,0.0683,0.0711,0.1094,0.1410,0.0527,0.0464,0.2165,0.4914,0.4590,-0.1405,0.6718,0.0680,0.0469,0.0630,0.0081,0.0096,0.0506,0.0494,0.1538,0.1194,0.0901,0.1339,0.0220,0.1069,0.0954,0.0477,0.0415,0.1001,0.0797,0.0907,0.1010,0.0000,13.17,7.5097,-4.4882,4.5802
1705297513.6000,0.0888,0.0438,0.0753,0.0830,0.0818,0.1581,0.0769,0.0317,0.2371,0.4742,0.4214,-0.1632,0.7266,0.1366,0.0000,0.2006,0.0311,0.0180,0.1087,0.0877,0.1147,0.1346,0.0757,0.0366,0.1410,0.1131,0.0705,0.0732,0.1183,0.0701,0.1200,0.1018,0.0616,0.0000,16.57,-6.5999,-8.3413,-2.4233
1705297513.6667,0.1014,0.0365,0.0834,0.0731,0.1279,0.1531,0.0804,0.0114,0.2325,0.4602,0.4509,-0.2394,0.7183,0.1033,0.0461,0.1427,0.0548,0.0315,0.1059,0.0760,0.0059,0.1273,0.0777,0.1189,0.0998,0.0120,0.0967,0.0720,0.0257,0.0650,0.0130,0.1347,0.0461,0.0000,22.16,-0.9457,2.0436,-1.8526
1705297513.7333,0.1019,0.0483,0.0787,0.0579,0.1387,0.1894,0.0771,0.0229,0.2398,0.4272,0.3787,-0.2182,0.7064,0.1508,0.0952,0.2433,0.0679,0.1315,0.0737,0.0774,0.1016,0.1524,0.1272,0.0936,0.0973,0.0253,0.0575,0.1037,0.0931,0.1280,0.0757,0.1006,0.0606,0.0000,18.13,10.9136,-10.1512,-3.2683
1705297513.8000,0.0892,0.0479,0.0745,0.0528,0.1003,0.1777,0.1053,0.0306,0.2561,0.4393,0.4175,-0.2290,0.7566,0.0614,0.0000,0.1554,0.0521,0.0758,0.0647,0.0153,0.0561,0.1069,0.0526,0.1479,0.0971,0.1491,0.0286,0.0430,0.0000,0.0389,0.1211,0.1312,0.0000,1.0000,12.22,10.6697,-14.1360,-0.8393
1705297513.8667,0.0590,0.0501,0.0714,0.0554,0.1111,0.1729,0.0932,0.0345,0.2596,0.4557,0.3879,-0.2045,0.7911,0.0980,0.0479,0.0998,0.0393,0.0605,0.0775,0.0650,0.0417,0.0951,0.0643,0.1673,0.0814,0.0882,0.1025,0.0242,0.0417,0.0768,0.0929,0.0575,0.0784,0.0000,13.09,13.0889,1.1997,-10.8412
1705297513.9333,0.0580,0.0438,0.0698,0.0512,0.0999,0.1877,0.0996,0.0515,0.2570,0.4488,0.3732,-0.1896,0.7687,0.1426,0.1128,0.1480,0.0317,0.0966,0.0739,0.0673,0.1680,0.0687,0.0901,0.1181,0.0790,0.1513,0.1294,0.0207,0.0619,0.1164,0.0932,0.1157,0.1103,0.0000,14.53,2.5818,12.0240,2.5808
1705297514.0000,0.0620,0.0507,0.0636,0.0547,0.1215,0.1989,0.0859,0.0569,0.2440,0.4371,0.3962,-0.1579,0.7543,0.1590,0.0257,0.1206,0.0000,0.1256,0.0669,0.0664,0.0502,0.1026,0.1075,0.0491,0.0367,0.0277,0.0000,0.0757,0.0932,0.0241,0.1756,0.1244,0.0643,0.0000,18.56,0.2614,-7.9845,-0.8447
1705297514.0667,0.0491,0.0532,0.0505,0.0555,0.1470,0.1862,0.0722,0.0389,0.2413,0.4637,0.3672,-0.1905,0.7415,0.1134,0.0258,0.1777,0.0105,0.0635,0.0000,0.0783,0.1489,0.1044,0.1042,0.0076,0.1162,0.1130,0.1043,0.0383,0.0482,0.0994,0.1536,0.1993,0.1800,0.0000,18.41,0.9218,-0.1463,5.2024
1705297514.1333,0.0510,0.0563,0.0488,0.0472,0.1607,0.1915,0.0500,0.0543,0.2492,0.4546,0.3778,-0.2284,0.7736,0.1441,0.0000,0.1345,0.0000,0.0738,0.0000,0.0932,0.1024,0.1839,0.1755,0.0771,0.0480,0.0254,0.1392,0.0104,0.1625,0.0855,0.0289,0.0370,0.0038,0.0000,16.37,21.7107,-8.8887,-18.4584
1705297514.2000,0.0634,0.0544,0.0449,0.0518,0.1832,0.1767,0.0556,0.0683,0.2558,0.4276,0.3101,-0.1551,0.6656,0.1203,0.0000,0.1780,0.0554,0.1672,0.0232,0.0446,0.1304,0.1094,0.0833,0.0495,0.1110,0.1141,0.0000,0.0114,0.1446,0.1014,0.1188,0.1687,0.0284,0.0000,13.36,-4.6305,-2.5871,-3.1241
1705297514.2667,0.0626,0.0566,0.0461,0.0542,0.1976,0.1779,0.0550,0.0661,0.2738,0.4061,0.2983,-0.1310,0.7092,0.0823,0.0791,0.1379,0.0663,0.1636,0.0633,0.0561,0.1462,0.0803,0.1458,0.0721,0.1251,0.1595,0.1114,0.0000,0.0027,0.1705,0.0250,0.2304,0.1012,0.0000,13.17,12.2643,7.6548,2.6922
1705297514.3333,0.0583,0.0573,0.0409,0.0487,0.1833,0.1719,0.0649,0.0582,0.2691,0.4284,0.3081,-0.2460,0.6968,0.0968,0.0758,0.1876,0.0583,0.1036,0.0000,0.0790,0.1560,0.1531,0.0101,0.0089,0.0891,0.0483,0.0488,0.0008,0.1503,0.0560,0.1361,0.1652,0.1733,1.0000,15.43,13.3467,-15.6291,-5.5847
1705297514.4000,0.0421,0.0654,0.0410,0.0401,0.1751,0.1436,0.0876,0.0487,0.2712,0.4511,0.2953,-0.3113,0.7485,0.0801,0.1183,0.1129,0.1085,0.0861,0.0337,0.1149,0.1058,0.1418,0.0276,0.0761,0.0000,0.1390,0.0781,0.0459,0.1812,0.0442,0.1116,0.1172,0.0756,0.0000,17.11,15.5617,-8.7021,4.3606
1705297514.4667,0.0328,0.0745,0.0385,0.0365,0.1332,0.1140,0.0912,0.0640,0.2534,0.4971,0.2827,-0.2648,0.7641,0.0872,0.0646,0.1571,0.0414,0.1029,0.0000,0.0000,0.0516,0.0176,0.1151,0.0774,0.1726,0.0554,0.0515,0.0570,0.0642,0.0728,0.1576,0.1480,0.1013,0.0000,20.51,-0.3205,-17.8643,-1.3103
1705297514.5333,0.0556,0.0765,0.0520,0.0350,0.1223,0.1266,0.0876,0.0679,0.2554,0.4726,0.3479,-0.2611,0.6924,0.0647,0.0682,0.2223,0.0374,0.0527,0.0075,0.0000,0.0242,0.0592,0.0894,0.1364,0.0367,0.1333,0.1366,0.0635,0.1259,0.1095,0.1370,0.1609,0.0612,0.0000,16.87,8.3461,-5.5534,4.4553
1705297514.6000,0.0677,0.0889,0.0521,0.0441,0.1428,0.1232,0.0799,0.0690,0.2791,0.4320,0.3251,-0.2093,0.7009,0.1261,0.0343,0.1667,0.0066,0.0968,0.0157,0.0664,0.1068,0.1647,0.1528,0.1003,0.1081,0.1259,0.0970,0.0526,0.0791,0.1489,0.0588,0.1465,0.0208,0.0000,18.04,8.6406,-0.7124,-3.6452
1705297514.6667,0.0611,0.0828,0.0583,0.0334,0.1179,0.1172,0.0847,0.0790,0.2519,0.4682,0.3486,-0.2690,0.6599,0.0250,0.1024,0.0762,0.0493,0.0844,0.0163,0.0170,0.1281,0.1202,0.0576,0.0838,0.0913,0.0439,0.1146,0.0240,0.2124,0.1345,0.1708,0.0426,0.0100,0.0000,9.15,0.2449,2.5395,2.1273
1705297514.7333,0.0632,0.0647,0.0542,0.0277,0.1203,0.1171,0.0677,0.0521,0.2704,0.4975,0.3112,-0.2878,0.6163,0.1110,0.0586,0.1712,0.0000,0.1380,0.0183,0.1157,0.0082,0.0484,0.0339,0.1233,0.1505,0.0877,0.1618,0.0608,0.0699,0.1939,0.0178,0.0061,0.0386,0.0000,15.31,12.1674,-8.6126,-1.7738
1705297514.8000,0.0793,0.0536,0.0530,0.0348,0.1309,0.1205,0.0442,0.0483,0.2950,0.4843,0.3642,-0.2037,0.6804,0.0724,0.0538,0.1389,0.0000,0.0400,0.0307,0.0000,0.0465,0.1076,0.1105,0.0754,0.1657,0.1156,0.1148,0.0278,0.0995,0.1439,0.0151,0.1515,0.1513,0.0000,14.31,5.0895,-13.6576,-1.3879
1705297514.8667,0.0801,0.0571,0.0471,0.0421,0.1248,0.1231,0.0512,0.0488,0.2621,0.4982,0.3426,-0.1961,0.6919,0.1186,0.0758,0.0832,0.0356,0.0660,0.0603,0.0635,0.0109,0.0000,0.0685,0.0724,0.0005,0.0282,0.0770,0.0637,0.1134,0.0686,0.1189,0.0373,0.1037,0.0000,15.73,15.7972,-4.6457,8.8847
1705297514.9333,0.0764,0.0659,0.0565,0.0458,0.1517,0.1343,0.0563,0.0615,0.2517,0.4599,0.3623,-0.1775,0.7177,0.1904,0.0536,0.1584,0.0665,0.0768,0.0544,0.0570,0.1006,0.0744,0.0346,0.1418,0.0419,0.0180,0.0024,0.0000,0.0969,0.1731,0.0724,0.1352,0.1496,0.0000,14.46,3.8680,2.8340,-0.4604
1705297515.0000,0.0714,0.0669,0.0584,0.0396,0.1346,0.1281,0.0678,0.0524,0.2612,0.4717,0.4092,-0.1535,0.7232,0.1276,0.0897,0.1854,0.0443,0.0913,0.0489,0.0288,0.1152,0.2221,0.1072,0.1352,0.0663,0.1080,0.0795,0.0496,0.0758,0.0474,0.0299,0.1351,0.1151,0.0000,15.34,11.2686,-14.8468,6.7545
1705297515.0667,0.0444,0.0579,0.0687,0.0329,0.1646,0.1214,0.0336,0.0696,0.2478,0.4955,0.4119,-0.1033,0.6830,0.0750,0.0000,0.0626,0.0000,0.0962,0.0085,0.0207,0.1208,0.0069,0.0205,0.0106,0.1107,0.0902,0.1578,0.0000,0.0589,0.0528,0.1760,0.1446,0.1645,0.0000,16.16,2.9109,-15.1079,13.3420
1705297515.1333,0.0454,0.0635,0.0586,0.0360,0.1339,0.1470,0.0298,0.0617,0.2312,0.5157,0.4656,-0.0826,0.6654,0.1182,0.0758,0.1854,0.0000,0.1194,0.0000,0.0159,0.0916,0.1470,0.0898,0.0752,0.0555,0.1110,0.0480,0.0118,0.0636,0.0695,0.0938,0.0302,0.0938,0.0000,17.14,14.9249,-5.9070,-8.1261
1705297515.2000,0.0487,0.0773,0.0496,0.0359,0.1184,0.1669,0.0238,0.0373,0.2331,0.5254,0.4673,-0.1169,0.6638,0.0707,0.0239,0.1908,0.0000,0.0718,0.0000,0.0333,0.1551,0.0800,0.1157,0.1159,0.1813,0.1641,0.0932,0.0000,0.0777,0.1543,0.0806,0.1509,0.1449,0.0000,12.63,1.3609,2.3251,-5.1316
1705297515.2667,0.0373,0.0663,0.0466,0.0455,0.1251,0.1675,0.0332,0.0372,0.2110,0.5382,0.4632,-0.1487,0.6840,0.1382,0.0318,0.1309,0.0176,0.0632,0.0035,0.0000,0.1010,0.0556,0.0367,0.1778,0.0704,0.2021,0.0686,0.0485,0.0715,0.0899,0.2120,0.0681,0.1043,0.0000,17.12,0.0631,-11.6970,-6.5658
1705297515.3333,0.0523,0.0846,0.0477,0.0477,0.0956,0.1803,0.0254,0.0619,0.2147,0.5139,0.4422,-0.1083,0.6876,0.0695,0.0421,0.1091,0.0428,0.0884,0.0341,0.0095,0.0996,0.0566,0.1105,0.1245,0.0419,0.0798,0.1039,0.0343,0.0000,0.1666,0.0512,0.0573,0.0350,0.0000,15.98,-12.8359,14.6942,-7.9240
1705297515.4000,0.0462,0.0955,0.0299,0.0503,0.1187,0.1671,0.0379,0.0517,0.2166,0.5117,0.4691,-0.1590,0.6973,0.1009,0.0000,0.2243,0.0000,0.0724,0.0465,0.0757,0.1190,0.1167,0.1391,0.0579,0.1678,0.0702,0.1434,0.0000,0.1028,0.1079,0.1121,0.0613,0.0729,0.0000,15.92,7.9843,1.0606,0.9678
1705297515.4667,0.0582,0.0993,0.0289,0.0493,0.1293,0.1684,0.0324,0.0556,0.2129,0.4994,0.3524,-0.1630,0.7837,0.1019,0.0000,0.2068,0.0195,0.0731,0.0210,0.0016,0.0923,0.1488,0.1114,0.0945,0.0892,0.2113,0.0819,0.0188,0.0509,0.1098,0.1314,0.1009,0.0827,0.0000,17.95,11.8701,16.4008,-4.2726
1705297515.5333,0.0742,0.0978,0.0220,0.0523,0.1130,0.1508,0.0399,0.0692,0.2005,0.5081,0.3695,-0.1232,0.7477,0.0467,0.0000,0.1021,0.0000,0.0237,0.0019,0.0622,0.0000,0.1026,0.0855,0.1306,0.1984,0.1399,0.0226,0.0548,0.1746,0.0764,0.0549,0.0245,0.1035,0.0000,15.74,1.7821,4.4908,9.1126
1705297515.6000,0.0727,0.0888,0.0245,0.0643,0.1183,0.1567,0.0273,0.0751,0.2035,0.5013,0.3727,-0.1655,0.7688,0.1270,0.0000,0.1184,0.0640,0.0775,0.0973,0.0000,0.1789,0.1406,0.1119,0.2004,0.1197,0.1148,0.1265,0.0430,0.1275,0.1390,0.1513,0.2022,0.0140,0.0000,13.29,8.9288,-3.0773,-2.6369
1705297515.6667,0.0717,0.0903,0.0196,0.0385,0.1143,0.1342,0.0284,0.0849,0.1976,0.5323,0.3618,-0.1182,0.7460,0.0942,0.0000,0.1256,0.0223,0.0293,0.0879,0.0188,0.0702,0.0636,0.0592,0.0373,0.0444,0.1282,0.1403,0.0033,0.0522,0.0148,0.0170,0.1108,0.1876,0.0000,12.00,6.4725,1.4569,-1.6005
1705297515.7333,0.0612,0.0747,0.0232,0.0402,0.1452,0.1522,0.0013,0.1033,0.1892,0.5257,0.4107,-0.1219,0.7600,0.0816,0.0000,0.0502,0.0050,0.0750,0.0120,0.0182,0.1615,0.1234,0.0810,0.1094,0.1469,0.0694,0.0585,0.0071,0.0490,0.2019,0.0206,0.0635,0.0847,0.0000,12.12,-5.4985,9.1937,6.4316
1705297515.8000,0.0704,0.0797,0.0345,0.0466,0.1496,0.1463,0.0160,0.0934,0.1658,0.5186,0.4883,-0.1290,0.7054,0.1565,0.0000,0.1778,0.0092,0.0628,0.0186,0.0851,0.0884,0.0251,0.1281,0.0724,0.0783,0.0887,0.0211,0.0000,0.0729,0.0784,0.1743,0.0739,0.1379,0.0000,12.11,17.8745,-1.1144,-1.1563
1705297515.8667,0.0717,0.0833,0.0380,0.0395,0.1712,0.1278,0.0043,0.0756,0.1704,0.5309,0.4588,-0.1215,0.8118,0.0944,0.0441,0.0755,0.0000,0.1195,0.0501,0.0000,0.1014,0.1174,0.1355,0.0957,0.1186,0.1411,0.1694,0.0379,0.0612,0.1605,0.1225,0.1666,0.0683,0.0000,13.54,1.9930,5.9271,1.1512
1705297515.9333,0.0641,0.0730,0.0459,0.0539,0.1452,0.1430,0.0104,0.0643,0.1616,0.5431,0.4639,-0.0551,0.8712,0.0824,0.0000,0.1144,0.0394,0.1635,0.0000,0.0485,0.0401,0.1297,0.0825,0.2529,0.0600,0.1234,0.0567,0.0022,0.1434,0.0208,0.0366,0.0399,0.1833,0.0000,11.18,14.9152,-20.0188,7.9318
1705297516.0000,0.0616,0.0697,0.0393,0.0510,0.1343,0.1563,0.0191,0.0574,0.1902,0.5326,0.4548,-0.1105,0.7898,0.0321,0.0000,0.1352,0.0000,0.1139,0.0393,0.0322,0.1283,0.1168,0.0855,0.0907,0.0656,0.0296,0.0840,0.0000,0.1298,0.1825,0.0825,0.1241,0.1259,0.0000,17.09,-2.0488,-2.2028,-3.6561
1705297516.0667,0.0584,0.0783,0.0392,0.0558,0.1227,0.1657,0.0278,0.0515,0.1822,0.5310,0.4039,-0.1064,0.7357,0.0923,0.0000,0.1710,0.0258,0.0953,0.0524,0.0249,0.1027,0.0656,0.0602,0.0762,0.0746,0.1706,0.0094,0.0000,0.0293,0.1506,0.0570,0.1758,0.0642,0.0000,7.91,6.5044,-12.0766,2.4557
1705297516.1333,0.0629,0.0819,0.0440,0.0378,0.1126,0.1683,0.0491,0.0412,0.1649,0.5424,0.4137,-0.1171,0.7594,0.1075,0.0464,0.0217,0.0721,0.0589,0.0241,0.0709,0.0724,0.2098,0.0926,0.0384,0.0736,0.0662,0.0934,0.0411,0.1222,0.1650,0.0965,0.0900,0.1526,0.0000,11.26,-2.9496,-7.5424,-5.0345
1705297516.2000,0.0600,0.0942,0.0367,0.0344,0.0845,0.1758,0.0538,0.0296,0.1883,0.5456,0.3952,-0.1882,0.7744,0.1134,0.0745,0.0944,0.0512,0.0254,0.0474,0.0490,0.0000,0.1780,0.0703,0.1050,0.0515,0.0769,0.1437,0.0211,0.1659,0.1288,0.0930,0.0775,0.0753,0.0000,13.88,-2.2331,-0.9309,-4.6862
1705297516.2667,0.0743,0.0866,0.0434,0.0290,0.1143,0.1794,0.0388,0.0414,0.2136,0.5075,0.4270,-0.1333,0.8025,0.0019,0.0005,0.1894,0.0393,0.0397,0.0352,0.1053,0.1488,0.1072,0.0256,0.0828,0.1626,0.1448,0.0524,0.0640,0.0441,0.0921,0.0841,0.0545,0.1059,0.0000,15.81,1.2856,-0.9995,-3.4863
1705297516.3333,0.0849,0.0836,0.0399,0.0310,0.1199,0.1582,0.0281,0.0487,0.1958,0.5259,0.4279,-0.2407,0.8173,0.0760,0.0479,0.1417,0.0116,0.0554,0.0323,0.0179,0.2270,0.0551,0.1402,0.1007,0.1305,0.1380,0.1193,0.0096,0.0283,0.1638,0.1281,0.0340,0.1802,1.0000,13.44,0.5935,1.1820,0.9486
1705297516.4000,0.0851,0.0867,0.0408,0.0378,0.1200,0.1486,0.0295,0.0381,0.1962,0.5303,0.3445,-0.2765,0.7327,0.0784,0.0553,0.1746,0.0066,0.0559,0.0000,0.0279,0.1211,0.1012,0.0886,0.0567,0.0556,0.1073,0.1749,0.0311,0.0172,0.1374,0.0148,0.0000,0.1628,0.0000,19.19,6.0728,-20.4546,3.6946
1705297516.4667,0.1011,0.0783,0.0377,0.0480,0.1160,0.1523,0.0671,0.0363,0.2073,0.4935,0.3175,-0.2387,0.7741,0.0458,0.0309,0.1038,0.0418,0.0700,0.0916,0.0681,0.1279,0.2207,0.1155,0.0969,0.1117,0.1193,0.1259,0.0353,0.1776,0.0567,0.0692,0.1408,0.1163,0.0000,17.92,9.2447,6.4299,5.6605
1705297516.5333,0.1090,0.0807,0.0455,0.0462,0.1192,0.1516,0.0700,0.0518,0.2037,0.4733,0.2719,-0.3134,0.7327,0.0904,0.0447,0.1214,0.0144,0.1057,0.1007,0.0666,0.1135,0.0564,0.0867,0.0755,0.1527,0.0744,0.0685,0.0325,0.1420,0.0796,0.0274,0.1351,0.1398,0.0000,15.96,6.4474,0.6892,2.1870
1705297516.6000,0.1026,0.0884,0.0456,0.0424,0.1244,0.1527,0.0853,0.0573,0.2097,0.4549,0.3099,-0.3018,0.7073,0.0903,0.0082,0.1393,0.1267,0.0291,0.0597,0.1183,0.1441,0.1211,0.0551,0.1502,0.0373,0.1439,0.1147,0.0000,0.0165,0.1348,0.0382,0.0801,0.0880,0.0000,13.98,9.2777,19.9618,4.8499
1705297516.6667,0.1090,0.0916,0.0515,0.0509,0.1390,0.1453,0.0634,0.0512,0.1965,0.4610,0.2963,-0.2752,0.7145,0.0960,0.0828,0.1160,0.0847,0.0881,0.0392,0.0584,0.0058,0.0810,0.1054,0.1326,0.0455,0.0802,0.1186,0.0017,0.0866,0.1127,0.1625,0.0482,0.0197,0.0000,13.48,-1.6979,-7.8232,-5.7843
1705297516.7333,0.1043,0.0861,0.0450,0.0505,0.1713,0.1331,0.0667,0.0623,0.2110,0.4418,0.2897,-0.2650,0.7217,0.1306,0.0166,0.1137,0.0599,0.1434,0.0985,0.0170,0.0296,0.1643,0.0992,0.1098,0.0979,0.0679,0.1390,0.0796,0.0590,0.1125,0.1232,0.2455,0.0729,0.0000,15.95,10.7551,1.6254,2.2874
1705297516.8000,0.1130,0.0659,0.0274,0.0622,0.1958,0.1448,0.0694,0.0442,0.2336,0.4263,0.2849,-0.2588,0.6806,0.1480,0.0856,0.0771,0.0000,0.1267,0.0869,0.0195,0.1249,0.2124,0.1748,0.1308,0.2045,0.0082,0.0431,0.0000,0.2077,0.1385,0.0065,0.1521,0.0441,0.0000,16.57,-7.2205,-22.1446,-8.7795
1705297516.8667,0.1189,0.0781,0.0401,0.0635,0.1768,0.1637,0.0738,0.0453,0.2523,0.3924,0.2211,-0.3015,0.7072,0.0911,0.1117,0.1734,0.0648,0.1102,0.0608,0.0703,0.0761,0.1897,0.1099,0.0844,0.1302,0.1984,0.1309,0.0000,0.0718,0.0829,0.1063,0.2054,0.1341,0.0000,16.24,1.1225,15.7458,4.5947
1705297516.9333,0.1099,0.0617,0.0385,0.0648,0.1581,0.1530,0.1001,0.0435,0.2615,0.4053,0.2208,-0.2782,0.6917,0.1349,0.1034,0.2006,0.0061,0.0594,0.0416,0.0611,0.1469,0.1657,0.1031,0.0061,0.1666,0.0940,0.0866,0.0102,0.0820,0.0593,0.0982,0.1444,0.0788,0.0000,9.56,-5.7987,-13.8372,-4.5599
1705297517.0000,0.1124,0.0466,0.0440,0.0504,0.1471,0.1312,0.0969,0.0410,0.2883,0.4252,0.3393,-0.2592,0.6885,0.1190,0.1107,0.1518,0.0336,0.0765,0.0743,0.0878,0.0614,0.0400,0.0436,0.1408,0.1203,0.1287,0.0356,0.0892,0.0741,0.1649,0.1398,0.0807,0.1116,0.0000,20.94,16.9985,-3.5763,5.5087
1705297517.0667,0.1166,0.0540,0.0436,0.0404,0.1667,0.1285,0.0793,0.0399,0.3013,0.4178,0.3002,-0.2570,0.7763,0.0581,0.2011,0.1813,0.0366,0.0511,0.0332,0.0658,0.0216,0.1293,0.0860,0.0707,0.1702,0.1399,0.0932,0.0774,0.1439,0.0977,0.1682,0.0930,0.0356,0.0000,13.63,1.5961,4.3139,4.9882
1705297517.1333,0.1084,0.0633,0.0410,0.0456,0.1615,0.1325,0.0708,0.0532,0.3115,0.4074,0.2748,-0.2062,0.7375,0.1517,0.0185,0.1849,0.0718,0.0799,0.0614,0.0859,0.1118,0.1300,0.0849,0.1068,0.0900,0.1408,0.0915,0.0155,0.0975,0.0970,0.1492,0.1282,0.0757,0.0000,15.74,6.8878,-15.7733,-2.2891
1705297517.2000,0.1196,0.0738,0.0409,0.0484,0.1949,0.1313,0.0538,0.0506,0.2896,0.3982,0.2955,-0.2156,0.7689,0.0545,0.0000,0.1895,0.0572,0.1528,0.1059,0.0978,0.0729,0.1410,0.0976,0.1298,0.0777,0.0849,0.0860,0.0247,0.1173,0.0000,0.0924,0.1453,0.0440,0.0000,12.59,1.9571,3.1446,-2.1664
1705297517.2667,0.1105,0.0535,0.0369,0.0353,0.2007,0.1385,0.0600,0.0489,0.2872,0.4170,0.3190,-0.2345,0.7189,0.0475,0.0000,0.2009,0.0000,0.1100,0.1154,0.0833,0.0713,0.0539,0.1037,0.0287,0.0683,0.1768,0.1030,0.0199,0.1429,0.1556,0.0316,0.2562,0.0835,0.0000,14.89,22.8562,0.7792,6.1167
1705297517.3333,0.0998,0.0578,0.0366,0.0367,0.2163,0.1420,0.0812,0.0729,0.2887,0.3807,0.2777,-0.2275,0.7861,0.1091,0.0501,0.2344,0.0396,0.1083,0.0006,0.0535,0.1643,0.1103,0.0567,0.0798,0.0734,0.2393,0.0722,0.0900,0.0000,0.1351,0.0780,0.1443,0.0967,0.0000,11.21,9.1010,8.4247,6.7495
1705297517.4000,0.0953,0.0453,0.0323,0.0310,0.2095,0.1274,0.0741,0.0607,0.2918,0.4195,0.2185,-0.1790,0.7480,0.0513,0.0658,0.1562,0.0160,0.1237,0.0548,0.0413,0.1176,0.1355,0.0817,0.1168,0.0990,0.0212,0.0790,0.0073,0.0497,0.0204,0.0490,0.1693,0.0971,0.0000,18.30,6.6613,-18.4226,-4.8585
1705297517.4667,0.1071,0.0570,0.0441,0.0274,0.1956,0.1316,0.0577,0.0486,0.2937,0.4223,0.2497,-0.1245,0.7535,0.0586,0.0000,0.2799,0.0676,0.0635,0.0273,0.0378,0.1341,0.0643,0.0670,0.1500,0.1289,0.1863,0.1050,0.0316,0.1252,0.1018,0.1406,0.2111,0.1832,0.0000,9.48,15.7768,-6.4815,-9.5555
1705297517.5333,0.1008,0.0488,0.0483,0.0200,0.1927,0.1361,0.0569,0.0403,0.2988,0.4344,0.2762,-0.2227,0.7754,0.0952,0.0307,0.2161,0.0465,0.1554,0.0682,0.0510,0.1609,0.1866,0.0749,0.1079,0.0704,0.0926,0.0000,0.0068,0.0852,0.1287,0.0250,0.1858,0.0364,0.0000,19.16,-0.5507,3.3287,-8.8526
1705297517.6000,0.0968,0.0576,0.0534,0.0172,0.1973,0.1422,0.0504,0.0483,0.2852,0.4309,0.3111,-0.2884,0.6986,0.0512,0.0612,0.1664,0.0223,0.1386,0.0372,0.0097,0.1225,0.0665,0.0756,0.2250,0.0846,0.0909,0.0731,0.0000,0.0828,0.1218,0.1069,0.1347,0.1453,0.0000,22.12,4.6275,12.1134,-2.5045
1705297517.6667,0.0873,0.0696,0.0427,0.0248,0.1867,0.1318,0.0472,0.0568,0.2780,0.4450,0.3862,-0.3055,0.7320,0.0538,0.0844,0.2247,0.0336,0.0659,0.0359,0.0000,0.0778,0.0775,0.1307,0.0394,0.1211,0.0913,0.1354,0.0525,0.1939,0.0535,0.1553,0.1550,0.0537,0.0000,19.40,-6.8388,-10.6549,-5.8718
1705297517.7333,0.0915,0.0902,0.0472,0.0351,0.1741,0.1486,0.0700,0.0606,0.2914,0.3948,0.4343,-0.2710,0.8222,0.1244,0.1057,0.1918,0.0711,0.1232,0.0574,0.0393,0.0574,0.1258,0.0802,0.1201,0.1192,0.0578,0.1857,0.0614,0.0493,0.1400,0.1535,0.2236,0.1343,0.0000,22.52,16.2410,-3.7108,5.6018
1705297517.8000,0.0792,0.0803,0.0442,0.0211,0.1501,0.1565,0.0417,0.0674,0.2763,0.4499,0.4233,-0.3109,0.7944,0.0638,0.0563,0.2035,0.0763,0.0173,0.0159,0.0340,0.1969,0.0000,0.0887,0.0302,0.0611,0.0809,0.0708,0.0046,0.0744,0.0389,0.0619,0.2027,0.0722,0.0000,18.70,9.5780,13.9692,-2.1149
1705297517.8667,0.0830,0.0798,0.0332,0.0227,0.1569,0.1566,0.0444,0.0566,0.2608,0.4636,0.4601,-0.2344,0.8704,0.0600,0.0523,0.1830,0.0395,0.0722,0.0723,0.0174,0.1910,0.1331,0.0935,0.0514,0.1137,0.1158,0.0752,0.0000,0.1174,0.0782,0.0434,0.0904,0.0876,0.0000,16.37,22.0906,-1.2621,3.3890
1705297517.9333,0.0805,0.0685,0.0318,0.0365,0.1353,0.1447,0.0447,0.0578,0.2225,0.5066,0.4404,-0.2607,0.8111,0.0797,0.0350,0.1235,0.0121,0.0405,0.0329,0.0251,0.0758,0.0323,0.1002,0.0389,0.0816,0.0972,0.1158,0.0496,0.0853,0.0796,0.1457,0.0883,0.2536,0.0000,17.80,13.4577,8.8365,-2.0650
1705297518.0000,0.0935,0.0842,0.0262,0.0446,0.1729,0.1454,0.0488,0.0640,0.2226,0.4586,0.4042,-0.1720,0.8299,0.1113,0.1174,0.1922,0.0181,0.1109,0.0214,0.0234,0.0694,0.1451,0.1245,0.1103,0.0362,0.1056,0.1132,0.0000,0.1459,0.1409,0.1496,0.2214,0.1096,0.0000,19.94,15.6359,-3.3066,1.8084
1705297518.0667,0.0859,0.0763,0.0194,0.0381,0.1651,0.1264,0.0470,0.0421,0.2391,0.4963,0.4463,-0.1685,0.8031,0.1067,0.0899,0.2221,0.0222,0.0548,0.0000,0.0453,0.1201,0.1503,0.0712,0.0954,0.0872,0.0749,0.1173,0.0000,0.0544,0.1189,0.0787,0.0970,0.0516,0.0000,13.10,-2.3382,12.7047,0.0399
1705297518.1333,0.0761,0.0618,0.0249,0.0395,0.1497,0.1271,0.0571,0.0520,0.2457,0.4996,0.4851,-0.1321,0.7964,0.0222,0.0273,0.2006,0.0105,0.0668,0.0338,0.0336,0.0967,0.0228,0.0686,0.1706,0.0499,0.2299,0.1196,0.0455,0.0844,0.0906,0.0552,0.1070,0.1150,0.0000,15.78,-15.1561,7.4873,6.3419
1705297518.2000,0.0941,0.0711,0.0308,0.0393,0.1802,0.1304,0.0731,0.0550,0.2375,0.4530,0.4697,-0.1375,0.7313,0.0657,0.0871,0.2304,0.0414,0.1340,0.0195,0.0826,0.0635,0.1012,0.0796,0.1024,0.1014,0.0715,0.1320,0.0406,0.1830,0.1031,0.1315,0.1167,0.1228,0.0000,15.04,2.1954,-15.8663,6.5494
1705297518.2667,0.0880,0.0830,0.0456,0.0464,0.1489,0.1229,0.0555,0.0704,0.2395,0.4599,0.4692,-0.1969,0.7751,0.0880,0.0462,0.2863,0.0519,0.0685,0.0203,0.0647,0.1013,0.1625,0.0326,0.0573,0.1570,0.0837,0.1508,0.0155,0.0614,0.0754,0.0964,0.1448,0.0424,0.0000,11.04,-2.9733,0.6406,-11.5809
1705297518.3333,0.0751,0.0876,0.0430,0.0492,0.1615,0.1282,0.0809,0.0814,0.2210,0.4433,0.3952,-0.1595,0.6982,0.0787,0.0955,0.1069,0.0272,0.0883,0.0843,0.0365,0.0983,0.0288,0.1178,0.1642,0.1890,0.0960,0.0671,0.0000,0.0502,0.1038,0.1355,0.2268,0.1384,0.0000,20.15,-0.0674,6.3282,-0.3109
1705297518.4000,0.0771,0.0819,0.0320,0.0653,0.1762,0.1511,0.0722,0.0774,0.2233,0.4261,0.4006,-0.1469,0.6994,0.0826,0.0401,0.1336,0.0620,0.1079,0.0349,0.0828,0.1685,0.1171,0.0949,0.1979,0.0859,0.1976,0.1974,0.0433,0.1411,0.0699,0.0940,0.0449,0.1735,0.0000,20.19,-1.6790,-14.0666,-1.5680
1705297518.4667,0.0676,0.0813,0.0362,0.0680,0.1794,0.1565,0.0770,0.0673,0.2271,0.4237,0.4099,-0.1170,0.6302,0.1286,0.0487,0.1018,0.0324,0.1532,0.0000,0.0039,0.0110,0.1342,0.1667,0.0841,0.0795,0.0205,0.1304,0.0323,0.0678,0.0460,0.1199,0.1308,0.0938,0.0000,12.60,0.3701,-10.0912,-1.8994
1705297518.5333,0.0827,0.0815,0.0354,0.0694,0.1424,0.1559,0.0782,0.0439,0.2436,0.4402,0.3455,-0.1670,0.6330,0.1221,0.0339,0.1043,0.0315,0.0973,0.0426,0.0335,0.2029,0.0608,0.0951,0.1465,0.0583,0.0168,0.1238,0.0551,0.2057,0.1482,0.1680,0.0627,0.0674,0.0000,14.53,-9.2793,2.9598,5.9200
1705297518.6000,0.1058,0.0651,0.0332,0.0568,0.1398,0.1624,0.0820,0.0274,0.2558,0.4430,0.4078,-0.1525,0.6842,0.1221,0.0847,0.2075,0.0291,0.1392,0.1026,0.0452,0.0480,0.1465,0.1008,0.0428,0.0716,0.0995,0.1344,0.0202,0.0000,0.1254,0.0880,0.1584,0.1025,0.0000,14.75,4.9725,-8.2981,4.0256
1705297518.6667,0.1224,0.0633,0.0351,0.0459,0.1479,0.1711,0.0835,0.0302,0.2460,0.4327,0.3772,-0.1740,0.6727,0.1455,0.0006,0.1700,0.0479,0.0999,0.0960,0.0000,0.0703,0.1410,0.1119,0.1188,0.0551,0.1089,0.1215,0.0000,0.1866,0.1136,0.0351,0.0619,0.1409,0.0000,13.58,8.5155,-14.6491,6.9487
1705297518.7333,0.1058,0.0592,0.0337,0.0539,0.1286,0.1762,0.0658,0.0170,0.2346,0.4750,0.3424,-0.1967,0.7337,0.1221,0.0369,0.1893,0.0921,0.0640,0.0334,0.0710,0.0175,0.1666,0.0889,0.0893,0.1825,0.1670,0.0795,0.0000,0.0963,0.0993,0.0876,0.0000,0.1501,0.0000,15.41,-4.2450,-0.4067,1.4646
1705297518.8000,0.0975,0.0539,0.0253,0.0525,0.1222,0.1677,0.0614,0.0172,0.2252,0.5063,0.4050,-0.2017,0.7242,0.0965,0.0000,0.1384,0.0000,0.0880,0.0883,0.0590,0.1254,0.1905,0.0499,0.0345,0.1946,0.1323,0.1036,0.0478,0.0000,0.0592,0.1123,0.1403,0.0438,0.0000,15.30,-4.5706,-19.4546,-3.0157
1705297518.8667,0.1002,0.0672,0.0242,0.0404,0.1614,0.1909,0.0617,0.0365,0.2210,0.4579,0.3502,-0.1911,0.7828,0.1662,0.0024,0.1328,0.0753,0.0968,0.0777,0.1147,0.0870,0.1033,0.0840,0.1881,0.1679,0.0791,0.0314,0.0521,0.0776,0.1046,0.2109,0.0916,0.0730,0.0000,16.06,-10.1721,-2.5636,2.6774
1705297518.9333,0.1059,0.0813,0.0225,0.0368,0.1183,0.1782,0.0711,0.0439,0.2221,0.4720,0.3797,-0.3127,0.7177,0.1590,0.0363,0.1411,0.0383,0.0772,0.0421,0.0490,0.1260,0.0000,0.1236,0.1589,0.1043,0.0521,0.0501,0.0513,0.0495,0.1688,0.1722,0.1087,0.0639,0.0000,7.05,8.0344,-21.5548,0.1694
1705297519.0000,0.0930,0.0677,0.0321,0.0330,0.1238,0.1707,0.0813,0.0562,0.2038,0.4830,0.3620,-0.2897,0.6490,0.0996,0.0389,0.1651,0.0722,0.0694,0.0394,0.0966,0.1779,0.1559,0.0532,0.0273,0.1764,0.0960,0.1023,0.0305,0.0971,0.0969,0.0909,0.1497,0.1497,1.0000,13.76,6.7555,9.7619,2.5935
1705297519.0667,0.0827,0.0714,0.0446,0.0386,0.1288,0.1538,0.0715,0.0683,0.2044,0.4816,0.3635,-0.2281,0.6691,0.0738,0.0832,0.1178,0.0244,0.0505,0.0920,0.0098,0.0937,0.0289,0.0796,0.1672,0.0790,0.0795,0.0816,0.0835,0.0494,0.1460,0.1075,0.0576,0.0264,0.0000,15.30,6.0768,6.9072,4.0673
1705297519.1333,0.0916,0.0743,0.0476,0.0297,0.1118,0.1562,0.0747,0.0487,0.2153,0.4900,0.3449,-0.2898,0.6366,0.1230,0.0905,0.1578,0.0259,0.1001,0.0255,0.1228,0.0829,0.2465,0.1010,0.1240,0.1134,0.0832,0.0467,0.0579,0.1916,0.1233,0.1589,0.0906,0.0543,0.0000,12.00,7.3117,1.2837,7.0207
1705297519.2000,0.0870,0.0921,0.0402,0.0288,0.1296,0.1567,0.0751,0.0467,0.2079,0.4816,0.3420,-0.2263,0.6660,0.0623,0.0411,0.1594,0.0316,0.1134,0.0945,0.0526,0.0873,0.0421,0.0814,0.1045,0.0532,0.0332,0.1214,0.0284,0.1019,0.0267,0.0600,0.1311,0.2024,0.0000,15.52,-3.2599,8.5213,-4.3406
1705297519.2667,0.0832,0.1012,0.0473,0.0263,0.1332,0.1561,0.0709,0.0616,0.2490,0.4427,0.3337,-0.3646,0.7399,0.0717,0.0000,0.1498,0.0493,0.0638,0.0186,0.1170,0.0128,0.0539,0.1021,0.1363,0.1267,0.0499,0.0895,0.0529,0.0803,0.0288,0.1060,0.2149,0.1241,0.0000,12.86,12.7587,9.0757,-0.6302
1705297519.3333,0.0965,0.0931,0.0485,0.0094,0.1226,0.1538,0.0917,0.0761,0.2398,0.4411,0.3417,-0.2929,0.7457,0.0210,0.0125,0.2487,0.0572,0.1133,0.0275,0.0761,0.1351,0.1557,0.1698,0.1325,0.1510,0.0959,0.1518,0.0030,0.1190,0.0779,0.0415,0.1011,0.1154,1.0000,19.06,27.3961,-2.1838,1.0828
1705297519.4000,0.0981,0.0941,0.0520,0.0065,0.1423,0.1353,0.1015,0.0871,0.2244,0.4352,0.3491,-0.2123,0.7515,0.0746,0.0302,0.1932,0.0861,0.0717,0.0591,0.0287,0.1114,0.1933,0.0961,0.0947,0.1110,0.0893,0.0771,0.0606,0.1387,0.0578,0.1675,0.1422,0.0161,0.0000,19.02,4.2688,2.3224,10.0543
1705297519.4667,0.1011,0.0788,0.0607,0.0292,0.1421,0.1246,0.0872,0.0944,0.2197,0.4374,0.3807,-0.2812,0.7209,0.0868,0.0644,0.1759,0.0982,0.0650,0.0676,0.0926,0.0675,0.0358,0.0890,0.0743,0.1538,0.1017,0.1174,0.0593,0.1489,0.1003,0.1182,0.1206,0.0346,0.0000,17.99,19.5357,12.8944,1.4887
1705297519.5333,0.1004,0.1031,0.0607,0.0423,0.1947,0.1427,0.0861,0.0793,0.1872,0.4020,0.3651,-0.2648,0.7598,0.1004,0.1757,0.1437,0.0598,0.1098,0.0454,0.0414,0.0652,0.2062,0.0684,0.1354,0.1435,0.1011,0.1540,0.0274,0.1015,0.0484,0.1302,0.1399,0.1260,0.0000,15.94,12.8059,1.0199,1.5508
1705297519.6000,0.0972,0.1124,0.0514,0.0499,0.1974,0.1422,0.0670,0.0730,0.2063,0.4019,0.3974,-0.2464,0.7404,0.0953,0.0413,0.1898,0.0983,0.1066,0.0505,0.0201,0.1886,0.1876,0.1091,0.0005,0.1038,0.0301,0.0796,0.0000,0.1270,0.0912,0.0858,0.2128,0.1527,0.0000,16.43,20.5330,18.6018,8.5655
1705297519.6667,0.0978,0.1184,0.0448,0.0371,0.1983,0.1400,0.0328,0.0828,0.2251,0.4137,0.4056,-0.1936,0.7005,0.0828,0.0000,0.1699,0.0608,0.1421,0.0500,0.0005,0.1056,0.1011,0.1219,0.1262,0.0670,0.1103,0.1001,0.0610,0.1065,0.1361,0.0317,0.2006,0.2209,0.0000,10.59,-21.4174,-3.0300,-0.0078
1705297519.7333,0.1187,0.1056,0.0480,0.0261,0.1893,0.1534,0.0352,0.1054,0.2182,0.4000,0.4227,-0.2534,0.6786,0.1817,0.0000,0.2407,0.0000,0.1659,0.0508,0.0931,0.0662,0.0611,0.1179,0.0750,0.0323,0.1212,0.0757,0.0228,0.0895,0.1588,0.1175,0.1516,0.0953,0.0000,14.90,15.7088,-8.0557,-7.6222
1705297519.8000,0.1228,0.1128,0.0417,0.0421,0.1851,0.1492,0.0504,0.0811,0.2303,0.3908,0.4229,-0.2663,0.7797,0.1728,0.0000,0.1950,0.0000,0.1041,0.0932,0.0713,0.0985,0.0400,0.1157,0.1585,0.1124,0.1280,0.0452,0.0000,0.1497,0.0884,0.0028,0.1758,0.0471,1.0000,16.08,18.9537,-13.8448,-0.4353
1705297519.8667,0.1140,0.1096,0.0490,0.0409,0.1760,0.1551,0.0597,0.0672,0.2091,0.4116,0.3765,-0.2513,0.7655,0.0838,0.0672,0.1405,0.0379,0.1107,0.0431,0.0598,0.0415,0.0798,0.0858,0.0827,0.1239,0.1215,0.1597,0.0289,0.0519,0.0019,0.1242,0.1062,0.0366,0.0000,17.38,-1.4143,3.0806,4.7675
1705297519.9333,0.1062,0.1108,0.0421,0.0395,0.1749,0.1655,0.0782,0.0861,0.2507,0.3676,0.3756,-0.2833,0.7135,0.0730,0.0661,0.1357,0.0343,0.0811,0.0609,0.0090,0.1114,0.0745,0.0912,0.0658,0.0169,0.0668,0.1203,0.0376,0.1752,0.1029,0.0651,0.0450,0.1361,0.0000,12.26,0.4852,-3.4227,1.2656
1705297520.0000,0.1136,0.1025,0.0348,0.0447,0.1496,0.1748,0.0729,0.0847,0.2710,0.3709,0.4351,-0.2658,0.6734,0.1409,0.0694,0.2600,0.0272,0.1014,0.1132,0.0313,0.1177,0.0856,0.0768,0.0498,0.0968,0.0489,0.0298,0.0936,0.0107,0.0674,0.1360,0.1556,0.0814,0.0000,16.11,-6.7790,-1.6165,0.8303
1705297520.0667,0.1021,0.1056,0.0200,0.0320,0.1567,0.1739,0.0692,0.0736,0.2556,0.4068,0.4614,-0.2246,0.6343,0.1734,0.0869,0.1817,0.0385,0.1245,0.0360,0.0284,0.0201,0.0764,0.1139,0.0997,0.0751,0.1705,0.1551,0.0671,0.1414,0.1749,0.0942,0.1795,0.1521,0.0000,13.78,-2.4267,-2.2507,6.0760
1705297520.1333,0.1021,0.1130,0.0293,0.0531,0.1526,0.1557,0.0667,0.0654,0.2553,0.4040,0.4229,-0.1462,0.5406,0.0954,0.1029,0.2821,0.0752,0.1161,0.0661,0.0929,0.0810,0.1187,0.1538,0.0349,0.0578,0.1106,0.1653,0.0629,0.2544,0.1515,0.1720,0.1198,0.0671,0.0000,17.72,8.5386,2.4049,11.0121
1705297520.2000,0.0884,0.1062,0.0244,0.0607,0.1479,0.1598,0.0773,0.0764,0.2488,0.4060,0.3904,-0.1020,0.6185,0.0972,0.0146,0.1105,0.0611,0.0564,0.0275,0.0150,0.1072,0.1649,0.1244,0.1129,0.0441,0.0434,0.0292,0.0225,0.1027,0.1802,0.1133,0.1474,0.1164,1.0000,14.75,15.0975,2.1303,-2.1409
1705297520.2667,0.1069,0.0967,0.0267,0.0681,0.1565,0.1861,0.0911,0.0805,0.2438,0.3662,0.4676,-0.1469,0.6530,0.1543,0.0665,0.2096,0.0259,0.0963,0.0000,0.0765,0.1231,0.0885,0.1292,0.1162,0.1757,0.1518,0.1156,0.0000,0.1093,0.0402,0.0492,0.1131,0.1003,0.0000,16.98,6.6440,-2.8884,5.9159
1705297520.3333,0.0993,0.0925,0.0286,0.0716,0.1840,0.1521,0.0910,0.0857,0.2392,0.3735,0.5186,-0.0967,0.6599,0.0993,0.0000,0.1064,0.0797,0.1736,0.0429,0.0500,0.1513,0.0371,0.1054,0.1055,0.1220,0.0215,0.1438,0.0131,0.1339,0.0152,0.1171,0.1078,0.0117,0.0000,16.52,-9.5272,15.5559,-3.0688
1705297520.4000,0.0772,0.0994,0.0230,0.0693,0.1960,0.1437,0.0844,0.0776,0.2058,0.4141,0.5060,-0.1436,0.6242,0.1093,0.0000,0.1159,0.0568,0.0739,0.0200,0.0236,0.0000,0.0778,0.1661,0.0581,0.0227,0.1693,0.1454,0.0797,0.1246,0.1814,0.0056,0.0034,0.1413,0.0000,17.36,10.5144,6.5123,4.7144
1705297520.4667,0.0766,0.0874,0.0203,0.0600,0.1903,0.1386,0.0783,0.0745,0.2199,0.4325,0.5265,-0.1357,0.7076,0.1276,0.0777,0.1006,0.0000,0.1293,0.0221,0.0468,0.1605,0.1339,0.0863,0.1822,0.1131,0.0989,0.1113,0.0147,0.0871,0.0748,0.1850,0.1856,0.0894,0.0000,13.39,1.3542,8.5876,10.1921
1705297520.5333,0.0949,0.0789,0.0288,0.0586,0.2029,0.1492,0.0828,0.0739,0.2450,0.3911,0.4623,-0.0424,0.7514,0.1094,0.1472,0.0986,0.0456,0.1574,0.0556,0.0643,0.0894,0.1416,0.1144,0.0810,0.0566,0.0380,0.0631,0.0513,0.1275,0.1025,0.1438,0.0234,0.1069,0.0000,13.62,2.1376,8.5383,2.8413
1705297520.6000,0.1074,0.0893,0.0302,0.0295,0.2124,0.1518,0.0890,0.0750,0.2562,0.3755,0.4890,-0.1182,0.7268,0.0720,0.1551,0.1374,0.1205,0.1186,0.0489,0.0575,0.1335,0.1683,0.1066,0.0435,0.0179,0.0759,0.0520,0.0191,0.1644,0.0522,0.1409,0.1949,0.1744,0.0000,13.26,19.0071,6.3905,-2.4016
1705297520.6667,0.1092,0.0851,0.0384,0.0291,0.2017,0.1537,0.0929,0.0870,0.2601,0.3656,0.5459,-0.0622,0.7182,0.1303,0.0263,0.2472,0.1108,0.1192,0.0763,0.0833,0.0460,0.1823,0.0385,0.0940,0.1402,0.1326,0.0190,0.0908,0.1538,0.0205,0.0260,0.1933,0.0803,0.0000,13.04,12.4472,4.2343,-9.2771
1705297520.7333,0.1015,0.0777,0.0401,0.0229,0.2142,0.1313,0.1232,0.0823,0.2778,0.3574,0.5092,-0.0856,0.6509,0.1174,0.0959,0.1666,0.1345,0.1282,0.0930,0.0770,0.1124,0.0878,0.0729,0.1765,0.1333,0.1712,0.0880,0.0690,0.1588,0.1217,0.1457,0.1985,0.1161,0.0000,16.81,5.5780,6.5018,3.7326
1705297520.8000,0.1043,0.0798,0.0370,0.0303,0.2259,0.1370,0.1499,0.0968,0.2994,0.3037,0.5332,-0.0650,0.6691,0.0890,0.1246,0.2978,0.1220,0.1698,0.1174,0.0325,0.0891,0.1076,0.0915,0.0061,0.1016,0.0621,0.0838,0.0431,0.2280,0.0782,0.0732,0.2132,0.0944,0.0000,14.69,5.4112,13.6222,-0.4632
1705297520.8667,0.0972,0.0789,0.0293,0.0212,0.2385,0.1413,0.1459,0.1039,0.2827,0.3168,0.4387,-0.1719,0.6473,0.1026,0.0989,0.2913,0.0832,0.1584,0.0000,0.0592,0.0942,0.1073,0.0687,0.0585,0.0464,0.1759,0.1253,0.1007,0.0716,0.1017,0.0008,0.2614,0.1475,0.0000,15.82,13.2714,13.7688,1.9527
1705297520.9333,0.1118,0.0812,0.0284,0.0091,0.2463,0.1443,0.1352,0.0910,0.2726,0.3280,0.4887,-0.1940,0.6403,0.0785,0.1142,0.2668,0.0891,0.1561,0.0418,0.0639,0.1256,0.0284,0.0649,0.0688,0.0901,0.1297,0.1406,0.0353,0.0000,0.0000,0.1610,0.1200,0.1095,0.0000,18.68,15.7745,-10.0007,5.4231
1705297521.0000,0.1200,0.0855,0.0366,0.0175,0.2484,0.1449,0.1156,0.0880,0.2685,0.3251,0.4843,-0.2199,0.6227,0.0598,0.0596,0.1508,0.0759,0.1814,0.0106,0.0904,0.0766,0.2111,0.1031,0.0252,0.1464,0.0000,0.0813,0.1182,0.1316,0.0794,0.1591,0.2294,0.0771,0.0000,14.93,10.4760,-11.3051,0.6996
1705297521.0667,0.1184,0.0926,0.0325,0.0169,0.2045,0.1427,0.0815,0.0857,0.2808,0.3667,0.4990,-0.1528,0.6443,0.0351,0.0698,0.2058,0.0756,0.1138,0.0412,0.1479,0.0765,0.1432,0.0393,0.0352,0.0888,0.0546,0.0165,0.0517,0.1216,0.1346,0.1354,0.1820,0.0341,0.0000,12.06,17.3063,0.1642,8.0167
1705297521.1333,0.1060,0.0939,0.0282,0.0254,0.1805,0.1591,0.0881,0.0908,0.2790,0.3694,0.4512,-0.0768,0.6749,0.0723,0.0815,0.2093,0.0629,0.1358,0.0203,0.0333,0.0766,0.1142,0.0780,0.0921,0.0755,0.1577,0.1021,0.0206,0.1534,0.1275,0.1322,0.1095,0.1128,0.0000,16.43,19.0288,-15.3945,4.6715
1705297521.2000,0.1110,0.0928,0.0285,0.0272,0.1921,0.1770,0.0727,0.0872,0.2667,0.3669,0.3997,-0.0384,0.6322,0.1309,0.0224,0.1454,0.0025,0.1233,0.0505,0.0672,0.0353,0.0901,0.0855,0.0773,0.0905,0.0906,0.1463,0.0620,0.1490,0.1007,0.0747,0.2257,0.0788,0.0000,9.22,8.6393,1.9492,-0.7535
1705297521.2667,0.0987,0.0869,0.0364,0.0388,0.1949,0.1741,0.0669,0.0811,0.2709,0.3708,0.4255,-0.0715,0.6804,0.1007,0.0000,0.1579,0.0143,0.1243,0.0000,0.0628,0.1234,0.1334,0.0860,0.1813,0.1269,0.0961,0.0992,0.0241,0.0732,0.1319,0.0936,0.1379,0.0862,0.0000,20.98,-12.9437,10.5722,-3.9365
1705297521.3333,0.0869,0.1017,0.0533,0.0484,0.1947,0.1682,0.0685,0.0974,0.2381,0.3656,0.4779,-0.0557,0.6418,0.0545,0.1189,0.1430,0.0842,0.1075,0.0187,0.0433,0.1031,0.1617,0.1440,0.0422,0.0675,0.0500,0.1086,0.0345,0.0000,0.1568,0.1512,0.2098,0.0464,0.0000,22.23,13.1262,4.7796,3.9019
1705297521.4000,0.1048,0.1042,0.0496,0.0304,0.1986,0.1867,0.0674,0.0939,0.2248,0.3638,0.4920,-0.0338,0.5939,0.1137,0.0268,0.1895,0.1157,0.1591,0.1100,0.0778,0.0137,0.0012,0.0665,0.1167,0.0016,0.1914,0.1404,0.0247,0.1133,0.0528,0.0407,0.1631,0.1112,0.0000,15.50,12.7054,5.9791,-1.1608
1705297521.4667,0.1126,0.0917,0.0406,0.0289,0.1687,0.1770,0.0613,0.0945,0.2436,0.3886,0.4651,-0.0420,0.5712,0.1420,0.0442,0.2140,0.0574,0.0916,0.0325,0.0815,0.0542,0.0866,0.1102,0.0860,0.1722,0.0763,0.1117,0.0108,0.1626,0.0804,0.0871,0.1387,0.0935,0.0000,12.72,2.2538,-25.2892,-1.5304
1705297521.5333,0.1359,0.0907,0.0327,0.0351,0.1831,0.1756,0.0575,0.0863,0.2339,0.3816,0.3840,-0.0850,0.5226,0.1739,0.0128,0.1986,0.0816,0.0509,0.0870,0.0750,0.1424,0.2120,0.1454,0.1551,0.0747,0.1246,0.1754,0.0010,0.0139,0.0839,0.0884,0.1155,0.0705,0.0000,14.67,2.3993,-11.3572,7.3877
1705297521.6000,0.1213,0.0872,0.0262,0.0428,0.1917,0.1733,0.0675,0.0740,0.2530,0.3779,0.4598,-0.1435,0.5520,0.1067,0.1002,0.2113,0.0145,0.1666,0.0341,0.0696,0.0871,0.0649,0.1017,0.1212,0.0823,0.1098,0.1420,0.0825,0.1057,0.1248,0.0999,0.1899,0.1512,0.0000,12.83,6.3334,-5.4115,5.5673
1705297521.6667,0.1067,0.0792,0.0218,0.0565,0.1719,0.1621,0.0687,0.0713,0.2593,0.4015,0.4093,-0.1889,0.5819,0.1601,0.0716,0.1600,0.0005,0.0717,0.1473,0.0671,0.0423,0.1487,0.1223,0.1391,0.0914,0.1550,0.0412,0.0786,0.0136,0.0814,0.0572,0.2057,0.1306,0.0000,15.49,5.4699,14.4336,20.0000
1705297521.7333,0.0979,0.0839,0.0342,0.0569,0.1659,0.1776,0.1004,0.0587,0.2641,0.3762,0.3976,-0.2099,0.5513,0.1290,0.0640,0.2175,0.0331,0.1169,0.0738,0.0265,0.1928,0.1155,0.1234,0.1611,0.1176,0.1585,0.0269,0.0125,0.0783,0.1904,0.1202,0.0582,0.0886,0.0000,18.72,-4.0122,11.1918,2.1421
1705297521.8000,0.0729,0.0898,0.0381,0.0675,0.2024,0.1837,0.0751,0.0479,0.2866,0.3617,0.4258,-0.1778,0.5095,0.1258,0.0711,0.1465,0.0363,0.0761,0.0300,0.0783,0.0941,0.0913,0.0600,0.1092,0.1407,0.0654,0.1557,0.0744,0.0490,0.1019,0.0070,0.1877,0.0603,0.0000,15.79,3.0641,-5.5402,-4.1446
1705297521.8667,0.0815,0.1036,0.0385,0.0704,0.2146,0.1788,0.0704,0.0442,0.2824,0.3494,0.3403,-0.1875,0.6157,0.1484,0.0535,0.1469,0.0393,0.1268,0.0582,0.0716,0.1061,0.0873,0.1263,0.0753,0.1210,0.0903,0.1152,0.0812,0.0770,0.1294,0.0942,0.2376,0.1610,0.0000,13.50,-4.9700,7.9953,-6.6947
1705297521.9333,0.0795,0.0987,0.0469,0.0715,0.1950,0.1728,0.0534,0.0614,0.2729,0.3687,0.3753,-0.1841,0.5584,0.1105,0.1179,0.1778,0.0999,0.1151,0.0265,0.0000,0.0276,0.0246,0.1193,0.0757,0.1239,0.1658,0.0316,0.0000,0.0454,0.0556,0.1533,0.1577,0.0961,0.0000,16.54,3.9510,2.6990,6.6167
1705297522.0000,0.0713,0.1034,0.0407,0.0757,0.2362,0.1825,0.0426,0.0463,0.2902,0.3466,0.3670,-0.2823,0.5685,0.1242,0.0315,0.1695,0.0019,0.0908,0.0014,0.0000,0.0990,0.1268,0.1287,0.0357,0.0918,0.0977,0.1381,0.0000,0.0789,0.1034,0.0907,0.1359,0.1205,0.0000,14.09,-5.4869,-5.6557,2.2869
1705297522.0667,0.0740,0.0907,0.0417,0.0876,0.2088,0.1900,0.0570,0.0559,0.2610,0.3600,0.3246,-0.2471,0.6629,0.1206,0.0665,0.1735,0.0000,0.1668,0.0331,0.0527,0.1073,0.1197,0.0837,0.0573,0.1428,0.1372,0.1944,0.0000,0.1576,0.1271,0.0633,0.2248,0.1075,0.0000,14.80,7.2814,2.2114,-0.0010
1705297522.1333,0.0747,0.1055,0.0366,0.0869,0.1670,0.1839,0.0410,0.0469,0.2335,0.4144,0.3684,-0.2618,0.6613,0.1993,0.0548,0.1056,0.0362,0.1102,0.0789,0.0000,0.0676,0.0907,0.1349,0.0770,0.1231,0.1365,0.1789,0.0327,0.0478,0.1422,0.1362,0.1105,0.1580,0.0000,12.58,3.1144,-6.7863,3.9738
1705297522.2000,0.0798,0.1010,0.0489,0.0720,0.1951,0.1786,0.0601,0.0446,0.2221,0.3987,0.4008,-0.2799,0.7021,0.1317,0.0000,0.0717,0.0613,0.0931,0.0383,0.0542,0.1705,0.0977,0.1277,0.0966,0.0400,0.1579,0.1134,0.0273,0.0546,0.1485,0.1472,0.1932,0.1661,0.0000,18.50,2.4118,12.6776,0.4370
1705297522.2667,0.0657,0.0810,0.0492,0.0629,0.1805,0.1831,0.0618,0.0410,0.2153,0.4356,0.3730,-0.3273,0.6726,0.1086,0.1112,0.1242,0.0694,0.1096,0.0234,0.0518,0.1060,0.0704,0.1358,0.1847,0.0968,0.0873,0.1297,0.0427,0.0123,0.1024,0.0735,0.1284,0.1661,0.0000,16.70,18.3921,2.1131,5.4866
1705297522.3333,0.0751,0.0869,0.0579,0.0467,0.1541,0.1881,0.0634,0.0325,0.2268,0.4412,0.3151,-0.2514,0.6917,0.1239,0.1183,0.1528,0.0822,0.1119,0.0074,0.0254,0.1951,0.0741,0.0440,0.1125,0.1143,0.0865,0.0749,0.0228,0.0640,0.0520,0.1658,0.1701,0.0682,0.0000,6.81,10.3204,-4.3837,-1.5035
1705297522.4000,0.0718,0.0790,0.0776,0.0527,0.1776,0.1825,0.0486,0.0440,0.2049,0.4368,0.2997,-0.2488,0.6508,0.1041,0.0600,0.1023,0.0000,0.1000,0.0457,0.0842,0.1642,0.0711,0.0992,0.1682,0.0561,0.0084,0.1774,0.0699,0.0921,0.0988,0.0958,0.1740,0.1171,0.0000,9.85,1.3334,5.2493,-6.5368
1705297522.4667,0.0694,0.0691,0.0867,0.0403,0.1830,0.1953,0.0636,0.0407,0.2004,0.4310,0.3156,-0.2694,0.6649,0.1582,0.0518,0.1291,0.0022,0.1233,0.0936,0.0656,0.1570,0.0913,0.0324,0.0587,0.1136,0.1074,0.1023,0.0214,0.0914,0.0490,0.1139,0.0526,0.1034,0.0000,12.13,20.4429,1.8779,1.0667
1705297522.5333,0.0569,0.0638,0.0785,0.0279,0.1751,0.1883,0.0914,0.0419,0.2365,0.4238,0.3465,-0.2079,0.6452,0.1151,0.0480,0.1315,0.0425,0.0706,0.0000,0.0413,0.0961,0.1172,0.1549,0.1715,0.1093,0.0282,0.1027,0.0692,0.0825,0.1018,0.1955,0.0865,0.1361,0.0000,11.21,7.6455,0.0745,-2.5963
1705297522.6000,0.0636,0.0588,0.0660,0.0225,0.1782,0.1882,0.0794,0.0349,0.2082,0.4601,0.3555,-0.1779,0.6149,0.1647,0.0257,0.1155,0.0528,0.1124,0.0195,0.0562,0.0569,0.0376,0.0685,0.0910,0.0699,0.0569,0.1185,0.0124,0.0977,0.0924,0.0923,0.0973,0.0266,0.0000,13.08,-5.0683,19.0148,8.0997
1705297522.6667,0.0644,0.0609,0.0462,0.0236,0.1728,0.1887,0.0974,0.0424,0.2281,0.4453,0.3953,-0.1693,0.5579,0.0709,0.0075,0.1429,0.0516,0.0937,0.0300,0.0174,0.0651,0.0871,0.1264,0.1609,0.0796,0.1354,0.0932,0.1390,0.0987,0.1586,0.0134,0.1172,0.1294,0.0000,15.39,7.5640,14.0151,0.6585
1705297522.7333,0.0688,0.0692,0.0376,0.0139,0.2097,0.1899,0.0707,0.0427,0.2300,0.4405,0.3890,-0.0916,0.5916,0.1282,0.0631,0.1449,0.0116,0.1400,0.0155,0.0530,0.1059,0.1103,0.0935,0.0681,0.0922,0.0965,0.1467,0.0316,0.0773,0.1377,0.0136,0.2000,0.0723,0.0000,13.00,-3.3157,-3.6576,2.3368
1705297522.8000,0.0643,0.0657,0.0260,0.0095,0.2322,0.1891,0.0663,0.0519,0.2427,0.4314,0.4048,-0.1831,0.6327,0.0725,0.0150,0.2044,0.0690,0.1406,0.0734,0.0138,0.0912,0.1016,0.1044,0.0000,0.1401,0.1921,0.0942,0.0602,0.1203,0.0707,0.0634,0.1852,0.1246,0.0000,20.70,1.9659,11.7042,-12.9561
1705297522.8667,0.0577,0.0607,0.0328,0.0277,0.2077,0.1702,0.0406,0.0636,0.2649,0.4445,0.4646,-0.2743,0.6489,0.1372,0.0318,0.1210,0.0588,0.1656,0.0000,0.1053,0.0799,0.0873,0.0729,0.0622,0.0952,0.0341,0.0653,0.0000,0.0239,0.1051,0.0851,0.2567,0.0952,0.0000,15.79,7.6291,11.1915,0.1658
1705297522.9333,0.0633,0.0652,0.0300,0.0367,0.1717,0.1697,0.0537,0.0688,0.2712,0.4417,0.4789,-0.2403,0.6816,0.1241,0.0994,0.0612,0.0067,0.0612,0.0471,0.0448,0.0954,0.0225,0.0614,0.0470,0.1428,0.2103,0.1281,0.0556,0.0777,0.0948,0.1224,0.1636,0.1607,0.0000,15.93,11.3480,-2.9663,1.7820
1705297523.0000,0.0595,0.0640,0.0317,0.0337,0.1853,0.1600,0.0710,0.0672,0.2711,0.4340,0.4954,-0.3061,0.7222,0.1698,0.0517,0.2252,0.0439,0.0852,0.0626,0.0000,0.1437,0.1377,0.0617,0.1247,0.0783,0.0335,0.1397,0.0276,0.0582,0.0886,0.1538,0.1066,0.0880,0.0000,10.21,9.6093,-8.4291,1.0083
1705297523.0667,0.0475,0.0794,0.0425,0.0228,0.1590,0.1500,0.0819,0.0720,0.2643,0.4484,0.4989,-0.2783,0.6290,0.0892,0.0409,0.1757,0.0721,0.0419,0.0037,0.0168,0.0503,0.2052,0.0710,0.0783,0.1281,0.1510,0.0903,0.0142,0.0776,0.1543,0.1932,0.1380,0.0858,0.0000,15.54,11.3140,8.3346,-10.5169
1705297523.1333,0.0528,0.0666,0.0401,0.0313,0.1626,0.1427,0.0677,0.0598,0.2462,0.4781,0.4870,-0.2261,0.6186,0.0625,0.0000,0.1994,0.0029,0.0619,0.0828,0.0694,0.0786,0.0791,0.0555,0.0548,0.0678,0.1135,0.1072,0.0830,0.0593,0.1410,0.0804,0.0703,0.1096,0.0000,12.70,23.5227,0.3240,0.0615
1705297523.2000,0.0707,0.0864,0.0440,0.0328,0.1536,0.1425,0.0561,0.0777,0.2453,0.4545,0.4984,-0.1784,0.5525,0.0205,0.0205,0.0983,0.0744,0.0415,0.0567,0.0775,0.1312,0.1089,0.0138,0.0709,0.1370,0.0461,0.2020,0.0000,0.0939,0.0838,0.2081,0.1671,0.0788,0.0000,14.79,2.7490,-4.7582,7.6276
1705297523.2667,0.0733,0.0905,0.0412,0.0255,0.2079,0.1224,0.0815,0.0750,0.2389,0.4263,0.4202,-0.1727,0.5982,0.0483,0.0563,0.1847,0.0647,0.0776,0.1045,0.0294,0.0535,0.0821,0.0919,0.0572,0.0927,0.1766,0.1481,0.0642,0.0885,0.0000,0.0410,0.1420,0.0796,0.0000,15.99,6.5285,-29.7112,9.2896
1705297523.3333,0.0840,0.0862,0.0487,0.0359,0.2206,0.1186,0.0747,0.0895,0.2575,0.3906,0.3769,-0.1970,0.5861,0.1263,0.0245,0.1599,0.0379,0.1386,0.0169,0.0311,0.1064,0.0794,0.1159,0.1409,0.1494,0.0530,0.0243,0.0444,0.0759,0.1410,0.1126,0.2030,0.1820,0.0000,14.98,10.0161,7.6656,4.8718
1705297523.4000,0.0686,0.0841,0.0573,0.0342,0.2443,0.1189,0.0637,0.0855,0.2676,0.3855,0.4361,-0.0720,0.6532,0.0089,0.0704,0.0826,0.0603,0.1131,0.0261,0.0330,0.1176,0.1745,0.0539,0.1065,0.1457,0.1543,0.1073,0.0305,0.0755,0.1165,0.0100,0.1752,0.0689,0.0000,22.25,19.7161,-5.9307,4.3658
1705297523.4667,0.0870,0.0732,0.0464,0.0340,0.2702,0.1297,0.0771,0.0830,0.2691,0.3582,0.4569,-0.1061,0.5673,0.0272,0.0339,0.1722,0.0373,0.1461,0.0666,0.0791,0.0658,0.1591,0.1077,0.1389,0.0692,0.1784,0.1169,0.0176,0.0778,0.1030,0.0894,0.2388,0.0000,0.0000,16.09,7.8315,9.4866,4.8659
1705297523.5333,0.0834,0.0678,0.0442,0.0256,0.2987,0.1281,0.0831,0.0800,0.2683,0.3524,0.3875,-0.0786,0.5610,0.0426,0.0291,0.2300,0.0063,0.1698,0.0708,0.0704,0.1292,0.0510,0.0629,0.2207,0.0680,0.0610,0.1109,0.0187,0.1256,0.0693,0.0083,0.3182,0.1039,1.0000,13.11,9.7592,-0.3969,2.2610
1705297523.6000,0.0846,0.0607,0.0478,0.0303,0.2768,0.1061,0.0597,0.0766,0.2699,0.3925,0.3619,-0.1043,0.5544,0.1467,0.0012,0.1272,0.0692,0.1904,0.0000,0.0216,0.0987,0.0645,0.0094,0.0988,0.1382,0.1309,0.0779,0.0386,0.0952,0.1191,0.1801,0.2238,0.0255,0.0000,8.40,-6.8444,11.4494,-0.4314
1705297523.6667,0.0834,0.0541,0.0400,0.0442,0.2715,0.1096,0.0702,0.0853,0.2461,0.3974,0.3608,-0.1424,0.4494,0.0679,0.0762,0.1782,0.0604,0.1790,0.0652,0.0310,0.1051,0.0147,0.1052,0.1398,0.0518,0.1482,0.0518,0.1261,0.2139,0.0399,0.1071,0.2422,0.0898,0.0000,12.74,12.2995,6.2410,1.3029
1705297523.7333,0.0677,0.0614,0.0429,0.0384,0.2602,0.1066,0.0820,0.0711,0.2492,0.4122,0.3496,-0.1877,0.4748,0.0475,0.0180,0.1860,0.0522,0.1720,0.0271,0.0246,0.1897,0.0213,0.0765,0.0516,0.0779,0.0293,0.0157,0.0415,0.0243,0.1482,0.1246,0.2005,0.0684,0.0000,17.12,-1.6821,-3.2353,-5.1643
1705297523.8000,0.0666,0.0668,0.0476,0.0368,0.2588,0.0863,0.1042,0.0602,0.2307,0.4252,0.3560,-0.1154,0.5384,0.0562,0.0255,0.1588,0.0888,0.1563,0.0382,0.0367,0.0850,0.1057,0.0946,0.0783,0.1346,0.1211,0.1452,0.0633,0.0590,0.0940,0.0613,0.1943,0.0797,0.0000,10.69,5.3292,-9.7178,1.7889
1705297523.8667,0.0766,0.0729,0.0396,0.0411,0.2549,0.0948,0.0946,0.0581,0.2598,0.4046,0.2968,-0.0727,0.5616,0.0873,0.1162,0.1584,0.1078,0.1548,0.0696,0.0333,0.1623,0.1391,0.0620,0.1302,0.1238,0.0724,0.1223,0.0075,0.0004,0.0882,0.1033,0.2578,0.0376,0.0000,13.07,3.2464,-1.2637,5.8580
1705297523.9333,0.0543,0.0765,0.0372,0.0359,0.2609,0.1131,0.1133,0.0577,0.2747,0.3859,0.3762,-0.1589,0.5726,0.0628,0.0595,0.1822,0.0794,0.1703,0.0517,0.0213,0.1180,0.1097,0.0158,0.1565,0.0970,0.0711,0.0593,0.0493,0.1170,0.1594,0.0128,0.2554,0.0312,0.0000,16.54,-11.8367,-3.3969,7.7106
1705297524.0000,0.0548,0.0741,0.0444,0.0350,0.2663,0.1101,0.1350,0.0550,0.2651,0.3762,0.4150,-0.1829,0.5598,0.0866,0.0966,0.1277,0.0874,0.1949,0.0000,0.0687,0.0702,0.1656,0.1198,0.1354,0.1489,0.0639,0.1727,0.0823,0.1533,0.1213,0.0671,0.3221,0.1231,0.0000,10.04,-2.4247,9.4246,6.3889
1705297524.0667,0.0629,0.0758,0.0684,0.0325,0.2428,0.0998,0.1274,0.0635,0.2510,0.3855,0.3999,-0.2387,0.5404,0.0471,0.0311,0.2045,0.0756,0.1179,0.0000,0.0450,0.0666,0.1646,0.0090,0.0418,0.0743,0.0860,0.0979,0.0638,0.1153,0.1079,0.0571,0.2813,0.0869,0.0000,18.91,1.5825,3.6067,2.0324
1705297524.1333,0.0636,0.0830,0.0639,0.0323,0.2363,0.1223,0.1198,0.0618,0.2695,0.3685,0.3997,-0.2899,0.5710,0.0845,0.0647,0.1108,0.0925,0.1384,0.0249,0.0654,0.1391,0.0120,0.1170,0.0081,0.1207,0.0570,0.1735,0.0050,0.0878,0.1479,0.1902,0.2434,0.0718,0.0000,19.32,12.7214,-12.7855,14.8137
1705297524.2000,0.0711,0.0617,0.0580,0.0312,0.2369,0.1307,0.1172,0.0617,0.2456,0.3915,0.4029,-0.2031,0.6140,0.1094,0.0390,0.1236,0.0905,0.1402,0.0128,0.0689,0.1486,0.1326,0.0379,0.1643,0.0858,0.1721,0.0924,0.0290,0.0337,0.1476,0.1182,0.1798,0.1214,0.0000,13.98,9.0215,5.8494,1.9823
1705297524.2667,0.0577,0.0735,0.0572,0.0421,0.2547,0.1102,0.1070,0.0840,0.2641,0.3696,0.3953,-0.1992,0.6416,0.0487,0.0200,0.1876,0.0641,0.1466,0.0205,0.0082,0.0154,0.1516,0.1354,0.1071,0.1678,0.1211,0.0667,0.0697,0.1046,0.0109,0.2152,0.2209,0.1067,0.0000,14.61,11.3143,11.5924,1.7746
1705297524.3333,0.0594,0.0627,0.0511,0.0458,0.2584,0.1024,0.0893,0.0828,0.2893,0.3753,0.3869,-0.1194,0.6690,0.0955,0.0074,0.1759,0.0390,0.1194,0.0161,0.0811,0.1299,0.0506,0.0653,0.0695,0.0520,0.0860,0.0288,0.0201,0.0706,0.1128,0.1903,0.2258,0.0314,0.0000,20.94,5.2210,-2.1692,-0.3746
1705297524.4000,0.0723,0.0710,0.0591,0.0339,0.2563,0.1180,0.1188,0.0573,0.2452,0.3808,0.3072,-0.1639,0.7390,0.0850,0.0991,0.1148,0.0921,0.1839,0.0826,0.0441,0.0988,0.0579,0.0852,0.0953,0.0953,0.1704,0.0046,0.0454,0.0301,0.2004,0.0507,0.2208,0.1054,0.0000,14.89,0.5446,-14.3801,-2.2483
1705297524.4667,0.0953,0.0831,0.0761,0.0384,0.2365,0.1388,0.1261,0.0615,0.2533,0.3345,0.3005,-0.1356,0.7542,0.1337,0.1246,0.0576,0.0948,0.1258,0.0263,0.0474,0.1049,0.0508,0.1086,0.0431,0.1090,0.1107,0.1900,0.0447,0.1089,0.1190,0.1961,0.2597,0.0829,0.0000,12.32,3.6660,-11.4741,0.5393
1705297524.5333,0.0881,0.0857,0.0610,0.0432,0.2177,0.1214,0.1191,0.0690,0.2494,0.3673,0.3201,-0.1676,0.7375,0.1163,0.1042,0.2199,0.0531,0.1020,0.0542,0.0636,0.0170,0.0058,0.0450,0.0971,0.1786,0.1301,0.1144,0.0796,0.1353,0.0550,0.1221,0.2162,0.0556,0.0000,13.32,16.6674,-11.7687,2.6599
1705297524.6000,0.0893,0.0774,0.0561,0.0327,0.1872,0.1289,0.0989,0.0788,0.2370,0.4083,0.3705,-0.1273,0.7668,0.0505,0.0918,0.2030,0.0885,0.1777,0.0729,0.0387,0.1317,0.1664,0.0369,0.1586,0.0798,0.1385,0.0602,0.0721,0.1964,0.0790,0.1897,0.1239,0.1173,0.0000,17.75,9.1686,-20.4048,-3.6583
1705297524.6667,0.0927,0.0833,0.0574,0.0353,0.1723,0.1136,0.0742,0.0799,0.2242,0.4403,0.3616,-0.1460,0.7557,0.1050,0.0451,0.1568,0.0399,0.1189,0.0000,0.0551,0.1443,0.0874,0.0530,0.2202,0.0407,0.1292,0.1128,0.0189,0.1308,0.1572,0.0930,0.2381,0.1125,0.0000,14.03,10.1791,-13.7596,5.1679
1705297524.7333,0.0895,0.0842,0.0581,0.0259,0.1707,0.1190,0.0667,0.0791,0.2342,0.4436,0.3827,-0.1962,0.6949,0.0281,0.0329,0.1880,0.0333,0.1416,0.0163,0.0451,0.0577,0.1095,0.0919,0.0883,0.0875,0.1344,0.0600,0.0712,0.1037,0.1058,0.1351,0.1365,0.1268,0.0000,16.41,21.0898,-15.0051,3.7780
1705297524.8000,0.0821,0.0801,0.0619,0.0217,0.1619,0.1254,0.0826,0.0773,0.2433,0.4382,0.3782,-0.1608,0.7129,0.0883,0.0861,0.1459,0.0383,0.0856,0.0622,0.0330,0.0561,0.1091,0.0781,0.1078,0.1292,0.0888,0.1371,0.0912,0.1178,0.2064,0.1189,0.0745,0.0566,0.0000,17.19,-6.5693,14.1478,-1.4880
1705297524.8667,0.0521,0.0847,0.0510,0.0183,0.1556,0.1383,0.0727,0.0792,0.2325,0.4693,0.4126,-0.1550,0.7451,0.0680,0.0180,0.0846,0.0483,0.0334,0.0000,0.0285,0.0944,0.0855,0.0887,0.0647,0.0753,0.0194,0.1019,0.0000,0.1682,0.1261,0.1023,0.1417,0.1028,0.0000,10.18,5.7878,-3.3192,-4.3778
1705297524.9333,0.0579,0.0685,0.0363,0.0168,0.1429,0.1511,0.0754,0.0840,0.2073,0.4959,0.3671,-0.1894,0.6959,0.0850,0.0185,0.2002,0.0491,0.0608,0.0335,0.0332,0.1497,0.1141,0.0427,0.1254,0.1119,0.1318,0.0773,0.0570,0.1315,0.1069,0.1909,0.1232,0.0341,0.0000,19.71,10.0829,-10.9069,-1.9141
1705297525.0000,0.0536,0.0813,0.0396,0.0295,0.1256,0.1583,0.0773,0.0785,0.2298,0.4760,0.3787,-0.2020,0.7877,0.0794,0.0335,0.0973,0.0516,0.0983,0.0042,0.0907,0.1904,0.0589,0.1055,0.0295,0.0752,0.0780,0.1194,0.0166,0.0922,0.1165,0.0415,0.1125,0.1350,0.0000,13.85,7.5950,3.1510,-0.1665
1705297525.0667,0.0668,0.0730,0.0406,0.0248,0.1444,0.1526,0.0721,0.0723,0.2213,0.4793,0.3677,-0.1661,0.7533,0.0929,0.0000,0.1499,0.0275,0.1506,0.0000,0.0832,0.1411,0.0940,0.0620,0.1032,0.0000,0.0514,0.1764,0.0511,0.1454,0.0314,0.0658,0.1140,0.0290,0.0000,14.41,-10.5290,-5.0581,-2.5255
1705297525.1333,0.0688,0.0693,0.0374,0.0327,0.1325,0.1511,0.0634,0.0676,0.2125,0.4988,0.3889,-0.2282,0.7613,0.0748,0.0040,0.1500,0.0654,0.0362,0.0377,0.0000,0.0697,0.0000,0.1471,0.0946,0.1199,0.1055,0.1264,0.0205,0.1171,0.0771,0.1646,0.1378,0.0712,0.0000,16.05,23.0378,-6.9699,1.3144
1705297525.2000,0.0740,0.0638,0.0376,0.0249,0.1366,0.1696,0.0846,0.0654,0.1894,0.4925,0.3829,-0.1797,0.7171,0.1523,0.0995,0.0887,0.0530,0.0683,0.0000,0.0323,0.0797,0.0674,0.0610,0.0518,0.1366,0.0971,0.0934,0.0518,0.0000,0.0738,0.1130,0.1156,0.0297,0.0000,20.26,13.4723,3.8865,9.9835
1705297525.2667,0.0840,0.0726,0.0432,0.0302,0.1612,0.1736,0.0943,0.0659,0.2012,0.4442,0.3565,-0.0814,0.6672,0.1564,0.0612,0.1341,0.0935,0.0988,0.0113,0.0915,0.1845,0.1400,0.0763,0.1277,0.1960,0.0433,0.1623,0.0384,0.0127,0.0318,0.1365,0.1207,0.1378,0.0000,16.25,-3.9384,10.2921,-1.8624
1705297525.3333,0.0862,0.0604,0.0473,0.0196,0.1492,0.1765,0.0860,0.0581,0.2108,0.4635,0.3135,-0.1056,0.6534,0.1063,0.0000,0.1538,0.0604,0.1284,0.0685,0.0658,0.0788,0.1077,0.1368,0.2013,0.1750,0.1151,0.1776,0.0559,0.2092,0.1106,0.0978,0.1714,0.0492,0.0000,13.67,-0.0754,-5.0403,-1.0434
1705297525.4000,0.1055,0.0697,0.0439,0.0357,0.1605,0.1481,0.0795,0.0559,0.2397,0.4369,0.3782,-0.0724,0.6716,0.1287,0.0174,0.1584,0.0077,0.0654,0.0129,0.0449,0.1590,0.1289,0.0952,0.1305,0.1010,0.2120,0.1201,0.0000,0.0925,0.1694,0.0532,0.1369,0.1292,0.0000,18.49,13.2680,3.8646,-7.1165
1705297525.4667,0.1024,0.0754,0.0432,0.0408,0.1711,0.1524,0.0866,0.0510,0.2407,0.4219,0.3507,-0.1095,0.7285,0.0821,0.0876,0.1730,0.0527,0.0884,0.0167,0.1113,0.1888,0.0262,0.0779,0.0579,0.0615,0.1239,0.1531,0.0089,0.0472,0.1134,0.0996,0.1208,0.0893,0.0000,11.78,21.5875,-3.2696,-3.6428
1705297525.5333,0.1043,0.0769,0.0477,0.0448,0.1515,0.1615,0.0782,0.0339,0.2394,0.4371,0.3103,-0.1083,0.6897,0.1059,0.1278,0.1852,0.0450,0.0000,0.0164,0.0262,0.1378,0.1409,0.1337,0.1407,0.0316,0.0000,0.0766,0.0000,0.0455,0.0464,0.1042,0.0692,0.1135,0.0000,18.73,12.1596,-14.6445,-3.4957
1705297525.6000,0.0872,0.0833,0.0497,0.0468,0.1491,0.1722,0.0800,0.0451,0.2618,0.4150,0.2356,-0.1341,0.6663,0.1752,0.0443,0.1599,0.0000,0.0751,0.0418,0.0392,0.2002,0.0616,0.1334,0.0102,0.1809,0.1346,0.1053,0.0754,0.1244,0.0787,0.1376,0.0475,0.1537,0.0000,13.46,17.2802,-4.6011,-6.3165
1705297525.6667,0.1225,0.0862,0.0579,0.0568,0.1746,0.1717,0.0719,0.0513,0.2883,0.3513,0.3138,-0.1868,0.6725,0.0770,0.0386,0.2091,0.0717,0.1252,0.0389,0.0623,0.1635,0.0949,0.0267,0.1292,0.0641,0.1175,0.0538,0.0186,0.0513,0.0834,0.0780,0.2540,0.1349,0.0000,12.24,2.1899,12.4211,0.3506
1705297525.7333,0.0979,0.0953,0.0663,0.0567,0.1695,0.1683,0.0398,0.0554,0.2604,0.3942,0.3533,-0.1225,0.6411,0.0669,0.0717,0.1888,0.0813,0.1186,0.0446,0.0542,0.1232,0.2005,0.0675,0.0847,0.0387,0.0275,0.1706,0.0558,0.0575,0.0715,0.1246,0.1034,0.0464,0.0000,16.34,0.6826,-15.4231,1.4088
1705297525.8000,0.1087,0.0920,0.0634,0.0608,0.1296,0.1726,0.0384,0.0537,0.2327,0.4288,0.3808,-0.0753,0.6225,0.1546,0.0610,0.2015,0.0463,0.1346,0.0934,0.0914,0.1312,0.0804,0.1680,0.1128,0.0699,0.0541,0.0981,0.0484,0.0000,0.1555,0.0682,0.0000,0.1006,0.0000,17.90,20.8243,2.3188,1.0668
1705297525.8667,0.1165,0.0795,0.0554,0.0594,0.1487,0.1898,0.0445,0.0552,0.2057,0.4272,0.3477,-0.0410,0.6705,0.2021,0.0000,0.2060,0.0132,0.0877,0.0593,0.0322,0.1479,0.2213,0.0767,0.1430,0.1740,0.1123,0.1175,0.0072,0.0864,0.1166,0.1246,0.1493,0.0590,0.0000,14.93,-1.2185,1.5277,1.0228
1705297525.9333,0.1079,0.0824,0.0612,0.0686,0.1251,0.1967,0.0540,0.0584,0.2094,0.4218,0.3295,0.0342,0.6413,0.0871,0.0532,0.1550,0.0587,0.1142,0.0414,0.0795,0.0829,0.1380,0.1354,0.0705,0.1208,0.1372,0.1277,0.0000,0.1292,0.1550,0.0218,0.2015,0.1141,1.0000,11.53,11.0489,-3.0675,10.0370
1705297526.0000,0.1259,0.0858,0.0669,0.0551,0.1580,0.1905,0.0372,0.0593,0.2032,0.4109,0.2964,-0.0237,0.6595,0.1906,0.0628,0.1755,0.0287,0.0825,0.0696,0.0427,0.1716,0.0306,0.1209,0.0259,0.1893,0.1445,0.0995,0.0000,0.0841,0.0798,0.0565,0.0283,0.0082,0.0000,19.14,22.5902,-8.5054,-2.3832
1705297526.0667,0.1167,0.0795,0.0459,0.0467,0.1972,0.1883,0.0495,0.0727,0.1907,0.4077,0.3216,-0.0164,0.6804,0.0378,0.0158,0.1384,0.0432,0.1664,0.0428,0.0000,0.1171,0.1006,0.1451,0.0489,0.1222,0.1034,0.1521,0.0367,0.1123,0.0761,0.1809,0.1617,0.0372,0.0000,13.03,6.5599,1.6724,6.6658
1705297526.1333,0.1187,0.0839,0.0481,0.0570,0.1729,0.1937,0.0448,0.0604,0.2050,0.4094,0.3799,-0.0572,0.7424,0.1104,0.0451,0.1141,0.0000,0.1650,0.0764,0.0687,0.0730,0.0028,0.1244,0.1010,0.1490,0.0703,0.1735,0.0472,0.0900,0.0257,0.1302,0.1828,0.0877,0.0000,15.89,-1.6514,-5.4163,-6.3160
1705297526.2000,0.1012,0.0700,0.0439,0.0466,0.1959,0.1912,0.0295,0.0632,0.2057,0.4316,0.4054,-0.0832,0.7307,0.1244,0.0485,0.1286,0.0512,0.0821,0.0836,0.0691,0.1553,0.1889,0.1338,0.1050,0.0966,0.1393,0.0835,0.0374,0.1256,0.1043,0.0704,0.1273,0.0898,0.0000,12.83,2.3158,7.2080,-1.4436
1705297526.2667,0.0947,0.0699,0.0482,0.0489,0.2237,0.1905,0.0488,0.0641,0.2155,0.3975,0.4150,-0.1737,0.7319,0.0860,0.0227,0.1227,0.0000,0.1657,0.0000,0.0392,0.0514,0.1029,0.1606,0.1463,0.0946,0.1288,0.1356,0.0468,0.1137,0.1272,0.0622,0.1901,0.1557,0.0000,17.40,5.5953,-2.5491,2.0481
1705297526.3333,0.0996,0.0765,0.0422,0.0414,0.2423,0.1688,0.0286,0.0703,0.2295,0.4005,0.3896,-0.1137,0.7288,0.0533,0.0000,0.2248,0.0351,0.0760,0.0085,0.1014,0.1260,0.1252,0.0719,0.0790,0.0229,0.0357,0.0305,0.0000,0.0631,0.1011,0.1250,0.2008,0.1515,0.0000,14.30,14.0351,-1.3935,-3.2537
1705297526.4000,0.0967,0.0843,0.0459,0.0517,0.2321,0.1656,0.0177,0.0338,0.2168,0.4332,0.4337,-0.1118,0.7237,0.1684,0.0000,0.1812,0.0544,0.1496,0.1148,0.0781,0.0983,0.1614,0.0899,0.1380,0.0070,0.1202,0.1511,0.0000,0.1897,0.0471,0.0636,0.1877,0.1319,0.0000,17.92,-0.5292,-6.2914,-1.5776
1705297526.4667,0.0800,0.0853,0.0537,0.0556,0.1803,0.1702,0.0361,0.0401,0.2210,0.4467,0.4454,-0.1971,0.7158,0.1581,0.0158,0.2055,0.0241,0.1123,0.0496,0.0139,0.1016,0.1596,0.0711,0.0552,0.1417,0.0711,0.0742,0.0190,0.0377,0.0306,0.1429,0.0699,0.0803,0.0000,16.53,-9.8291,17.3897,-1.8814
1705297526.5333,0.0768,0.0868,0.0440,0.0374,0.1759,0.1583,0.0699,0.0634,0.2220,0.4393,0.4582,-0.1510,0.7306,0.0765,0.0656,0.1789,0.0415,0.1146,0.0178,0.0368,0.0540,0.0608,0.1073,0.1348,0.0000,0.0587,0.0982,0.0413,0.1073,0.0785,0.0956,0.1992,0.1305,0.0000,18.93,4.8029,-3.2197,5.3008
1705297526.6000,0.0800,0.0976,0.0471,0.0358,0.1873,0.1456,0.0576,0.0657,0.2150,0.4410,0.4197,-0.1352,0.7359,0.0840,0.0872,0.0981,0.0000,0.1055,0.0768,0.0718,0.1261,0.0000,0.0935,0.2200,0.1033,0.2013,0.1342,0.0454,0.1840,0.1051,0.0994,0.2413,0.1044,0.0000,12.89,1.4464,-3.1203,5.3083
1705297526.6667,0.0795,0.0897,0.0422,0.0291,0.1612,0.1450,0.0748,0.0687,0.2298,0.4480,0.3750,-0.1371,0.6702,0.1031,0.0810,0.2225,0.0803,0.1464,0.0127,0.0167,0.1108,0.1003,0.1183,0.1499,0.1751,0.1220,0.1095,0.0034,0.1120,0.0676,0.0899,0.1738,0.0723,0.0000,13.50,13.2327,1.1735,6.8965
1705297526.7333,0.0744,0.0671,0.0487,0.0396,0.1680,0.1313,0.0685,0.0595,0.2414,0.4609,0.4459,-0.1448,0.6396,0.1058,0.0505,0.1974,0.1011,0.0998,0.0145,0.0000,0.1742,0.1700,0.0647,0.0878,0.0820,0.1236,0.1254,0.0174,0.1252,0.0849,0.1444,0.1154,0.0390,0.0000,16.73,5.1735,11.2510,-11.2979
1705297526.8000,0.0668,0.0521,0.0468,0.0449,0.1583,0.1200,0.1018,0.0543,0.2502,0.4629,0.4583,-0.1843,0.6715,0.1087,0.0868,0.1620,0.0697,0.0840,0.0258,0.0137,0.0360,0.0842,0.0616,0.1160,0.0926,0.0795,0.0765,0.0819,0.1359,0.1213,0.1246,0.1954,0.1083,0.0000,16.71,5.2743,-9.0295,-1.8463
1705297526.8667,0.0565,0.0459,0.0537,0.0304,0.1772,0.1191,0.1109,0.0329,0.2369,0.4819,0.4473,-0.0794,0.6310,0.1014,0.0900,0.0957,0.0738,0.1295,0.0473,0.0492,0.0291,0.1967,0.1053,0.0166,0.0284,0.1318,0.0979,0.1213,0.1370,0.2198,0.0922,0.2178,0.0460,1.0000,12.82,6.2472,-1.4984,10.1006
1705297526.9333,0.0732,0.0746,0.0611,0.0222,0.1809,0.0888,0.0911,0.0395,0.2313,0.4823,0.4270,-0.1179,0.6291,0.0599,0.0802,0.2248,0.1122,0.0968,0.0484,0.0746,0.1484,0.1895,0.0367,0.1137,0.1586,0.1305,0.1121,0.0693,0.0050,0.0837,0.1239,0.1173,0.1568,0.0000,14.17,-1.7344,-5.2769,-6.2640
1705297527.0000,0.0639,0.0864,0.0589,0.0196,0.1734,0.0956,0.1121,0.0474,0.2534,0.4535,0.4761,-0.1724,0.6150,0.1107,0.0772,0.1294,0.0965,0.1322,0.0101,0.0535,0.0473,0.1407,0.0642,0.0838,0.1519,0.1109,0.1126,0.0562,0.1964,0.1548,0.0318,0.1813,0.0054,0.0000,10.40,4.8419,15.8018,1.3811
1705297527.0667,0.0739,0.0864,0.0565,0.0319,0.1574,0.1084,0.0993,0.0329,0.2541,0.4595,0.5101,-0.2302,0.6796,0.0794,0.0967,0.1463,0.0000,0.1227,0.0069,0.0480,0.1212,0.0162,0.0409,0.0909,0.0493,0.1649,0.0761,0.0477,0.1177,0.1265,0.0534,0.0855,0.1265,0.0000,14.65,2.8675,-10.2923,11.6564
1705297527.1333,0.0640,0.0822,0.0557,0.0247,0.1792,0.1277,0.1285,0.0442,0.2402,0.4321,0.5325,-0.1576,0.7829,0.0594,0.1205,0.1403,0.0638,0.0565,0.0348,0.0546,0.1283,0.0908,0.0948,0.2313,0.0814,0.0148,0.1048,0.1233,0.0484,0.0929,0.1378,0.1838,0.0800,0.0000,11.96,10.9640,3.7515,-2.2238
1705297527.2000,0.0742,0.0604,0.0550,0.0255,0.1795,0.1266,0.1086,0.0525,0.2401,0.4466,0.5603,-0.1114,0.8103,0.0805,0.0692,0.1513,0.0750,0.1353,0.0928,0.0000,0.1202,0.1302,0.0276,0.0518,0.0948,0.1093,0.1024,0.0842,0.0312,0.1270,0.1654,0.2529,0.0570,0.0000,15.68,-2.6912,1.4800,1.0962
1705297527.2667,0.0682,0.0600,0.0488,0.0289,0.1644,0.1335,0.1007,0.0633,0.2430,0.4535,0.5057,-0.1137,0.8008,0.0466,0.0701,0.1603,0.0462,0.1168,0.0440,0.0718,0.1020,0.0730,0.0856,0.0953,0.1232,0.0488,0.0914,0.0581,0.0751,0.0271,0.1635,0.0863,0.2311,0.0000,18.60,0.1683,11.3934,-7.1892
1705297527.3333,0.0683,0.0551,0.0515,0.0420,0.1524,0.1469,0.1119,0.0919,0.2258,0.4325,0.4972,-0.0585,0.7747,0.0667,0.1008,0.0791,0.0890,0.1036,0.0405,0.0614,0.1652,0.1595,0.0342,0.1458,0.0964,0.0910,0.1579,0.0946,0.0583,0.0940,0.0358,0.0646,0.1071,0.0000,6.55,-11.9325,-0.9243,-3.2113
1705297527.4000,0.0829,0.0564,0.0472,0.0517,0.1102,0.1298,0.0811,0.0755,0.2427,0.4735,0.5326,-0.1104,0.7408,0.1413,0.0397,0.1549,0.0650,0.0722,0.0280,0.0944,0.0843,0.0000,0.1518,0.1822,0.1004,0.0881,0.2038,0.0529,0.1832,0.0456,0.1379,0.0778,0.0893,0.0000,14.95,10.7267,-1.9002,-0.3868
1705297527.4667,0.0839,0.0709,0.0518,0.0692,0.1257,0.1250,0.0628,0.0729,0.2404,0.4586,0.4760,-0.0259,0.7033,0.0858,0.0335,0.1204,0.0736,0.0907,0.0009,0.0525,0.0890,0.1734,0.0977,0.0420,0.0663,0.0915,0.0807,0.0014,0.1212,0.0521,0.1127,0.0455,0.1390,0.0000,11.08,13.5572,-23.1717,-5.4826
1705297527.5333,0.0686,0.0842,0.0498,0.0547,0.1268,0.1284,0.0645,0.0715,0.2385,0.4677,0.4744,-0.0541,0.6673,0.0643,0.0292,0.1864,0.0329,0.0511,0.0153,0.0905,0.2018,0.0082,0.0409,0.0860,0.2502,0.0358,0.1300,0.0670,0.1501,0.0896,0.1333,0.1130,0.0485,0.0000,14.86,-3.2749,0.3733,-3.2101
1705297527.6000,0.0707,0.0770,0.0490,0.0404,0.1275,0.1344,0.0310,0.0643,0.2265,0.5075,0.4639,-0.0473,0.6838,0.1407,0.0028,0.1259,0.0513,0.0684,0.0688,0.0610,0.1408,0.1494,0.0671,0.0304,0.1297,0.1385,0.1319,0.0057,0.0748,0.0724,0.1108,0.0782,0.1305,0.0000,14.08,7.7345,-6.8372,-6.1823
1705297527.6667,0.0744,0.0773,0.0459,0.0395,0.1145,0.1383,0.0271,0.0695,0.2286,0.5109,0.4778,0.0182,0.6972,0.1724,0.0246,0.1690,0.0507,0.0525,0.0097,0.0852,0.0626,0.1329,0.1358,0.0919,0.1430,0.0890,0.1420,0.0000,0.0911,0.0783,0.1395,0.1507,0.0000,0.0000,14.42,21.3107,1.1951,-2.6580
1705297527.7333,0.0807,0.0680,0.0523,0.0408,0.1396,0.1442,0.0458,0.0798,0.2453,0.4622,0.5083,0.0830,0.6926,0.0753,0.0574,0.2038,0.0041,0.0954,0.0868,0.0729,0.0559,0.0601,0.1388,0.1788,0.0338,0.0834,0.1141,0.0285,0.1183,0.0155,0.1360,0.0764,0.0628,0.0000,19.31,7.5556,3.9606,-2.0756
1705297527.8000,0.1025,0.0664,0.0514,0.0361,0.1685,0.1352,0.0404,0.0710,0.2876,0.4246,0.4448,0.0571,0.6875,0.0577,0.0000,0.2546,0.0289,0.0932,0.0141,0.0220,0.0520,0.0822,0.0159,0.0348,0.0495,0.1236,0.0658,0.0000,0.1168,0.0426,0.0235,0.1452,0.0579,0.0000,17.36,4.4091,-16.0996,0.9429
1705297527.8667,0.0909,0.0740,0.0545,0.0319,0.1821,0.1208,0.0403,0.0718,0.2680,0.4393,0.4646,0.0938,0.7102,0.0524,0.0066,0.1171,0.1094,0.1037,0.0256,0.0747,0.0679,0.0793,0.0830,0.0565,0.0763,0.0759,0.1855,0.0000,0.0984,0.0969,0.1685,0.1168,0.0412,0.0000,16.83,8.8194,-3.5553,11.5746
1705297527.9333,0.0878,0.0572,0.0472,0.0336,0.1637,0.1257,0.0296,0.0610,0.2593,0.4810,0.4228,-0.0039,0.7187,0.1088,0.0143,0.2194,0.0304,0.0000,0.0393,0.0323,0.1702,0.1077,0.0676,0.2094,0.1492,0.0576,0.1491,0.0257,0.0725,0.0817,0.1570,0.1480,0.1041,0.0000,20.08,-8.3320,1.3068,1.3403
1705297528.0000,0.0936,0.0591,0.0536,0.0310,0.1662,0.1560,0.0359,0.0585,0.2674,0.4472,0.4056,-0.0638,0.7119,0.1089,0.0000,0.1998,0.0090,0.1405,0.0771,0.0788,0.0503,0.1625,0.0849,0.0801,0.0694,0.1974,0.0772,0.0090,0.1921,0.1270,0.0531,0.2028,0.0000,0.0000,10.86,1.5787,4.5323,-7.9793
1705297528.0667,0.1049,0.0784,0.0532,0.0303,0.1679,0.1718,0.0549,0.0683,0.2681,0.4015,0.4235,-0.1026,0.7871,0.0055,0.0000,0.1919,0.0100,0.1287,0.0968,0.0667,0.0848,0.0000,0.0909,0.0690,0.1272,0.1295,0.1632,0.0000,0.1669,0.1881,0.1138,0.1155,0.0708,0.0000,14.76,14.9257,-11.3180,0.2008
1705297528.1333,0.0982,0.0875,0.0538,0.0542,0.1638,0.1706,0.0592,0.0713,0.2467,0.3969,0.4715,-0.1140,0.8350,0.0835,0.0250,0.1860,0.0152,0.1542,0.0589,0.0000,0.0354,0.0000,0.1425,0.0278,0.0729,0.1656,0.0377,0.0000,0.1192,0.1211,0.0862,0.1924,0.1427,0.0000,17.23,5.6397,-7.7951,-4.1082
1705297528.2000,0.1102,0.0794,0.0560,0.0461,0.1646,0.1647,0.0472,0.0651,0.2507,0.4096,0.4936,-0.1567,0.7921,0.1207,0.0426,0.1408,0.0344,0.1104,0.0000,0.0380,0.1672,0.1690,0.0620,0.0473,0.0755,0.0444,0.0982,0.0838,0.0131,0.0410,0.0621,0.0986,0.1454,0.0000,11.77,4.9277,-6.6169,4.5565
1705297528.2667,0.0921,0.0715,0.0448,0.0366,0.1405,0.1681,0.0438,0.0732,0.2682,0.4367,0.4670,-0.2828,0.7610,0.0767,0.0733,0.1669,0.0280,0.1032,0.0355,0.0595,0.0658,0.1291,0.1173,0.1215,0.1299,0.1552,0.1276,0.0000,0.0245,0.1204,0.0460,0.1557,0.1387,0.0000,9.20,10.3547,-3.1905,0.6531
1705297528.3333,0.0862,0.0710,0.0440,0.0454,0.1736,0.1542,0.0452,0.0728,0.2652,0.4254,0.4161,-0.1902,0.7159,0.1229,0.0339,0.1191,0.0319,0.0594,0.0568,0.0000,0.0582,0.1671,0.0488,0.1054,0.1398,0.1193,0.0799,0.0361,0.0860,0.0806,0.1557,0.1768,0.1584,0.0000,10.61,17.3074,5.1866,9.5557
1705297528.4000,0.0817,0.0705,0.0412,0.0619,0.1763,0.1517,0.0612,0.0755,0.2590,0.4127,0.4438,-0.2347,0.7256,0.1439,0.1366,0.2086,0.0639,0.1078,0.0371,0.0642,0.0366,0.2025,0.1022,0.0298,0.1057,0.1347,0.1509,0.0677,0.1468,0.0530,0.0266,0.1566,0.0430,0.0000,15.41,-1.7350,19.5404,2.9913
1705297528.4667,0.0418,0.0601,0.0449,0.0629,0.2046,0.1354,0.0475,0.0606,0.2610,0.4488,0.3977,-0.1882,0.7086,0.1046,0.0000,0.0887,0.0000,0.1377,0.0095,0.0674,0.0017,0.0745,0.0815,0.1563,0.1550,0.1673,0.0706,0.0073,0.1262,0.1128,0.0884,0.1066,0.1411,0.0000,20.32,10.5519,-3.8955,-0.7100
1705297528.5333,0.0489,0.0644,0.0363,0.0627,0.1780,0.1390,0.0515,0.0737,0.2419,0.4621,0.3585,-0.1072,0.7046,0.0731,0.1028,0.1321,0.0426,0.0873,0.0344,0.0472,0.0761,0.1371,0.0723,0.0000,0.1312,0.1150,0.1027,0.0000,0.0990,0.0989,0.0688,0.0204,0.1115,0.0000,12.89,11.8782,7.0014,-8.9627
1705297528.6000,0.0523,0.0592,0.0374,0.0595,0.1610,0.1379,0.0695,0.0687,0.2257,0.4773,0.4451,-0.1174,0.7376,0.1131,0.0988,0.1305,0.0268,0.0489,0.0057,0.0806,0.1636,0.1650,0.0633,0.0544,0.1570,0.0490,0.1612,0.0303,0.0731,0.1883,0.1230,0.1307,0.0596,0.0000,15.21,13.9892,1.8962,3.7897
1705297528.6667,0.0415,0.0601,0.0220,0.0470,0.1263,0.1496,0.0666,0.0813,0.2196,0.5116,0.3419,-0.0792,0.7642,0.1041,0.0055,0.1692,0.0437,0.1134,0.0438,0.0419,0.0461,0.0328,0.1083,0.1289,0.1341,0.0738,0.1673,0.0448,0.0755,0.0514,0.0397,0.1046,0.1174,0.0000,16.36,-3.0275,6.0412,-8.6046
1705297528.7333,0.0438,0.0568,0.0143,0.0546,0.1027,0.1426,0.0515,0.0754,0.2440,0.5286,0.3394,-0.1234,0.7426,0.1514,0.0130,0.1290,0.0162,0.0612,0.0203,0.0082,0.0797,0.1060,0.0920,0.1437,0.1304,0.0470,0.1418,0.0000,0.1689,0.0000,0.2241,0.1322,0.0972,1.0000,19.46,-3.5728,6.9086,-7.6761
1705297528.8000,0.0654,0.0755,0.0211,0.0498,0.1197,0.1447,0.0469,0.0642,0.2439,0.5014,0.3304,-0.0523,0.7257,0.1914,0.0336,0.1820,0.0459,0.0000,0.0518,0.0189,0.1017,0.0888,0.0917,0.1103,0.1409,0.0884,0.1243,0.0000,0.1323,0.1423,0.0506,0.0670,0.0210,0.0000,11.59,-1.2871,24.7195,4.5074
1705297528.8667,0.0643,0.0827,0.0310,0.0453,0.1494,0.1569,0.0347,0.0577,0.2456,0.4795,0.3689,-0.0946,0.6513,0.1704,0.0774,0.1237,0.0000,0.1129,0.0286,0.0595,0.0956,0.0565,0.0964,0.1285,0.1255,0.0454,0.1027,0.0468,0.1178,0.0869,0.1867,0.0920,0.0730,0.0000,16.07,6.5324,15.1487,8.6027
1705297528.9333,0.0855,0.0698,0.0352,0.0463,0.1427,0.1568,0.0517,0.0662,0.2494,0.4579,0.4441,-0.1615,0.6958,0.1364,0.0154,0.2217,0.0159,0.0444,0.0000,0.0000,0.1211,0.0767,0.0883,0.0150,0.0777,0.0000,0.1059,0.0663,0.1362,0.1396,0.1771,0.0000,0.1525,0.0000,10.17,0.6906,-0.3741,-7.2664
1705297529.0000,0.0856,0.0723,0.0359,0.0444,0.1268,0.1623,0.0621,0.0512,0.2192,0.4841,0.4598,-0.1869,0.6251,0.1674,0.0439,0.2503,0.0297,0.0802,0.0182,0.0126,0.0958,0.1408,0.0476,0.0316,0.1768,0.0167,0.0806,0.0180,0.1257,0.0825,0.0638,0.1278,0.0820,0.0000,15.69,13.2195,9.1544,0.7584
1705297529.0667,0.0901,0.0730,0.0356,0.0541,0.1393,0.1601,0.0683,0.0517,0.2311,0.4580,0.4528,-0.1039,0.6984,0.1364,0.0203,0.1516,0.0360,0.0744,0.0413,0.0154,0.0328,0.1780,0.1502,0.2428,0.1108,0.1055,0.0130,0.0529,0.1521,0.1667,0.1139,0.1720,0.1724,0.0000,23.34,10.5525,-10.7956,1.6554
1705297529.1333,0.0999,0.0647,0.0333,0.0439,0.1365,0.1493,0.0773,0.0580,0.2114,0.4754,0.4332,-0.0285,0.7284,0.1852,0.0000,0.1184,0.0808,0.1042,0.0710,0.0576,0.0996,0.1302,0.0680,0.0731,0.1004,0.1227,0.1404,0.0170,0.0815,0.1660,0.1375,0.0564,0.0652,0.0000,12.63,5.4573,6.5725,12.7072
1705297529.2000,0.0984,0.0815,0.0390,0.0394,0.1450,0.1546,0.0854,0.0417,0.1946,0.4723,0.4285,0.0424,0.7457,0.1278,0.0000,0.1517,0.0763,0.0993,0.0772,0.0604,0.0495,0.1052,0.1184,0.0632,0.0638,0.1015,0.0609,0.0647,0.1303,0.0970,0.0944,0.0516,0.1317,0.0000,16.42,10.0583,-5.4338,-4.9052
1705297529.2667,0.1008,0.0957,0.0435,0.0568,0.1384,0.1543,0.0724,0.0620,0.2078,0.4410,0.4181,-0.0120,0.6946,0.1328,0.0598,0.0822,0.0501,0.1140,0.0506,0.1072,0.0723,0.1511,0.1094,0.0892,0.0509,0.0938,0.0821,0.0197,0.0551,0.0730,0.1180,0.1250,0.1562,0.0000,13.99,3.6495,3.1489,8.1642
1705297529.3333,0.0966,0.0817,0.0477,0.0427,0.1643,0.1486,0.0707,0.0481,0.1987,0.4605,0.3917,0.0151,0.6827,0.1064,0.0882,0.1826,0.0664,0.1152,0.0831,0.0711,0.1189,0.0694,0.0816,0.1237,0.0103,0.0862,0.0621,0.0000,0.0943,0.1606,0.0700,0.1320,0.0427,0.0000,18.06,4.0003,-0.3458,2.1604
1705297529.4000,0.0985,0.0788,0.0413,0.0335,0.1542,0.1600,0.0981,0.0508,0.1793,0.4633,0.3542,0.0343,0.6718,0.1082,0.0804,0.1245,0.0371,0.0719,0.0947,0.0785,0.1691,0.0810,0.0683,0.1513,0.1118,0.0831,0.0833,0.0612,0.1127,0.1691,0.0724,0.0162,0.0216,0.0000,12.53,-3.7281,-9.5278,-7.9035
1705297529.4667,0.0900,0.0821,0.0465,0.0437,0.1728,0.1450,0.0991,0.0333,0.1730,0.4688,0.3905,0.0163,0.6577,0.0694,0.0002,0.1175,0.0438,0.0709,0.0000,0.0787,0.0204,0.1502,0.1360,0.1048,0.1238,0.0169,0.1500,0.0836,0.0922,0.0888,0.1112,0.2018,0.1343,0.0000,20.40,4.8953,5.3742,-0.6106
1705297529.5333,0.0981,0.0759,0.0521,0.0626,0.1793,0.1455,0.0971,0.0196,0.2066,0.4379,0.3610,0.0187,0.6141,0.0646,0.1054,0.1960,0.0881,0.1252,0.1121,0.1154,0.1212,0.0612,0.0930,0.0804,0.1559,0.1259,0.1515,0.0186,0.0694,0.0928,0.0996,0.1682,0.1452,0.0000,14.72,7.5215,12.1684,-4.2257
1705297529.6000,0.0880,0.0748,0.0421,0.0643,0.1756,0.1559,0.0758,0.0207,0.2191,0.4502,0.3765,-0.0051,0.6318,0.1159,0.0515,0.1544,0.0727,0.1141,0.0836,0.0000,0.1628,0.0060,0.0242,0.0142,0.1975,0.0868,0.1537,0.0000,0.0776,0.0673,0.1777,0.1243,0.0817,1.0000,17.34,2.1848,-10.0185,-10.8617
1705297529.6667,0.1076,0.0780,0.0527,0.0696,0.1666,0.1552,0.0943,0.0210,0.2569,0.3989,0.3670,-0.0258,0.6443,0.2092,0.0273,0.2594,0.0660,0.0831,0.0811,0.1469,0.1232,0.0446,0.1379,0.1713,0.0845,0.1383,0.0934,0.0710,0.0201,0.0526,0.0935,0.1985,0.0422,0.0000,21.66,-5.5403,-1.0775,2.2196
1705297529.7333,0.1000,0.0817,0.0446,0.0627,0.1512,0.1732,0.1138,0.0180,0.2598,0.3970,0.4340,0.0127,0.6558,0.1425,0.0930,0.1957,0.1193,0.1038,0.0177,0.0048,0.0402,0.0803,0.0837,0.1323,0.1186,0.0792,0.0683,0.0752,0.0612,0.0525,0.0985,0.0748,0.1118,0.0000,16.56,2.1056,-1.6971,2.8071
1705297529.8000,0.0935,0.0894,0.0389,0.0538,0.1496,0.1848,0.1100,0.0114,0.2761,0.3955,0.3733,-0.0624,0.6443,0.0900,0.1423,0.1964,0.0627,0.1107,0.0295,0.0228,0.0777,0.0318,0.0462,0.0859,0.0855,0.0460,0.1778,0.0000,0.0418,0.1160,0.0899,0.0303,0.1137,0.0000,22.73,30.0000,20.9369,2.8659
1705297529.8667,0.0783,0.0889,0.0506,0.0643,0.1436,0.1899,0.1029,0.0132,0.2371,0.4188,0.3143,-0.1218,0.6032,0.1671,0.0865,0.1795,0.0174,0.0826,0.0157,0.0010,0.0880,0.0664,0.1187,0.1387,0.1450,0.1091,0.1747,0.0953,0.1163,0.0807,0.0907,0.1160,0.0735,0.0000,16.22,15.5526,16.0362,4.5240
1705297529.9333,0.0864,0.0822,0.0520,0.0653,0.1566,0.1784,0.0665,0.0083,0.2240,0.4481,0.3074,-0.1446,0.6097,0.1781,0.0497,0.1573,0.0724,0.0887,0.0967,0.0403,0.0966,0.0719,0.1209,0.0512,0.0970,0.0806,0.1268,0.0673,0.1052,0.0151,0.1385,0.1060,0.1902,1.0000,13.17,7.4770,-0.4829,-3.8490
1705297530.0000,0.0762,0.0960,0.0325,0.0622,0.1610,0.1571,0.0781,0.0167,0.2225,0.4587,0.2827,-0.1233,0.5975,0.0979,0.0629,0.1659,0.0060,0.0574,0.0966,0.0451,0.1678,0.0197,0.1166,0.0772,0.0709,0.1188,0.1599,0.0373,0.0822,0.1485,0.0695,0.2004,0.1154,1.0000,19.67,4.2252,-6.6233,10.1616
1705297530.0667,0.0796,0.0847,0.0287,0.0607,0.1359,0.1415,0.0743,0.0203,0.2568,0.4705,0.3024,-0.1656,0.6066,0.1642,0.0279,0.2324,0.0215,0.0641,0.0346,0.0503,0.1217,0.0724,0.0651,0.0775,0.0486,0.0874,0.0099,0.0347,0.0788,0.0402,0.0827,0.0596,0.2136,0.0000,14.06,5.3113,-9.2295,5.4079
1705297530.1333,0.0812,0.0919,0.0315,0.0790,0.1346,0.1242,0.0950,0.0035,0.2637,0.4573,0.3268,-0.1832,0.5814,0.1296,0.0653,0.0931,0.0905,0.0580,0.0089,0.0941,0.1795,0.1228,0.0775,0.0908,0.0720,0.1182,0.0851,0.0000,0.0342,0.0832,0.0510,0.1822,0.1303,0.0000,24.08,-5.2575,11.5584,1.3841
1705297530.2000,0.0703,0.0948,0.0317,0.0776,0.1067,0.1185,0.1063,0.0179,0.2708,0.4632,0.3595,-0.2316,0.6357,0.0964,0.0850,0.1693,0.0903,0.0359,0.0263,0.0695,0.0908,0.1528,0.0339,0.1087,0.0759,0.0848,0.0716,0.0518,0.1192,0.1313,0.1405,0.1311,0.1088,0.0000,14.05,-4.6391,10.2556,-1.0570
1705297530.2667,0.0837,0.0942,0.0442,0.0714,0.1225,0.1175,0.1163,0.0143,0.2715,0.4386,0.3585,-0.1733,0.5515,0.0862,0.0925,0.1909,0.0868,0.0707,0.0597,0.0386,0.0457,0.0348,0.0705,0.1337,0.0000,0.0802,0.1161,0.1179,0.1438,0.0186,0.0707,0.0503,0.1508,0.0000,10.03,3.9920,-17.7938,1.0432
1705297530.3333,0.0943,0.0928,0.0443,0.0663,0.1181,0.1085,0.1389,0.0285,0.2610,0.4284,0.3616,-0.1034,0.5782,0.0945,0.0721,0.2068,0.0728,0.0267,0.0608,0.0699,0.1086,0.1369,0.1100,0.1234,0.0835,0.1574,0.0599,0.0766,0.0651,0.0000,0.0902,0.1360,0.1002,0.0000,19.63,8.7339,9.4268,-0.4612
1705297530.4000,0.0856,0.0854,0.0525,0.0599,0.0808,0.1242,0.1313,0.0581,0.2762,0.4276,0.4496,-0.0912,0.6163,0.0436,0.0119,0.1605,0.1091,0.0173,0.0418,0.0301,0.0656,0.1635,0.0572,0.0000,0.1095,0.0998,0.0743,0.0000,0.0883,0.0000,0.0356,0.0000,0.0816,0.0000,13.94,5.1797,-13.5136,-1.5828
1705297530.4667,0.0830,0.0761,0.0524,0.0568,0.1028,0.1355,0.1248,0.0488,0.2729,0.4281,0.4746,-0.0882,0.6278,0.1658,0.1133,0.1566,0.0535,0.0464,0.0670,0.0844,0.0955,0.2199,0.0777,0.1288,0.0769,0.0942,0.0403,0.0551,0.0933,0.1821,0.1439,0.0154,0.1848,0.0000,16.31,4.6361,9.3090,6.3059
1705297530.5333,0.0890,0.0825,0.0384,0.0537,0.1074,0.1388,0.1327,0.0482,0.2552,0.4325,0.4737,-0.0778,0.6162,0.1459,0.0920,0.0979,0.0951,0.0221,0.0379,0.0203,0.0586,0.0827,0.0864,0.1114,0.1056,0.1353,0.0912,0.0758,0.0656,0.0591,0.0624,0.0713,0.1312,0.0000,11.97,-0.2533,5.9598,-9.6689
1705297530.6000,0.0927,0.0811,0.0257,0.0545,0.1029,0.1285,0.1219,0.0599,0.2681,0.4389,0.3573,-0.1012,0.6394,0.0891,0.0729,0.0907,0.1046,0.0972,0.0321,0.0710,0.0790,0.1884,0.0608,0.0035,0.1451,0.1363,0.0908,0.0734,0.1057,0.1687,0.0620,0.0139,0.0306,0.0000,15.51,9.1223,-2.1597,-3.9522
1705297530.6667,0.0998,0.0788,0.0279,0.0467,0.0848,0.1284,0.1190,0.0633,0.2731,0.4469,0.3432,-0.1626,0.6516,0.1769,0.0408,0.2050,0.0806,0.0612,0.0442,0.0750,0.0703,0.1157,0.0892,0.0800,0.1188,0.0334,0.1343,0.0230,0.0294,0.0691,0.1021,0.1197,0.2048,0.0000,8.77,13.2150,-0.8011,-2.9244
1705297530.7333,0.1118,0.0856,0.0297,0.0658,0.0849,0.1136,0.1071,0.0764,0.2517,0.4440,0.3763,-0.1371,0.6725,0.1971,0.0788,0.2130,0.0627,0.0862,0.0674,0.0555,0.1556,0.1325,0.0623,0.1132,0.2052,0.0856,0.1170,0.0700,0.0857,0.0945,0.0520,0.0017,0.0507,0.0000,18.89,11.4755,8.9504,-0.3009
1705297530.8000,0.1261,0.0807,0.0382,0.0668,0.1523,0.1270,0.0996,0.0707,0.2592,0.3877,0.3907,-0.1947,0.6522,0.1355,0.0975,0.2071,0.1018,0.0923,0.0329,0.0680,0.1580,0.1344,0.1175,0.1073,0.1270,0.1142,0.0785,0.0353,0.1321,0.1895,0.1026,0.0781,0.1449,0.0000,18.03,4.0098,-7.6222,0.8444
1705297530.8667,0.1131,0.0916,0.0481,0.0802,0.1585,0.1245,0.1336,0.0656,0.2566,0.3569,0.3566,-0.2191,0.5904,0.0981,0.0754,0.1729,0.0703,0.1031,0.0452,0.1097,0.2024,0.0388,0.0477,0.1510,0.1478,0.0131,0.1536,0.0764,0.0690,0.1390,0.0603,0.1332,0.0000,0.0000,13.64,1.9542,-2.0521,-1.0340
1705297530.9333,0.1419,0.0901,0.0508,0.0833,0.1706,0.1059,0.1343,0.0655,0.2587,0.3393,0.3822,-0.2805,0.6246,0.0618,0.0756,0.1274,0.0801,0.0486,0.0439,0.0705,0.0964,0.1882,0.0687,0.1383,0.1393,0.0978,0.0743,0.0561,0.1390,0.0505,0.1230,0.1799,0.1004,1.0000,13.17,14.5042,-28.7592,-1.1820
1705297531.0000,0.1523,0.0827,0.0444,0.0672,0.1490,0.1049,0.1136,0.0703,0.2467,0.3813,0.3230,-0.3001,0.6370,0.0909,0.1941,0.2065,0.0548,0.0764,0.0979,0.0164,0.1099,0.2067,0.1000,0.1443,0.0754,0.0762,0.1096,0.1062,0.0772,0.1461,0.0855,0.1600,0.0960,0.0000,23.09,-3.5859,-20.9269,2.3851
1705297531.0667,0.1433,0.0814,0.0496,0.0658,0.1343,0.1307,0.1283,0.0835,0.2440,0.3635,0.3405,-0.2501,0.7198,0.1430,0.0942,0.1980,0.0535,0.0815,0.0351,0.1043,0.2172,0.1179,0.0928,0.1354,0.0776,0.1223,0.1223,0.0433,0.0422,0.0906,0.0793,0.2206,0.0908,0.0000,16.43,5.4267,-1.1849,-12.8067
1705297531.1333,0.1433,0.0823,0.0407,0.0557,0.1255,0.1430,0.1139,0.0823,0.2458,0.3805,0.3297,-0.1626,0.7168,0.1526,0.0969,0.2211,0.0980,0.0494,0.1191,0.0995,0.1245,0.0572,0.0694,0.0850,0.0352,0.1418,0.2006,0.0383,0.1092,0.1845,0.0695,0.0389,0.0716,0.0000,14.69,9.1180,15.7522,3.6355
1705297531.2000,0.1285,0.0951,0.0452,0.0632,0.1673,0.1365,0.1005,0.1009,0.2339,0.3573,0.3576,-0.2042,0.7032,0.0486,0.0884,0.1462,0.0349,0.1582,0.0843,0.0895,0.1606,0.1835,0.1266,0.0106,0.0261,0.0656,0.0473,0.0938,0.2398,0.0445,0.0928,0.1728,0.1524,0.0000,22.01,11.4339,-4.1260,-0.0070
1705297531.2667,0.1072,0.0907,0.0589,0.0713,0.1645,0.1562,0.0764,0.0938,0.2394,0.3649,0.2897,-0.1003,0.7558,0.1158,0.0225,0.1865,0.0423,0.0604,0.0791,0.0324,0.1161,0.0811,0.0981,0.1335,0.1251,0.1836,0.0896,0.0328,0.1182,0.1031,0.0650,0.0893,0.0769,0.0000,15.16,4.5923,-7.0525,4.2688
1705297531.3333,0.0988,0.0951,0.0627,0.0553,0.1852,0.1422,0.0973,0.1031,0.2454,0.3489,0.2619,-0.1599,0.6723,0.1607,0.0123,0.1754,0.0521,0.0792,0.0448,0.0957,0.1249,0.1331,0.0976,0.1429,0.0978,0.1045,0.0771,0.0535,0.0524,0.0932,0.0661,0.0256,0.0568,0.0000,18.70,-7.7306,4.0142,5.9440
1705297531.4000,0.1070,0.0996,0.0575,0.0479,0.1925,0.1273,0.0986,0.0912,0.2440,0.3607,0.2630,-0.2475,0.6797,0.0528,0.0838,0.2074,0.0587,0.1336,0.0561,0.0447,0.0724,0.0743,0.1146,0.1586,0.0731,0.0452,0.1001,0.0692,0.0325,0.0809,0.0755,0.1577,0.1098,1.0000,13.32,11.4869,-5.7974,2.0491
1705297531.4667,0.0853,0.0939,0.0598,0.0690,0.1577,0.1104,0.0705,0.1049,0.2537,0.3968,0.3084,-0.3103,0.6938,0.0534,0.0503,0.1010,0.0685,0.1068,0.0241,0.0471,0.1832,0.1474,0.0815,0.0132,0.1129,0.1049,0.0989,0.0038,0.1036,0.1623,0.1609,0.1627,0.1821,0.0000,15.75,3.3315,-8.4244,8.1957
1705297531.5333,0.0716,0.0982,0.0575,0.0796,0.1961,0.1202,0.0696,0.1107,0.2461,0.3703,0.2737,-0.3048,0.6431,0.1376,0.0310,0.1224,0.0000,0.1102,0.0376,0.0345,0.1186,0.0000,0.0593,0.0755,0.0541,0.1877,0.0984,0.0000,0.0751,0.0243,0.0866,0.1756,0.1805,0.0000,19.78,-8.6262,-3.0180,-6.4425
1705297531.6000,0.0685,0.1093,0.0584,0.0850,0.1862,0.1280,0.0756,0.0981,0.2261,0.3788,0.2976,-0.2330,0.6478,0.1354,0.0514,0.1024,0.0206,0.1342,0.0344,0.0555,0.1033,0.0514,0.1014,0.1225,0.1526,0.0809,0.1365,0.0000,0.1215,0.1248,0.0728,0.0665,0.1426,0.0000,9.27,11.1354,9.6956,-4.3674
1705297531.6667,0.0665,0.1040,0.0671,0.0864,0.1867,0.1224,0.0606,0.0974,0.2083,0.4003,0.2747,-0.2914,0.6889,0.0547,0.0101,0.0268,0.0635,0.1141,0.0287,0.0876,0.1318,0.0561,0.0748,0.1202,0.0942,0.2179,0.1261,0.0525,0.1224,0.0430,0.1171,0.1347,0.0547,0.0000,14.12,5.7192,-4.6281,-1.8992
1705297531.7333,0.0610,0.1077,0.0661,0.0831,0.2349,0.1202,0.0514,0.0868,0.2336,0.3732,0.3507,-0.2883,0.6720,0.0187,0.0000,0.1423,0.0094,0.1685,0.0026,0.1096,0.1429,0.1889,0.1337,0.0744,0.0921,0.1870,0.1949,0.0000,0.1222,0.1157,0.0894,0.2300,0.0593,0.0000,18.27,10.1512,2.1969,5.0932
1705297531.8000,0.0702,0.1171,0.0703,0.0759,0.2271,0.1141,0.0513,0.0869,0.2274,0.3758,0.3525,-0.2253,0.6463,0.0641,0.0098,0.1399,0.0477,0.1474,0.0799,0.0498,0.0771,0.0504,0.1366,0.1212,0.2097,0.0999,0.1177,0.0336,0.0903,0.1604,0.0740,0.2072,0.1779,0.0000,18.18,10.2093,6.5895,-5.5036
1705297531.8667,0.0595,0.1086,0.0685,0.0724,0.1949,0.1260,0.0533,0.0700,0.2313,0.4094,0.3949,-0.2124,0.5875,0.1080,0.0132,0.1114,0.0422,0.0894,0.0000,0.0680,0.1385,0.0037,0.0749,0.1732,0.1617,0.0452,0.1143,0.0199,0.1159,0.1710,0.1511,0.1758,0.0999,0.0000,14.88,2.5221,5.6724,1.8064
1705297531.9333,0.0576,0.0956,0.0625,0.0666,0.1528,0.1450,0.0512,0.0717,0.2164,0.4484,0.3572,-0.2153,0.6434,0.0760,0.0633,0.1944,0.0581,0.1512,0.0194,0.0233,0.0742,0.0919,0.0840,0.0716,0.1247,0.0540,0.0258,0.0000,0.0628,0.0947,0.1317,0.1270,0.1770,0.0000,13.25,8.4235,9.9240,1.4604
1705297532.0000,0.0588,0.0889,0.0557,0.0701,0.1729,0.1451,0.0541,0.0812,0.2088,0.4387,0.3170,-0.2525,0.6645,0.1647,0.0390,0.1213,0.0547,0.0985,0.0295,0.0571,0.0926,0.1966,0.0455,0.1672,0.0939,0.0554,0.1423,0.0339,0.0708,0.0665,0.1184,0.1566,0.1509,0.0000,17.10,-3.5054,7.9786,-7.0159
1705297532.0667,0.0754,0.0824,0.0566,0.0675,0.1821,0.1493,0.0513,0.0729,0.2233,0.4235,0.4480,-0.2763,0.6118,0.0636,0.0699,0.1103,0.0728,0.1096,0.0772,0.0472,0.0979,0.0578,0.0584,0.1113,0.0976,0.0390,0.0858,0.0394,0.1681,0.1749,0.0000,0.1724,0.0064,0.0000,17.62,1.4345,4.4900,-1.1239
1705297532.1333,0.0665,0.0611,0.0625,0.0510,0.1579,0.1669,0.0615,0.0562,0.2387,0.4466,0.3503,-0.2785,0.5582,0.2026,0.0353,0.1747,0.0670,0.0951,0.0184,0.0313,0.1272,0.1515,0.1169,0.0838,0.0846,0.1284,0.2024,0.0614,0.1751,0.0000,0.1064,0.1809,0.0940,0.0000,10.73,6.6945,-3.3139,5.3831
1705297532.2000,0.0683,0.0522,0.0739,0.0584,0.1459,0.1829,0.0699,0.0444,0.2299,0.4445,0.3426,-0.2640,0.5598,0.1149,0.0411,0.1462,0.0848,0.0835,0.0362,0.0209,0.1237,0.0860,0.0838,0.1806,0.0569,0.0882,0.0919,0.0000,0.1928,0.1539,0.1105,0.0499,0.0576,0.0000,11.02,13.6884,10.9564,2.2963
1705297532.2667,0.0849,0.0651,0.0669,0.0545,0.1536,0.1766,0.0624,0.0641,0.2502,0.4131,0.3752,-0.2659,0.5978,0.1127,0.1308,0.2101,0.0884,0.1113,0.0664,0.0665,0.1080,0.1483,0.0942,0.1235,0.1592,0.0747,0.2157,0.0613,0.1438,0.0549,0.0913,0.1465,0.1072,0.0000,14.43,1.7017,7.0962,0.4381
1705297532.3333,0.0711,0.0520,0.0588,0.0483,0.1605,0.1711,0.0545,0.0493,0.2508,0.4502,0.3937,-0.3017,0.6374,0.1037,0.0205,0.1652,0.0000,0.1067,0.0363,0.0000,0.2147,0.0344,0.0908,0.0628,0.0000,0.1661,0.1640,0.0108,0.0971,0.0925,0.1286,0.1632,0.0859,1.0000,11.78,0.5485,-14.3041,-0.7906
1705297532.4000,0.0762,0.0661,0.0524,0.0590,0.1496,0.1554,0.0771,0.0518,0.2300,0.4495,0.4248,-0.2530,0.6879,0.1577,0.0309,0.1357,0.0351,0.0171,0.0056,0.0537,0.1939,0.0585,0.0865,0.1291,0.1193,0.0732,0.0946,0.0000,0.0794,0.1676,0.0791,0.0875,0.0049,0.0000,13.19,-0.8076,-8.6666,7.4129
1705297532.4667,0.0917,0.0713,0.0595,0.0563,0.1422,0.1697,0.0791,0.0543,0.2420,0.4203,0.4828,-0.3116,0.6516,0.0000,0.0236,0.1645,0.0416,0.0937,0.0641,0.0929,0.1346,0.0000,0.0971,0.0598,0.2553,0.1441,0.1772,0.0397,0.0645,0.1066,0.1176,0.0875,0.0806,0.0000,18.36,3.3647,6.8256,-2.0971
1705297532.5333,0.0701,0.0826,0.0573,0.0585,0.1279,0.1739,0.0560,0.0645,0.2523,0.4341,0.4733,-0.2575,0.6433,0.1076,0.0000,0.1287,0.0370,0.0893,0.0334,0.0444,0.1311,0.0088,0.1528,0.1033,0.1010,0.1244,0.0546,0.0626,0.0326,0.1016,0.1151,0.1725,0.0000,0.0000,15.46,-2.4669,-11.1046,2.9992
1705297532.6000,0.0780,0.0876,0.0523,0.0850,0.1478,0.1788,0.0695,0.0789,0.2363,0.3916,0.4337,-0.2670,0.6479,0.1723,0.0000,0.1747,0.0702,0.0673,0.0563,0.0487,0.0743,0.0677,0.1184,0.0980,0.0000,0.0418,0.0739,0.0588,0.1697,0.0887,0.1261,0.1013,0.1030,0.0000,17.20,1.6209,24.5178,-1.3059
1705297532.6667,0.0885,0.0818,0.0507,0.0707,0.1633,0.1668,0.0632,0.0919,0.2548,0.3811,0.4406,-0.2563,0.5711,0.1185,0.0984,0.2231,0.1101,0.0952,0.0485,0.0570,0.1048,0.1035,0.1000,0.0685,0.0398,0.0927,0.1751,0.0199,0.0273,0.1530,0.1811,0.0599,0.1320,0.0000,18.13,21.2681,-1.3838,-1.3366
1705297532.7333,0.0898,0.0696,0.0512,0.0545,0.1667,0.1720,0.0824,0.0839,0.2444,0.3913,0.4428,-0.2527,0.5772,0.0983,0.0620,0.1281,0.0184,0.1035,0.0427,0.0165,0.0830,0.0913,0.0560,0.1369,0.1433,0.1250,0.0363,0.0686,0.1610,0.1812,0.1165,0.1831,0.1369,0.0000,11.08,3.1065,-3.3044,-2.6869
1705297532.8000,0.1045,0.0718,0.0598,0.0637,0.1784,0.1591,0.0987,0.0855,0.2581,0.3523,0.4045,-0.2045,0.5272,0.1051,0.0171,0.1619,0.0569,0.0928,0.1069,0.1128,0.1678,0.1015,0.0791,0.0520,0.1316,0.0742,0.1434,0.0745,0.0876,0.0671,0.0274,0.1715,0.1056,0.0000,10.51,2.7113,-0.2759,4.8525
1705297532.8667,0.0940,0.0697,0.0580,0.0705,0.1685,0.1904,0.1074,0.0750,0.2358,0.3584,0.3821,-0.2517,0.6056,0.0808,0.0304,0.1797,0.0334,0.1425,0.0600,0.0291,0.0919,0.2010,0.1305,0.0000,0.0418,0.0718,0.0722,0.0470,0.0824,0.1496,0.1235,0.1485,0.1093,0.0000,8.99,12.5785,-0.7877,-4.3579
1705297532.9333,0.1029,0.0860,0.0556,0.0626,0.1586,0.1809,0.1331,0.0498,0.2335,0.3622,0.3985,-0.2461,0.6536,0.0413,0.1587,0.1745,0.1008,0.0790,0.0127,0.0066,0.1253,0.0757,0.1088,0.1491,0.0825,0.1442,0.1994,0.0571,0.1244,0.0663,0.0136,0.1791,0.0673,0.0000,16.44,18.3321,-3.2957,-0.5485
1705297533.0000,0.0925,0.0928,0.0460,0.0645,0.1530,0.1629,0.1269,0.0397,0.2268,0.3970,0.3894,-0.2934,0.6670,0.1275,0.1036,0.1558,0.0340,0.1477,0.0245,0.0948,0.0998,0.1301,0.0752,0.0589,0.1197,0.0325,0.0124,0.0412,0.1768,0.1282,0.0581,0.1249,0.0847,1.0000,10.06,5.2182,-12.8947,2.3773
1705297533.0667,0.0957,0.0869,0.0370,0.0553,0.1691,0.1510,0.1261,0.0365,0.2247,0.4106,0.4113,-0.2425,0.6382,0.0967,0.0601,0.2324,0.0747,0.0799,0.0704,0.0586,0.1020,0.0187,0.1094,0.1195,0.0481,0.0117,0.1072,0.1081,0.0861,0.0705,0.0000,0.1384,0.0732,0.0000,17.56,3.4672,2.7925,4.2029
1705297533.1333,0.0991,0.0965,0.0360,0.0614,0.1608,0.1540,0.1095,0.0161,0.1993,0.4403,0.5001,-0.3315,0.5535,0.0352,0.0557,0.1074,0.0173,0.0712,0.0194,0.0600,0.1702,0.0000,0.1321,0.0547,0.1573,0.1957,0.1024,0.0353,0.1923,0.2040,0.0817,0.1869,0.1112,0.0000,10.73,-7.3312,17.3705,-2.2758
1705297533.2000,0.0968,0.0905,0.0468,0.0639,0.1517,0.1408,0.1158,0.0041,0.1707,0.4713,0.4414,-0.3411,0.5861,0.1388,0.0000,0.1213,0.0488,0.0609,0.0247,0.0000,0.1469,0.0865,0.1036,0.0988,0.0000,0.0337,0.0893,0.0346,0.1284,0.1164,0.1523,0.1109,0.1866,0.0000,13.64,10.5842,5.6884,8.0446
1705297533.2667,0.0854,0.0932,0.0349,0.0663,0.1325,0.1219,0.1074,0.0272,0.1800,0.4907,0.4202,-0.3293,0.6133,0.1289,0.0976,0.1619,0.0980,0.0603,0.0528,0.0000,0.0816,0.0204,0.0500,0.0554,0.1316,0.0716,0.1289,0.0399,0.0978,0.1402,0.0569,0.0723,0.1126,0.0000,9.59,13.1709,-1.4364,2.3487
1705297533.3333,0.0857,0.0787,0.0336,0.0749,0.1695,0.1143,0.1062,0.0430,0.2093,0.4508,0.4028,-0.3160,0.6384,0.1566,0.0652,0.1834,0.0304,0.0541,0.0104,0.1099,0.0540,0.0000,0.0795,0.1059,0.0293,0.1591,0.0552,0.0484,0.0786,0.1890,0.0816,0.1393,0.0597,0.0000,14.73,16.9543,-13.7907,1.4256
1705297533.4000,0.1102,0.0657,0.0389,0.0768,0.1911,0.1066,0.0772,0.0304,0.2106,0.4555,0.3199,-0.2821,0.6171,0.1256,0.0000,0.1129,0.0734,0.1445,0.0133,0.0800,0.1052,0.0342,0.0241,0.0876,0.0902,0.1514,0.0511,0.0438,0.0246,0.1159,0.1750,0.1798,0.1302,0.0000,13.56,3.3990,3.7665,-1.8751
1705297533.4667,0.1141,0.0861,0.0462,0.0808,0.1888,0.1276,0.0787,0.0240,0.2067,0.4282,0.3195,-0.2772,0.6515,0.1290,0.0724,0.2090,0.0721,0.1487,0.0903,0.0336,0.1721,0.1665,0.0673,0.0847,0.0565,0.0483,0.1068,0.0004,0.1653,0.0000,0.0926,0.0230,0.1510,0.0000,20.12,-0.0513,-0.0272,0.7220
1705297533.5333,0.1165,0.0747,0.0452,0.0752,0.1781,0.1514,0.0981,0.0259,0.2275,0.4045,0.3299,-0.2966,0.7119,0.1097,0.0317,0.2083,0.0819,0.0940,0.0550,0.0256,0.1004,0.1302,0.0897,0.1679,0.0840,0.0460,0.1702,0.0456,0.0535,0.1519,0.0739,0.1631,0.1520,0.0000,6.29,14.2017,-6.6333,-3.7279
1705297533.6000,0.1154,0.0727,0.0481,0.0780,0.1627,0.1431,0.0867,0.0317,0.2477,0.4083,0.2967,-0.2229,0.7246,0.1145,0.0670,0.1727,0.0234,0.1250,0.0123,0.0229,0.1583,0.0576,0.0594,0.1386,0.0798,0.0533,0.0606,0.0648,0.2283,0.1538,0.0743,0.1514,0.1728,0.0000,13.65,-0.9611,1.4493,12.7603
1705297533.6667,0.0862,0.0748,0.0483,0.0743,0.1624,0.1282,0.0954,0.0535,0.2687,0.4049,0.3958,-0.2489,0.7424,0.1061,0.1163,0.1376,0.1476,0.0542,0.0466,0.0000,0.1761,0.1177,0.0910,0.0128,0.0649,0.1325,0.1010,0.0377,0.1801,0.0593,0.0348,0.1917,0.0864,1.0000,12.91,0.4943,8.5410,-1.2358
1705297533.7333,0.0974,0.0729,0.0491,0.0816,0.1908,0.1194,0.0750,0.0632,0.2946,0.3736,0.4092,-0.1548,0.7484,0.1365,0.0500,0.2142,0.0000,0.0956,0.0659,0.0859,0.1130,0.0993,0.1038,0.0284,0.1003,0.1010,0.1886,0.0213,0.0854,0.0999,0.0837,0.0509,0.1415,0.0000,12.15,2.8955,9.4621,-0.8968
1705297533.8000,0.0779,0.0725,0.0601,0.0724,0.2031,0.1349,0.0850,0.0515,0.2972,0.3673,0.4238,-0.1125,0.7169,0.0859,0.0418,0.1997,0.0407,0.1290,0.0755,0.0996,0.0302,0.0723,0.0769,0.0933,0.0980,0.0642,0.1074,0.0827,0.0439,0.1200,0.1138,0.1100,0.1121,0.0000,18.29,7.8297,-2.3871,-0.5088
1705297533.8667,0.0779,0.0736,0.0752,0.0682,0.2110,0.1278,0.0656,0.0603,0.2548,0.3914,0.4277,-0.1414,0.6073,0.1304,0.0000,0.1325,0.0225,0.1919,0.0462,0.0534,0.1503,0.1156,0.0429,0.1311,0.1091,0.1772,0.1272,0.0552,0.1432,0.1731,0.0673,0.1037,0.0741,0.0000,13.22,12.3706,-8.1832,-3.1681
1705297533.9333,0.0792,0.0862,0.0714,0.0627,0.2061,0.1347,0.0479,0.0598,0.2619,0.3940,0.3964,-0.1590,0.6568,0.1387,0.0342,0.1610,0.0066,0.0867,0.0710,0.0594,0.1110,0.0870,0.1262,0.1082,0.0519,0.0176,0.0918,0.0507,0.2181,0.1604,0.1540,0.1741,0.0330,0.0000,23.67,-2.9221,0.2116,6.7594
1705297534.0000,0.0937,0.0960,0.0684,0.0625,0.2201,0.1324,0.0605,0.0552,0.2778,0.3601,0.4095,-0.1515,0.7033,0.1492,0.0062,0.1445,0.0628,0.1358,0.0033,0.0863,0.1012,0.1012,0.0276,0.1343,0.0051,0.0252,0.0000,0.0000,0.0803,0.1510,0.0938,0.1747,0.1192,0.0000,11.33,12.4838,-1.3250,1.9397
1705297534.0667,0.0843,0.0994,0.0568,0.0626,0.2312,0.1574,0.0901,0.0504,0.2616,0.3437,0.3449,-0.2604,0.6426,0.0838,0.0626,0.1396,0.0543,0.1199,0.0384,0.0609,0.1051,0.0649,0.0815,0.1173,0.1369,0.1152,0.0959,0.0469,0.1413,0.1246,0.0701,0.1735,0.0731,0.0000,18.96,-11.6602,-9.7322,1.2570
1705297534.1333,0.0914,0.0960,0.0568,0.0727,0.2312,0.1590,0.0901,0.0564,0.2635,0.3298,0.3466,-0.1821,0.6900,0.1166,0.0133,0.2011,0.0775,0.1177,0.0952,0.0766,0.0998,0.1490,0.1310,0.1263,0.0167,0.0929,0.0256,0.0073,0.0775,0.1087,0.1015,0.2312,0.0724,0.0000,16.41,-5.2863,-9.5795,8.9475
1705297534.2000,0.1171,0.1146,0.0673,0.0614,0.2348,0.1614,0.0870,0.0711,0.2530,0.2994,0.3290,-0.2295,0.6963,0.0898,0.0801,0.1535,0.0846,0.0802,0.0636,0.0838,0.0012,0.0747,0.1168,0.0994,0.0805,0.1725,0.0392,0.0342,0.1045,0.0123,0.0709,0.1974,0.0145,0.0000,11.36,-8.2416,-2.8892,-5.7395
1705297534.2667,0.1250,0.1268,0.0588,0.0587,0.2064,0.1555,0.0903,0.0825,0.2643,0.2989,0.2441,-0.2291,0.6855,0.0699,0.0031,0.1910,0.0510,0.1544,0.0613,0.0775,0.0235,0.0928,0.1147,0.1468,0.1194,0.0200,0.1645,0.0253,0.1200,0.1279,0.0958,0.1639,0.0611,0.0000,12.69,5.9650,-9.9152,-2.1528
1705297534.3333,0.1294,0.1342,0.0453,0.0585,0.2070,0.1396,0.0835,0.0839,0.2515,0.3203,0.2061,-0.2107,0.7087,0.0866,0.0704,0.1624,0.1134,0.1374,0.1069,0.0775,0.1555,0.0860,0.0592,0.0764,0.1050,0.1346,0.0581,0.0038,0.0641,0.1139,0.0976,0.1542,0.0757,0.0000,14.54,20.2448,5.6344,-2.2033
1705297534.4000,0.1098,0.1116,0.0414,0.0581,0.1852,0.1478,0.0764,0.0753,0.2532,0.3647,0.2021,-0.2728,0.7270,0.1462,0.1147,0.0944,0.0561,0.0555,0.0657,0.0484,0.0933,0.0000,0.0715,0.0781,0.0454,0.0638,0.0775,0.0496,0.1559,0.1318,0.0794,0.1718,0.1109,0.0000,13.38,5.9657,3.2468,-2.2195
1705297534.4667,0.0951,0.1092,0.0266,0.0406,0.1697,0.1547,0.0502,0.0877,0.2469,0.4116,0.2620,-0.2380,0.6984,0.0695,0.0385,0.2236,0.0869,0.1021,0.0316,0.0259,0.0000,0.1251,0.0792,0.0766,0.0199,0.1854,0.0913,0.0444,0.0305,0.1332,0.1210,0.1593,0.1882,0.0000,13.77,2.7324,-8.3937,-6.8698
1705297534.5333,0.0875,0.0953,0.0341,0.0250,0.1704,0.1168,0.0681,0.0791,0.2627,0.4365,0.2768,-0.2165,0.6678,0.0652,0.1047,0.1407,0.0137,0.1156,0.0000,0.0279,0.0701,0.1062,0.0974,0.0609,0.1537,0.1394,0.0903,0.0040,0.1292,0.1332,0.1598,0.2222,0.1260,0.0000,18.18,3.2440,-0.4968,-1.1496
1705297534.6000,0.0744,0.0900,0.0254,0.0221,0.1548,0.1289,0.0782,0.0789,0.2599,0.4525,0.3382,-0.1290,0.6739,0.0688,0.0151,0.2108,0.0221,0.0500,0.0262,0.0169,0.0839,0.0000,0.0859,0.1217,0.1137,0.1285,0.1354,0.0000,0.1464,0.0983,0.0597,0.1424,0.1506,0.0000,14.46,3.3703,20.4218,5.3707
1705297534.6667,0.0678,0.0861,0.0280,0.0149,0.1519,0.1270,0.0654,0.0756,0.2360,0.4882,0.2854,-0.1129,0.5964,0.1609,0.0000,0.0902,0.0326,0.0496,0.0044,0.0516,0.0522,0.0860,0.1739,0.0037,0.0723,0.1109,0.0312,0.0460,0.1664,0.0668,0.1285,0.0770,0.0000,0.0000,9.27,0.7993,-1.6634,1.0537
1705297534.7333,0.0587,0.0837,0.0276,0.0073,0.1598,0.1162,0.0434,0.0632,0.1984,0.5450,0.2855,-0.0455,0.5663,0.0278,0.0490,0.1443,0.1195,0.1026,0.0347,0.0421,0.0933,0.2050,0.1329,0.2133,0.1241,0.1164,0.1166,0.0224,0.1173,0.0356,0.1557,0.1029,0.1772,0.0000,13.03,6.7516,23.8744,-2.7448
1705297534.8000,0.0633,0.1005,0.0277,0.0253,0.1519,0.1155,0.0292,0.0638,0.2174,0.5232,0.3361,-0.0808,0.6300,0.0895,0.0610,0.1420,0.0228,0.1229,0.0295,0.0488,0.1834,0.1103,0.0772,0.1221,0.0911,0.0403,0.1467,0.0000,0.1653,0.1433,0.1345,0.1078,0.0618,0.0000,13.40,7.4776,0.8478,-2.0428
1705297534.8667,0.0703,0.0895,0.0264,0.0320,0.1644,0.1272,0.0249,0.0453,0.2238,0.5177,0.3731,-0.0981,0.6097,0.0589,0.0414,0.1391,0.0193,0.1771,0.0756,0.0000,0.0449,0.0612,0.1158,0.1316,0.1159,0.1742,0.0586,0.0000,0.0634,0.0786,0.1084,0.0746,0.1707,0.0000,16.58,1.4738,-2.7261,-3.5476
1705297534.9333,0.0844,0.0736,0.0315,0.0376,0.1668,0.1432,0.0338,0.0402,0.2585,0.4782,0.3544,-0.0968,0.6245,0.0967,0.0000,0.2240,0.0000,0.0987,0.0880,0.0312,0.1473,0.1510,0.0892,0.1818,0.1373,0.0497,0.0511,0.0036,0.1546,0.0981,0.0000,0.1572,0.1019,0.0000,11.88,6.9181,-12.6128,-3.0562
1705297535.0000,0.0907,0.0727,0.0367,0.0290,0.1789,0.1223,0.0537,0.0501,0.2320,0.4803,0.3861,-0.0823,0.6402,0.0589,0.0876,0.1300,0.0000,0.1027,0.0962,0.0524,0.2442,0.0064,0.0905,0.1093,0.1138,0.1510,0.1404,0.0000,0.0905,0.0305,0.1094,0.1664,0.2196,0.0000,11.73,3.5195,8.1521,5.5347
1705297535.0667,0.0775,0.0745,0.0382,0.0181,0.1901,0.1391,0.0590,0.0423,0.2499,0.4668,0.3533,-0.1119,0.5847,0.0004,0.0338,0.1748,0.0726,0.1128,0.0632,0.0936,0.0849,0.0000,0.0439,0.1067,0.1137,0.0433,0.1122,0.0000,0.0760,0.1024,0.0919,0.1000,0.0300,0.0000,13.98,21.9994,4.4830,6.3935
1705297535.1333,0.0751,0.0705,0.0384,0.0315,0.2111,0.1523,0.0552,0.0327,0.2462,0.4522,0.3330,-0.1387,0.5510,0.0927,0.0642,0.1055,0.0251,0.1051,0.0221,0.0820,0.1371,0.0836,0.0940,0.0168,0.1044,0.1079,0.1664,0.0103,0.1317,0.1228,0.1183,0.2020,0.1380,0.0000,15.98,-1.1545,-1.6888,11.1946
1705297535.2000,0.0903,0.0787,0.0378,0.0259,0.2136,0.1454,0.0460,0.0378,0.2574,0.4403,0.4279,-0.0820,0.6084,0.0072,0.0000,0.1342,0.0000,0.0996,0.0174,0.0957,0.1464,0.0000,0.0462,0.1185,0.1623,0.0479,0.1369,0.0228,0.1061,0.0752,0.1263,0.1996,0.1057,0.0000,14.07,-11.5564,12.2284,-0.8219
1705297535.2667,0.0811,0.0756,0.0387,0.0311,0.1983,0.1584,0.0383,0.0560,0.2907,0.4191,0.4684,-0.0663,0.6320,0.0596,0.0151,0.1801,0.0690,0.1316,0.0000,0.0317,0.0545,0.0455,0.0766,0.1507,0.1253,0.1472,0.1804,0.0000,0.0378,0.0987,0.0753,0.1574,0.0839,0.0000,14.95,2.5685,4.2194,4.3574
1705297535.3333,0.0759,0.0720,0.0292,0.0226,0.1955,0.1528,0.0477,0.0528,0.2913,0.4361,0.4838,-0.0551,0.6631,0.1310,0.0740,0.2042,0.0093,0.1129,0.0717,0.0292,0.0000,0.1778,0.1215,0.0579,0.0854,0.1132,0.0181,0.0170,0.1115,0.1394,0.1468,0.1153,0.1434,0.0000,12.89,3.9798,-10.6713,-2.7343
1705297535.4000,0.0812,0.0805,0.0260,0.0266,0.2090,0.1547,0.0473,0.0508,0.2860,0.4227,0.5053,-0.1474,0.6518,0.0908,0.0364,0.1978,0.0137,0.1860,0.0134,0.0000,0.0934,0.1307,0.1219,0.0945,0.0911,0.1342,0.0806,0.0093,0.0936,0.1326,0.0611,0.1188,0.1345,0.0000,15.56,5.5305,-6.4120,2.4412
1705297535.4667,0.0883,0.0897,0.0368,0.0260,0.1827,0.1423,0.0542,0.0511,0.2827,0.4277,0.5123,-0.1235,0.7033,0.0946,0.0361,0.1378,0.0243,0.1510,0.0000,0.0523,0.0804,0.1126,0.0345,0.1476,0.0269,0.0379,0.0000,0.0000,0.0939,0.0660,0.0639,0.1931,0.0738,1.0000,18.75,9.2603,15.2820,-0.4902
1705297535.5333,0.0787,0.0810,0.0286,0.0193,0.1991,0.1348,0.0454,0.0547,0.2780,0.4483,0.4592,-0.1590,0.6979,0.1123,0.0000,0.1594,0.0000,0.1383,0.0855,0.0192,0.0368,0.0189,0.0601,0.1139,0.0939,0.1229,0.0898,0.0427,0.0690,0.1428,0.0601,0.1129,0.1146,0.0000,15.16,0.1741,2.4982,-7.3892
1705297535.6000,0.0792,0.0664,0.0300,0.0090,0.1969,0.1480,0.0508,0.0581,0.2784,0.4500,0.4530,-0.1010,0.7145,0.0471,0.0055,0.2112,0.0368,0.1243,0.0474,0.0000,0.1142,0.1299,0.0886,0.0608,0.0027,0.0461,0.1205,0.0054,0.0998,0.0526,0.0850,0.1144,0.0271,0.0000,12.50,5.4527,-8.2935,-7.2000
1705297535.6667,0.0926,0.0722,0.0274,0.0450,0.2109,0.1474,0.0577,0.0594,0.2415,0.4275,0.4168,-0.1377,0.6718,0.1279,0.0635,0.1665,0.0031,0.1242,0.0528,0.0525,0.1251,0.0943,0.0767,0.1322,0.0909,0.1637,0.1297,0.0000,0.1382,0.0619,0.0719,0.2066,0.0260,0.0000,15.78,3.5057,14.0975,-5.7954
1705297535.7333,0.1134,0.0861,0.0182,0.0533,0.2024,0.1491,0.0701,0.0549,0.2568,0.3975,0.3882,-0.1198,0.7249,0.0590,0.0684,0.2239,0.0168,0.1763,0.0696,0.0228,0.0929,0.0862,0.1153,0.1220,0.0339,0.1896,0.1190,0.0536,0.0860,0.0532,0.1050,0.1502,0.1709,0.0000,9.63,-3.8757,8.2160,-6.3950
1705297535.8000,0.1138,0.0807,0.0239,0.0601,0.1951,0.1614,0.0978,0.0546,0.2590,0.3722,0.4038,-0.0442,0.7385,0.0913,0.0697,0.2092,0.0246,0.1507,0.0564,0.0181,0.1576,0.0742,0.1202,0.1522,0.0559,0.1879,0.0657,0.0396,0.0672,0.1309,0.1477,0.1083,0.0886,0.0000,12.26,-4.8954,8.8270,-2.3518
1705297535.8667,0.1139,0.0657,0.0352,0.0592,0.1662,0.1676,0.1135,0.0414,0.2609,0.3859,0.4055,0.0274,0.7245,0.1350,0.0590,0.1437,0.0491,0.0944,0.0226,0.0427,0.1498,0.1414,0.0604,0.1216,0.0894,0.2102,0.0941,0.0184,0.1007,0.1484,0.1942,0.1754,0.0422,0.0000,13.37,5.3371,13.5269,3.1579
1705297535.9333,0.1020,0.0674,0.0383,0.0578,0.1475,0.1572,0.1172,0.0457,0.2693,0.3985,0.4051,0.0158,0.7425,0.0738,0.0442,0.1748,0.0476,0.1155,0.0361,0.1006,0.0502,0.1723,0.0946,0.1189,0.0420,0.1068,0.0999,0.0676,0.0633,0.1665,0.1159,0.1638,0.1702,0.0000,14.62,-8.3239,-10.2096,0.5593
1705297536.0000,0.1134,0.0692,0.0257,0.0748,0.1814,0.1623,0.1002,0.0559,0.2603,0.3741,0.4008,-0.0216,0.6575,0.1626,0.0528,0.2002,0.0000,0.1255,0.0429,0.0460,0.0570,0.1961,0.0455,0.0899,0.1312,0.1149,0.0602,0.0338,0.1270,0.1320,0.0092,0.1240,0.1383,0.0000,6.72,3.3658,13.8462,-5.4344
1705297536.0667,0.1056,0.0790,0.0348,0.0960,0.1681,0.1637,0.1195,0.0628,0.3130,0.3145,0.4021,-0.0541,0.6542,0.1183,0.0937,0.2047,0.1419,0.0728,0.0596,0.0690,0.0603,0.0554,0.1251,0.0992,0.0628,0.0704,0.1425,0.0662,0.0359,0.1078,0.0816,0.1117,0.0918,0.0000,12.29,-2.1242,-1.1385,-0.3453
1705297536.1333,0.1040,0.0747,0.0376,0.0759,0.1854,0.1670,0.1123,0.0807,0.3164,0.3076,0.3976,-0.0700,0.6976,0.1978,0.1090,0.2150,0.0449,0.1529,0.0760,0.0423,0.1738,0.0330,0.1074,0.1627,0.1568,0.1646,0.1480,0.0730,0.0925,0.0838,0.0825,0.2154,0.1081,0.0000,14.23,4.8922,-8.3170,4.2031
1705297536.2000,0.0854,0.0814,0.0470,0.0610,0.1887,0.1542,0.1208,0.0845,0.3171,0.3160,0.3721,-0.0412,0.7399,0.0711,0.0533,0.2178,0.0360,0.0363,0.0055,0.0894,0.0752,0.0623,0.0564,0.1100,0.0959,0.0874,0.1629,0.0442,0.1109,0.1236,0.0777,0.1052,0.1741,0.0000,13.80,-12.0038,-10.2709,-6.0939
1705297536.2667,0.0814,0.0926,0.0484,0.0521,0.1927,0.1488,0.1232,0.0800,0.2831,0.3386,0.4014,-0.0694,0.7597,0.0903,0.1128,0.1877,0.1128,0.0740,0.0445,0.0265,0.1033,0.1031,0.1019,0.1055,0.1240,0.0657,0.1574,0.0451,0.0883,0.0686,0.0692,0.0611,0.1236,0.0000,15.83,2.9794,-10.1407,-5.5300
1705297536.3333,0.0714,0.0806,0.0470,0.0454,0.2014,0.1467,0.1123,0.0809,0.2572,0.3742,0.4273,-0.1281,0.8005,0.0890,0.0595,0.1604,0.0455,0.0753,0.0000,0.0424,0.0462,0.0402,0.0808,0.0444,0.0630,0.1140,0.0607,0.1097,0.1420,0.0846,0.1382,0.1120,0.1467,0.0000,13.46,12.7445,-8.1955,3.6298
1705297536.4000,0.0502,0.0998,0.0525,0.0623,0.2106,0.1384,0.1425,0.0709,0.2485,0.3545,0.4506,-0.1776,0.7774,0.0664,0.1801,0.0851,0.0439,0.0987,0.0000,0.0169,0.1192,0.0682,0.0717,0.1199,0.1341,0.0607,0.1457,0.0850,0.1372,0.1170,0.0862,0.2457,0.0554,0.0000,14.56,5.9418,-4.1979,-1.5798
1705297536.4667,0.0774,0.0969,0.0631,0.0610,0.2234,0.1130,0.1342,0.0806,0.2741,0.3258,0.4318,-0.1692,0.7424,0.1449,0.0144,0.2252,0.0806,0.1150,0.0149,0.0038,0.1115,0.0274,0.0397,0.0963,0.0469,0.0687,0.1272,0.0344,0.0988,0.0809,0.0574,0.2108,0.1440,0.0000,14.94,15.6232,2.0614,-4.9926
1705297536.5333,0.0696,0.1136,0.0567,0.0648,0.2206,0.1050,0.1467,0.0844,0.2816,0.3142,0.3507,-0.1981,0.7751,0.1098,0.1189,0.1915,0.0320,0.1759,0.0615,0.0777,0.2314,0.0570,0.0881,0.0793,0.1812,0.1200,0.0104,0.0538,0.0662,0.1871,0.0000,0.2194,0.0000,0.0000,14.82,7.8352,-3.4319,8.0791
1705297536.6000,0.0720,0.1109,0.0577,0.0580,0.2379,0.0995,0.1521,0.0726,0.2952,0.3063,0.3506,-0.1471,0.7122,0.0867,0.1274,0.1542,0.0842,0.1309,0.0524,0.0813,0.0908,0.0268,0.0866,0.0954,0.1306,0.0389,0.0814,0.0437,0.1204,0.1357,0.1270,0.1986,0.0848,0.0000,13.19,3.9883,10.4146,-18.4311
1705297536.6667,0.0987,0.1075,0.0682,0.0368,0.2525,0.1196,0.1493,0.0824,0.2849,0.2800,0.3212,-0.1850,0.7841,0.0622,0.1370,0.1905,0.0297,0.1288,0.0161,0.0731,0.0511,0.0245,0.0601,0.0946,0.1092,0.0844,0.0750,0.0986,0.0586,0.1972,0.0709,0.2017,0.1339,0.0000,13.09,9.8679,2.6091,5.0663
1705297536.7333,0.0910,0.1019,0.0602,0.0383,0.2497,0.1356,0.1493,0.0849,0.2976,0.2749,0.2814,-0.1535,0.7987,0.1075,0.0113,0.2000,0.1008,0.1213,0.0485,0.0325,0.0902,0.1042,0.1464,0.0395,0.0554,0.0000,0.1203,0.0206,0.1170,0.1035,0.0986,0.2803,0.0546,0.0000,16.42,7.7217,-9.2564,-0.7620
1705297536.8000,0.0992,0.0951,0.0503,0.0254,0.2370,0.1082,0.1179,0.0757,0.2767,0.3488,0.3508,-0.1562,0.8041,0.0679,0.1352,0.1446,0.1083,0.1348,0.1205,0.0959,0.0496,0.0603,0.0739,0.1427,0.1080,0.0508,0.0688,0.1021,0.1894,0.1530,0.1229,0.1991,0.0828,0.0000,16.37,-3.0255,-8.2220,14.1493
1705297536.8667,0.0842,0.1006,0.0441,0.0343,0.2480,0.1145,0.1030,0.0716,0.2666,0.3600,0.3490,-0.1873,0.7673,0.1237,0.1145,0.2214,0.0839,0.1430,0.0000,0.0147,0.1243,0.0966,0.0248,0.1020,0.2060,0.0980,0.1980,0.0000,0.1172,0.1446,0.0874,0.1647,0.1022,0.0000,15.33,-4.5281,25.6597,4.9995
1705297536.9333,0.0875,0.1039,0.0486,0.0301,0.1911,0.1241,0.0987,0.0621,0.2609,0.3958,0.3737,-0.2314,0.7920,0.0389,0.0529,0.0826,0.0601,0.1413,0.0595,0.0263,0.0017,0.0385,0.0981,0.1179,0.1617,0.0666,0.0256,0.0679,0.0572,0.1197,0.1908,0.1112,0.1340,0.0000,13.39,-3.2677,1.9719,0.9526
1705297537.0000,0.0888,0.1128,0.0500,0.0212,0.1927,0.1108,0.0867,0.0597,0.2734,0.4023,0.4118,-0.3409,0.7377,0.0472,0.0302,0.1213,0.1073,0.0905,0.0655,0.0195,0.1556,0.1185,0.1007,0.1075,0.0849,0.1573,0.1080,0.0395,0.1501,0.1537,0.0685,0.0704,0.0748,0.0000,11.31,7.3206,1.9953,2.4995
1705297537.0667,0.1029,0.1012,0.0538,0.0456,0.2146,0.1150,0.0849,0.0527,0.2406,0.3932,0.4873,-0.3254,0.7777,0.0616,0.0347,0.2442,0.0085,0.1247,0.1086,0.0336,0.1637,0.2067,0.1194,0.0788,0.0065,0.1261,0.1264,0.0023,0.0163,0.1507,0.0619,0.2035,0.0725,1.0000,13.74,2.9807,2.7072,5.1226
1705297537.1333,0.1118,0.1143,0.0640,0.0361,0.2412,0.1293,0.0875,0.0455,0.2135,0.3741,0.5448,-0.2597,0.8034,0.0037,0.0362,0.1824,0.0608,0.1373,0.0827,0.1245,0.1540,0.1041,0.1436,0.1092,0.1533,0.1000,0.1115,0.0505,0.0606,0.0102,0.0201,0.2392,0.0706,0.0000,13.61,16.7379,-5.0420,1.2630
1705297537.2000,0.1188,0.0991,0.0581,0.0247,0.2219,0.1170,0.0768,0.0363,0.2541,0.3959,0.4642,-0.1486,0.8693,0.0990,0.0681,0.1956,0.0582,0.1274,0.0588,0.0615,0.0071,0.0778,0.1137,0.1196,0.0031,0.0349,0.0809,0.0289,0.1226,0.0889,0.1102,0.1834,0.0922,0.0000,16.26,-2.6272,22.3133,-7.1337
1705297537.2667,0.1214,0.0830,0.0577,0.0088,0.2339,0.1173,0.0764,0.0462,0.2473,0.4048,0.4639,-0.1898,0.8044,0.0573,0.0882,0.1573,0.0465,0.1708,0.0905,0.0614,0.1398,0.1667,0.1173,0.1090,0.0608,0.0967,0.1987,0.0514,0.1136,0.0716,0.0767,0.1272,0.1011,0.0000,13.87,19.2058,1.2352,6.6334
1705297537.3333,0.1103,0.0802,0.0576,0.0261,0.2273,0.1362,0.0701,0.0478,0.2353,0.4055,0.3610,-0.2328,0.7878,0.1022,0.0000,0.2045,0.1057,0.1418,0.0377,0.0495,0.1238,0.0808,0.1199,0.0230,0.1134,0.0794,0.1254,0.0361,0.1270,0.0438,0.1436,0.2032,0.0913,0.0000,16.81,-5.4392,-24.5721,-6.2114
1705297537.4000,0.0991,0.0786,0.0562,0.0333,0.2375,0.1390,0.0817,0.0566,0.2559,0.3774,0.3879,-0.3094,0.8653,0.0596,0.0617,0.1856,0.1230,0.1594,0.0483,0.0606,0.1809,0.1213,0.0744,0.1045,0.0431,0.0249,0.0278,0.0227,0.1651,0.2401,0.0813,0.1738,0.0989,0.0000,16.68,4.6776,-5.3973,5.1715
1705297537.4667,0.0819,0.0801,0.0627,0.0310,0.2260,0.1363,0.0764,0.0646,0.2694,0.3830,0.4220,-0.3148,0.8805,0.1328,0.0044,0.2064,0.0430,0.1722,0.0959,0.0219,0.0794,0.2272,0.0491,0.0000,0.1865,0.0569,0.1272,0.0742,0.1256,0.0781,0.0739,0.1538,0.1040,0.0000,14.85,4.8820,1.3990,-8.5563
1705297537.5333,0.0780,0.0885,0.0703,0.0355,0.2266,0.1368,0.0785,0.0746,0.2683,0.3657,0.4264,-0.2098,0.9228,0.1135,0.0428,0.1691,0.0640,0.1321,0.0474,0.0305,0.0711,0.1183,0.1898,0.1158,0.0686,0.0558,0.0690,0.0052,0.1052,0.0000,0.0468,0.1663,0.1413,0.0000,15.89,11.7750,1.1906,-5.8964
1705297537.6000,0.0767,0.0938,0.0735,0.0545,0.2586,0.1246,0.0664,0.0687,0.2738,0.3457,0.4179,-0.2805,0.9512,0.0527,0.0927,0.2073,0.0168,0.1666,0.0000,0.0000,0.2017,0.0990,0.1025,0.1534,0.1187,0.0699,0.0388,0.0000,0.0761,0.1164,0.1473,0.2031,0.1108,0.0000,16.75,8.7725,5.4003,0.1996
1705297537.6667,0.0819,0.1031,0.0601,0.0585,0.2401,0.1368,0.0829,0.0568,0.2546,0.3551,0.4120,-0.2020,0.9232,0.1675,0.0213,0.0904,0.0399,0.1183,0.0463,0.0561,0.1586,0.0981,0.1023,0.1265,0.0476,0.0104,0.1322,0.0776,0.0357,0.1070,0.1259,0.1979,0.1644,0.0000,17.99,11.7852,-8.0095,-3.0901
1705297537.7333,0.0871,0.1046,0.0555,0.0615,0.2095,0.1417,0.0844,0.0657,0.2626,0.3565,0.3856,-0.1462,0.9247,0.1384,0.0179,0.1802,0.0145,0.1022,0.0360,0.0327,0.1201,0.0425,0.0706,0.1806,0.0952,0.1183,0.1360,0.0108,0.0772,0.1651,0.0730,0.1515,0.1759,0.0000,12.56,-13.5915,14.9419,-0.5208
1705297537.8000,0.0884,0.1019,0.0392,0.0693,0.2170,0.1422,0.0902,0.0476,0.2438,0.3762,0.4334,-0.1312,0.9030,0.1400,0.0000,0.0958,0.0747,0.1164,0.0178,0.0737,0.0955,0.0488,0.0839,0.0307,0.0692,0.0913,0.0775,0.0250,0.0348,0.1328,0.0677,0.1448,0.1903,0.0000,19.60,2.6578,-2.4583,3.5155
1705297537.8667,0.0757,0.1041,0.0334,0.0681,0.2107,0.1383,0.0789,0.0507,0.2250,0.4090,0.4482,-0.1521,0.9258,0.1276,0.0649,0.1416,0.0384,0.1454,0.0000,0.0270,0.1349,0.1575,0.0902,0.1338,0.1183,0.1097,0.2013,0.0000,0.0238,0.0937,0.0505,0.1595,0.1000,0.0000,17.24,4.6775,29.6733,-5.9232
1705297537.9333,0.0701,0.1010,0.0265,0.0694,0.1964,0.1629,0.0742,0.0552,0.2331,0.4068,0.4631,-0.2085,0.9557,0.1315,0.1295,0.1497,0.0267,0.1449,0.0277,0.0151,0.1515,0.0882,0.0644,0.0671,0.1025,0.1951,0.0722,0.0114,0.0907,0.0073,0.1460,0.1059,0.0909,0.0000,18.11,4.8937,-1.3891,-0.8965
1705297538.0000,0.0838,0.1151,0.0465,0.0697,0.1919,0.1722,0.0623,0.0717,0.2142,0.3836,0.4566,-0.1760,0.9270,0.1212,0.0360,0.2217,0.0572,0.1007,0.0631,0.0318,0.0700,0.0555,0.1269,0.1665,0.1706,0.0412,0.1011,0.0414,0.0770,0.0925,0.1419,0.0921,0.0908,0.0000,9.87,-4.5119,-21.2717,12.0282
1705297538.0667,0.0915,0.0942,0.0550,0.0652,0.1837,0.1617,0.0629,0.0698,0.2229,0.3959,0.4567,-0.1323,0.9133,0.0623,0.0603,0.2009,0.0000,0.0565,0.0547,0.0470,0.0957,0.0633,0.1383,0.0090,0.0802,0.1961,0.0486,0.0137,0.0649,0.0914,0.1106,0.1083,0.0154,0.0000,18.26,11.4222,13.7737,-2.0952
1705297538.1333,0.0946,0.0909,0.0563,0.0690,0.2150,0.1247,0.0641,0.0809,0.2486,0.3735,0.4157,-0.1873,0.8613,0.1185,0.0200,0.1844,0.0416,0.1400,0.0142,0.0986,0.1576,0.0209,0.0821,0.1264,0.0984,0.0968,0.1053,0.0000,0.1320,0.0337,0.0575,0.2081,0.0408,0.0000,14.84,6.6162,8.1059,-3.6543
1705297538.2000,0.0989,0.0999,0.0612,0.0566,0.2130,0.1190,0.0477,0.0643,0.2503,0.3935,0.3128,-0.1281,0.7932,0.0503,0.0000,0.1229,0.0332,0.1337,0.0000,0.0890,0.1021,0.0968,0.1343,0.1623,0.0875,0.1622,0.1232,0.0286,0.0009,0.0000,0.1117,0.1615,0.0383,0.0000,20.58,1.2852,-2.4211,4.1005
1705297538.2667,0.0960,0.1042,0.0665,0.0700,0.1702,0.1343,0.0493,0.0604,0.2521,0.3981,0.3270,-0.2236,0.8226,0.1215,0.0000,0.1985,0.0246,0.1179,0.0213,0.0802,0.0394,0.0881,0.1392,0.1221,0.1523,0.1932,0.1054,0.0000,0.1156,0.0626,0.1902,0.0747,0.0244,0.0000,15.70,-5.6171,-13.7333,1.1214
1705297538.3333,0.1078,0.0986,0.0690,0.0800,0.1875,0.1246,0.0618,0.0625,0.2617,0.3679,0.3270,-0.2107,0.8723,0.0166,0.0926,0.2056,0.0244,0.1077,0.0679,0.0251,0.0736,0.1255,0.1068,0.0626,0.0742,0.0477,0.1967,0.0664,0.1294,0.0820,0.1054,0.1758,0.0333,0.0000,14.81,-3.5208,-0.7060,5.2555
1705297538.4000,0.1027,0.0998,0.0602,0.0832,0.1973,0.1104,0.0701,0.0794,0.2557,0.3647,0.3668,-0.2495,0.8796,0.0741,0.0000,0.1767,0.0272,0.1373,0.1183,0.0147,0.1400,0.0627,0.1071,0.0506,0.0931,0.1166,0.1126,0.0072,0.1349,0.1069,0.0561,0.2224,0.1205,0.0000,17.90,12.4503,-14.0022,3.8949
1705297538.4667,0.1058,0.0995,0.0559,0.0793,0.1791,0.1271,0.0762,0.0589,0.2347,0.3901,0.4454,-0.1985,0.8354,0.1214,0.0285,0.1193,0.0830,0.0763,0.0744,0.0261,0.0160,0.1110,0.0765,0.1120,0.1169,0.1621,0.0701,0.0077,0.1711,0.0714,0.1073,0.1573,0.0297,0.0000,17.28,-2.6823,-8.6885,3.6749
1705297538.5333,0.1020,0.0952,0.0641,0.0720,0.2038,0.1361,0.0633,0.0463,0.2433,0.3843,0.4175,-0.2168,0.8124,0.0740,0.0000,0.1143,0.0404,0.1390,0.0570,0.0606,0.1410,0.1436,0.1084,0.1129,0.1094,0.0525,0.1131,0.0204,0.1217,0.1545,0.1733,0.1014,0.1641,0.0000,17.08,-3.5176,-0.6484,-1.5153
1705297538.6000,0.1153,0.1158,0.0637,0.0622,0.1852,0.1460,0.0575,0.0359,0.2510,0.3805,0.4268,-0.3237,0.8145,0.0758,0.0030,0.1694,0.0390,0.0802,0.0682,0.0916,0.1006,0.1470,0.1334,0.0846,0.0806,0.1612,0.0823,0.0774,0.1306,0.1208,0.0485,0.1697,0.0699,0.0000,9.49,1.4596,8.1822,4.2568
1705297538.6667,0.1082,0.1131,0.0712,0.0569,0.1656,0.1338,0.0429,0.0342,0.2379,0.4217,0.3898,-0.3055,0.7446,0.0140,0.0000,0.1885,0.0645,0.0304,0.0871,0.0434,0.0954,0.0463,0.0888,0.0892,0.0536,0.0774,0.1167,0.0407,0.0742,0.0304,0.0756,0.1429,0.0808,0.0000,20.03,-0.9557,19.0822,1.1061
1705297538.7333,0.1181,0.1113,0.0696,0.0523,0.2017,0.1154,0.0407,0.0248,0.2451,0.4126,0.3888,-0.2656,0.7654,0.1379,0.0110,0.1687,0.0593,0.1180,0.0490,0.0791,0.1603,0.1720,0.0752,0.1202,0.1170,0.1122,0.1441,0.0000,0.1755,0.1305,0.0191,0.1023,0.0582,0.0000,14.08,5.8894,2.8549,-8.0323
1705297538.8000,0.1072,0.0934,0.0596,0.0476,0.2049,0.1273,0.0441,0.0360,0.2501,0.4179,0.3736,-0.2662,0.7697,0.0922,0.0000,0.1720,0.0093,0.1649,0.0370,0.1131,0.1332,0.1003,0.0617,0.0498,0.1822,0.0420,0.0499,0.0177,0.0284,0.0919,0.0268,0.1971,0.0000,0.0000,16.25,6.3432,0.1961,5.3070
1705297538.8667,0.1021,0.0882,0.0698,0.0477,0.2064,0.1125,0.0499,0.0422,0.2287,0.4315,0.4151,-0.1826,0.7208,0.0880,0.0000,0.1803,0.0132,0.0973,0.0764,0.0797,0.1705,0.1319,0.0869,0.1033,0.1378,0.0366,0.1369,0.0020,0.0839,0.1019,0.1459,0.1396,0.1120,1.0000,18.24,9.4383,11.9951,0.8804
1705297538.9333,0.0904,0.0860,0.0647,0.0594,0.1925,0.1088,0.0459,0.0475,0.2239,0.4486,0.3456,-0.1856,0.7464,0.0488,0.0889,0.1566,0.0154,0.0990,0.0589,0.0157,0.0914,0.1269,0.0198,0.1267,0.1079,0.0878,0.1651,0.0218,0.0607,0.0574,0.0199,0.1799,0.1047,0.0000,10.22,7.8177,6.3510,-0.1145
1705297539.0000,0.0916,0.0713,0.0580,0.0607,0.2010,0.1162,0.0477,0.0467,0.2203,0.4519,0.3752,-0.1497,0.7406,0.0607,0.0945,0.1206,0.0258,0.1433,0.0313,0.0876,0.1311,0.1419,0.1325,0.1267,0.0246,0.1347,0.1621,0.0002,0.0871,0.1328,0.0470,0.0738,0.0787,1.0000,15.28,13.0306,4.9319,-6.4586
1705297539.0667,0.0955,0.0666,0.0683,0.0581,0.2081,0.1182,0.0392,0.0650,0.2149,0.4396,0.3815,-0.1765,0.7293,0.0361,0.0000,0.1229,0.0190,0.0875,0.0414,0.1047,0.0868,0.1316,0.1067,0.0806,0.0604,0.0409,0.1210,0.0197,0.0577,0.1065,0.1094,0.2003,0.0175,1.0000,8.02,8.0030,1.2082,-4.1012
1705297539.1333,0.1062,0.0795,0.0648,0.0484,0.2005,0.1333,0.0512,0.0684,0.2143,0.4201,0.3858,-0.1962,0.7049,0.0586,0.0486,0.1532,0.0377,0.1454,0.0847,0.0600,0.2010,0.0615,0.0799,0.1613,0.1015,0.1094,0.1300,0.0000,0.0882,0.1139,0.0864,0.0930,0.0418,0.0000,17.60,9.6080,-3.1884,5.1122
1705297539.2000,0.1023,0.0767,0.0704,0.0535,0.1923,0.1545,0.0504,0.0628,0.2185,0.4113,0.3156,-0.1680,0.7493,0.1666,0.1103,0.1340,0.0304,0.1564,0.0399,0.1115,0.0502,0.1076,0.1675,0.0412,0.1607,0.1458,0.1233,0.0452,0.0773,0.0900,0.1258,0.1043,0.0084,0.0000,19.17,11.1971,11.2237,-4.5526
1705297539.2667,0.0781,0.0793,0.0635,0.0418,0.2007,0.1463,0.0423,0.0557,0.2435,0.4293,0.3464,-0.2305,0.6939,0.0515,0.0534,0.1472,0.0226,0.1661,0.0581,0.1005,0.0599,0.0866,0.1632,0.1163,0.1218,0.1864,0.2025,0.0418,0.1232,0.1150,0.0534,0.2603,0.0885,0.0000,21.36,15.5230,5.8239,-0.4576
1705297539.3333,0.0877,0.0794,0.0635,0.0514,0.2390,0.1475,0.0389,0.0594,0.2546,0.3872,0.3556,-0.1966,0.7115,0.1086,0.0520,0.1941,0.0603,0.1583,0.0005,0.0618,0.1734,0.1537,0.1072,0.1137,0.1028,0.1172,0.1165,0.0000,0.1326,0.1716,0.1119,0.2344,0.1330,0.0000,16.87,-4.3847,-16.4732,-2.2216
1705297539.4000,0.0953,0.0868,0.0707,0.0557,0.2027,0.1308,0.0339,0.0601,0.2461,0.4108,0.3796,-0.2184,0.7251,0.0658,0.0000,0.1622,0.0365,0.1418,0.0500,0.0846,0.0778,0.0615,0.1161,0.0896,0.0694,0.0836,0.1533,0.0432,0.0955,0.0623,0.0308,0.2778,0.1040,0.0000,8.85,2.1042,13.0941,-4.2126
1705297539.4667,0.1044,0.0916,0.0749,0.0466,0.1997,0.1367,0.0375,0.0558,0.2404,0.4074,0.4526,-0.2368,0.7013,0.0321,0.0423,0.1869,0.0774,0.1532,0.0288,0.0823,0.0354,0.1376,0.1160,0.0934,0.1147,0.1356,0.0779,0.0353,0.1000,0.0710,0.0712,0.1924,0.1617,0.0000,18.59,-0.4600,-1.1049,-0.4659
1705297539.5333,0.0991,0.0876,0.0734,0.0556,0.1755,0.1353,0.0142,0.0438,0.2391,0.4459,0.3966,-0.2650,0.7584,0.1190,0.0000,0.1772,0.0103,0.0539,0.0059,0.0576,0.1360,0.1663,0.1116,0.0326,0.1319,0.0532,0.0867,0.0189,0.0461,0.1197,0.0626,0.1116,0.1458,0.0000,12.46,5.4366,-15.8510,2.1120
1705297539.6000,0.1087,0.0751,0.0665,0.0437,0.1859,0.1283,0.0275,0.0423,0.2130,0.4654,0.3247,-0.2931,0.7258,0.0442,0.0000,0.0736,0.0434,0.0576,0.0531,0.0931,0.1871,0.1413,0.1051,0.1600,0.1486,0.1163,0.1855,0.0000,0.1206,0.0887,0.1709,0.1348,0.0654,0.0000,16.88,-6.6190,-3.9966,-2.7570
1705297539.6667,0.1062,0.0817,0.0647,0.0478,0.2037,0.1186,0.0462,0.0515,0.2107,0.4413,0.3439,-0.3096,0.6883,0.0865,0.0769,0.2099,0.0866,0.0902,0.0517,0.0753,0.1657,0.0973,0.0503,0.0512,0.0908,0.0746,0.0512,0.0000,0.1012,0.1490,0.1816,0.1391,0.0728,0.0000,9.97,14.3410,1.7319,-0.5747
1705297539.7333,0.1068,0.0855,0.0494,0.0502,0.1908,0.1227,0.0332,0.0639,0.2171,0.4483,0.3445,-0.3325,0.6491,0.0697,0.0958,0.1253,0.0289,0.1354,0.0166,0.0566,0.0000,0.1058,0.1058,0.0000,0.0955,0.1870,0.0756,0.0340,0.0882,0.0891,0.0987,0.0586,0.0195,0.0000,18.90,7.9432,-9.2812,3.5308
1705297539.8000,0.1016,0.0994,0.0586,0.0462,0.2062,0.1158,0.0527,0.0559,0.2217,0.4251,0.4040,-0.3130,0.6268,0.0372,0.0712,0.2254,0.0307,0.1408,0.0084,0.0000,0.0422,0.1023,0.0716,0.0057,0.0096,0.1411,0.1411,0.0923,0.0955,0.1358,0.1732,0.1711,0.2137,0.0000,14.03,13.5661,-0.0418,-0.9371
1705297539.8667,0.1083,0.0954,0.0642,0.0418,0.1799,0.1249,0.0474,0.0609,0.2473,0.4179,0.3877,-0.3006,0.6950,0.0433,0.0191,0.1794,0.0591,0.0885,0.0912,0.1278,0.0000,0.1147,0.0563,0.0000,0.1945,0.1114,0.0485,0.0660,0.0506,0.1262,0.0000,0.0574,0.0730,0.0000,14.54,4.2361,-0.0643,-0.8948
1705297539.9333,0.1092,0.0956,0.0713,0.0515,0.1982,0.1329,0.0386,0.0725,0.2375,0.3957,0.3376,-0.2480,0.7138,0.0589,0.0498,0.2040,0.0085,0.1008,0.0805,0.0344,0.1080,0.0000,0.1195,0.0087,0.0924,0.0867,0.1798,0.0307,0.1558,0.1470,0.0143,0.1383,0.1206,0.0000,21.28,6.1795,13.2735,-2.3156
1705297540.0000,0.1039,0.0853,0.0700,0.0344,0.2087,0.1522,0.0265,0.0700,0.2184,0.4183,0.3827,-0.2686,0.7352,0.0353,0.0047,0.1422,0.0498,0.1404,0.0179,0.1066,0.0717,0.1415,0.0291,0.0191,0.0742,0.0463,0.0976,0.0102,0.2497,0.0392,0.1279,0.1930,0.1121,0.0000,12.86,3.6894,1.2728,0.0232
1705297540.0667,0.1062,0.0821,0.0729,0.0298,0.1706,0.1411,0.0342,0.0468,0.2187,0.4585,0.4399,-0.2620,0.7856,0.1017,0.0000,0.1393,0.0133,0.1483,0.0879,0.0740,0.0501,0.0000,0.1433,0.0448,0.0946,0.1535,0.1515,0.0185,0.1227,0.1342,0.0866,0.1712,0.0228,0.0000,16.63,-10.6491,5.0396,3.5466
1705297540.1333,0.1072,0.0619,0.0749,0.0390,0.1860,0.1379,0.0404,0.0428,0.2025,0.4644,0.4062,-0.1532,0.7721,0.1293,0.0384,0.1735,0.0503,0.1130,0.0506,0.0814,0.1911,0.1031,0.0451,0.0107,0.1789,0.0753,0.1746,0.0530,0.0758,0.1384,0.1299,0.2571,0.1336,0.0000,15.07,-13.3948,18.6290,-8.4475
1705297540.2000,0.1011,0.0620,0.0699,0.0396,0.1973,0.1540,0.0451,0.0450,0.2047,0.4488,0.4254,-0.1035,0.7260,0.1424,0.0448,0.1267,0.0000,0.0799,0.0497,0.0423,0.0957,0.0347,0.1149,0.0684,0.0934,0.0807,0.0841,0.0202,0.1026,0.0580,0.0931,0.1895,0.0781,0.0000,17.52,19.4223,-15.1306,-4.0040
1705297540.2667,0.1043,0.0570,0.0639,0.0397,0.1834,0.1499,0.0569,0.0620,0.1879,0.4571,0.4109,-0.1959,0.6867,0.1122,0.0083,0.1159,0.0240,0.1476,0.0364,0.0526,0.1436,0.2053,0.0966,0.1900,0.1099,0.0834,0.0959,0.0171,0.1425,0.0839,0.1015,0.1279,0.0205,0.0000,12.38,18.8244,19.1428,9.1307
1705297540.3333,0.1037,0.0604,0.0803,0.0375,0.1880,0.1517,0.0763,0.0790,0.2076,0.4093,0.3763,-0.1198,0.7001,0.0825,0.0494,0.0964,0.0404,0.1303,0.0629,0.0544,0.1733,0.1069,0.1106,0.1491,0.0943,0.0883,0.1394,0.0518,0.0275,0.0071,0.1100,0.1721,0.1398,0.0000,15.48,-5.2671,2.7218,-6.3955
1705297540.4000,0.1029,0.0731,0.0745,0.0345,0.1519,0.1484,0.0705,0.0744,0.2272,0.4256,0.3518,-0.0501,0.7305,0.0745,0.0550,0.2036,0.0878,0.1287,0.0054,0.0284,0.0075,0.1236,0.0666,0.1558,0.0852,0.1605,0.1283,0.0350,0.0511,0.1611,0.1017,0.0230,0.0781,1.0000,12.93,13.0374,2.8738,-4.2578
1705297540.4667,0.1257,0.0756,0.0675,0.0386,0.1778,0.1383,0.0630,0.0743,0.2248,0.4086,0.3860,-0.0588,0.7511,0.0644,0.0000,0.1507,0.0312,0.0586,0.0646,0.0190,0.1278,0.1449,0.0940,0.0639,0.0616,0.1477,0.1075,0.0231,0.1172,0.0234,0.1020,0.1628,0.1475,0.0000,19.99,-1.7387,5.2737,-1.0043
1705297540.5333,0.1349,0.0767,0.0732,0.0462,0.1551,0.1440,0.0521,0.0637,0.2431,0.4067,0.4960,-0.1487,0.7488,0.0209,0.0308,0.2082,0.0101,0.0050,0.0766,0.0750,0.1252,0.0652,0.0042,0.1141,0.0695,0.0695,0.0000,0.0373,0.0994,0.1653,0.0757,0.1386,0.0724,0.0000,16.86,7.6555,3.5746,2.8149
1705297540.6000,0.1282,0.0798,0.0607,0.0574,0.1722,0.1529,0.0644,0.0656,0.2219,0.3981,0.4398,-0.1107,0.7252,0.1091,0.0305,0.1753,0.0695,0.1284,0.1151,0.0758,0.0247,0.1372,0.1135,0.0916,0.0092,0.1641,0.0707,0.0474,0.2305,0.0811,0.0607,0.1203,0.1339,0.0000,12.19,12.7928,-3.5815,0.8688
1705297540.6667,0.1258,0.0920,0.0609,0.0523,0.1946,0.1616,0.0505,0.0667,0.2407,0.3730,0.4250,-0.1832,0.7737,0.1089,0.0053,0.1757,0.0177,0.1253,0.0409,0.0742,0.1295,0.0551,0.0312,0.0736,0.1532,0.1588,0.1683,0.0614,0.0906,0.1650,0.0329,0.2014,0.1536,0.0000,15.16,3.9776,4.0853,1.9821
1705297540.7333,0.1216,0.0942,0.0576,0.0469,0.1569,0.1401,0.0438,0.0760,0.2724,0.3943,0.3392,-0.1463,0.7668,0.0506,0.1208,0.1272,0.0510,0.0974,0.0826,0.1299,0.0918,0.0000,0.0939,0.0938,0.1138,0.0718,0.0558,0.0603,0.0524,0.1197,0.1565,0.0440,0.0385,0.0000,10.42,-0.5930,-7.1504,-8.5642
1705297540.8000,0.1215,0.0941,0.0613,0.0525,0.1898,0.1311,0.0328,0.0405,0.2714,0.4030,0.3309,-0.1710,0.7506,0.1056,0.0473,0.1754,0.0504,0.1298,0.0974,0.0999,0.0293,0.1512,0.0862,0.1517,0.0000,0.1440,0.0892,0.0153,0.1667,0.0414,0.0957,0.1884,0.0521,0.0000,11.43,2.2528,-15.9356,-0.9235
1705297540.8667,0.1357,0.0963,0.0626,0.0515,0.1939,0.1344,0.0389,0.0553,0.2931,0.3630,0.3186,-0.1618,0.7697,0.0419,0.0467,0.1696,0.0398,0.0865,0.0899,0.0308,0.1136,0.0968,0.1279,0.0927,0.0857,0.1321,0.1165,0.1022,0.0538,0.0941,0.1518,0.1339,0.0627,0.0000,14.64,-0.5651,-8.0346,-9.3762
1705297540.9333,0.1276,0.1011,0.0589,0.0272,0.1830,0.1277,0.0541,0.0582,0.2959,0.3797,0.3617,-0.1025,0.7220,0.1005,0.0593,0.2369,0.0417,0.1459,0.0264,0.0893,0.1699,0.1510,0.0948,0.0335,0.0774,0.2120,0.0980,0.0539,0.1138,0.1621,0.1756,0.1735,0.1106,0.0000,12.01,-5.5364,-0.9093,-5.3017
1705297541.0000,0.1294,0.0943,0.0611,0.0301,0.1621,0.1437,0.0764,0.0516,0.2879,0.3780,0.4297,-0.1385,0.6941,0.1361,0.0927,0.2025,0.0798,0.1015,0.1269,0.0610,0.1472,0.0683,0.0684,0.0291,0.0755,0.1351,0.1232,0.0662,0.0628,0.1133,0.0257,0.1832,0.1177,0.0000,17.43,-0.2006,5.1648,1.8724
1705297541.0667,0.1100,0.0864,0.0552,0.0331,0.1598,0.1369,0.0622,0.0705,0.2824,0.4021,0.4399,-0.1327,0.7270,0.0578,0.0000,0.1766,0.0657,0.1274,0.0650,0.1079,0.1479,0.1126,0.1215,0.2121,0.0512,0.1197,0.0177,0.0231,0.1161,0.0747,0.1707,0.1775,0.0975,0.0000,11.00,4.6748,-12.6295,14.0109
1705297541.1333,0.0895,0.0826,0.0659,0.0325,0.1401,0.1406,0.0719,0.0613,0.3025,0.4079,0.5024,-0.2244,0.7153,0.1603,0.0000,0.2353,0.0437,0.0858,0.0809,0.0615,0.0662,0.0873,0.1033,0.0567,0.0142,0.0474,0.0931,0.0188,0.1772,0.1695,0.0270,0.0532,0.1481,1.0000,15.23,12.4704,14.6788,-1.8964
1705297541.2000,0.0950,0.0849,0.0578,0.0445,0.1684,0.1302,0.0602,0.0550,0.2801,0.4143,0.4558,-0.2259,0.7606,0.1756,0.0141,0.2042,0.0008,0.1038,0.0809,0.0291,0.1055,0.1029,0.0735,0.0861,0.0985,0.1019,0.1741,0.0846,0.0510,0.1087,0.0872,0.1102,0.0808,0.0000,13.35,5.0927,15.7636,0.2928
1705297541.2667,0.0841,0.0799,0.0632,0.0534,0.1649,0.1183,0.0604,0.0582,0.2840,0.4201,0.4525,-0.2986,0.7058,0.1184,0.0036,0.1581,0.0194,0.0736,0.0678,0.0501,0.1133,0.0765,0.1075,0.0629,0.0682,0.0860,0.1179,0.0386,0.0468,0.1047,0.0140,0.0534,0.1389,0.0000,15.37,-5.8624,-6.6915,-5.5298
1705297541.3333,0.1057,0.0740,0.0627,0.0538,0.1758,0.1303,0.0739,0.0474,0.2807,0.3975,0.4312,-0.3470,0.6449,0.0506,0.0514,0.1848,0.0042,0.1604,0.0584,0.0845,0.0333,0.1012,0.0569,0.1193,0.0995,0.1184,0.1070,0.0327,0.1131,0.1101,0.1833,0.0793,0.1406,0.0000,17.02,-0.6306,-2.3487,-0.9561
1705297541.4000,0.1078,0.0842,0.0800,0.0450,0.1821,0.1425,0.1056,0.0525,0.2551,0.3671,0.4752,-0.2911,0.6432,0.1018,0.0000,0.1364,0.0593,0.1512,0.0253,0.1199,0.1218,0.1007,0.0889,0.0209,0.0422,0.1155,0.0427,0.0338,0.0942,0.1252,0.1499,0.1434,0.0784,0.0000,19.43,1.3525,-6.3803,0.0530
1705297541.4667,0.1118,0.0673,0.0632,0.0464,0.2069,0.1366,0.0961,0.0374,0.2677,0.3799,0.4143,-0.1748,0.6462,0.1052,0.0715,0.1766,0.0579,0.1520,0.0325,0.1017,0.0724,0.1273,0.1266,0.0666,0.1346,0.0532,0.0000,0.0651,0.0137,0.1312,0.0961,0.1352,0.1391,0.0000,13.84,14.0218,-2.1129,3.8190
1705297541.5333,0.1188,0.0683,0.0522,0.0526,0.1934,0.1539,0.0560,0.0271,0.2694,0.4050,0.3977,-0.2296,0.6782,0.1440,0.0257,0.1964,0.0553,0.0798,0.0921,0.0788,0.1015,0.1077,0.0896,0.2024,0.1294,0.0742,0.1016,0.0094,0.0202,0.0823,0.1198,0.1443,0.0708,0.0000,12.61,-3.0831,-14.9371,-2.2960
1705297541.6000,0.1097,0.0572,0.0481,0.0463,0.1833,0.1519,0.0499,0.0237,0.2751,0.4330,0.4356,-0.2482,0.6916,0.1507,0.0177,0.1818,0.0041,0.0960,0.0783,0.0920,0.0317,0.1792,0.0969,0.1837,0.0950,0.0817,0.1666,0.0150,0.1070,0.1096,0.1190,0.0213,0.0858,0.0000,15.36,13.7696,-2.5924,3.1316
1705297541.6667,0.0872,0.0703,0.0536,0.0468,0.1792,0.1580,0.0694,0.0312,0.2804,0.4143,0.3931,-0.2595,0.6622,0.1211,0.0000,0.1512,0.0291,0.1151,0.0405,0.0000,0.0964,0.0038,0.1343,0.1358,0.0917,0.1228,0.1266,0.0405,0.1223,0.0724,0.0558,0.1258,0.1437,0.0000,12.67,-7.5697,-11.5658,8.2211
1705297541.7333,0.1069,0.0573,0.0569,0.0592,0.1658,0.1405,0.0737,0.0339,0.2711,0.4209,0.4096,-0.2593,0.6939,0.0738,0.0032,0.1882,0.0566,0.0241,0.0628,0.0869,0.1518,0.0406,0.1072,0.1432,0.0566,0.0700,0.0978,0.0668,0.1855,0.0555,0.0982,0.1217,0.0666,0.0000,11.50,1.2159,12.1005,-4.0444
1705297541.8000,0.0985,0.0401,0.0582,0.0496,0.1959,0.1467,0.0687,0.0309,0.2756,0.4215,0.3300,-0.2108,0.6308,0.1222,0.0202,0.1380,0.0193,0.1101,0.0235,0.0478,0.1277,0.1002,0.0768,0.0570,0.0569,0.1011,0.0789,0.0000,0.0732,0.1321,0.0608,0.1263,0.1539,0.0000,11.47,-5.8404,19.8026,3.2883
1705297541.8667,0.1186,0.0515,0.0658,0.0403,0.2247,0.1492,0.0531,0.0398,0.2792,0.3867,0.3655,-0.1801,0.7394,0.1008,0.0404,0.1779,0.0000,0.1270,0.0568,0.0916,0.0730,0.0834,0.0789,0.0624,0.2379,0.1188,0.0924,0.0419,0.0401,0.0903,0.1211,0.0926,0.0944,0.0000,16.59,0.2743,-13.0837,-2.1847
1705297541.9333,0.1087,0.0531,0.0657,0.0399,0.2467,0.1610,0.0495,0.0360,0.2734,0.3797,0.3723,-0.2298,0.6841,0.0349,0.0894,0.2357,0.0000,0.1728,0.0746,0.1588,0.0782,0.0950,0.0577,0.0758,0.2037,0.1332,0.0263,0.0760,0.0841,0.0400,0.1142,0.1776,0.0998,0.0000,19.18,4.6386,6.1412,0.8704
1705297542.0000,0.0951,0.0549,0.0801,0.0286,0.2308,0.1439,0.0328,0.0399,0.2738,0.4121,0.4283,-0.2279,0.6262,0.0893,0.0058,0.1639,0.0441,0.1092,0.0577,0.0444,0.1446,0.0746,0.0342,0.0704,0.1261,0.0508,0.0441,0.0249,0.0570,0.0992,0.1116,0.2166,0.1003,0.0000,10.42,10.2355,3.7620,5.7936
1705297542.0667,0.0821,0.0567,0.0806,0.0286,0.2032,0.1428,0.0340,0.0566,0.2596,0.4334,0.4329,-0.2066,0.5419,0.1343,0.0000,0.1372,0.0141,0.1440,0.0303,0.0625,0.0000,0.1000,0.0459,0.0945,0.0804,0.0640,0.1065,0.0053,0.1142,0.0340,0.1247,0.1769,0.2213,0.0000,15.10,21.5580,1.0352,2.6932
1705297542.1333,0.0924,0.0478,0.0655,0.0239,0.1855,0.1453,0.0652,0.0561,0.2419,0.4458,0.3851,-0.2301,0.5335,0.0722,0.0000,0.1735,0.0245,0.1107,0.0112,0.0552,0.0000,0.0887,0.0608,0.0757,0.0935,0.1120,0.1024,0.0000,0.1136,0.0793,0.0439,0.1508,0.0677,0.0000,13.36,-5.7363,-0.2611,3.6993
1705297542.2000,0.0896,0.0473,0.0533,0.0246,0.1804,0.1449,0.0928,0.0537,0.2499,0.4381,0.3874,-0.2457,0.6149,0.0877,0.1068,0.1605,0.1128,0.0751,0.0402,0.0998,0.1538,0.0267,0.0473,0.1886,0.0029,0.0498,0.0827,0.0577,0.1239,0.1550,0.0317,0.1569,0.1314,0.0000,19.53,6.6034,-0.6462,3.8919
1705297542.2667,0.0764,0.0385,0.0543,0.0395,0.1784,0.1382,0.0934,0.0521,0.2624,0.4401,0.3753,-0.2361,0.6819,0.1757,0.0414,0.1797,0.0467,0.1618,0.0348,0.0220,0.1096,0.1353,0.0888,0.0730,0.1217,0.1351,0.1245,0.0052,0.1511,0.0857,0.0721,0.1945,0.0840,0.0000,14.01,3.5801,-6.0654,-13.4333
1705297542.3333,0.0908,0.0564,0.0653,0.0504,0.1879,0.1536,0.1003,0.0530,0.2578,0.3908,0.4418,-0.2298,0.6810,0.0487,0.1189,0.1344,0.0291,0.1423,0.0937,0.0607,0.0133,0.1892,0.0911,0.0591,0.1541,0.1064,0.0856,0.0886,0.0958,0.1506,0.1020,0.1167,0.0000,0.0000,15.92,18.4639,0.9775,-1.0522
1705297542.4000,0.0962,0.0581,0.0721,0.0400,0.1810,0.1691,0.1050,0.0653,0.2389,0.3845,0.4320,-0.2654,0.7290,0.0849,0.1301,0.2326,0.0627,0.0555,0.0234,0.0518,0.1799,0.2053,0.0786,0.2189,0.1729,0.0663,0.0745,0.0887,0.0579,0.2090,0.0281,0.1296,0.1588,0.0000,16.83,7.5602,12.0186,-0.3922
1705297542.4667,0.0824,0.0552,0.0810,0.0327,0.2062,0.1803,0.0810,0.0605,0.2355,0.3912,0.3972,-0.2561,0.7257,0.1334,0.0066,0.2019,0.0413,0.1332,0.0826,0.0391,0.1469,0.1927,0.1080,0.0987,0.1060,0.1014,0.0876,0.0286,0.1573,0.1026,0.0857,0.1717,0.1328,0.0000,12.14,2.2035,-7.6519,-1.3730
1705297542.5333,0.0863,0.0673,0.0656,0.0228,0.1950,0.1840,0.0815,0.0497,0.2236,0.4145,0.4448,-0.2211,0.7716,0.1380,0.1273,0.1731,0.0595,0.0926,0.0409,0.0689,0.1369,0.1116,0.0692,0.1110,0.1181,0.0389,0.1839,0.0406,0.1231,0.0375,0.0155,0.0932,0.0777,0.0000,15.94,4.3953,18.7964,-1.0090
1705297542.6000,0.0805,0.0675,0.0716,0.0241,0.1969,0.1855,0.0703,0.0654,0.2406,0.3985,0.4368,-0.1940,0.8404,0.1137,0.0154,0.0860,0.0647,0.1526,0.0747,0.0607,0.0736,0.2267,0.1241,0.0790,0.0687,0.0718,0.0801,0.0679,0.1093,0.1309,0.0845,0.1438,0.0549,0.0000,10.48,9.2136,-10.8369,-0.5542
1705297542.6667,0.0757,0.0866,0.0651,0.0352,0.1779,0.1672,0.0601,0.0676,0.2604,0.4024,0.4369,-0.0726,0.8356,0.1050,0.1239,0.0925,0.0072,0.0679,0.0338,0.0100,0.0847,0.0795,0.0871,0.0627,0.0998,0.0579,0.1120,0.0000,0.1660,0.0949,0.0696,0.2206,0.0872,0.0000,14.40,6.5120,0.6273,5.1879
1705297542.7333,0.0871,0.0798,0.0576,0.0537,0.2089,0.1639,0.0501,0.0712,0.2592,0.3810,0.4618,-0.0557,0.8351,0.1093,0.0227,0.2279,0.0000,0.1302,0.0000,0.0329,0.0581,0.0284,0.1369,0.1389,0.1682,0.0473,0.0856,0.0312,0.1848,0.0837,0.0290,0.1458,0.1189,0.0000,11.70,16.9569,4.1900,3.0041
1705297542.8000,0.0730,0.0762,0.0595,0.0416,0.1716,0.1575,0.0693,0.0630,0.2535,0.4209,0.4443,-0.0304,0.7973,0.0186,0.0953,0.1340,0.0497,0.1142,0.0467,0.0317,0.1062,0.0908,0.1124,0.1339,0.0615,0.0475,0.0714,0.0000,0.0690,0.0746,0.0081,0.1664,0.1463,0.0000,22.32,11.4589,5.8175,-5.5529
1705297542.8667,0.0841,0.0746,0.0780,0.0436,0.2192,0.1621,0.0750,0.0779,0.2708,0.3488,0.4926,-0.0486,0.7278,0.1527,0.0914,0.1897,0.0390,0.1624,0.0435,0.0794,0.0987,0.1183,0.1304,0.0845,0.0873,0.1100,0.1612,0.0609,0.0875,0.0661,0.1483,0.2141,0.1350,0.0000,18.99,1.6320,2.1954,2.8070
1705297542.9333,0.0767,0.0747,0.0894,0.0456,0.2210,0.1674,0.0563,0.0761,0.2430,0.3699,0.4803,-0.0455,0.6371,0.1815,0.1307,0.1533,0.0371,0.1840,0.0632,0.0018,0.1433,0.0760,0.0855,0.0886,0.1118,0.1164,0.1079,0.0516,0.0605,0.0671,0.0888,0.1422,0.1022,0.0000,11.90,6.1599,16.0001,-9.6910
1705297543.0000,0.0688,0.0769,0.0781,0.0446,0.2077,0.1634,0.0782,0.0619,0.2394,0.3886,0.5109,-0.0632,0.6769,0.1418,0.1268,0.1033,0.0712,0.1444,0.0604,0.0688,0.0000,0.1116,0.1550,0.1128,0.0908,0.1316,0.2091,0.0537,0.0956,0.0579,0.0606,0.2522,0.1489,0.0000,14.34,-0.7672,-5.2051,-6.2336
1705297543.0667,0.0573,0.0883,0.0824,0.0385,0.2104,0.1804,0.0753,0.0743,0.2384,0.3727,0.4631,-0.0809,0.6086,0.1535,0.0000,0.1249,0.0424,0.0743,0.0721,0.0936,0.1105,0.0759,0.0767,0.0177,0.0426,0.0948,0.0295,0.0548,0.1531,0.0873,0.1383,0.2829,0.1061,0.0000,12.13,1.7326,13.3149,-8.7281
1705297543.1333,0.0415,0.0885,0.0703,0.0260,0.1755,0.1648,0.0550,0.0587,0.2303,0.4537,0.5135,-0.1344,0.6775,0.0999,0.0193,0.1934,0.0308,0.1313,0.0000,0.0472,0.1167,0.0000,0.1062,0.0000,0.1654,0.0827,0.0451,0.0169,0.0590,0.0747,0.0543,0.1797,0.0800,0.0000,13.70,-1.1716,8.1195,2.5441
1705297543.2000,0.0349,0.0945,0.0555,0.0354,0.1614,0.1561,0.0656,0.0531,0.2182,0.4752,0.4548,-0.1428,0.6788,0.0727,0.1007,0.1224,0.0177,0.0990,0.0010,0.0721,0.1095,0.1813,0.1478,0.0512,0.1071,0.1449,0.0655,0.0632,0.0179,0.1848,0.1559,0.0959,0.0251,0.0000,15.60,1.6180,-5.8079,-2.1179
1705297543.2667,0.0393,0.1000,0.0407,0.0617,0.1871,0.1583,0.0665,0.0415,0.2373,0.4405,0.3980,-0.1679,0.6965,0.1739,0.0592,0.1832,0.0415,0.1401,0.0454,0.0147,0.1461,0.1070,0.0784,0.1404,0.0514,0.0358,0.1006,0.0319,0.1082,0.0618,0.0630,0.2404,0.0190,1.0000,15.25,-2.2911,12.1908,-7.6026
1705297543.3333,0.0534,0.0961,0.0448,0.0637,0.1945,0.1743,0.0863,0.0457,0.2423,0.3993,0.4875,-0.1837,0.7711,0.1335,0.0697,0.1205,0.0389,0.0802,0.0424,0.0359,0.1572,0.0649,0.1346,0.0948,0.2054,0.1383,0.1718,0.0457,0.0537,0.0989,0.1399,0.1292,0.0967,0.0000,16.03,1.8952,-1.6715,5.0442
1705297543.4000,0.0569,0.1055,0.0457,0.0792,0.1782,0.1765,0.0912,0.0616,0.2415,0.3783,0.5115,-0.1858,0.7867,0.1315,0.0608,0.1716,0.0515,0.1193,0.0732,0.0590,0.1393,0.1213,0.0710,0.0682,0.0449,0.1190,0.1257,0.0845,0.0831,0.0501,0.0391,0.1241,0.1476,0.0000,15.28,1.1258,1.3478,1.5664
1705297543.4667,0.0766,0.0842,0.0495,0.0765,0.1608,0.1506,0.0814,0.0704,0.2098,0.4241,0.4838,-0.2644,0.7771,0.0559,0.0670,0.1582,0.0379,0.1396,0.0281,0.0106,0.1037,0.1173,0.1207,0.1197,0.0599,0.1102,0.1155,0.0502,0.0940,0.0166,0.0982,0.1859,0.0000,0.0000,14.71,-11.1651,27.5342,10.5953
1705297543.5333,0.0757,0.0752,0.0473,0.0630,0.1621,0.1414,0.0733,0.0692,0.2124,0.4482,0.4661,-0.1700,0.7213,0.0306,0.0562,0.1221,0.0326,0.1535,0.0000,0.0771,0.0873,0.0796,0.0703,0.0799,0.0682,0.0672,0.1164,0.1212,0.1755,0.1298,0.0644,0.1622,0.0434,0.0000,12.73,-0.3156,-0.0092,7.4170
1705297543.6000,0.0989,0.0949,0.0431,0.0711,0.1741,0.1308,0.0749,0.0655,0.2154,0.4188,0.4700,-0.2361,0.6706,0.1059,0.0374,0.1427,0.0403,0.1116,0.0272,0.0606,0.1206,0.0706,0.0297,0.1707,0.1630,0.1019,0.0281,0.0162,0.1307,0.1662,0.0958,0.1203,0.0500,0.0000,11.88,15.9920,16.2336,-4.7083
1705297543.6667,0.1073,0.0845,0.0434,0.0864,0.1808,0.1191,0.0841,0.0696,0.2107,0.4084,0.4122,-0.1952,0.7633,0.1005,0.1035,0.1691,0.0722,0.1147,0.0856,0.0115,0.1150,0.1757,0.1283,0.1510,0.1008,0.0684,0.1166,0.0591,0.0741,0.0753,0.0744,0.1691,0.0967,0.0000,17.46,14.3394,10.3314,-5.8031
1705297543.7333,0.1237,0.0900,0.0456,0.0750,0.1729,0.1294,0.0626,0.0613,0.1936,0.4276,0.4564,-0.1897,0.8054,0.0817,0.0953,0.1264,0.0406,0.1221,0.0523,0.0994,0.1504,0.0750,0.0743,0.0272,0.1191,0.0848,0.1362,0.0000,0.1408,0.1826,0.1338,0.1888,0.1348,0.0000,14.16,0.6473,5.5667,8.0645
1705297543.8000,0.1253,0.1112,0.0346,0.0636,0.1972,0.1276,0.0538,0.0654,0.2119,0.4056,0.4298,-0.1790,0.7969,0.0731,0.0495,0.2116,0.0199,0.1000,0.0738,0.0165,0.1164,0.0591,0.1229,0.0695,0.0871,0.1410,0.1498,0.0054,0.0618,0.0828,0.0897,0.1308,0.1773,0.0000,17.31,1.9019,-1.6066,7.5006
1705297543.8667,0.1205,0.1101,0.0350,0.0554,0.2119,0.1327,0.0672,0.0434,0.2174,0.4038,0.4011,-0.0748,0.8263,0.1294,0.0459,0.1470,0.0676,0.1006,0.0000,0.0438,0.1792,0.1223,0.1034,0.0706,0.1239,0.1081,0.0499,0.0863,0.0436,0.0327,0.0443,0.1409,0.0741,0.0000,15.09,-6.9389,1.1882,-0.6541
1705297543.9333,0.0956,0.1094,0.0307,0.0570,0.2281,0.1424,0.0649,0.0515,0.2242,0.3978,0.3954,-0.1238,0.8333,0.0829,0.0158,0.1896,0.0454,0.1462,0.0114,0.0867,0.0456,0.1278,0.0621,0.1259,0.0868,0.0900,0.0587,0.0000,0.0633,0.1240,0.1177,0.0914,0.1243,0.0000,21.71,5.4321,3.9516,2.5750
1705297544.0000,0.1114,0.1138,0.0345,0.0647,0.2131,0.1497,0.0610,0.0800,0.2119,0.3759,0.4189,-0.1039,0.7337,0.0765,0.0284,0.1313,0.0476,0.0558,0.0476,0.0706,0.1847,0.0807,0.1123,0.0652,0.1415,0.0646,0.1032,0.0632,0.0642,0.0862,0.0831,0.1440,0.0962,0.0000,12.71,2.9073,-14.8250,4.6340
1705297544.0667,0.0987,0.0817,0.0358,0.0585,0.2226,0.1483,0.0944,0.0774,0.2040,0.3872,0.4433,-0.0619,0.7477,0.0451,0.0811,0.2044,0.0737,0.1389,0.0422,0.0670,0.1345,0.0500,0.0774,0.2095,0.1096,0.1411,0.0158,0.0522,0.2279,0.0052,0.0860,0.1977,0.1238,0.0000,17.07,2.4501,5.1328,-7.9071
1705297544.1333,0.1234,0.0803,0.0226,0.0570,0.2084,0.1533,0.0988,0.0848,0.2163,0.3730,0.3340,-0.1121,0.7753,0.0806,0.0671,0.1130,0.0520,0.1469,0.0675,0.0591,0.1302,0.0524,0.0940,0.1131,0.1142,0.0491,0.1383,0.0570,0.0853,0.0227,0.1223,0.1060,0.0000,1.0000,19.77,9.8301,-18.5525,-0.2434
1705297544.2000,0.1179,0.0907,0.0270,0.0535,0.1919,0.1552,0.1103,0.0747,0.2027,0.3857,0.3576,-0.1836,0.8463,0.1845,0.1315,0.1367,0.0469,0.1359,0.0526,0.0879,0.0703,0.1094,0.0896,0.1249,0.1043,0.0022,0.0000,0.0504,0.0380,0.0322,0.0913,0.1130,0.0593,0.0000,11.53,15.5369,7.8745,-0.6662
1705297544.2667,0.1182,0.0897,0.0251,0.0577,0.2068,0.1574,0.0988,0.0779,0.1941,0.3845,0.4130,-0.2023,0.8527,0.0605,0.0655,0.0870,0.0970,0.1096,0.0897,0.0588,0.1173,0.0369,0.1303,0.1240,0.0877,0.0908,0.1471,0.0222,0.1009,0.1463,0.1181,0.0963,0.0620,0.0000,16.92,3.3394,3.0781,4.3844
1705297544.3333,0.1120,0.0789,0.0235,0.0404,0.1972,0.1558,0.1112,0.0700,0.1758,0.4211,0.4672,-0.1451,0.8478,0.1649,0.0775,0.1473,0.0248,0.1056,0.0757,0.0885,0.1558,0.1282,0.0811,0.1558,0.1435,0.0766,0.1008,0.0501,0.0925,0.0995,0.0463,0.1631,0.1176,0.0000,16.17,23.1222,-1.7985,3.6355
1705297544.4000,0.0823,0.0835,0.0290,0.0306,0.2238,0.1457,0.1033,0.0541,0.1762,0.4429,0.4332,-0.0680,0.8440,0.1328,0.0749,0.1615,0.0989,0.0999,0.0603,0.0535,0.1928,0.0855,0.1243,0.0857,0.0485,0.0755,0.1294,0.0137,0.0347,0.0333,0.0786,0.2124,0.1282,0.0000,14.39,30.0000,-15.3752,7.3390
1705297544.4667,0.0896,0.0873,0.0418,0.0260,0.2296,0.1710,0.0817,0.0553,0.1981,0.4117,0.4256,-0.0925,0.7748,0.0248,0.1073,0.1476,0.0234,0.1303,0.0189,0.0829,0.0496,0.1480,0.1328,0.0238,0.1934,0.1030,0.1164,0.0152,0.1273,0.1051,0.1452,0.2343,0.0861,0.0000,12.92,8.6796,13.8713,-6.1527
1705297544.5333,0.0879,0.1010,0.0404,0.0161,0.2419,0.1745,0.0829,0.0696,0.1840,0.4011,0.4514,-0.0865,0.8031,0.1580,0.0962,0.2001,0.0538,0.1236,0.0217,0.0450,0.1339,0.1491,0.1031,0.0469,0.0682,0.0212,0.1086,0.0698,0.0942,0.0804,0.1354,0.2576,0.2165,0.0000,8.57,1.1643,15.5605,-3.1619
1705297544.6000,0.0914,0.1018,0.0328,0.0114,0.2725,0.1520,0.0816,0.0813,0.1925,0.3896,0.4463,-0.0891,0.7674,0.1008,0.0819,0.1053,0.0747,0.1819,0.0994,0.0274,0.1643,0.0833,0.1016,0.0524,0.1157,0.1671,0.1453,0.0348,0.1850,0.1066,0.0613,0.2254,0.0987,0.0000,14.34,-3.2547,1.7609,1.8073
1705297544.6667,0.1137,0.0982,0.0345,0.0257,0.2412,0.1648,0.0821,0.0922,0.2059,0.3650,0.3797,-0.1393,0.6712,0.0951,0.0820,0.1436,0.0585,0.1612,0.0348,0.0341,0.0086,0.0711,0.1073,0.1197,0.1055,0.0781,0.1106,0.0306,0.0619,0.0940,0.0566,0.2815,0.1779,0.0000,10.62,-4.0030,-4.5922,-2.0439
1705297544.7333,0.1036,0.0842,0.0270,0.0306,0.2211,0.1711,0.0642,0.0889,0.2225,0.3920,0.3601,-0.1614,0.7449,0.0397,0.0180,0.1244,0.0433,0.1315,0.0035,0.0770,0.0780,0.0816,0.1089,0.2167,0.0656,0.1328,0.0393,0.0434,0.1142,0.1514,0.2360,0.1889,0.0796,0.0000,16.80,8.6976,-1.7987,-3.9455
1705297544.8000,0.1069,0.0996,0.0280,0.0406,0.1976,0.1755,0.0444,0.0821,0.1950,0.4182,0.3985,-0.1305,0.7425,0.1139,0.0310,0.1170,0.0000,0.0785,0.0885,0.0089,0.0967,0.1476,0.1520,0.1265,0.1216,0.0687,0.0377,0.0650,0.1488,0.0923,0.0215,0.1583,0.0812,0.0000,19.77,10.6548,-4.1843,2.2363
1705297544.8667,0.1087,0.1121,0.0245,0.0402,0.2252,0.1566,0.0418,0.0824,0.1802,0.4170,0.3747,-0.1276,0.7231,0.0711,0.0339,0.0903,0.0598,0.1065,0.0804,0.0441,0.0677,0.1503,0.0860,0.0434,0.0733,0.0402,0.0975,0.0296,0.0959,0.1358,0.1196,0.2129,0.1390,0.0000,15.30,2.1775,-6.8722,7.3948
1705297544.9333,0.1062,0.1234,0.0328,0.0304,0.2262,0.1436,0.0351,0.0707,0.2142,0.4103,0.3752,-0.0310,0.6715,0.1106,0.1188,0.1345,0.0165,0.0907,0.0757,0.0695,0.0000,0.0827,0.1471,0.1334,0.1329,0.0213,0.1468,0.0000,0.0950,0.1264,0.1326,0.1965,0.1704,0.0000,15.19,-4.4677,-4.3724,-1.1036
1705297545.0000,0.1014,0.1171,0.0396,0.0386,0.2328,0.1480,0.0526,0.0668,0.2414,0.3770,0.3351,-0.1003,0.7103,0.0611,0.0000,0.1994,0.0547,0.1677,0.0519,0.0453,0.0606,0.1426,0.0412,0.1073,0.0786,0.0982,0.0310,0.0457,0.0659,0.0759,0.0564,0.2258,0.1407,0.0000,18.88,6.3526,17.2457,-0.0586
1705297545.0667,0.1119,0.1039,0.0505,0.0454,0.1965,0.1417,0.0767,0.0671,0.2369,0.3817,0.4000,0.0087,0.6341,0.0670,0.0780,0.1083,0.0335,0.0720,0.1274,0.0414,0.1346,0.0700,0.1082,0.0855,0.2031,0.0858,0.1397,0.0821,0.0529,0.0912,0.0927,0.1344,0.1485,0.0000,18.14,-0.7157,-5.2866,0.1095
1705297545.1333,0.1288,0.1081,0.0587,0.0513,0.1791,0.1454,0.0721,0.0684,0.2533,0.3608,0.4492,-0.0807,0.6950,0.1404,0.0559,0.1515,0.0693,0.1193,0.0448,0.0475,0.0088,0.0794,0.1090,0.0831,0.1069,0.1481,0.0185,0.0400,0.0374,0.0978,0.0315,0.1967,0.0843,0.0000,15.93,13.0646,0.2362,-5.3882
1705297545.2000,0.1415,0.0880,0.0693,0.0491,0.1812,0.1333,0.0799,0.0816,0.2752,0.3406,0.4686,-0.0901,0.7111,0.0737,0.0454,0.1387,0.0387,0.0517,0.0746,0.0854,0.0549,0.1458,0.1062,0.0545,0.0686,0.1244,0.0629,0.0899,0.0913,0.0896,0.0091,0.0842,0.1324,1.0000,18.94,10.3743,-10.4136,-10.3178
1705297545.2667,0.1291,0.1001,0.0544,0.0431,0.1543,0.1310,0.0988,0.0816,0.2629,0.3669,0.4501,-0.0855,0.6666,0.1174,0.0119,0.2002,0.0991,0.1026,0.0443,0.0493,0.1150,0.0000,0.0931,0.1220,0.0892,0.1885,0.1312,0.0610,0.1342,0.1408,0.1744,0.1053,0.1039,0.0000,11.48,-5.5577,3.6877,-1.9926
1705297545.3333,0.1252,0.0904,0.0450,0.0473,0.1243,0.1517,0.0787,0.0568,0.2455,0.4211,0.4262,-0.0728,0.6888,0.0720,0.1332,0.1564,0.0912,0.0551,0.0473,0.0814,0.0679,0.1752,0.1286,0.0074,0.0216,0.0577,0.1093,0.0768,0.0000,0.0870,0.0514,0.1678,0.0884,0.0000,11.53,3.9220,15.4021,1.6610
1705297545.4000,0.1274,0.0924,0.0503,0.0525,0.1282,0.1482,0.0714,0.0696,0.2462,0.4083,0.4156,0.0116,0.7514,0.1255,0.0765,0.1815,0.0424,0.1376,0.0656,0.0868,0.0731,0.0047,0.0867,0.1113,0.0093,0.0657,0.1213,0.0284,0.0238,0.2123,0.1258,0.1672,0.1555,0.0000,14.76,0.7410,-4.8276,8.6972
1705297545.4667,0.1486,0.1016,0.0504,0.0531,0.1841,0.1411,0.0832,0.0626,0.2489,0.3559,0.3882,-0.0646,0.7540,0.1109,0.0461,0.2119,0.0000,0.1401,0.0186,0.1151,0.1043,0.0400,0.1024,0.0969,0.0795,0.1652,0.1051,0.0191,0.1230,0.0698,0.0395,0.0496,0.1085,0.0000,13.70,-2.0364,5.9480,-6.2847
1705297545.5333,0.1517,0.0794,0.0401,0.0593,0.2099,0.1454,0.0855,0.0681,0.2593,0.3407,0.3659,-0.0347,0.6909,0.0710,0.1195,0.1578,0.0417,0.1513,0.0556,0.1202,0.1192,0.1192,0.1246,0.0578,0.1451,0.1152,0.1150,0.0842,0.1501,0.1141,0.1312,0.1514,0.1372,0.0000,15.73,12.4491,-6.2864,5.1306
1705297545.6000,0.1262,0.0856,0.0222,0.0505,0.2043,0.1486,0.0728,0.0644,0.2524,0.3839,0.3337,-0.1097,0.6890,0.1155,0.0225,0.2500,0.0408,0.1140,0.0421,0.0593,0.0499,0.1190,0.1143,0.1149,0.1375,0.1192,0.1441,0.0593,0.1747,0.1581,0.1594,0.1325,0.0952,0.0000,13.42,14.6701,-0.9958,7.1724
1705297545.6667,0.1125,0.0656,0.0372,0.0395,0.2162,0.1606,0.0767,0.0749,0.2491,0.3807,0.2937,-0.1451,0.7529,0.0883,0.0796,0.1965,0.0522,0.1488,0.0365,0.0793,0.0863,0.0772,0.1360,0.0252,0.0952,0.0333,0.1508,0.0394,0.0919,0.1476,0.0655,0.1564,0.1110,0.0000,12.47,-3.7725,-7.1767,4.5277
1705297545.7333,0.1124,0.0818,0.0491,0.0398,0.1723,0.1493,0.0642,0.0786,0.2359,0.4099,0.3503,-0.2351,0.7435,0.0401,0.0702,0.2000,0.0057,0.0559,0.0183,0.0527,0.0948,0.1411,0.1107,0.0429,0.1250,0.0460,0.0696,0.0640,0.0263,0.0158,0.0676,0.0431,0.0676,0.0000,14.61,9.0646,-14.2540,-7.5251
1705297545.8000,0.1077,0.0900,0.0493,0.0327,0.1731,0.1364,0.0623,0.0726,0.2249,0.4305,0.3232,-0.1647,0.7983,0.1788,0.0456,0.1401,0.0098,0.0847,0.0872,0.0542,0.0221,0.1557,0.1949,0.1500,0.1324,0.1464,0.1059,0.0243,0.0765,0.1202,0.0109,0.1442,0.0753,1.0000,14.58,8.0944,-28.8086,-1.1740
1705297545.8667,0.1070,0.0858,0.0626,0.0318,0.1435,0.1324,0.0954,0.0763,0.2319,0.4199,0.3292,-0.0730,0.8060,0.1621,0.0000,0.0690,0.1137,0.0789,0.0193,0.0697,0.0658,0.0911,0.0791,0.0247,0.0765,0.0673,0.0882,0.0599,0.0036,0.0189,0.0525,0.1715,0.1312,0.0000,14.87,-0.0989,9.9838,5.2728
1705297545.9333,0.1047,0.0761,0.0551,0.0252,0.1607,0.1346,0.0828,0.0556,0.2362,0.4415,0.3858,-0.1492,0.7501,0.0577,0.1113,0.1859,0.1059,0.0726,0.0361,0.0902,0.0899,0.2464,0.0985,0.2103,0.1009,0.0725,0.1272,0.0633,0.1789,0.1074,0.0116,0.1913,0.0968,0.0000,7.95,5.5610,17.3769,4.0040
1705297546.0000,0.1038,0.0802,0.0574,0.0165,0.1854,0.1449,0.0982,0.0427,0.2238,0.4282,0.3870,-0.1669,0.7619,0.0756,0.0869,0.1936,0.0768,0.1011,0.0732,0.1038,0.0166,0.1431,0.0513,0.1074,0.0905,0.1128,0.1253,0.0875,0.1125,0.0634,0.0325,0.1879,0.0580,0.0000,16.18,22.1524,5.0391,-0.9281
1705297546.0667,0.0972,0.0621,0.0376,0.0317,0.2082,0.1469,0.1098,0.0604,0.2297,0.4098,0.4076,-0.2473,0.7552,0.0000,0.0372,0.1961,0.0488,0.1719,0.0625,0.0410,0.1039,0.0015,0.0466,0.0722,0.0411,0.0262,0.0927,0.0430,0.1210,0.1276,0.1104,0.1942,0.1156,0.0000,17.94,4.3710,-11.7914,8.1532
1705297546.1333,0.1077,0.0819,0.0414,0.0401,0.1928,0.1735,0.0863,0.0745,0.2248,0.3861,0.4189,-0.1331,0.7881,0.1299,0.0312,0.1623,0.0237,0.1089,0.0642,0.0977,0.0706,0.1487,0.0837,0.1270,0.0602,0.0401,0.1251,0.0444,0.1210,0.0474,0.1236,0.2413,0.1153,0.0000,10.90,12.5334,15.8867,7.8151
1705297546.2000,0.0894,0.0550,0.0489,0.0476,0.1990,0.1839,0.0710,0.0694,0.2199,0.4096,0.4128,-0.1841,0.7600,0.0702,0.0000,0.2370,0.0000,0.1264,0.0373,0.0550,0.0511,0.1244,0.1278,0.1386,0.1278,0.1385,0.0621,0.0658,0.0958,0.0460,0.1132,0.0952,0.0384,1.0000,15.89,1.9427,1.1045,1.2490
1705297546.2667,0.0989,0.0563,0.0528,0.0597,0.1768,0.1750,0.0708,0.0870,0.2426,0.3881,0.4934,-0.1842,0.7243,0.0238,0.0765,0.2094,0.0644,0.1337,0.0189,0.1074,0.0616,0.1573,0.0847,0.1554,0.0900,0.0503,0.1192,0.0000,0.1112,0.0477,0.1218,0.1669,0.0615,0.0000,11.38,11.4776,-6.7224,-0.3768
1705297546.3333,0.0978,0.0563,0.0532,0.0507,0.2035,0.1867,0.0831,0.1018,0.2291,0.3626,0.4889,-0.2123,0.7488,0.1103,0.0186,0.0961,0.0949,0.1054,0.0728,0.0788,0.1410,0.0737,0.0760,0.0405,0.1508,0.0355,0.1176,0.0676,0.1279,0.0822,0.0910,0.2404,0.0972,0.0000,13.13,19.6770,1.8483,6.1191
1705297546.4000,0.1079,0.0576,0.0490,0.0594,0.2187,0.1994,0.0927,0.1000,0.2102,0.3430,0.4483,-0.1426,0.7528,0.0619,0.0793,0.1486,0.0735,0.1830,0.0659,0.0368,0.0000,0.1533,0.1580,0.0817,0.1114,0.0606,0.0764,0.0729,0.1413,0.0344,0.1090,0.1980,0.0998,0.0000,17.98,3.3753,10.2006,-1.6094
1705297546.4667,0.1100,0.0616,0.0479,0.0701,0.2084,0.2147,0.1265,0.0949,0.2513,0.2888,0.3807,-0.0898,0.7022,0.1498,0.0655,0.2118,0.0486,0.1210,0.0341,0.0575,0.1623,0.1001,0.0936,0.1135,0.0966,0.0921,0.1034,0.0607,0.1207,0.1402,0.1175,0.1844,0.1007,0.0000,14.74,-7.5158,-11.0919,-3.8707
1705297546.5333,0.1067,0.0442,0.0567,0.0728,0.2225,0.2063,0.1208,0.0907,0.2516,0.2966,0.2887,-0.1698,0.6832,0.1781,0.0607,0.1455,0.0508,0.1291,0.0667,0.0675,0.1149,0.0663,0.0738,0.1248,0.1802,0.1664,0.1005,0.0860,0.0283,0.1677,0.0000,0.2249,0.0793,0.0000,17.52,6.1250,-11.9603,3.2564
1705297546.6000,0.0892,0.0600,0.0628,0.0770,0.2495,0.1989,0.1037,0.0753,0.2350,0.3091,0.3074,-0.1158,0.6673,0.1305,0.1299,0.1392,0.0676,0.1953,0.0353,0.0440,0.1384,0.1549,0.0774,0.0436,0.0551,0.1800,0.0922,0.0426,0.0793,0.1479,0.0147,0.1121,0.0887,0.0000,19.57,8.1991,-4.2895,-1.5920
1705297546.6667,0.0796,0.0489,0.0562,0.0722,0.2551,0.1913,0.0996,0.0724,0.2333,0.3349,0.3062,-0.2455,0.6712,0.1053,0.0093,0.1608,0.1243,0.1815,0.0216,0.0764,0.0450,0.1139,0.0806,0.1203,0.1491,0.1432,0.1600,0.0770,0.1463,0.0289,0.1072,0.1751,0.1329,0.0000,15.92,8.1584,3.1338,-5.9890
1705297546.7333,0.0770,0.0517,0.0573,0.0753,0.2732,0.1933,0.1043,0.0684,0.2201,0.3276,0.2920,-0.2230,0.6786,0.0508,0.0448,0.2269,0.0485,0.1859,0.0154,0.0265,0.0993,0.1232,0.1045,0.1176,0.0385,0.0864,0.1519,0.0262,0.1351,0.0518,0.1441,0.2323,0.1219,1.0000,12.03,-11.2969,9.2386,-0.6098
1705297546.8000,0.1100,0.0573,0.0608,0.0521,0.2218,0.1789,0.1099,0.0757,0.2192,0.3486,0.3049,-0.1177,0.6519,0.0697,0.0474,0.1219,0.0821,0.0782,0.0547,0.0955,0.1231,0.0102,0.1030,0.0304,0.1212,0.1730,0.0742,0.0642,0.1053,0.1224,0.1589,0.1811,0.1137,0.0000,17.45,0.0616,6.3281,-0.4979
1705297546.8667,0.1212,0.0661,0.0705,0.0464,0.2213,0.1912,0.0960,0.0699,0.2386,0.3273,0.2845,-0.1716,0.6049,0.2184,0.0752,0.1269,0.0727,0.1230,0.1057,0.0629,0.1215,0.1003,0.1247,0.1969,0.1201,0.1130,0.2051,0.0538,0.1186,0.1439,0.0923,0.1092,0.0748,0.0000,18.76,0.2976,13.2642,-5.2500
1705297546.9333,0.1051,0.0544,0.0613,0.0610,0.2157,0.1710,0.0776,0.0711,0.2233,0.3757,0.3588,-0.2244,0.5991,0.0880,0.0294,0.2086,0.0742,0.0937,0.0889,0.0479,0.0000,0.1018,0.0503,0.0918,0.0570,0.0923,0.1520,0.0379,0.0674,0.0079,0.1223,0.2902,0.0869,0.0000,16.55,13.3371,-6.2741,5.6513
1705297547.0000,0.1137,0.0550,0.0543,0.0556,0.1918,0.1809,0.0698,0.0577,0.2522,0.3814,0.3726,-0.1724,0.6753,0.1882,0.0175,0.1498,0.0165,0.0564,0.0572,0.0196,0.0753,0.1887,0.1027,0.0871,0.1473,0.1166,0.0833,0.0219,0.1654,0.1467,0.0767,0.1577,0.1617,0.0000,18.20,6.3754,20.2487,7.4112
1705297547.0667,0.1033,0.0770,0.0512,0.0605,0.2320,0.1494,0.0678,0.0769,0.2516,0.3582,0.4063,-0.1416,0.6273,0.1388,0.1074,0.2063,0.0443,0.0979,0.0097,0.0548,0.0964,0.0943,0.1146,0.1332,0.0885,0.0187,0.0926,0.0476,0.0597,0.0858,0.0449,0.1357,0.1504,0.0000,16.01,2.0054,-3.2907,5.0613
1705297547.1333,0.1075,0.0647,0.0654,0.0660,0.2438,0.1731,0.0682,0.0828,0.2696,0.3154,0.3795,-0.1553,0.6294,0.0894,0.0000,0.2555,0.0483,0.1644,0.1005,0.0564,0.2001,0.0514,0.1187,0.1470,0.0414,0.1263,0.1265,0.0779,0.0089,0.0720,0.1184,0.2337,0.1104,0.0000,16.62,16.8867,-10.3663,-10.3309
1705297547.2000,0.1080,0.0610,0.0685,0.0661,0.2511,0.1526,0.0969,0.0779,0.2626,0.3132,0.4016,-0.1631,0.5689,0.1506,0.0566,0.1627,0.0529,0.1455,0.0444,0.0921,0.1281,0.0844,0.0486,0.1150,0.1174,0.1524,0.0892,0.0313,0.1686,0.0000,0.1681,0.2035,0.1912,1.0000,10.23,3.8678,25.2618,-0.1914
1705297547.2667,0.0983,0.0650,0.0682,0.0536,0.2363,0.1588,0.0973,0.0855,0.2590,0.3269,0.4301,-0.1978,0.5794,0.1189,0.0567,0.2681,0.0325,0.1682,0.0338,0.0056,0.1540,0.1152,0.0154,0.1901,0.1336,0.1749,0.1142,0.0788,0.1079,0.0810,0.0516,0.1863,0.1313,0.0000,13.78,16.7190,3.6151,2.7650
1705297547.3333,0.0951,0.0575,0.0568,0.0572,0.2524,0.1574,0.0916,0.0966,0.2487,0.3320,0.4195,-0.2473,0.5950,0.1091,0.0393,0.2017,0.0498,0.1565,0.0281,0.0644,0.1182,0.0747,0.0854,0.1378,0.1156,0.0403,0.0695,0.0341,0.1042,0.1674,0.0394,0.2193,0.0892,0.0000,18.41,-0.7870,-3.0974,-0.9690
1705297547.4000,0.0886,0.0523,0.0531,0.0574,0.2421,0.1486,0.1084,0.0995,0.2630,0.3322,0.3557,-0.1408,0.5563,0.0933,0.0947,0.1749,0.0802,0.1601,0.0315,0.0557,0.0000,0.0126,0.0845,0.1021,0.1956,0.1929,0.1365,0.0588,0.0228,0.0747,0.0195,0.1709,0.0708,0.0000,17.06,-0.3569,3.2521,-8.7837
1705297547.4667,0.0915,0.0542,0.0508,0.0737,0.2183,0.1439,0.1051,0.0964,0.2913,0.3248,0.3558,-0.1689,0.5487,0.0916,0.0850,0.2082,0.0031,0.1005,0.1011,0.0240,0.1219,0.1073,0.0932,0.1861,0.0616,0.0997,0.1076,0.0426,0.0083,0.0730,0.1166,0.1816,0.1466,0.0000,20.87,6.0775,-17.0198,0.8989
1705297547.5333,0.0864,0.0378,0.0511,0.0824,0.2059,0.1401,0.1027,0.0907,0.2866,0.3499,0.3830,-0.1738,0.6963,0.2110,0.0587,0.2430,0.0946,0.0924,0.0847,0.0567,0.0577,0.0993,0.0628,0.0662,0.1428,0.0847,0.0406,0.0423,0.1734,0.0860,0.1239,0.2181,0.0223,0.0000,12.66,6.2040,-8.1433,-2.2333
1705297547.6000,0.0780,0.0378,0.0572,0.0831,0.2233,0.1219,0.1176,0.0929,0.2707,0.3505,0.4341,-0.2397,0.6737,0.0820,0.1284,0.2304,0.0097,0.1715,0.0191,0.0246,0.1262,0.0996,0.0672,0.0842,0.0421,0.1541,0.1653,0.1451,0.0698,0.1249,0.0677,0.2692,0.1318,0.0000,15.69,-10.8233,-17.1145,7.5447
1705297547.6667,0.0670,0.0489,0.0510,0.0794,0.2025,0.1407,0.0879,0.0891,0.2886,0.3670,0.4245,-0.0243,0.7121,0.1397,0.0327,0.1705,0.0214,0.1583,0.0000,0.0691,0.1358,0.0608,0.0915,0.1680,0.1157,0.1041,0.0482,0.0281,0.0282,0.0777,0.0896,0.2192,0.0082,0.0000,17.99,8.1098,-6.8295,-1.9379
1705297547.7333,0.0671,0.0550,0.0441,0.0846,0.2213,0.1307,0.0839,0.0969,0.2885,0.3567,0.4291,-0.0204,0.7469,0.1072,0.0091,0.1465,0.0064,0.1405,0.0498,0.0190,0.1551,0.1230,0.0885,0.1708,0.0285,0.0923,0.0530,0.0682,0.1454,0.1728,0.1153,0.1217,0.0819,0.0000,12.88,26.3308,7.8504,-2.9130
1705297547.8000,0.0849,0.0598,0.0488,0.0920,0.2185,0.1178,0.0565,0.1027,0.2772,0.3650,0.3807,-0.0170,0.7076,0.1433,0.0417,0.1367,0.0130,0.1035,0.0000,0.0700,0.0476,0.1162,0.0727,0.1714,0.0158,0.1343,0.0332,0.0187,0.1110,0.1365,0.2354,0.1185,0.1184,0.0000,14.39,0.7275,-0.8101,1.3688
1705297547.8667,0.0882,0.0479,0.0527,0.0889,0.2208,0.1162,0.0349,0.1001,0.2664,0.3903,0.3862,-0.0734,0.7327,0.1189,0.0193,0.1712,0.0325,0.1324,0.0299,0.0802,0.0118,0.1486,0.0641,0.0844,0.0681,0.0000,0.0962,0.0300,0.1618,0.1812,0.0826,0.1851,0.1706,0.0000,14.13,15.0488,-5.4289,-0.5507
1705297547.9333,0.0872,0.0566,0.0532,0.0758,0.2016,0.1206,0.0401,0.0923,0.2675,0.4031,0.2926,-0.0906,0.7479,0.1472,0.0146,0.2158,0.0041,0.1407,0.0443,0.0357,0.0349,0.1162,0.0598,0.0961,0.0807,0.1084,0.1734,0.0118,0.0975,0.0596,0.1567,0.0983,0.1223,0.0000,17.32,8.7040,-17.7984,6.9118
1705297548.0000,0.1124,0.0643,0.0427,0.0710,0.1801,0.1199,0.0517,0.0830,0.2709,0.4025,0.2868,-0.1243,0.6944,0.1680,0.1172,0.1631,0.0538,0.1396,0.0529,0.0905,0.1106,0.0422,0.0653,0.0000,0.1085,0.0246,0.1725,0.0456,0.1589,0.0774,0.0000,0.1752,0.0787,0.0000,19.24,26.4433,12.9271,2.5341
1705297548.0667,0.1102,0.0544,0.0363,0.0703,0.1800,0.1391,0.0554,0.0742,0.2615,0.4112,0.3612,-0.1050,0.6035,0.1373,0.0475,0.1533,0.0000,0.0989,0.1121,0.0786,0.1372,0.1660,0.1560,0.1160,0.0934,0.1395,0.0995,0.0000,0.0941,0.1305,0.1431,0.1892,0.1605,0.0000,11.03,-4.7071,7.5134,-4.5416
1705297548.1333,0.1186,0.0420,0.0349,0.0670,0.1676,0.1528,0.0512,0.0742,0.2570,0.4208,0.3938,-0.1112,0.6153,0.0488,0.0000,0.1214,0.0517,0.1168,0.0418,0.0458,0.1446,0.1011,0.0730,0.1340,0.1265,0.1227,0.0101,0.0000,0.1178,0.1176,0.1899,0.1591,0.0919,0.0000,13.15,1.1155,-5.0241,-0.9907
1705297548.2000,0.1088,0.0419,0.0370,0.0653,0.1662,0.1379,0.0653,0.0840,0.2834,0.4060,0.3558,-0.0786,0.6554,0.1081,0.0290,0.1683,0.0414,0.1024,0.0721,0.1051,0.1004,0.1245,0.1057,0.1388,0.0907,0.0814,0.1549,0.0449,0.0588,0.0680,0.0729,0.1063,0.1572,0.0000,15.96,6.3008,-15.0670,-0.5369
1705297548.2667,0.0994,0.0448,0.0451,0.0538,0.1681,0.1702,0.0655,0.0773,0.2794,0.3978,0.3966,-0.0821,0.6918,0.0640,0.0411,0.1647,0.0245,0.1419,0.0369,0.0514,0.0139,0.1891,0.0922,0.0392,0.2001,0.1175,0.0354,0.0487,0.0510,0.1014,0.0440,0.1135,0.0838,0.0000,19.37,16.6580,5.5704,-3.0578
1705297548.3333,0.0883,0.0482,0.0287,0.0639,0.2355,0.1627,0.0724,0.0632,0.2648,0.3834,0.3821,-0.0639,0.6494,0.1218,0.0669,0.1331,0.0404,0.1729,0.0256,0.0000,0.0701,0.0954,0.1137,0.1254,0.0783,0.0370,0.0835,0.0113,0.0455,0.1542,0.0952,0.2091,0.1846,0.0000,14.78,5.9048,-2.4968,0.8188
1705297548.4000,0.0800,0.0352,0.0377,0.0678,0.2665,0.1615,0.0759,0.0725,0.2579,0.3669,0.4221,-0.0822,0.6701,0.1089,0.0783,0.1852,0.0850,0.1602,0.0762,0.0440,0.1380,0.0086,0.0932,0.1047,0.0351,0.0652,0.0249,0.0097,0.0965,0.0876,0.2040,0.2437,0.1183,0.0000,14.54,0.8659,21.0832,-4.2512
1705297548.4667,0.0891,0.0311,0.0450,0.0699,0.2519,0.1588,0.0703,0.0776,0.2396,0.3800,0.4052,-0.0083,0.6875,0.1150,0.0385,0.1956,0.0367,0.1628,0.0536,0.0000,0.1223,0.1744,0.0556,0.1413,0.1269,0.0194,0.1101,0.1141,0.0846,0.0792,0.0822,0.1502,0.0980,0.0000,18.27,15.1707,-0.2863,6.2670
1705297548.5333,0.0907,0.0339,0.0413,0.0651,0.2603,0.1599,0.0908,0.0689,0.2317,0.3745,0.3383,0.0357,0.6801,0.0985,0.1224,0.1607,0.0600,0.1528,0.0000,0.0202,0.0464,0.1327,0.0550,0.1753,0.1091,0.1969,0.0809,0.0489,0.0215,0.0904,0.0848,0.2006,0.1540,0.0000,15.73,8.9235,-22.7341,-5.7969
1705297548.6000,0.0595,0.0351,0.0458,0.0492,0.2645,0.1470,0.0967,0.0634,0.2179,0.4126,0.3279,0.0176,0.6842,0.1488,0.0606,0.1400,0.0607,0.1687,0.0987,0.0000,0.1870,0.2169,0.0981,0.0740,0.1588,0.1872,0.1341,0.0000,0.0473,0.1104,0.1212,0.2153,0.0905,0.0000,10.87,15.1552,5.8884,3.1010
1705297548.6667,0.0724,0.0425,0.0440,0.0608,0.2484,0.1705,0.0787,0.0913,0.2436,0.3688,0.3174,0.0401,0.6475,0.1091,0.0059,0.1064,0.0352,0.1176,0.0185,0.1048,0.0919,0.0000,0.1381,0.1359,0.1960,0.0000,0.2087,0.0469,0.0555,0.1453,0.0322,0.1759,0.1572,0.0000,14.69,7.1032,-13.6927,2.9544
1705297548.7333,0.0750,0.0488,0.0482,0.0639,0.2583,0.1571,0.0642,0.0919,0.2475,0.3671,0.3215,0.0304,0.7347,0.1331,0.0989,0.1561,0.0110,0.1900,0.0194,0.0377,0.1684,0.0935,0.0917,0.1350,0.0373,0.0958,0.0789,0.0117,0.1254,0.0517,0.0847,0.1914,0.0721,0.0000,12.84,-2.0348,3.9868,-5.6001
1705297548.8000,0.0884,0.0562,0.0503,0.0611,0.2592,0.1465,0.0669,0.0931,0.2263,0.3711,0.3403,0.0608,0.6902,0.1331,0.0203,0.1878,0.0048,0.1843,0.0245,0.0469,0.0938,0.0751,0.0647,0.0583,0.0993,0.1675,0.1277,0.0380,0.0322,0.0685,0.0179,0.2281,0.0000,0.0000,16.07,14.0956,-14.1557,-3.4100
1705297548.8667,0.0874,0.0634,0.0519,0.0657,0.2194,0.1285,0.0547,0.0961,0.2327,0.4001,0.3049,0.0880,0.7530,0.1520,0.0000,0.2000,0.0000,0.1622,0.0410,0.0358,0.0986,0.0824,0.0803,0.1402,0.0519,0.1075,0.0977,0.0000,0.0754,0.0812,0.1045,0.2112,0.0711,0.0000,12.79,17.1652,3.3560,-4.0781
1705297548.9333,0.0863,0.0659,0.0463,0.0411,0.2306,0.1284,0.0946,0.0922,0.2401,0.3846,0.2812,0.0211,0.6769,0.0897,0.0616,0.1952,0.0875,0.1603,0.0571,0.0573,0.0528,0.0618,0.1532,0.0514,0.0826,0.1673,0.0736,0.0079,0.0544,0.0595,0.1387,0.1549,0.0838,0.0000,13.75,-2.5184,8.9742,-1.1495
1705297549.0000,0.0952,0.0887,0.0455,0.0550,0.2206,0.1287,0.1239,0.1029,0.2515,0.3327,0.2633,-0.0094,0.6704,0.0535,0.0150,0.1644,0.0709,0.1032,0.0526,0.0391,0.1091,0.0734,0.0461,0.0666,0.1191,0.0899,0.1455,0.0799,0.1813,0.0168,0.0858,0.1806,0.1275,0.0000,16.71,2.5096,6.0137,-7.4859
1705297549.0667,0.0876,0.0960,0.0528,0.0414,0.1745,0.1502,0.1169,0.0951,0.2389,0.3679,0.3300,-0.0434,0.6781,0.0793,0.0191,0.1568,0.0955,0.0667,0.0000,0.1005,0.1298,0.0493,0.1072,0.1315,0.1146,0.0606,0.0302,0.0389,0.1252,0.1328,0.1244,0.2232,0.0870,0.0000,17.01,5.0108,4.8650,-0.9266
1705297549.1333,0.0808,0.0747,0.0530,0.0382,0.2094,0.1529,0.1167,0.1031,0.2331,0.3628,0.3433,-0.0173,0.7166,0.0934,0.0838,0.0696,0.0661,0.1165,0.0500,0.0734,0.0611,0.0544,0.1098,0.1638,0.1013,0.1016,0.0168,0.0232,0.0711,0.1504,0.0457,0.2290,0.0871,0.0000,14.86,5.4551,6.4465,3.9582
1705297549.2000,0.0806,0.0789,0.0365,0.0556,0.2174,0.1509,0.1022,0.1005,0.2329,0.3667,0.3902,-0.0759,0.6641,0.1319,0.0914,0.2232,0.0795,0.1270,0.0029,0.0186,0.0953,0.1384,0.0905,0.1593,0.0074,0.0864,0.0579,0.0500,0.0104,0.0377,0.0690,0.1775,0.0990,0.0000,17.86,12.9441,-3.1074,1.9916
1705297549.2667,0.0688,0.0750,0.0313,0.0654,0.2049,0.1457,0.0967,0.1065,0.2396,0.3796,0.3670,-0.0551,0.5613,0.1522,0.0848,0.1357,0.0487,0.1277,0.0126,0.0000,0.0978,0.1341,0.1431,0.1226,0.2002,0.0673,0.0770,0.0305,0.0490,0.1115,0.1071,0.1713,0.2284,0.0000,7.66,7.2412,1.7418,0.4137
1705297549.3333,0.0615,0.0801,0.0367,0.0606,0.2231,0.1683,0.1024,0.1024,0.2534,0.3469,0.4295,-0.0514,0.5204,0.0761,0.0835,0.1647,0.0626,0.0806,0.0601,0.0424,0.0829,0.0181,0.0945,0.1589,0.1464,0.0865,0.0551,0.0389,0.2014,0.0896,0.1062,0.1322,0.0000,0.0000,11.75,15.3200,16.5616,-4.0188
1705297549.4000,0.0545,0.0751,0.0372,0.0679,0.2128,0.1592,0.1072,0.0883,0.2497,0.3688,0.3977,-0.0312,0.5176,0.0506,0.0938,0.1066,0.0920,0.1094,0.0331,0.0155,0.1068,0.0823,0.1315,0.0160,0.1328,0.0831,0.0379,0.0145,0.1599,0.0923,0.0000,0.0655,0.1556,0.0000,16.00,0.6255,16.1406,-7.8367
1705297549.4667,0.0577,0.0738,0.0186,0.0570,0.1843,0.1774,0.0983,0.0833,0.2595,0.3942,0.4338,-0.0259,0.5374,0.1465,0.0580,0.1331,0.1111,0.1005,0.0581,0.0000,0.1010,0.2412,0.1080,0.0668,0.1831,0.0840,0.0660,0.0974,0.0566,0.0742,0.1587,0.1928,0.0160,0.0000,16.58,13.7371,-13.5534,2.1542
1705297549.5333,0.0660,0.0861,0.0303,0.0545,0.1779,0.1734,0.1036,0.0649,0.2366,0.4041,0.4139,-0.1583,0.5737,0.1337,0.0962,0.0946,0.0800,0.1216,0.0130,0.0285,0.0876,0.2103,0.1122,0.1556,0.0847,0.1302,0.1185,0.0513,0.0682,0.0702,0.0239,0.1185,0.1102,0.0000,14.44,18.3348,7.5378,-5.4253
1705297549.6000,0.0624,0.1109,0.0361,0.0522,0.1574,0.1699,0.1064,0.0494,0.2595,0.3975,0.4873,-0.1588,0.6168,0.0370,0.0346,0.1063,0.0372,0.1061,0.0239,0.0307,0.0000,0.1080,0.1700,0.1002,0.0791,0.0601,0.1235,0.0338,0.1332,0.0600,0.1377,0.0971,0.1413,0.0000,9.38,11.7997,1.8561,-4.4001
1705297549.6667,0.0744,0.1055,0.0292,0.0589,0.1712,0.1466,0.1047,0.0509,0.2872,0.3829,0.4905,-0.2249,0.6430,0.1310,0.0551,0.1309,0.0927,0.1152,0.0001,0.0614,0.0236,0.1014,0.1216,0.0840,0.0665,0.1762,0.0767,0.1044,0.0746,0.1928,0.0720,0.1312,0.1051,0.0000,13.84,13.9264,-6.0703,3.7861
1705297549.7333,0.0744,0.0967,0.0266,0.0719,0.1862,0.1458,0.1077,0.0486,0.2613,0.3885,0.5283,-0.2418,0.7194,0.0790,0.0600,0.1661,0.0708,0.1055,0.0589,0.0392,0.1627,0.0724,0.0962,0.1237,0.1382,0.0619,0.0784,0.1016,0.0000,0.0996,0.1479,0.2105,0.1079,0.0000,14.37,5.8659,27.7158,9.7124
1705297549.8000,0.0768,0.0938,0.0282,0.0592,0.1978,0.1562,0.0944,0.0540,0.2674,0.3834,0.5775,-0.2607,0.7270,0.0951,0.0464,0.1026,0.0671,0.0963,0.0629,0.0663,0.0822,0.1104,0.0890,0.1166,0.0830,0.0612,0.1235,0.0612,0.1149,0.0925,0.0487,0.0761,0.1139,0.0000,15.42,3.4663,-12.4480,4.1063
1705297549.8667,0.0759,0.0969,0.0437,0.0426,0.1753,0.1720,0.0979,0.0478,0.2640,0.3903,0.5098,-0.2226,0.6597,0.0540,0.0000,0.2107,0.0351,0.1088,0.0642,0.0819,0.0066,0.1335,0.0571,0.0965,0.0810,0.1824,0.0603,0.0734,0.2022,0.0542,0.0492,0.1575,0.1125,0.0000,15.76,-10.7576,-8.2706,-10.6894
1705297549.9333,0.0661,0.0944,0.0481,0.0557,0.1665,0.1670,0.0950,0.0466,0.2488,0.4072,0.5036,-0.1230,0.6495,0.1087,0.1095,0.1568,0.0038,0.0848,0.0723,0.0491,0.1370,0.0414,0.0406,0.0754,0.1704,0.0000,0.0653,0.0530,0.0871,0.0672,0.0988,0.0879,0.1625,1.0000,15.47,0.2718,1.5136,0.5517
1705297550.0000,0.0625,0.1127,0.0552,0.0529,0.1937,0.1698,0.0693,0.0410,0.2041,0.4233,0.4827,-0.1252,0.6226,0.1297,0.0933,0.1188,0.0418,0.1198,0.0568,0.0563,0.0532,0.1948,0.1125,0.1012,0.0666,0.1393,0.1536,0.0709,0.0678,0.1173,0.1191,0.1144,0.1412,0.0000,16.14,4.8351,-4.7138,-5.3820
1705297550.0667,0.0815,0.1268,0.0521,0.0501,0.1844,0.1767,0.0592,0.0569,0.2105,0.4012,0.4510,-0.1604,0.6165,0.2047,0.0000,0.2412,0.0276,0.0993,0.0342,0.0953,0.1611,0.0914,0.1526,0.0560,0.1308,0.2256,0.0546,0.0263,0.0684,0.0689,0.1186,0.1431,0.0787,1.0000,14.40,14.5271,-3.2817,-7.4761
1705297550.1333,0.1041,0.1282,0.0658,0.0545,0.1749,0.1797,0.0707,0.0610,0.1889,0.3834,0.4838,-0.0881,0.6547,0.1293,0.0465,0.1511,0.0429,0.0748,0.0647,0.1193,0.0457,0.0599,0.1159,0.1321,0.2100,0.1704,0.0744,0.0436,0.0658,0.1123,0.0757,0.2050,0.1359,0.0000,6.30,9.0800,19.5847,1.8450
1705297550.2000,0.0963,0.1149,0.0525,0.0570,0.1589,0.1693,0.0928,0.0660,0.1990,0.3961,0.4290,-0.0344,0.6789,0.1246,0.0210,0.1327,0.0319,0.0637,0.0598,0.0801,0.1186,0.1526,0.1053,0.0473,0.1211,0.1916,0.0243,0.0569,0.1615,0.1368,0.0924,0.1447,0.0067,0.0000,16.72,9.2864,-0.4023,-0.3233
1705297550.2667,0.1005,0.1198,0.0498,0.0616,0.1469,0.1909,0.0867,0.0535,0.2234,0.3801,0.4083,-0.0430,0.6892,0.1217,0.0000,0.2491,0.0112,0.0845,0.0503,0.0215,0.0852,0.1249,0.1173,0.1673,0.0655,0.1295,0.0366,0.0145,0.1200,0.1093,0.1349,0.1521,0.0711,0.0000,13.14,11.9105,-9.8350,-0.1369
1705297550.3333,0.1014,0.1176,0.0736,0.0530,0.1217,0.2124,0.0506,0.0678,0.2411,0.3766,0.3639,-0.0491,0.7562,0.1672,0.0278,0.0975,0.0419,0.0521,0.0781,0.1387,0.1121,0.0567,0.1067,0.0616,0.0794,0.1479,0.0812,0.0309,0.0102,0.1277,0.0530,0.0338,0.0615,0.0000,18.35,-4.2483,-14.3819,-0.8258
1705297550.4000,0.1055,0.1191,0.0778,0.0494,0.1373,0.2214,0.0935,0.0695,0.2283,0.3388,0.4109,-0.0538,0.7276,0.0889,0.0971,0.1964,0.0568,0.0734,0.0806,0.0244,0.0695,0.1226,0.1837,0.1548,0.0688,0.0811,0.0472,0.0359,0.0938,0.0680,0.1994,0.0929,0.1253,0.0000,9.85,-4.4897,6.1851,6.5313
1705297550.4667,0.1190,0.0966,0.0917,0.0460,0.1262,0.2014,0.0941,0.0686,0.2125,0.3664,0.3939,-0.1088,0.7257,0.1436,0.0944,0.2151,0.0276,0.0660,0.0860,0.0718,0.1093,0.0686,0.1106,0.0197,0.1248,0.0944,0.0604,0.0713,0.0509,0.2219,0.1103,0.1151,0.1125,1.0000,14.28,5.1351,3.2245,-7.7027
1705297550.5333,0.1257,0.0947,0.0811,0.0402,0.1296,0.1840,0.0912,0.0631,0.2293,0.3767,0.4049,-0.0681,0.7434,0.1179,0.0738,0.2014,0.0339,0.0494,0.0606,0.1032,0.1057,0.0325,0.1578,0.0640,0.0000,0.1489,0.1112,0.1115,0.0819,0.1701,0.0685,0.0702,0.0000,0.0000,10.54,5.6636,3.0388,0.7345
1705297550.6000,0.1170,0.0971,0.0681,0.0471,0.1389,0.1732,0.0966,0.0829,0.2018,0.3864,0.4762,-0.0043,0.6818,0.1120,0.0834,0.2129,0.0546,0.0689,0.0904,0.0975,0.1189,0.1299,0.1227,0.1057,0.1421,0.0923,0.1596,0.0446,0.0076,0.1354,0.1022,0.0560,0.1368,0.0000,14.55,-0.7981,7.9935,-6.0713
1705297550.6667,0.1152,0.1025,0.0768,0.0424,0.1424,0.1447,0.0835,0.0845,0.2177,0.3942,0.5124,0.1005,0.6846,0.0927,0.0000,0.2075,0.0766,0.0884,0.0575,0.1045,0.1040,0.0547,0.1179,0.1175,0.1646,0.1002,0.0954,0.0287,0.1711,0.0747,0.0955,0.1180,0.0250,0.0000,15.46,0.0190,7.8344,-4.4643
1705297550.7333,0.1326,0.1080,0.0759,0.0389,0.1273,0.1421,0.0828,0.0777,0.2015,0.4079,0.5001,0.0932,0.7025,0.1408,0.0453,0.1391,0.0706,0.0489,0.0277,0.1435,0.0811,0.0788,0.1516,0.0299,0.1005,0.0300,0.1022,0.0154,0.1535,0.0788,0.1524,0.1870,0.1660,0.0000,16.51,4.0214,-4.6039,3.1102
1705297550.8000,0.1382,0.0985,0.0664,0.0458,0.1054,0.1402,0.0864,0.0795,0.2149,0.4148,0.4286,0.0581,0.6930,0.1339,0.1206,0.1462,0.0293,0.0826,0.0815,0.0814,0.1502,0.1630,0.1003,0.1946,0.1284,0.0582,0.1496,0.0726,0.0684,0.0999,0.0816,0.0944,0.0729,0.0000,18.20,1.5457,0.2837,-3.2897
1705297550.8667,0.1249,0.1104,0.0652,0.0453,0.0851,0.1324,0.0988,0.0797,0.2136,0.4268,0.4079,0.0830,0.6576,0.0914,0.1247,0.1985,0.0980,0.0760,0.0903,0.0652,0.0969,0.0837,0.0986,0.1475,0.1573,0.2011,0.1711,0.0361,0.1412,0.0855,0.0723,0.0732,0.0846,0.0000,15.85,21.4509,-23.2151,-4.4132
1705297550.9333,0.1124,0.1126,0.0567,0.0587,0.0709,0.1287,0.0828,0.0806,0.2356,0.4366,0.4358,0.0656,0.6960,0.0987,0.0931,0.1951,0.0033,0.0595,0.0292,0.1153,0.0366,0.1076,0.0576,0.0761,0.1970,0.1013,0.0992,0.0961,0.1456,0.1061,0.0896,0.0335,0.0555,0.0000,11.67,5.3394,6.1784,-2.7695
1705297551.0000,0.1292,0.1137,0.0498,0.0739,0.0739,0.1209,0.0720,0.0799,0.2350,0.4311,0.3455,0.0466,0.7740,0.1357,0.0236,0.1532,0.1051,0.0499,0.0715,0.0418,0.1520,0.1283,0.1080,0.1108,0.1272,0.0708,0.1166,0.0846,0.0614,0.1551,0.1621,0.0750,0.1312,0.0000,17.00,14.0491,-4.2208,9.4664
1705297551.0667,0.1173,0.1166,0.0480,0.0627,0.0774,0.1513,0.0719,0.0668,0.2199,0.4409,0.3206,-0.1136,0.7711,0.1516,0.1054,0.2289,0.0000,0.0187,0.0656,0.0726,0.0590,0.1349,0.1082,0.1189,0.0877,0.1231,0.1233,0.0141,0.1074,0.0000,0.0653,0.0000,0.0600,0.0000,13.31,5.5549,-6.7738,-6.5801
1705297551.1333,0.1136,0.1144,0.0574,0.0652,0.0803,0.1579,0.0931,0.0662,0.2108,0.4246,0.3152,-0.0507,0.7789,0.0652,0.0289,0.1776,0.0000,0.0316,0.0780,0.1010,0.1397,0.0504,0.1337,0.0757,0.1579,0.0368,0.0739,0.0180,0.0466,0.2271,0.0486,0.0666,0.1111,0.0000,19.95,2.2507,-3.1019,-3.8664
1705297551.2000,0.1113,0.1014,0.0497,0.0506,0.0781,0.1398,0.0801,0.0541,0.1963,0.4831,0.2833,-0.0128,0.7594,0.1398,0.0828,0.0539,0.0286,0.1260,0.0760,0.1277,0.0738,0.0750,0.1113,0.1274,0.1383,0.1012,0.0258,0.0160,0.1802,0.1269,0.0490,0.0000,0.1451,0.0000,18.99,4.1958,18.3909,-7.6368
1705297551.2667,0.1087,0.0939,0.0521,0.0416,0.0898,0.1335,0.0714,0.0367,0.1958,0.5059,0.2529,-0.0859,0.7636,0.0155,0.0740,0.1450,0.0000,0.0761,0.1015,0.0706,0.0975,0.0720,0.0908,0.1570,0.1783,0.0966,0.1604,0.0402,0.0900,0.1780,0.0741,0.0642,0.0872,0.0000,13.24,5.9992,9.1155,-1.5249
1705297551.3333,0.1110,0.0828,0.0437,0.0538,0.0724,0.1259,0.0584,0.0445,0.2081,0.5196,0.2685,-0.0393,0.8039,0.0866,0.0000,0.1957,0.0058,0.0576,0.1028,0.0139,0.1836,0.0674,0.0535,0.1596,0.1269,0.1043,0.0000,0.0385,0.0763,0.1589,0.1077,0.1306,0.2030,0.0000,15.03,9.3706,-4.2477,-9.5752
1705297551.4000,0.1231,0.0848,0.0447,0.0537,0.1011,0.1286,0.0645,0.0477,0.2042,0.4886,0.3035,0.0381,0.7515,0.0053,0.0169,0.1523,0.0619,0.0560,0.0485,0.0365,0.1437,0.1193,0.1258,0.1614,0.1131,0.1003,0.0743,0.0798,0.1314,0.1309,0.0405,0.1779,0.1438,0.0000,13.85,17.1872,-20.0970,-0.3283
1705297551.4667,0.1216,0.0761,0.0381,0.0515,0.1051,0.1244,0.0597,0.0544,0.1897,0.5076,0.2598,0.0774,0.6345,0.1445,0.0635,0.1755,0.0072,0.0124,0.0723,0.0645,0.0883,0.0506,0.0846,0.1312,0.1187,0.1602,0.1428,0.0543,0.0062,0.1108,0.0476,0.0000,0.0184,0.0000,10.45,-2.2026,5.4754,-9.7345
1705297551.5333,0.1226,0.0710,0.0398,0.0485,0.1109,0.1276,0.0617,0.0546,0.2013,0.4972,0.3330,0.0538,0.6173,0.0677,0.0457,0.2037,0.0817,0.0926,0.1315,0.1095,0.0398,0.1704,0.1252,0.1936,0.1250,0.0614,0.0220,0.0761,0.1703,0.1151,0.1477,0.0073,0.0499,0.0000,14.49,-9.3543,5.4249,-6.1298
1705297551.6000,0.1070,0.0802,0.0389,0.0589,0.1557,0.1311,0.0713,0.0499,0.1978,0.4655,0.2845,-0.0107,0.6092,0.0627,0.0593,0.2489,0.0578,0.0504,0.0688,0.0277,0.1217,0.0626,0.1114,0.1614,0.0419,0.1651,0.0594,0.0097,0.0109,0.0899,0.0572,0.1289,0.0952,0.0000,17.27,-2.0121,-6.7993,-1.2767
1705297551.6667,0.1124,0.0841,0.0501,0.0543,0.1870,0.1287,0.0535,0.0629,0.2092,0.4347,0.3351,-0.0020,0.6202,0.0676,0.0354,0.1376,0.0295,0.1212,0.0671,0.0297,0.0890,0.1194,0.0449,0.0752,0.0939,0.0435,0.0167,0.0114,0.1479,0.1173,0.0619,0.0418,0.0371,0.0000,15.48,15.9153,-1.3072,-8.0589
1705297551.7333,0.0949,0.0881,0.0578,0.0507,0.1780,0.1457,0.0402,0.0712,0.2252,0.4289,0.3564,-0.1278,0.6459,0.1282,0.0160,0.1736,0.0000,0.1117,0.0486,0.0987,0.0390,0.0317,0.0754,0.1841,0.1266,0.0786,0.0195,0.0430,0.0719,0.1583,0.0884,0.0490,0.1782,0.0000,15.60,8.9782,11.3307,1.5465
1705297551.8000,0.0914,0.0944,0.0516,0.0536,0.1601,0.1474,0.0666,0.0686,0.2264,0.4240,0.3797,-0.2001,0.6298,0.0844,0.0739,0.1966,0.0491,0.0851,0.1062,0.0261,0.1396,0.0493,0.0949,0.0538,0.1251,0.1002,0.0217,0.0650,0.0537,0.1020,0.0442,0.1246,0.0759,0.0000,11.86,1.3745,-8.4109,0.9179
1705297551.8667,0.0994,0.0751,0.0597,0.0620,0.1691,0.1291,0.0934,0.0611,0.2274,0.4144,0.3912,-0.2208,0.6924,0.0810,0.0356,0.2365,0.0902,0.0577,0.1070,0.0153,0.0918,0.1217,0.1187,0.1291,0.1245,0.1848,0.0701,0.0314,0.1346,0.0996,0.1460,0.1620,0.0421,0.0000,13.59,-4.4077,-8.8595,1.2262
1705297551.9333,0.1080,0.0754,0.0701,0.0722,0.1203,0.1397,0.0730,0.0667,0.2272,0.4284,0.3988,-0.1882,0.7279,0.0942,0.0573,0.1602,0.0528,0.0906,0.0588,0.0688,0.0743,0.0218,0.0631,0.1002,0.1798,0.0505,0.1505,0.0472,0.1070,0.0156,0.1019,0.0452,0.1088,0.0000,13.07,6.1333,10.7759,0.0773
1705297552.0000,0.1140,0.0656,0.0846,0.0697,0.1418,0.1284,0.0758,0.0865,0.2370,0.3980,0.3235,-0.1946,0.7325,0.0290,0.0000,0.1232,0.0801,0.1004,0.0531,0.1205,0.0000,0.0944,0.0477,0.1596,0.1594,0.0313,0.0545,0.0247,0.0890,0.1647,0.1411,0.1125,0.1645,0.0000,16.36,3.0146,3.6514,-8.3895
1705297552.0667,0.0994,0.0554,0.0729,0.0749,0.1408,0.1395,0.0828,0.0894,0.2689,0.3855,0.2434,-0.2346,0.7467,0.1020,0.0096,0.2220,0.0070,0.0849,0.0357,0.0701,0.0616,0.1361,0.0786,0.0147,0.1399,0.1830,0.0228,0.0818,0.1004,0.1528,0.0594,0.1453,0.0441,0.0000,18.58,3.4471,10.9708,4.9232
1705297552.1333,0.1109,0.0515,0.0675,0.0779,0.1460,0.1333,0.0881,0.0833,0.2541,0.3925,0.2799,-0.2211,0.7262,0.1158,0.0145,0.1821,0.0160,0.0579,0.0000,0.0569,0.0268,0.2219,0.0894,0.0327,0.0734,0.0864,0.1980,0.0461,0.1055,0.0719,0.0337,0.0950,0.0945,0.0000,19.72,-14.9214,-15.6200,2.5066
1705297552.2000,0.1218,0.0537,0.0593,0.0712,0.1489,0.1490,0.0766,0.0901,0.2709,0.3752,0.2972,-0.1772,0.7571,0.1264,0.0335,0.2218,0.0508,0.1281,0.0644,0.1585,0.0904,0.1159,0.1269,0.1219,0.1816,0.0614,0.1104,0.0371,0.1710,0.0452,0.0729,0.1282,0.1040,0.0000,13.21,13.4501,-12.9428,-6.2777
1705297552.2667,0.1121,0.0668,0.0596,0.0656,0.1526,0.1601,0.0676,0.0798,0.2736,0.3773,0.3185,-0.0608,0.7741,0.0918,0.0000,0.1890,0.1020,0.0768,0.0678,0.0578,0.1644,0.1665,0.0936,0.2012,0.1005,0.1103,0.1287,0.0087,0.1137,0.1017,0.1902,0.1705,0.1260,0.0000,9.38,4.9868,-20.5357,4.7107
1705297552.3333,0.1021,0.0672,0.0537,0.0710,0.1517,0.1659,0.0436,0.0779,0.2829,0.3904,0.3438,-0.0136,0.7696,0.1352,0.0546,0.1867,0.0726,0.0824,0.0123,0.0739,0.0870,0.0605,0.0672,0.0210,0.0329,0.1040,0.0000,0.0690,0.0972,0.0844,0.0060,0.1050,0.1354,0.0000,14.88,4.8387,-6.7503,-0.1547
1705297552.4000,0.1002,0.0709,0.0489,0.0756,0.1449,0.1717,0.0573,0.0827,0.2440,0.4022,0.3798,0.0793,0.7721,0.1017,0.0811,0.2205,0.0375,0.0903,0.0170,0.0590,0.0226,0.0599,0.0852,0.0868,0.1478,0.0621,0.2246,0.0913,0.1139,0.1227,0.1197,0.1213,0.1445,0.0000,17.03,1.2691,6.9018,-1.3877
1705297552.4667,0.0861,0.0818,0.0503,0.0691,0.1422,0.1473,0.0635,0.0942,0.2349,0.4183,0.3249,0.0900,0.7058,0.0384,0.0120,0.1530,0.0904,0.0900,0.0431,0.0316,0.0680,0.1572,0.1118,0.1528,0.1076,0.0869,0.1261,0.0400,0.1089,0.1315,0.0681,0.1227,0.0495,0.0000,16.26,9.8861,5.9231,-3.4082
1705297552.5333,0.0868,0.0915,0.0356,0.0709,0.1439,0.1589,0.0625,0.1016,0.2267,0.4130,0.2728,0.1249,0.7075,0.1141,0.1130,0.0914,0.0206,0.0961,0.0290,0.0852,0.1207,0.0210,0.1120,0.0525,0.1215,0.1480,0.1505,0.0079,0.1283,0.1157,0.0344,0.1531,0.1115,0.0000,18.23,5.4112,-15.0613,4.4579
1705297552.6000,0.0821,0.0954,0.0434,0.0751,0.1474,0.1670,0.0669,0.0974,0.2348,0.3943,0.3450,-0.0180,0.6439,0.1064,0.0881,0.1913,0.0267,0.0661,0.0402,0.0696,0.1337,0.1354,0.1281,0.0932,0.0246,0.1459,0.0222,0.0623,0.1247,0.1010,0.1987,0.0919,0.1058,0.0000,14.68,-1.3166,-13.4106,5.2399
1705297552.6667,0.0854,0.0779,0.0574,0.0717,0.1764,0.1698,0.0729,0.1133,0.2406,0.3608,0.4021,0.0335,0.6108,0.1590,0.0007,0.1750,0.0098,0.0732,0.0457,0.0269,0.1239,0.0932,0.0871,0.1639,0.0978,0.1327,0.1352,0.0429,0.0271,0.1342,0.1405,0.0492,0.1301,0.0000,12.78,3.6240,-3.0618,5.8000
1705297552.7333,0.0923,0.0636,0.0406,0.0761,0.1589,0.1734,0.0703,0.0876,0.2299,0.4044,0.4574,-0.0441,0.6880,0.1997,0.0606,0.1765,0.0039,0.0838,0.0204,0.0167,0.1330,0.1616,0.1163,0.1433,0.0964,0.0847,0.0998,0.0381,0.1050,0.1020,0.0725,0.2262,0.0914,1.0000,13.60,5.3007,-3.7801,-0.1235
1705297552.8000,0.1043,0.0739,0.0359,0.0743,0.1650,0.1648,0.0672,0.0791,0.2551,0.3883,0.4591,-0.0325,0.6744,0.1012,0.0000,0.1243,0.0000,0.0938,0.0402,0.0958,0.1004,0.1262,0.0693,0.0722,0.0833,0.0966,0.1501,0.0000,0.0944,0.1760,0.1138,0.1622,0.0795,0.0000,14.65,2.8326,-11.7742,-1.1851
1705297552.8667,0.1168,0.0746,0.0325,0.0756,0.1136,0.1622,0.0484,0.0641,0.2873,0.4149,0.4774,-0.0687,0.7063,0.1123,0.0342,0.2040,0.0196,0.0795,0.0313,0.0552,0.0999,0.0953,0.1183,0.0790,0.1108,0.0775,0.1007,0.0174,0.0761,0.1030,0.0027,0.1512,0.0575,0.0000,14.12,-1.8583,14.8043,-3.3522
1705297552.9333,0.1323,0.0752,0.0245,0.0921,0.1509,0.1642,0.0665,0.0586,0.2711,0.3787,0.5224,-0.0541,0.6716,0.1362,0.0888,0.2436,0.0592,0.0814,0.0848,0.0148,0.1735,0.1413,0.1257,0.0734,0.0357,0.1379,0.1011,0.0494,0.1620,0.1855,0.1087,0.1567,0.1294,1.0000,19.73,0.2432,8.4420,1.6712
1705297553.0000,0.1559,0.0779,0.0250,0.0862,0.1647,0.1517,0.0755,0.0402,0.2571,0.3795,0.4795,-0.0852,0.6792,0.1317,0.0000,0.2249,0.0440,0.0802,0.0355,0.0335,0.1215,0.1214,0.0825,0.0532,0.0804,0.1026,0.1061,0.0326,0.0780,0.0765,0.0979,0.1263,0.0368,1.0000,14.19,-9.8740,-13.0665,3.3161
1705297553.0667,0.1486,0.0849,0.0222,0.0827,0.1495,0.1603,0.0728,0.0290,0.2672,0.3896,0.3998,-0.0936,0.7138,0.1578,0.1268,0.2057,0.0837,0.0524,0.0520,0.0668,0.1463,0.1362,0.1082,0.0738,0.1375,0.1055,0.0739,0.0361,0.1551,0.0970,0.0560,0.1036,0.0711,0.0000,11.37,-1.9047,-1.4545,-0.9812
1705297553.1333,0.1397,0.0998,0.0339,0.0729,0.1868,0.1459,0.0831,0.0413,0.2342,0.3774,0.3496,-0.1374,0.6987,0.1281,0.0696,0.2114,0.0239,0.0867,0.1192,0.0367,0.1270,0.1119,0.1006,0.1046,0.0204,0.1274,0.1186,0.0198,0.1351,0.0465,0.1802,0.1689,0.0667,0.0000,14.78,-1.3736,-8.0165,6.3941
1705297553.2000,0.1261,0.1134,0.0246,0.0666,0.2096,0.1455,0.0651,0.0490,0.2235,0.3859,0.2971,-0.1238,0.6435,0.0791,0.0531,0.1815,0.0558,0.1268,0.0352,0.1069,0.1504,0.1486,0.1588,0.0925,0.1754,0.1175,0.0660,0.0040,0.0909,0.0782,0.0466,0.2053,0.1048,0.0000,17.49,2.5309,6.7972,-5.9305
1705297553.2667,0.1420,0.1171,0.0393,0.0723,0.1893,0.1623,0.0798,0.0506,0.2632,0.3305,0.3311,-0.0468,0.6817,0.1295,0.0418,0.1757,0.0817,0.1005,0.0507,0.0984,0.0481,0.1277,0.1124,0.1340,0.1295,0.0834,0.0262,0.0415,0.0949,0.0859,0.0805,0.1111,0.1313,0.0000,12.18,-1.8094,-6.8960,7.4082
1705297553.3333,0.1264,0.1123,0.0472,0.0583,0.1822,0.1704,0.0764,0.0830,0.2403,0.3420,0.4266,-0.0409,0.7060,0.1251,0.0254,0.2288,0.0429,0.0940,0.0625,0.0461,0.0781,0.0000,0.1277,0.0543,0.0985,0.1007,0.0985,0.0079,0.0966,0.0824,0.0557,0.0663,0.1170,0.0000,12.28,4.7684,0.8617,3.3061
1705297553.4000,0.1391,0.0989,0.0485,0.0409,0.2042,0.1756,0.0668,0.0747,0.2442,0.3442,0.4317,-0.0755,0.7583,0.2134,0.0582,0.1366,0.0055,0.0945,0.0535,0.0766,0.0553,0.1223,0.0779,0.0901,0.0748,0.1354,0.1395,0.0000,0.1472,0.0963,0.0672,0.1001,0.1075,0.0000,15.57,11.9601,3.0258,3.6271
1705297553.4667,0.1233,0.0994,0.0449,0.0396,0.2265,0.1753,0.0756,0.0663,0.2600,0.3334,0.4543,-0.1584,0.7991,0.0965,0.1059,0.1303,0.0537,0.0959,0.1111,0.0827,0.1670,0.1053,0.0908,0.1757,0.1296,0.0783,0.1130,0.0018,0.1429,0.1114,0.0418,0.1224,0.1133,0.0000,19.48,15.5943,11.3492,5.1213
1705297553.5333,0.1128,0.0908,0.0463,0.0428,0.2657,0.1614,0.0633,0.0710,0.2442,0.3411,0.4472,-0.1391,0.7713,0.1355,0.0598,0.2085,0.0419,0.1453,0.0902,0.0350,0.0000,0.0190,0.0593,0.1207,0.2200,0.0354,0.0958,0.0003,0.0896,0.0369,0.0573,0.2261,0.2087,0.0000,17.01,8.0441,9.7647,3.1592
1705297553.6000,0.0989,0.0907,0.0303,0.0419,0.2903,0.1562,0.0399,0.0890,0.2394,0.3540,0.5111,-0.1386,0.7778,0.1251,0.0775,0.1702,0.0467,0.1773,0.0473,0.0378,0.0764,0.1135,0.0556,0.1445,0.0378,0.0573,0.0674,0.0052,0.0331,0.1044,0.1543,0.2509,0.0392,0.0000,20.13,10.7010,22.1381,3.7986
1705297553.6667,0.1018,0.0920,0.0274,0.0463,0.2713,0.1544,0.0341,0.0914,0.2280,0.3720,0.5978,-0.1636,0.7391,0.1174,0.0000,0.1670,0.0230,0.1354,0.0155,0.0467,0.0320,0.0812,0.0758,0.0473,0.0431,0.1152,0.0942,0.0191,0.1506,0.0745,0.1032,0.1343,0.1882,0.0000,16.81,0.0007,2.9478,4.5458
1705297553.7333,0.1140,0.0924,0.0313,0.0529,0.2722,0.1561,0.0388,0.0903,0.2493,0.3416,0.5068,-0.1932,0.7354,0.1148,0.0651,0.2750,0.0524,0.1688,0.0737,0.0596,0.0787,0.1362,0.1012,0.0698,0.1504,0.1382,0.1192,0.0379,0.1308,0.0000,0.0484,0.2479,0.0870,0.0000,15.46,3.8940,-0.8087,-6.7319
1705297553.8000,0.1277,0.1015,0.0355,0.0514,0.2567,0.1422,0.0357,0.0907,0.2562,0.3414,0.4520,-0.2598,0.7369,0.1077,0.0605,0.1757,0.0000,0.1257,0.0861,0.1223,0.1036,0.1604,0.0881,0.0561,0.1025,0.1245,0.1659,0.0000,0.2130,0.0193,0.1340,0.2167,0.1472,0.0000,15.71,2.7133,-5.9058,3.3048
1705297553.8667,0.1188,0.0871,0.0562,0.0655,0.2476,0.1421,0.0266,0.0764,0.2195,0.3761,0.4726,-0.3058,0.7607,0.0633,0.0000,0.1729,0.0000,0.1294,0.0706,0.0436,0.0897,0.1665,0.1023,0.0703,0.0538,0.1415,0.0803,0.0063,0.1129,0.0943,0.1048,0.2218,0.1197,0.0000,12.42,5.7176,10.4198,11.6612
1705297553.9333,0.1238,0.0957,0.0661,0.0736,0.2058,0.1536,0.0272,0.0846,0.2138,0.3734,0.4565,-0.1902,0.7634,0.0523,0.0000,0.1507,0.0400,0.1409,0.1039,0.0875,0.0952,0.0616,0.1221,0.0817,0.0282,0.0683,0.1359,0.0144,0.0322,0.1800,0.0905,0.1303,0.0636,0.0000,10.76,16.1623,-1.9899,-4.9515
1705297554.0000,0.1097,0.0680,0.0558,0.0631,0.2299,0.1636,0.0334,0.0842,0.2148,0.3866,0.4353,-0.1446,0.7513,0.0868,0.0201,0.1646,0.0320,0.1337,0.0564,0.0642,0.0930,0.1187,0.1286,0.1178,0.1828,0.1318,0.0932,0.0712,0.0732,0.1360,0.0594,0.1698,0.0862,0.0000,13.10,5.3274,-3.7263,6.3999
1705297554.0667,0.1117,0.0906,0.0539,0.0852,0.1961,0.1460,0.0375,0.0646,0.2319,0.3895,0.4246,-0.1188,0.7635,0.0537,0.0733,0.1838,0.0122,0.0793,0.0022,0.0714,0.1827,0.0981,0.0798,0.1194,0.0958,0.1042,0.0683,0.0277,0.1672,0.1299,0.0893,0.2158,0.1513,0.0000,12.69,7.3362,-11.6680,-4.3228
1705297554.1333,0.1272,0.0942,0.0369,0.0782,0.2429,0.1277,0.0403,0.0700,0.2295,0.3718,0.4230,-0.1605,0.7637,0.0532,0.0915,0.2434,0.0680,0.1563,0.0731,0.0409,0.0653,0.1023,0.0276,0.0735,0.0131,0.1283,0.1021,0.0122,0.0854,0.0712,0.0958,0.2632,0.1160,0.0000,12.30,-7.3952,-20.4433,1.8285
1705297554.2000,0.1261,0.0977,0.0300,0.0641,0.2273,0.1330,0.0608,0.0678,0.2043,0.3934,0.3880,-0.1401,0.7055,0.1343,0.0323,0.1388,0.0481,0.1380,0.0548,0.0558,0.0573,0.1156,0.1320,0.2100,0.0606,0.1148,0.0311,0.0843,0.0818,0.1316,0.1319,0.2004,0.0842,1.0000,17.45,2.9503,4.3928,5.3614
1705297554.2667,0.1096,0.0914,0.0399,0.0720,0.2299,0.1524,0.0741,0.0491,0.2136,0.3807,0.3329,-0.1731,0.7389,0.2050,0.0339,0.1498,0.0301,0.1434,0.0178,0.0756,0.0348,0.0355,0.0873,0.0842,0.0668,0.0681,0.1480,0.0229,0.0494,0.1221,0.0998,0.1693,0.1373,0.0000,16.47,10.8837,-8.0340,-3.0172
1705297554.3333,0.1091,0.0884,0.0454,0.0813,0.2580,0.1537,0.0629,0.0459,0.2047,0.3703,0.3697,-0.1605,0.7740,0.1293,0.0583,0.1315,0.0180,0.1422,0.0784,0.0460,0.0670,0.2565,0.0719,0.0517,0.1284,0.1172,0.1315,0.0235,0.0783,0.1591,0.0958,0.2423,0.1646,0.0000,14.11,2.6449,-3.1765,1.3652
1705297554.4000,0.1308,0.0877,0.0516,0.0886,0.2348,0.1396,0.0618,0.0530,0.2282,0.3543,0.3743,-0.2908,0.8008,0.1765,0.0161,0.1462,0.0453,0.1683,0.0248,0.0869,0.1339,0.0578,0.0944,0.1741,0.1547,0.1220,0.0672,0.1008,0.1637,0.1266,0.1704,0.1674,0.0594,0.0000,15.95,2.6911,13.1194,1.1726
1705297554.4667,0.1080,0.0907,0.0548,0.0894,0.2391,0.1491,0.0813,0.0510,0.2457,0.3346,0.2453,-0.2101,0.7976,0.0928,0.0000,0.1969,0.0408,0.1432,0.0595,0.0854,0.1388,0.1569,0.0976,0.0755,0.0298,0.1421,0.1298,0.0736,0.0504,0.0990,0.1012,0.0890,0.1216,0.0000,13.91,7.9399,-4.8396,-2.9961
1705297554.5333,0.0993,0.0963,0.0509,0.0907,0.2431,0.1407,0.0911,0.0564,0.2525,0.3275,0.2769,-0.2431,0.7941,0.1288,0.0423,0.1948,0.1119,0.1300,0.0461,0.0690,0.0378,0.1244,0.0781,0.0641,0.0887,0.0486,0.0867,0.0000,0.0717,0.1258,0.1716,0.1140,0.0424,1.0000,8.89,2.0372,-14.4928,7.7193
1705297554.6000,0.1101,0.0915,0.0564,0.0804,0.2198,0.1395,0.1131,0.0659,0.2534,0.3219,0.3164,-0.2340,0.8277,0.1623,0.0216,0.0790,0.0976,0.1822,0.0622,0.0852,0.0492,0.0254,0.0436,0.0896,0.0000,0.0000,0.0618,0.0672,0.0791,0.0593,0.0896,0.2349,0.0694,0.0000,11.11,15.3976,1.4148,0.8123
1705297554.6667,0.1215,0.0952,0.0567,0.0753,0.2079,0.1532,0.1079,0.0518,0.2630,0.3205,0.3594,-0.1844,0.7752,0.1623,0.0722,0.2360,0.0776,0.0977,0.0905,0.0120,0.1166,0.0826,0.1145,0.1071,0.1046,0.1097,0.1239,0.0384,0.0713,0.1142,0.0647,0.2191,0.1701,0.0000,14.11,7.8219,-1.7985,-1.5787
1705297554.7333,0.1252,0.0783,0.0544,0.0784,0.1932,0.1699,0.1057,0.0445,0.2631,0.3323,0.3571,-0.2060,0.8106,0.1160,0.2012,0.2077,0.0782,0.1321,0.0821,0.0800,0.0046,0.0768,0.0971,0.0635,0.1290,0.0605,0.1036,0.0417,0.1627,0.1541,0.0986,0.2133,0.1146,0.0000,11.73,1.9529,-17.0563,6.9291
1705297554.8000,0.1432,0.0904,0.0574,0.0867,0.1762,0.1739,0.1175,0.0553,0.2777,0.2930,0.3911,-0.1740,0.8096,0.1333,0.0486,0.2456,0.0623,0.1321,0.0862,0.0673,0.1552,0.1301,0.1029,0.1207,0.0892,0.1235,0.1447,0.0557,0.0583,0.1914,0.0848,0.1047,0.1190,0.0000,16.81,-2.3898,-6.9299,6.8696
1705297554.8667,0.1250,0.0798,0.0556,0.0825,0.1912,0.1437,0.1010,0.0582,0.2685,0.3366,0.3654,-0.2045,0.8354,0.1047,0.0486,0.1397,0.0680,0.1221,0.0096,0.0387,0.0773,0.1538,0.0612,0.1222,0.1080,0.1004,0.0715,0.0000,0.1338,0.1564,0.0290,0.1618,0.0633,0.0000,13.79,12.3105,1.5659,-10.2496
1705297554.9333,0.1323,0.0867,0.0543,0.0765,0.1783,0.1580,0.1121,0.0673,0.2696,0.3189,0.3540,-0.2436,0.8315,0.1346,0.0557,0.2847,0.1066,0.1763,0.0674,0.0751,0.1394,0.0170,0.1417,0.1430,0.1854,0.0857,0.0781,0.0704,0.1584,0.1081,0.1541,0.1141,0.0416,0.0000,10.78,3.7686,-7.6429,2.6040
1705297555.0000,0.1399,0.0995,0.0550,0.0957,0.1863,0.1753,0.1151,0.0772,0.2876,0.2611,0.3091,-0.2705,0.8232,0.1112,0.1305,0.2072,0.0617,0.0898,0.0290,0.0926,0.0566,0.1001,0.0660,0.0921,0.0750,0.0988,0.1384,0.1192,0.1839,0.0000,0.0985,0.1577,0.0000,1.0000,15.57,3.4238,-14.0924,6.9586
1705297555.0667,0.1306,0.1014,0.0541,0.0980,0.1632,0.1547,0.1145,0.0730,0.3026,0.2847,0.3031,-0.2828,0.8182,0.1214,0.0442,0.2441,0.0643,0.1439,0.0686,0.0363,0.0772,0.0599,0.0735,0.0000,0.1146,0.0916,0.0187,0.0568,0.1141,0.1064,0.0572,0.1403,0.1159,0.0000,12.68,18.9604,-4.6561,2.4686
1705297555.1333,0.1304,0.0854,0.0585,0.0934,0.1659,0.1526,0.1055,0.0847,0.2980,0.2953,0.2631,-0.3159,0.8442,0.1218,0.0745,0.1485,0.0460,0.0883,0.0570,0.0804,0.1363,0.1279,0.1358,0.1034,0.0000,0.1052,0.0578,0.0465,0.1873,0.0799,0.0734,0.0840,0.1113,0.0000,11.55,3.0315,-7.7981,-3.4060
1705297555.2000,0.1194,0.0759,0.0626,0.0784,0.1304,0.1512,0.0944,0.0880,0.2762,0.3542,0.2885,-0.3281,0.8394,0.1352,0.0850,0.2384,0.0348,0.0852,0.1002,0.0369,0.1048,0.1174,0.0773,0.1259,0.1635,0.0121,0.1045,0.0743,0.0036,0.0255,0.1891,0.1520,0.1313,0.0000,11.84,15.5846,10.6753,-2.3573
1705297555.2667,0.1217,0.0668,0.0743,0.0774,0.1510,0.1322,0.0957,0.0879,0.2593,0.3602,0.3059,-0.2647,0.8210,0.1158,0.1130,0.1717,0.0435,0.0847,0.0442,0.0601,0.1120,0.1600,0.1160,0.1482,0.1141,0.0432,0.0645,0.0394,0.0661,0.1023,0.0735,0.1079,0.0717,0.0000,14.67,2.1206,-6.2013,0.8209
1705297555.3333,0.1226,0.0676,0.0653,0.0556,0.1522,0.1274,0.1246,0.0763,0.2893,0.3515,0.2500,-0.3328,0.8116,0.0000,0.0388,0.2236,0.0760,0.1180,0.0835,0.0615,0.2185,0.0433,0.0276,0.1086,0.1226,0.1155,0.0633,0.0627,0.0064,0.0000,0.1605,0.1241,0.0926,0.0000,13.91,6.9117,-4.7438,0.8078
1705297555.4000,0.0980,0.0688,0.0640,0.0475,0.1427,0.1528,0.1377,0.0954,0.2759,0.3503,0.3184,-0.3186,0.8149,0.0853,0.0229,0.2283,0.0315,0.1040,0.0765,0.0350,0.1513,0.0567,0.0559,0.1094,0.0904,0.0000,0.1250,0.0855,0.1873,0.1454,0.1059,0.1160,0.0861,0.0000,16.21,15.2797,-11.9515,-7.6569
1705297555.4667,0.0964,0.0785,0.0576,0.0462,0.1465,0.1702,0.1139,0.0844,0.2699,0.3619,0.3000,-0.3730,0.7896,0.1086,0.0697,0.1869,0.1255,0.1009,0.0786,0.0729,0.1195,0.0673,0.1512,0.0181,0.1153,0.0000,0.1012,0.0591,0.1159,0.1311,0.1096,0.0725,0.0403,0.0000,13.92,5.5419,3.7737,-2.1212
1705297555.5333,0.0947,0.0881,0.0587,0.0447,0.1460,0.1800,0.1241,0.0953,0.2695,0.3394,0.3296,-0.3475,0.7898,0.2106,0.0869,0.2197,0.0682,0.0942,0.0085,0.0316,0.0556,0.0573,0.0709,0.1304,0.1838,0.1339,0.1145,0.0637,0.0817,0.0731,0.0369,0.1501,0.0645,0.0000,15.74,25.3099,-0.3625,-3.3273
1705297555.6000,0.0903,0.0862,0.0440,0.0541,0.1418,0.1754,0.1156,0.0929,0.2402,0.3757,0.3246,-0.2471,0.7940,0.1422,0.0439,0.1956,0.0832,0.0972,0.0681,0.0300,0.0575,0.1344,0.1009,0.0985,0.1429,0.0635,0.0819,0.0671,0.1396,0.1607,0.0842,0.1052,0.0887,0.0000,18.96,6.4656,12.0747,-2.7813
1705297555.6667,0.1023,0.0827,0.0458,0.0493,0.1593,0.1818,0.0915,0.0844,0.2303,0.3835,0.3536,-0.2370,0.8359,0.1527,0.0184,0.1496,0.0292,0.1178,0.0116,0.0673,0.0121,0.0809,0.0712,0.1040,0.1162,0.1065,0.0264,0.0301,0.0959,0.0487,0.0000,0.2493,0.0502,0.0000,15.05,8.0453,1.6809,2.3482
1705297555.7333,0.0984,0.0849,0.0527,0.0494,0.1876,0.1899,0.0856,0.0818,0.2433,0.3558,0.3010,-0.1835,0.8516,0.0793,0.0000,0.1496,0.0693,0.0546,0.0492,0.0284,0.1916,0.0675,0.1138,0.1297,0.1615,0.1294,0.0751,0.0181,0.1718,0.0684,0.0784,0.2232,0.0606,0.0000,17.13,-1.2931,-5.7891,-13.3541
1705297555.8000,0.1122,0.0712,0.0420,0.0535,0.1870,0.1847,0.0584,0.0890,0.2482,0.3723,0.3027,-0.2638,0.7473,0.1309,0.0885,0.1836,0.0090,0.0977,0.0448,0.0541,0.1700,0.1834,0.1335,0.0951,0.1404,0.0647,0.0373,0.0890,0.1253,0.0282,0.0708,0.1692,0.1275,0.0000,16.40,1.5234,7.2588,-0.5379
1705297555.8667,0.1136,0.0923,0.0372,0.0632,0.1914,0.1729,0.0451,0.0838,0.2478,0.3716,0.4067,-0.1873,0.7354,0.1835,0.0424,0.2110,0.0157,0.1021,0.0376,0.0344,0.1446,0.2115,0.0956,0.0175,0.0572,0.0981,0.1003,0.0475,0.1089,0.0193,0.1353,0.1358,0.1671,0.0000,10.06,1.5514,-4.7490,-1.8989
1705297555.9333,0.1251,0.0829,0.0426,0.0567,0.1570,0.1764,0.0546,0.0860,0.2685,0.3701,0.4016,-0.1388,0.7351,0.0920,0.0488,0.1319,0.0000,0.0665,0.0731,0.0555,0.1773,0.1213,0.1248,0.1387,0.1076,0.0778,0.1037,0.0270,0.1293,0.1115,0.1030,0.1626,0.1504,0.0000,13.72,13.5383,-9.8100,-1.0677
1705297556.0000,0.1106,0.0684,0.0277,0.0564,0.1775,0.1723,0.0483,0.0973,0.2816,0.3759,0.4465,-0.1336,0.7565,0.0908,0.0238,0.2204,0.0356,0.0602,0.0654,0.0060,0.1146,0.0666,0.1094,0.1636,0.1022,0.1811,0.1621,0.0474,0.0000,0.0540,0.0754,0.1727,0.0178,0.0000,16.32,13.6435,-16.1380,3.3615
1705297556.0667,0.1028,0.1002,0.0300,0.0510,0.1681,0.1818,0.0428,0.0980,0.2793,0.3676,0.4408,-0.1204,0.7893,0.1880,0.0791,0.1839,0.0133,0.1227,0.0656,0.0264,0.0000,0.1072,0.1224,0.0837,0.0000,0.1263,0.1731,0.0244,0.1417,0.1261,0.1292,0.0105,0.1009,0.0000,11.78,9.7454,7.6518,12.4593
1705297556.1333,0.1241,0.0922,0.0176,0.0488,0.1196,0.1789,0.0339,0.0941,0.2757,0.4092,0.3948,-0.1240,0.7417,0.0692,0.0017,0.2646,0.0100,0.0532,0.0782,0.0692,0.1106,0.1002,0.1090,0.0534,0.1033,0.0984,0.0843,0.0220,0.0957,0.0969,0.0928,0.0444,0.0912,0.0000,14.07,-8.5100,2.4118,4.0093
1705297556.2000,0.1310,0.0864,0.0285,0.0491,0.1308,0.1627,0.0299,0.0708,0.2885,0.4133,0.3769,-0.1186,0.7281,0.1222,0.0000,0.1191,0.0645,0.0539,0.0695,0.0271,0.0664,0.1650,0.1180,0.1802,0.1674,0.1281,0.0674,0.0000,0.0487,0.0753,0.0579,0.1221,0.0000,0.0000,15.78,12.7674,-13.2770,0.9899
1705297556.2667,0.1055,0.0779,0.0357,0.0535,0.1373,0.1487,0.0207,0.0811,0.2737,0.4395,0.3820,-0.1868,0.7732,0.0704,0.1022,0.1702,0.0000,0.0857,0.0233,0.0460,0.0391,0.0687,0.0967,0.1405,0.1187,0.1509,0.2017,0.0000,0.0564,0.0870,0.0514,0.1701,0.1140,0.0000,14.19,12.6119,22.1048,-11.4929
1705297556.3333,0.1135,0.0740,0.0357,0.0617,0.1568,0.1705,0.0252,0.0616,0.2903,0.4064,0.4385,-0.1837,0.8193,0.1552,0.0005,0.1912,0.0351,0.0415,0.0647,0.0837,0.0484,0.0494,0.1097,0.1339,0.0589,0.0635,0.1321,0.0000,0.1549,0.0749,0.0854,0.1743,0.0908,0.0000,17.29,15.0829,5.5913,3.8333
1705297556.4000,0.1140,0.0711,0.0334,0.0541,0.1437,0.1587,0.0359,0.0594,0.3017,0.4168,0.4421,-0.1075,0.8213,0.1301,0.0650,0.1763,0.0008,0.0461,0.0749,0.0727,0.1698,0.0258,0.1138,0.2152,0.1320,0.1652,0.0389,0.0301,0.1247,0.1581,0.1492,0.1339,0.0506,0.0000,18.64,-5.3541,2.6431,1.7623
1705297556.4667,0.1090,0.0606,0.0389,0.0538,0.1554,0.1491,0.0539,0.0552,0.3010,0.4138,0.4044,-0.1570,0.7760,0.0752,0.0000,0.1678,0.0915,0.1594,0.0219,0.0602,0.1590,0.1215,0.1103,0.1062,0.1124,0.0931,0.1240,0.0681,0.0900,0.0801,0.1303,0.0981,0.1090,0.0000,17.11,13.4879,0.5418,2.7557
1705297556.5333,0.1225,0.0732,0.0383,0.0662,0.1373,0.1508,0.0520,0.0638,0.2807,0.4092,0.3967,-0.1124,0.7194,0.1439,0.0000,0.1981,0.0000,0.1258,0.0682,0.0674,0.0261,0.1353,0.0838,0.0114,0.1980,0.1340,0.0180,0.0135,0.0734,0.0777,0.0759,0.2152,0.1572,0.0000,18.47,0.2368,-5.3112,1.6398
1705297556.6000,0.1325,0.0893,0.0295,0.0498,0.1407,0.1352,0.0456,0.0579,0.2710,0.4292,0.4540,-0.1009,0.6818,0.0567,0.0126,0.2216,0.0140,0.0685,0.0942,0.0236,0.0000,0.1148,0.1379,0.1838,0.0708,0.0045,0.1516,0.0283,0.2045,0.0372,0.0766,0.0995,0.1095,0.0000,11.02,2.2111,-4.5035,3.6080
1705297556.6667,0.1288,0.0825,0.0349,0.0589,0.1327,0.1125,0.0519,0.0574,0.2572,0.4500,0.4501,-0.0875,0.6776,0.1060,0.1074,0.2603,0.0296,0.0812,0.0855,0.0734,0.1445,0.1094,0.0999,0.0929,0.0646,0.0874,0.1516,0.0881,0.1841,0.0427,0.1602,0.1231,0.0515,0.0000,11.40,0.2715,-4.5800,-5.8361
1705297556.7333,0.1181,0.0748,0.0448,0.0714,0.1087,0.1272,0.0491,0.0541,0.2487,0.4618,0.4331,-0.1652,0.6316,0.1088,0.0507,0.1433,0.0257,0.0268,0.0734,0.0049,0.1590,0.1548,0.0882,0.1027,0.0747,0.1549,0.1520,0.0119,0.0930,0.1365,0.0949,0.0899,0.0701,0.0000,12.10,15.7627,-13.2332,0.7170
1705297556.8000,0.1288,0.0561,0.0445,0.0680,0.1353,0.1250,0.0620,0.0806,0.2611,0.4232,0.4465,-0.0805,0.6538,0.1425,0.0471,0.1935,0.0392,0.0952,0.1009,0.0588,0.0000,0.1020,0.0701,0.1532,0.0635,0.0116,0.1823,0.0174,0.1255,0.0280,0.0749,0.2272,0.1493,0.0000,17.39,3.2821,-2.0973,-0.3002
1705297556.8667,0.1297,0.0631,0.0489,0.0685,0.1338,0.1582,0.0925,0.0902,0.2613,0.3723,0.3573,-0.0356,0.6576,0.0943,0.0539,0.2206,0.0727,0.0385,0.0923,0.0701,0.1228,0.0906,0.0091,0.1434,0.0796,0.0741,0.1653,0.0142,0.1087,0.1096,0.1555,0.0057,0.1177,0.0000,13.57,4.5545,2.4688,0.3152
1705297556.9333,0.1298,0.0752,0.0661,0.0650,0.1311,0.1606,0.0912,0.0853,0.2465,0.3695,0.3792,-0.0582,0.6600,0.1101,0.0855,0.1778,0.0445,0.0500,0.0869,0.0771,0.1207,0.0431,0.0715,0.1733,0.1352,0.1128,0.1519,0.0000,0.2032,0.0993,0.0858,0.0990,0.0806,0.0000,14.97,14.3733,7.0074,1.0872
1705297557.0000,0.1262,0.0774,0.0729,0.0811,0.1434,0.1590,0.0539,0.0984,0.2640,0.3541,0.3429,-0.1418,0.6978,0.0930,0.0045,0.1739,0.0358,0.0625,0.0677,0.0815,0.0724,0.0863,0.0369,0.1206,0.1122,0.1356,0.0386,0.0851,0.1457,0.2303,0.2410,0.2033,0.0093,0.0000,20.13,-10.6996,3.9391,15.0413
1705297557.0667,0.1359,0.0794,0.0730,0.0725,0.1512,0.1581,0.0546,0.0833,0.2586,0.3600,0.3399,-0.1469,0.7413,0.1034,0.0000,0.1875,0.0577,0.0677,0.1005,0.1048,0.0878,0.1426,0.0609,0.1435,0.0454,0.1615,0.1986,0.0728,0.1454,0.2030,0.0687,0.1217,0.0907,0.0000,17.25,-10.3533,-6.6143,-2.4698
1705297557.1333,0.1270,0.0765,0.0721,0.0692,0.1852,0.1244,0.0533,0.0756,0.2573,0.3756,0.3782,-0.1114,0.7139,0.1511,0.0242,0.1885,0.0124,0.1270,0.0986,0.1059,0.1494,0.1637,0.0765,0.1615,0.1270,0.0379,0.1552,0.0000,0.1324,0.0253,0.0648,0.1001,0.0495,0.0000,11.91,-5.1396,-2.0095,2.8611
1705297557.2000,0.1149,0.0821,0.0750,0.0783,0.1849,0.1130,0.0618,0.0908,0.2536,0.3672,0.3966,-0.1114,0.7556,0.0720,0.0000,0.1301,0.0466,0.0971,0.0484,0.0793,0.1230,0.1543,0.0512,0.1249,0.0044,0.0865,0.0398,0.0453,0.1122,0.1360,0.1031,0.2038,0.0615,0.0000,22.84,4.0633,-4.6056,-0.3663
1705297557.2667,0.1221,0.0825,0.0620,0.0716,0.1553,0.1155,0.0754,0.0998,0.2454,0.3821,0.3412,0.0208,0.7255,0.0882,0.0334,0.2112,0.0747,0.1430,0.0829,0.1055,0.0875,0.1293,0.0760,0.0287,0.1246,0.0997,0.1645,0.0095,0.0344,0.0393,0.1019,0.1069,0.1303,0.0000,14.68,-3.1151,6.1540,-3.7434
1705297557.3333,0.1346,0.0795,0.0657,0.0718,0.1337,0.1270,0.0774,0.0902,0.2723,0.3686,0.3342,-0.0219,0.6485,0.1294,0.0452,0.1973,0.0363,0.0741,0.1080,0.1096,0.0891,0.1995,0.0435,0.1291,0.0529,0.0715,0.1789,0.0623,0.0532,0.1191,0.1370,0.0974,0.0608,0.0000,20.54,-2.5249,9.2795,-4.1121
1705297557.4000,0.1249,0.0794,0.0660,0.0731,0.1325,0.1291,0.0785,0.0699,0.2690,0.3866,0.3430,-0.0282,0.6677,0.0876,0.0544,0.1684,0.0547,0.0696,0.0402,0.0812,0.0513,0.1689,0.0412,0.0979,0.1228,0.1397,0.0113,0.0282,0.0524,0.0761,0.0306,0.1208,0.1383,0.0000,18.28,6.4454,-7.5907,2.3443
1705297557.4667,0.1326,0.0970,0.0630,0.0680,0.1271,0.1476,0.0614,0.0559,0.2781,0.3816,0.3646,0.0069,0.6725,0.0145,0.0281,0.1516,0.0300,0.0582,0.0535,0.0159,0.1422,0.1384,0.1043,0.0527,0.1468,0.1855,0.0892,0.0394,0.1080,0.0504,0.0239,0.0943,0.0545,0.0000,15.02,-1.0024,2.2519,-3.2785
1705297557.5333,0.1196,0.1085,0.0634,0.0717,0.1170,0.1506,0.0626,0.0778,0.2738,0.3731,0.3674,0.0120,0.6904,0.1326,0.0414,0.2310,0.0686,0.0752,0.0547,0.0666,0.0770,0.1018,0.1134,0.1266,0.1159,0.1495,0.1477,0.0201,0.0569,0.0792,0.1756,0.0525,0.0944,0.0000,18.18,2.2346,-1.2009,0.6427
1705297557.6000,0.1018,0.1081,0.0689,0.0654,0.1422,0.1532,0.0687,0.0741,0.2397,0.3867,0.3611,0.0084,0.7290,0.1477,0.0000,0.1941,0.0767,0.0568,0.0286,0.0548,0.0678,0.0323,0.0765,0.0791,0.0800,0.0094,0.1755,0.0517,0.0114,0.0664,0.0578,0.2273,0.0551,0.0000,16.73,-5.4390,-2.3205,-1.3060
1705297557.6667,0.0994,0.0914,0.0749,0.0666,0.1253,0.1581,0.0605,0.0513,0.2505,0.4132,0.3904,0.0313,0.7545,0.1466,0.0000,0.2057,0.0596,0.0538,0.0593,0.0637,0.1025,0.0011,0.0430,0.1150,0.0834,0.0000,0.1917,0.0447,0.0604,0.0333,0.0067,0.1249,0.1123,0.0000,15.03,9.3329,-11.5738,8.2490
1705297557.7333,0.0914,0.0792,0.0682,0.0724,0.1308,0.1596,0.0432,0.0564,0.2633,0.4213,0.3833,-0.0102,0.8483,0.0894,0.0631,0.1449,0.0026,0.0500,0.0285,0.0672,0.0853,0.0888,0.1029,0.0741,0.0746,0.1534,0.1333,0.0132,0.1151,0.0514,0.0893,0.0665,0.0000,0.0000,15.42,-4.8232,-5.2722,6.9454
1705297557.8000,0.0948,0.0888,0.0747,0.0741,0.1433,0.1449,0.0657,0.0635,0.2661,0.3904,0.3323,-0.0762,0.8409,0.1399,0.0000,0.1589,0.0348,0.0654,0.0786,0.0751,0.1167,0.1662,0.1499,0.1696,0.1789,0.1774,0.0770,0.0460,0.0514,0.0868,0.1005,0.2038,0.0502,0.0000,12.04,5.7160,-6.1201,-1.1513
1705297557.8667,0.0809,0.0843,0.0628,0.0563,0.1704,0.1477,0.0451,0.0787,0.2442,0.4178,0.3454,-0.0616,0.7895,0.0676,0.0124,0.1060,0.0617,0.0985,0.0585,0.0899,0.1951,0.0513,0.0957,0.0858,0.1457,0.1284,0.0942,0.0000,0.0697,0.1677,0.0816,0.1623,0.2179,0.0000,13.12,12.0445,3.7824,-5.5648
1705297557.9333,0.0983,0.1053,0.0627,0.0570,0.1721,0.1297,0.0150,0.0695,0.2553,0.4210,0.3030,-0.0226,0.8136,0.0445,0.0000,0.1989,0.0000,0.0798,0.0411,0.0118,0.1184,0.0623,0.1235,0.1460,0.1686,0.0986,0.1350,0.0000,0.1364,0.1385,0.1077,0.1542,0.0958,0.0000,17.33,4.6563,-7.9793,3.6687
1705297558.0000,0.1164,0.0988,0.0475,0.0429,0.1559,0.1327,0.0384,0.0469,0.2355,0.4511,0.2889,-0.0809,0.7907,0.0370,0.0000,0.1977,0.0000,0.0626,0.1007,0.0680,0.0831,0.1955,0.0606,0.0681,0.1520,0.1667,0.0683,0.0568,0.0926,0.1757,0.0818,0.0621,0.0836,0.0000,14.84,11.9942,1.5363,6.0319
1705297558.0667,0.1038,0.1015,0.0466,0.0353,0.1694,0.1546,0.0705,0.0474,0.2473,0.4141,0.3922,-0.1340,0.7367,0.0716,0.0631,0.1739,0.0143,0.0901,0.0353,0.0209,0.0635,0.0605,0.1141,0.1254,0.0201,0.0990,0.0744,0.0000,0.1070,0.0471,0.0003,0.1202,0.0943,0.0000,12.33,6.5786,-19.1566,1.2086
1705297558.1333,0.1077,0.0938,0.0475,0.0449,0.1527,0.1497,0.0741,0.0622,0.2379,0.4177,0.3807,-0.1461,0.6863,0.1360,0.0092,0.2158,0.0751,0.1054,0.0407,0.0591,0.0826,0.1004,0.0713,0.0489,0.1359,0.1188,0.1062,0.1102,0.1766,0.0804,0.1186,0.1483,0.1287,0.0000,14.18,11.7411,-11.9532,-0.7789
1705297558.2000,0.0971,0.1000,0.0482,0.0533,0.1703,0.1457,0.0675,0.0529,0.2435,0.4128,0.3498,-0.1315,0.6589,0.1880,0.0000,0.1560,0.1237,0.1162,0.0788,0.0738,0.1831,0.0714,0.0568,0.0848,0.0283,0.0032,0.1556,0.0435,0.1185,0.0731,0.0448,0.1660,0.0923,0.0000,15.12,19.7380,-18.5357,0.8303
1705297558.2667,0.1212,0.1094,0.0588,0.0535,0.1887,0.1318,0.0772,0.0596,0.2486,0.3707,0.3715,-0.0614,0.7011,0.1494,0.0953,0.2089,0.0530,0.1369,0.0533,0.0761,0.0775,0.1113,0.1018,0.0561,0.1737,0.1019,0.1121,0.0144,0.0654,0.0140,0.0640,0.1245,0.1377,0.0000,14.34,-1.1206,-13.8330,-6.3391
1705297558.3333,0.1175,0.1018,0.0545,0.0423,0.1861,0.1442,0.0769,0.0631,0.2532,0.3762,0.4188,-0.1371,0.7816,0.0529,0.0572,0.2032,0.0814,0.1062,0.0825,0.0871,0.1054,0.0531,0.1341,0.1566,0.1670,0.0624,0.1691,0.0318,0.1429,0.0998,0.1377,0.2032,0.1487,0.0000,17.88,8.4702,21.8259,-1.6913
1705297558.4000,0.1289,0.1019,0.0537,0.0404,0.1836,0.1504,0.0743,0.0741,0.2568,0.3616,0.3931,-0.0789,0.7710,0.0436,0.1141,0.1509,0.0025,0.1222,0.0784,0.0928,0.1381,0.1498,0.1486,0.0235,0.1346,0.0984,0.0901,0.0452,0.1332,0.0914,0.0475,0.1170,0.1150,0.0000,16.47,10.6954,-7.4978,-1.7769
1705297558.4667,0.1180,0.0988,0.0593,0.0426,0.2012,0.1451,0.0810,0.0793,0.2470,0.3566,0.3401,-0.1675,0.8118,0.0533,0.0000,0.1454,0.0427,0.1224,0.0508,0.0847,0.0925,0.0927,0.0395,0.1049,0.1202,0.0780,0.1552,0.0000,0.1307,0.0675,0.1157,0.2526,0.0802,0.0000,8.67,6.9471,-0.3202,3.6202
1705297558.5333,0.1153,0.0969,0.0574,0.0416,0.1994,0.1504,0.0742,0.0746,0.2482,0.3651,0.2657,-0.2222,0.8019,0.1526,0.1010,0.1944,0.0000,0.1080,0.0950,0.0948,0.1282,0.1550,0.0577,0.0347,0.0775,0.1614,0.0394,0.0245,0.1309,0.2705,0.1443,0.2281,0.0303,0.0000,14.53,-2.5634,6.3334,-4.3581
1705297558.6000,0.1225,0.0877,0.0553,0.0327,0.1900,0.1514,0.1105,0.0765,0.2641,0.3457,0.2774,-0.2241,0.7863,0.0707,0.0642,0.1808,0.0690,0.0917,0.0639,0.0614,0.1862,0.1862,0.1549,0.0859,0.1501,0.1046,0.0946,0.0407,0.0967,0.0898,0.1121,0.1920,0.0470,0.0000,15.15,5.2255,-13.8787,-3.0906
1705297558.6667,0.1325,0.0916,0.0641,0.0526,0.1764,0.1588,0.0926,0.0720,0.2709,0.3330,0.2742,-0.2862,0.7755,0.1773,0.0294,0.1927,0.0020,0.0542,0.0366,0.0833,0.0345,0.1556,0.0738,0.0260,0.1027,0.0493,0.0000,0.0940,0.0492,0.1324,0.1286,0.1688,0.1820,0.0000,17.63,-4.1293,-19.3254,-0.6359
1705297558.7333,0.1365,0.0892,0.0543,0.0449,0.2222,0.1545,0.0923,0.0888,0.2968,0.2923,0.1955,-0.2363,0.7550,0.1322,0.0666,0.1946,0.0950,0.1105,0.0812,0.0625,0.0000,0.1119,0.1415,0.1211,0.1286,0.0781,0.0704,0.0501,0.1552,0.1234,0.0896,0.1453,0.1505,0.0000,13.54,10.0041,-12.2862,6.9925
1705297558.8000,0.1319,0.0773,0.0551,0.0603,0.2313,0.1521,0.0885,0.0957,0.3023,0.2832,0.1674,-0.1899,0.7226,0.1137,0.0792,0.1957,0.0125,0.1500,0.0059,0.0235,0.1333,0.1154,0.1141,0.1080,0.0000,0.1094,0.1334,0.0642,0.0608,0.0503,0.0180,0.1501,0.0741,0.0000,13.49,6.8336,13.1638,10.2270
1705297558.8667,0.1221,0.0873,0.0469,0.0417,0.1819,0.1646,0.0827,0.0845,0.3018,0.3319,0.1559,-0.1931,0.6772,0.0388,0.0674,0.2579,0.0957,0.0992,0.0705,0.0289,0.1093,0.0000,0.1412,0.0656,0.0459,0.0581,0.0574,0.0472,0.1533,0.1178,0.1440,0.1731,0.1149,0.0000,20.70,-10.2310,15.0312,-12.2119
1705297558.9333,0.1321,0.0960,0.0519,0.0413,0.2000,0.1665,0.0839,0.0723,0.2715,0.3307,0.1918,-0.2014,0.6323,0.1286,0.1012,0.1779,0.0509,0.1184,0.0630,0.0408,0.0646,0.0623,0.0801,0.1586,0.0681,0.0224,0.1188,0.1038,0.0513,0.0099,0.0630,0.1117,0.0804,0.0000,17.53,9.0633,10.7837,3.9986
1705297559.0000,0.1328,0.1034,0.0605,0.0527,0.1853,0.1611,0.0713,0.0803,0.2450,0.3446,0.2178,-0.1731,0.6979,0.0823,0.0156,0.2375,0.0190,0.1547,0.1064,0.0782,0.0717,0.1032,0.1659,0.0987,0.0999,0.1428,0.0411,0.0385,0.1736,0.2275,0.1165,0.1004,0.0645,1.0000,13.68,9.0483,5.9122,10.2933
1705297559.0667,0.1263,0.0956,0.0609,0.0512,0.1705,0.1337,0.0598,0.0992,0.2514,0.3709,0.2076,-0.1978,0.6789,0.1553,0.1185,0.2014,0.0513,0.0997,0.0766,0.0518,0.1153,0.0932,0.1302,0.1305,0.0898,0.0839,0.1584,0.0306,0.1209,0.1501,0.0452,0.1966,0.0951,0.0000,13.63,4.5539,-17.7339,-4.9642
1705297559.1333,0.1241,0.1058,0.0690,0.0520,0.1661,0.1518,0.0609,0.0905,0.2610,0.3513,0.2477,-0.2151,0.6590,0.0579,0.1131,0.2041,0.0328,0.0478,0.0537,0.0415,0.0825,0.0851,0.0758,0.1538,0.1644,0.0631,0.1662,0.0172,0.1319,0.0998,0.0937,0.1381,0.1413,0.0000,14.72,5.4318,17.1138,-0.7310
1705297559.2000,0.1237,0.1147,0.0611,0.0400,0.1728,0.1490,0.0720,0.0895,0.2563,0.3526,0.2513,-0.2415,0.7130,0.0589,0.0588,0.2953,0.0238,0.1371,0.0211,0.0831,0.0016,0.0292,0.1201,0.1362,0.0835,0.0959,0.1013,0.0000,0.1360,0.0983,0.1258,0.1007,0.0000,0.0000,14.92,-2.4116,-13.6595,0.5741
1705297559.2667,0.1130,0.0964,0.0536,0.0520,0.1749,0.1420,0.0608,0.0733,0.2738,0.3761,0.2724,-0.2228,0.7333,0.0729,0.0870,0.2313,0.0547,0.1178,0.1104,0.0669,0.1270,0.1113,0.0610,0.1207,0.1234,0.1547,0.0999,0.0582,0.0470,0.0678,0.0873,0.2238,0.1747,0.0000,11.97,6.0382,-5.0317,-0.1660
1705297559.3333,0.1170,0.0901,0.0402,0.0677,0.1524,0.1376,0.0616,0.0713,0.2686,0.3961,0.3590,-0.1240,0.6956,0.1313,0.0904,0.1524,0.0374,0.0984,0.0751,0.0668,0.1006,0.1458,0.1210,0.1685,0.1113,0.0459,0.0804,0.0039,0.0440,0.0645,0.1702,0.1439,0.1168,0.0000,12.43,-4.9872,-20.1605,6.0123
1705297559.4000,0.1313,0.0827,0.0359,0.0598,0.1454,0.1369,0.0610,0.0703,0.2811,0.3974,0.3946,-0.1073,0.7042,0.1069,0.0410,0.2275,0.0328,0.0610,0.0794,0.0511,0.1821,0.0950,0.1026,0.1233,0.0354,0.1844,0.1762,0.0507,0.0203,0.0810,0.1029,0.0811,0.1676,0.0000,16.07,11.4761,-1.2398,3.5203
1705297559.4667,0.1303,0.1034,0.0305,0.0505,0.1861,0.1452,0.0537,0.0752,0.2925,0.3597,0.3964,-0.1498,0.6822,0.1150,0.0000,0.2031,0.0054,0.1012,0.1042,0.0112,0.0933,0.0573,0.1017,0.0910,0.2038,0.1028,0.1684,0.0226,0.0939,0.1293,0.1421,0.1751,0.0848,0.0000,17.89,11.9157,7.8536,-3.5616
1705297559.5333,0.1230,0.1061,0.0413,0.0339,0.2252,0.1581,0.0551,0.0853,0.2940,0.3268,0.3976,-0.2606,0.7343,0.0907,0.0671,0.2180,0.0427,0.1733,0.0427,0.1000,0.0000,0.0451,0.0920,0.0902,0.0768,0.1096,0.1669,0.0115,0.1203,0.0770,0.0140,0.2142,0.1157,0.0000,12.23,-4.9389,7.2180,-2.0413
1705297559.6000,0.1094,0.0986,0.0472,0.0236,0.2192,0.1515,0.0592,0.0797,0.2642,0.3684,0.3834,-0.3453,0.7638,0.0000,0.1087,0.1261,0.0127,0.1042,0.0476,0.0164,0.1091,0.0189,0.0491,0.1191,0.1009,0.0000,0.1676,0.0273,0.0849,0.1489,0.1073,0.2384,0.0538,0.0000,17.01,11.1447,3.3210,-0.9168
1705297559.6667,0.1044,0.0840,0.0518,0.0305,0.2194,0.1543,0.0471,0.0637,0.2437,0.4007,0.4562,-0.2361,0.8141,0.1416,0.0214,0.1539,0.0064,0.1635,0.0038,0.0112,0.1411,0.0896,0.0783,0.2412,0.0960,0.1644,0.1496,0.0192,0.1036,0.1085,0.1630,0.1879,0.1459,0.0000,13.98,12.9118,5.5436,2.7299
1705297559.7333,0.1115,0.0922,0.0383,0.0304,0.2101,0.1659,0.0484,0.0432,0.2622,0.3987,0.4492,-0.2646,0.8169,0.0347,0.0669,0.2075,0.0467,0.1317,0.0249,0.0683,0.1119,0.0995,0.0981,0.0584,0.0623,0.2148,0.0580,0.0000,0.0735,0.1378,0.0813,0.2381,0.1111,0.0000,14.58,9.3333,-1.8924,-1.5387
1705297559.8000,0.0988,0.0905,0.0424,0.0267,0.1943,0.1655,0.0717,0.0495,0.2703,0.3941,0.4546,-0.3780,0.8026,0.1138,0.0552,0.2615,0.0593,0.1193,0.0303,0.0470,0.0000,0.0680,0.1004,0.1017,0.1219,0.1494,0.1363,0.0473,0.1454,0.1248,0.1020,0.1333,0.0670,0.0000,15.79,2.6379,-5.8281,4.7934
1705297559.8667,0.1146,0.1049,0.0491,0.0261,0.1886,0.1667,0.0895,0.0532,0.2692,0.3629,0.4055,-0.2824,0.7316,0.0899,0.0793,0.1817,0.0435,0.0792,0.0295,0.1177,0.0845,0.1327,0.0559,0.0846,0.1325,0.1150,0.1208,0.0253,0.0890,0.1545,0.0000,0.2526,0.0689,0.0000,13.29,-5.5183,-3.9261,-4.6429
1705297559.9333,0.1107,0.0918,0.0465,0.0334,0.1975,0.1631,0.1017,0.0364,0.2625,0.3738,0.4517,-0.3239,0.7545,0.0557,0.0529,0.2362,0.0359,0.1828,0.0388,0.0691,0.1053,0.0380,0.0825,0.1412,0.1378,0.0997,0.0000,0.0232,0.1826,0.0591,0.0909,0.1231,0.0564,0.0000,16.46,15.5734,-6.7018,-3.0817
1705297560.0000,0.0981,0.0743,0.0371,0.0179,0.2139,0.1643,0.0799,0.0505,0.2603,0.4022,0.4426,-0.3412,0.7340,0.0668,0.1249,0.1624,0.0683,0.1464,0.0502,0.1175,0.0536,0.1068,0.0783,0.1966,0.1159,0.0996,0.1714,0.0638,0.0800,0.0717,0.0616,0.2197,0.1244,0.0000,17.47,5.2364,-3.5436,-4.4795
1705297560.0667,0.0851,0.0838,0.0391,0.0034,0.1989,0.1742,0.0758,0.0544,0.2618,0.4141,0.4179,-0.3224,0.7568,0.0688,0.0424,0.1500,0.0471,0.0819,0.0313,0.0006,0.0870,0.1260,0.0761,0.0816,0.0765,0.0613,0.0771,0.0524,0.1323,0.0823,0.1357,0.2249,0.0533,0.0000,12.53,16.0344,-11.2426,-1.1194
1705297560.1333,0.0991,0.1066,0.0336,0.0318,0.2022,0.1581,0.0827,0.0766,0.2706,0.3632,0.4764,-0.2414,0.7538,0.0382,0.0889,0.1460,0.0452,0.1483,0.0144,0.0094,0.1481,0.1112,0.0871,0.1163,0.0070,0.1038,0.0838,0.0495,0.0520,0.1208,0.0588,0.1254,0.0713,0.0000,9.57,0.8558,4.8704,2.3236
1705297560.2000,0.1177,0.0963,0.0576,0.0454,0.2142,0.1514,0.1090,0.0659,0.2720,0.3222,0.4969,-0.2227,0.7123,0.0899,0.0805,0.2322,0.0759,0.1612,0.0451,0.0673,0.0512,0.0688,0.1295,0.1784,0.0979,0.1323,0.1528,0.0885,0.0369,0.0020,0.0784,0.0744,0.0157,0.0000,16.02,-14.8998,12.3910,-7.7069
1705297560.2667,0.1127,0.1144,0.0487,0.0382,0.2066,0.1465,0.0838,0.0528,0.2678,0.3571,0.4912,-0.1823,0.6883,0.1332,0.0673,0.1708,0.0926,0.1534,0.1443,0.0363,0.0761,0.0687,0.1322,0.0896,0.0104,0.0738,0.0469,0.0792,0.0836,0.0961,0.0689,0.2260,0.1006,0.0000,11.97,12.9085,10.3420,4.6937
1705297560.3333,0.1273,0.1234,0.0547,0.0394,0.2443,0.1538,0.0774,0.0415,0.2722,0.3195,0.4790,-0.0985,0.7335,0.0713,0.0195,0.2045,0.0712,0.1617,0.1164,0.1010,0.1073,0.1492,0.0945,0.0723,0.1253,0.1048,0.1197,0.0494,0.1102,0.0675,0.2039,0.1344,0.1243,0.0000,13.60,-9.2174,4.3287,-0.1045
1705297560.4000,0.1118,0.1237,0.0584,0.0483,0.2785,0.1505,0.0596,0.0326,0.2816,0.3129,0.4663,-0.0655,0.7464,0.1048,0.0573,0.2128,0.0337,0.1093,0.0723,0.0902,0.1172,0.1414,0.0900,0.1099,0.1386,0.1190,0.0850,0.1132,0.1544,0.1223,0.1394,0.2633,0.0450,0.0000,17.96,-0.0561,-3.7828,-9.6563
1705297560.4667,0.1162,0.1329,0.0516,0.0434,0.2788,0.1514,0.0505,0.0379,0.2681,0.3216,0.4574,-0.0963,0.7863,0.1529,0.0000,0.1697,0.0847,0.2056,0.0430,0.0438,0.0456,0.1630,0.1588,0.1290,0.0894,0.0971,0.1003,0.0078,0.0764,0.1571,0.0592,0.1907,0.0567,0.0000,14.28,-2.0037,8.0195,5.1435
1705297560.5333,0.1260,0.1139,0.0415,0.0416,0.2400,0.1458,0.0935,0.0275,0.2612,0.3454,0.4669,-0.0948,0.7719,0.0583,0.0856,0.1874,0.0700,0.1784,0.0749,0.1257,0.0808,0.1621,0.0937,0.0664,0.1953,0.0551,0.1658,0.0375,0.0180,0.1630,0.1140,0.1319,0.0834,0.0000,16.22,-7.3764,8.7107,-4.7069
1705297560.6000,0.0966,0.1078,0.0423,0.0504,0.2395,0.1370,0.0881,0.0478,0.2821,0.3450,0.4908,-0.1315,0.8021,0.1030,0.0835,0.2217,0.0426,0.1697,0.0652,0.0439,0.2122,0.1399,0.1091,0.1390,0.0298,0.1325,0.0343,0.0595,0.1743,0.0418,0.0597,0.1358,0.1919,0.0000,18.34,12.9685,-11.1111,2.9220
1705297560.6667,0.0982,0.0983,0.0473,0.0518,0.2379,0.1367,0.0870,0.0528,0.2857,0.3426,0.5149,-0.1580,0.7755,0.1006,0.1011,0.1920,0.0463,0.0894,0.0063,0.0681,0.1025,0.1546,0.1267,0.0934,0.0966,0.1044,0.1534,0.0293,0.1630,0.1498,0.1570,0.1831,0.1189,0.0000,12.40,15.7816,5.0968,0.6133
1705297560.7333,0.1004,0.0959,0.0449,0.0493,0.2258,0.1200,0.0785,0.0581,0.2927,0.3606,0.5367,-0.1067,0.7362,0.0647,0.0765,0.1977,0.1052,0.1456,0.0783,0.1064,0.1804,0.0725,0.0779,0.1141,0.1079,0.0473,0.1397,0.0219,0.0518,0.1230,0.0517,0.1398,0.1051,0.0000,15.47,11.2019,3.5889,-4.4325
1705297560.8000,0.1149,0.1068,0.0335,0.0438,0.1974,0.1385,0.0841,0.0607,0.2882,0.3593,0.5220,-0.0655,0.7812,0.0536,0.0758,0.1385,0.0461,0.1247,0.0583,0.0954,0.1624,0.0859,0.0949,0.1374,0.1161,0.0868,0.0988,0.0295,0.0594,0.0000,0.1132,0.1328,0.0522,0.0000,16.53,1.3650,-21.7839,-0.7288
1705297560.8667,0.0987,0.1069,0.0270,0.0453,0.2381,0.1458,0.0621,0.0498,0.2504,0.3855,0.4571,-0.0230,0.8040,0.0070,0.0243,0.0984,0.0445,0.1482,0.0250,0.0105,0.1247,0.1486,0.0621,0.0825,0.0835,0.1496,0.2002,0.0572,0.1418,0.0829,0.0975,0.2771,0.1236,0.0000,10.30,1.7189,-13.9625,-6.6761
1705297560.9333,0.0926,0.1082,0.0113,0.0434,0.2355,0.1188,0.0685,0.0424,0.2480,0.4188,0.4451,0.0244,0.7921,0.0944,0.0227,0.1984,0.0776,0.1197,0.0624,0.0315,0.0985,0.1082,0.0689,0.0033,0.0742,0.1163,0.0821,0.0032,0.0527,0.0696,0.1156,0.1920,0.1463,0.0000,16.15,4.3395,3.1499,-7.0732
1705297561.0000,0.0869,0.1120,0.0179,0.0491,0.2188,0.1417,0.0858,0.0188,0.2273,0.4250,0.4062,-0.0310,0.7578,0.0658,0.0587,0.2029,0.0491,0.1437,0.0373,0.0463,0.0000,0.0856,0.1256,0.0676,0.1237,0.0824,0.0797,0.0296,0.1197,0.0965,0.0322,0.2208,0.0957,0.0000,10.17,-6.8161,1.2108,4.7326
1705297561.0667,0.0755,0.1176,0.0281,0.0422,0.2160,0.1468,0.0922,0.0183,0.2420,0.4128,0.3810,-0.0335,0.7148,0.0000,0.0490,0.1471,0.0313,0.1352,0.0971,0.0516,0.1067,0.1354,0.1118,0.0038,0.1136,0.1254,0.0583,0.0781,0.0707,0.2209,0.1753,0.1551,0.0960,0.0000,17.13,9.3253,5.8990,6.6101
1705297561.1333,0.0914,0.1019,0.0342,0.0359,0.2501,0.1512,0.1012,0.0317,0.2279,0.3847,0.3193,-0.0764,0.7002,0.0089,0.0315,0.1343,0.0603,0.2034,0.0160,0.0069,0.0570,0.1831,0.1076,0.0844,0.0788,0.1452,0.0663,0.0255,0.0168,0.1288,0.1181,0.2270,0.1738,0.0000,12.14,4.2336,-2.7980,3.0943
1705297561.2000,0.0867,0.0916,0.0385,0.0278,0.2447,0.1622,0.0631,0.0337,0.2289,0.4137,0.3369,-0.1976,0.7137,0.1392,0.0404,0.1871,0.0785,0.1429,0.0345,0.0419,0.1191,0.0890,0.0564,0.0791,0.0979,0.1149,0.0000,0.0250,0.1521,0.0727,0.2185,0.2010,0.1346,0.0000,20.55,-1.8014,-15.1585,6.9382
1705297561.2667,0.0835,0.0757,0.0482,0.0306,0.2061,0.1667,0.0740,0.0416,0.2257,0.4287,0.3190,-0.1601,0.6531,0.1208,0.0289,0.1718,0.0000,0.1247,0.0946,0.0713,0.0813,0.0713,0.0806,0.1328,0.0694,0.0905,0.0658,0.0113,0.0406,0.1097,0.1850,0.2247,0.0448,0.0000,17.30,6.5677,-3.2905,-3.3003
1705297561.3333,0.0801,0.0901,0.0484,0.0356,0.1996,0.1704,0.0759,0.0421,0.2062,0.4310,0.3452,-0.1648,0.6574,0.1111,0.0794,0.1636,0.0491,0.0660,0.0315,0.0619,0.1273,0.1681,0.0854,0.1270,0.1398,0.0812,0.1911,0.0556,0.0424,0.0771,0.0755,0.1197,0.0415,0.0000,18.15,2.9246,3.0542,-8.1589
1705297561.4000,0.0683,0.0915,0.0521,0.0304,0.1835,0.1588,0.0906,0.0499,0.2348,0.4241,0.3634,-0.2000,0.6786,0.1388,0.0371,0.1723,0.0566,0.1497,0.0726,0.0293,0.0949,0.2005,0.1140,0.1557,0.0561,0.0906,0.0646,0.0366,0.1234,0.0628,0.1278,0.1368,0.0918,0.0000,13.85,13.0943,-4.5902,-3.7867
1705297561.4667,0.0828,0.0974,0.0523,0.0286,0.1461,0.1525,0.1129,0.0540,0.2325,0.4246,0.3267,-0.1911,0.6575,0.0703,0.0603,0.0974,0.0765,0.0786,0.0216,0.0631,0.1620,0.0835,0.1413,0.1461,0.0421,0.0722,0.1540,0.0470,0.1105,0.1243,0.1781,0.1584,0.0000,0.0000,12.84,3.9965,10.6083,-0.7600
1705297561.5333,0.0744,0.0923,0.0608,0.0194,0.1673,0.1426,0.1049,0.0719,0.2362,0.4182,0.3528,-0.1506,0.6440,0.1155,0.0906,0.1754,0.0984,0.1414,0.0570,0.0982,0.0868,0.0866,0.0890,0.1725,0.0115,0.0000,0.1126,0.0540,0.0761,0.1202,0.1480,0.2136,0.0595,0.0000,18.48,5.2300,-3.7865,-0.0910
1705297561.6000,0.0643,0.0782,0.0537,0.0222,0.1576,0.1318,0.1116,0.0834,0.2747,0.4136,0.3790,-0.1646,0.6680,0.0037,0.1233,0.2208,0.0611,0.1096,0.0000,0.0135,0.0801,0.0785,0.1225,0.0883,0.2095,0.0798,0.0034,0.0593,0.0218,0.0691,0.1398,0.2051,0.1877,0.0000,14.17,12.8935,-7.1114,1.2484
1705297561.6667,0.0661,0.0715,0.0547,0.0245,0.1669,0.1315,0.1027,0.0643,0.2642,0.4321,0.4125,-0.1127,0.6623,0.0794,0.0724,0.1766,0.0244,0.1601,0.0397,0.0379,0.0874,0.0711,0.0483,0.0938,0.0218,0.0894,0.0434,0.0696,0.0824,0.1788,0.0842,0.1660,0.1060,0.0000,16.98,10.3858,-21.8217,-6.1633
1705297561.7333,0.0717,0.0960,0.0413,0.0250,0.1720,0.1508,0.0960,0.0470,0.2334,0.4401,0.3781,-0.2036,0.6570,0.0472,0.1056,0.1222,0.0543,0.1080,0.0535,0.0399,0.1234,0.0182,0.1261,0.0515,0.1487,0.1416,0.0378,0.0000,0.0805,0.1431,0.0662,0.1929,0.1382,0.0000,9.03,-0.1499,17.2368,-2.5501
1705297561.8000,0.0903,0.1097,0.0497,0.0370,0.1768,0.1408,0.0814,0.0835,0.1822,0.4291,0.3788,-0.2375,0.6410,0.1115,0.1220,0.1117,0.0330,0.1072,0.0676,0.1078,0.1139,0.1389,0.1051,0.0384,0.1559,0.0481,0.1412,0.0497,0.1686,0.1124,0.0657,0.1581,0.1135,0.0000,12.43,3.1324,-18.1650,0.4034
1705297561.8667,0.1027,0.1095,0.0517,0.0465,0.1555,0.1228,0.0877,0.0952,0.2245,0.4023,0.3823,-0.1824,0.6403,0.1226,0.0356,0.1641,0.0447,0.0822,0.0019,0.0475,0.1400,0.0422,0.1094,0.0757,0.1047,0.0679,0.1277,0.0538,0.0840,0.0844,0.1006,0.0842,0.1584,0.0000,16.78,17.3795,-3.5102,-7.1027
1705297561.9333,0.1056,0.1025,0.0569,0.0465,0.1540,0.1298,0.0661,0.0801,0.2183,0.4241,0.3674,-0.2452,0.6226,0.0309,0.0129,0.1815,0.0342,0.1240,0.0476,0.1008,0.1716,0.0000,0.0842,0.0938,0.0398,0.2251,0.1956,0.0176,0.0929,0.1441,0.1119,0.1687,0.0304,0.0000,14.48,15.0007,-7.4987,-5.3605
1705297562.0000,0.1081,0.0926,0.0537,0.0619,0.1798,0.1235,0.0654,0.0743,0.2360,0.4029,0.3815,-0.3043,0.5905,0.0329,0.0443,0.1588,0.0471,0.1082,0.0843,0.1430,0.0000,0.1163,0.0192,0.0378,0.0437,0.0635,0.1137,0.0434,0.1389,0.1017,0.0857,0.0976,0.0986,0.0000,21.16,11.6316,-3.2791,5.9440
1705297562.0667,0.0942,0.0857,0.0591,0.0526,0.1580,0.1409,0.0581,0.0775,0.2296,0.4266,0.3630,-0.2845,0.6182,0.1192,0.0325,0.1799,0.0686,0.0554,0.0496,0.0566,0.1305,0.0651,0.1044,0.0739,0.1209,0.1419,0.1091,0.0138,0.1115,0.1266,0.1518,0.1116,0.1112,0.0000,16.42,8.1117,-7.8370,2.6427
1705297562.1333,0.0884,0.0776,0.0616,0.0505,0.1312,0.1357,0.0837,0.0649,0.2458,0.4364,0.3588,-0.3297,0.6166,0.1538,0.0809,0.2378,0.0242,0.0756,0.0934,0.0874,0.1286,0.1911,0.1226,0.1377,0.0709,0.0816,0.0766,0.0488,0.1526,0.1232,0.0446,0.1433,0.0889,0.0000,17.85,-1.9234,6.5947,-5.0440
1705297562.2000,0.0968,0.0808,0.0628,0.0447,0.1530,0.1356,0.0880,0.0463,0.2320,0.4360,0.3249,-0.3505,0.5750,0.1291,0.0505,0.1222,0.0362,0.1646,0.0218,0.0822,0.1166,0.0582,0.0447,0.0995,0.0832,0.0568,0.0845,0.0182,0.1228,0.1808,0.1303,0.1208,0.1451,0.0000,13.70,-1.5999,-3.7412,2.2202
1705297562.2667,0.0994,0.0786,0.0672,0.0375,0.1708,0.1322,0.0775,0.0592,0.2133,0.4387,0.2947,-0.3375,0.6306,0.1005,0.1184,0.0550,0.0000,0.0722,0.0443,0.0750,0.0658,0.0843,0.0419,0.0551,0.0712,0.1313,0.0766,0.0414,0.0506,0.1566,0.1007,0.0988,0.0628,0.0000,11.54,7.6604,11.8461,4.5224
1705297562.3333,0.0957,0.0827,0.0796,0.0268,0.1630,0.1331,0.0864,0.0658,0.2341,0.4197,0.2859,-0.2922,0.6496,0.0561,0.0659,0.1518,0.0220,0.0794,0.0625,0.0567,0.1186,0.0459,0.1092,0.1501,0.1310,0.1219,0.1634,0.0801,0.0727,0.1772,0.0504,0.1222,0.1003,0.0000,16.98,-2.8671,-7.3098,0.3930
1705297562.4000,0.0970,0.0818,0.0922,0.0321,0.1646,0.1318,0.0923,0.0757,0.2228,0.4058,0.2384,-0.3969,0.6156,0.0451,0.0514,0.1860,0.0889,0.0983,0.0977,0.1313,0.0948,0.0380,0.0590,0.0575,0.1283,0.1261,0.1219,0.1047,0.0931,0.1555,0.0566,0.0966,0.1060,0.0000,19.67,22.6020,-8.8143,0.1289
1705297562.4667,0.0938,0.0830,0.0869,0.0297,0.1484,0.1237,0.0941,0.0802,0.2313,0.4173,0.3029,-0.3286,0.6309,0.0793,0.1062,0.0936,0.0258,0.1128,0.0860,0.0908,0.1549,0.1383,0.0930,0.0586,0.0846,0.1200,0.0376,0.0363,0.1620,0.0856,0.0838,0.1278,0.0742,0.0000,19.62,1.5936,-9.2057,-2.1817
1705297562.5333,0.0842,0.0654,0.0832,0.0181,0.1768,0.1309,0.0955,0.0739,0.2165,0.4333,0.3766,-0.2503,0.6222,0.1303,0.0358,0.1568,0.0672,0.0918,0.0712,0.0566,0.1192,0.0891,0.0993,0.1273,0.1371,0.0772,0.1353,0.0509,0.1393,0.0806,0.0976,0.2007,0.1430,0.0000,14.97,8.0175,6.2256,-3.1015
1705297562.6000,0.1014,0.0540,0.0715,0.0100,0.1886,0.1657,0.0924,0.0719,0.2166,0.4167,0.4109,-0.1931,0.6723,0.0500,0.0000,0.2313,0.0255,0.1386,0.0554,0.0554,0.0585,0.0300,0.0925,0.0760,0.0973,0.1878,0.0858,0.0596,0.0527,0.1501,0.1366,0.1226,0.0566,0.0000,7.80,10.1575,-9.9286,-5.5097
1705297562.6667,0.0951,0.0546,0.0885,0.0333,0.2042,0.1732,0.0857,0.0767,0.1844,0.4026,0.4246,-0.1180,0.7038,0.1254,0.0325,0.1766,0.0669,0.0841,0.0612,0.0575,0.1003,0.1579,0.0373,0.0837,0.0465,0.1779,0.1358,0.0479,0.0494,0.1593,0.1011,0.1797,0.0075,0.0000,11.95,-4.8280,0.6557,-3.0285
1705297562.7333,0.0948,0.0634,0.0799,0.0270,0.1835,0.1816,0.0889,0.0721,0.2058,0.4018,0.4104,-0.2043,0.7982,0.1891,0.1183,0.2140,0.0796,0.1029,0.0369,0.0766,0.0416,0.0352,0.1245,0.1346,0.0391,0.0749,0.1116,0.0796,0.0922,0.0735,0.0658,0.0962,0.0116,0.0000,13.66,-0.3427,-9.4967,-6.2380
1705297562.8000,0.1022,0.0698,0.0828,0.0374,0.1973,0.1663,0.0664,0.0643,0.2157,0.3986,0.4452,-0.1847,0.8418,0.1283,0.1146,0.1518,0.0000,0.0804,0.0510,0.0872,0.0869,0.0215,0.1157,0.0383,0.1827,0.1442,0.1314,0.0000,0.0883,0.1128,0.1152,0.1427,0.1187,0.0000,11.70,10.8452,-1.9763,8.9590
1705297562.8667,0.0771,0.0821,0.0840,0.0601,0.1958,0.1498,0.0815,0.0619,0.1998,0.4047,0.4352,-0.1018,0.9015,0.0738,0.0000,0.1838,0.0772,0.0762,0.0231,0.0067,0.0655,0.1383,0.1467,0.0000,0.1517,0.1494,0.1620,0.0996,0.0743,0.1464,0.0456,0.1696,0.1011,0.0000,16.84,-6.1004,-10.8641,-0.0574
1705297562.9333,0.0760,0.0895,0.0783,0.0576,0.1817,0.1419,0.0680,0.0701,0.2186,0.4110,0.4713,-0.1608,0.8964,0.1086,0.0837,0.1054,0.0505,0.0632,0.0114,0.0392,0.0555,0.0925,0.0410,0.1204,0.0772,0.1512,0.0612,0.0516,0.1052,0.0031,0.0192,0.0952,0.0678,0.0000,18.75,14.3461,7.8757,-2.6451
1705297563.0000,0.0791,0.0904,0.0673,0.0625,0.1908,0.1344,0.0588,0.0710,0.2251,0.4123,0.4987,-0.1081,0.8601,0.0472,0.0000,0.1717,0.0277,0.1143,0.0123,0.1041,0.0972,0.2016,0.0457,0.1241,0.1244,0.0724,0.0732,0.0359,0.2060,0.0802,0.1161,0.1316,0.0763,0.0000,16.43,-1.4155,-4.2274,-3.7719
1705297563.0667,0.0824,0.0986,0.0738,0.0568,0.1822,0.1506,0.0880,0.0817,0.2632,0.3536,0.4322,-0.1355,0.8131,0.0741,0.0742,0.2184,0.0671,0.1144,0.0229,0.0553,0.0662,0.1079,0.0756,0.0366,0.1196,0.1198,0.0733,0.0674,0.1282,0.1803,0.1472,0.1085,0.0880,1.0000,17.34,8.9154,8.2658,-9.9789
1705297563.1333,0.0715,0.0951,0.0718,0.0528,0.1702,0.1489,0.0768,0.0628,0.2662,0.3903,0.4715,-0.0886,0.7544,0.1162,0.0696,0.2065,0.0405,0.1293,0.0445,0.0023,0.1452,0.0924,0.0982,0.1590,0.1905,0.0824,0.1213,0.0756,0.1252,0.1917,0.1330,0.1110,0.0908,0.0000,16.05,12.5813,10.0671,5.7350
1705297563.2000,0.0793,0.0962,0.0618,0.0556,0.1589,0.1773,0.0851,0.0669,0.2560,0.3777,0.4668,-0.0655,0.7787,0.1114,0.0256,0.1563,0.0695,0.1099,0.0692,0.0775,0.0292,0.0678,0.0597,0.0937,0.1123,0.0827,0.1663,0.0279,0.1004,0.0525,0.0993,0.0905,0.0573,0.0000,13.06,-8.2073,-7.4615,7.1301
1705297563.2667,0.0566,0.0930,0.0594,0.0554,0.1541,0.1786,0.0971,0.0602,0.2498,0.3975,0.4942,-0.0814,0.7759,0.1605,0.0000,0.1484,0.0000,0.0818,0.0166,0.0741,0.1711,0.0978,0.1290,0.1293,0.1974,0.0873,0.1485,0.0000,0.1060,0.0467,0.0283,0.0240,0.0450,0.0000,14.42,7.6223,-6.0453,-7.1286
1705297563.3333,0.0671,0.0903,0.0548,0.0644,0.1431,0.1807,0.0926,0.0528,0.2625,0.3949,0.5136,-0.1292,0.8418,0.1678,0.0754,0.1291,0.0560,0.1030,0.0338,0.0762,0.0892,0.0703,0.1435,0.1364,0.2262,0.1176,0.0442,0.0523,0.0271,0.1511,0.0507,0.1721,0.0907,0.0000,17.98,6.8348,-2.1737,-17.0597
1705297563.4000,0.0721,0.0901,0.0561,0.0477,0.1290,0.1753,0.0746,0.0547,0.2693,0.4187,0.4274,-0.0823,0.7816,0.1411,0.0905,0.1686,0.0529,0.0660,0.0418,0.0208,0.1196,0.1436,0.1606,0.0883,0.0806,0.0888,0.0786,0.0509,0.1638,0.0827,0.1310,0.0166,0.0268,0.0000,15.11,-14.3429,6.7225,4.4032
1705297563.4667,0.0869,0.1016,0.0551,0.0445,0.1238,0.1770,0.0733,0.0699,0.2535,0.4086,0.4689,-0.0398,0.8278,0.0953,0.0000,0.0971,0.0226,0.0542,0.0135,0.0321,0.1923,0.1309,0.0797,0.0458,0.1109,0.0684,0.0236,0.0544,0.1744,0.1130,0.0316,0.1089,0.1029,0.0000,18.68,-15.5759,-8.3522,1.4808
1705297563.5333,0.0776,0.1121,0.0588,0.0428,0.1294,0.1486,0.0661,0.0660,0.2268,0.4431,0.4481,-0.0639,0.7873,0.1122,0.0200,0.0843,0.0355,0.0697,0.0542,0.0080,0.0967,0.0627,0.1488,0.0931,0.0760,0.1062,0.1736,0.0348,0.0828,0.1523,0.0000,0.1836,0.1227,0.0000,18.03,-8.3903,-1.5797,-6.5355
1705297563.6000,0.0937,0.1162,0.0526,0.0406,0.1284,0.1466,0.0545,0.0670,0.2166,0.4505,0.4058,-0.0284,0.8029,0.0769,0.0736,0.1264,0.0628,0.0701,0.0793,0.0190,0.0627,0.0835,0.1182,0.1062,0.0901,0.0966,0.1630,0.0520,0.0684,0.1043,0.0812,0.1631,0.1766,0.0000,16.90,-4.3391,-2.2204,2.8667
1705297563.6667,0.0859,0.1087,0.0655,0.0416,0.1400,0.1451,0.0331,0.0706,0.2081,0.4608,0.3734,0.0600,0.8288,0.0766,0.0936,0.1588,0.0066,0.0856,0.0400,0.0252,0.1222,0.0341,0.0927,0.0514,0.0797,0.1793,0.2049,0.0247,0.1561,0.1484,0.1763,0.0000,0.0792,0.0000,16.62,16.1463,-5.3900,6.3195
1705297563.7333,0.0910,0.1144,0.0638,0.0297,0.1593,0.1424,0.0389,0.0704,0.2269,0.4378,0.3550,0.0310,0.8335,0.1155,0.0131,0.2192,0.0173,0.1100,0.0265,0.0149,0.1066,0.0825,0.1535,0.1419,0.0634,0.1635,0.1235,0.0146,0.0645,0.0544,0.1024,0.1572,0.0658,0.0000,15.49,3.1515,-18.1533,0.8967
1705297563.8000,0.0902,0.1106,0.0554,0.0300,0.1675,0.1350,0.0304,0.0737,0.2489,0.4350,0.2901,0.0479,0.8437,0.0751,0.0185,0.1771,0.0231,0.1204,0.0041,0.0989,0.0911,0.0465,0.1017,0.1440,0.0139,0.0713,0.1259,0.0335,0.1974,0.0866,0.0794,0.1815,0.1034,0.0000,13.44,4.1922,6.9654,5.5673
1705297563.8667,0.0782,0.1058,0.0574,0.0234,0.1945,0.1252,0.0444,0.0583,0.2668,0.4276,0.3386,0.0697,0.9037,0.0412,0.0688,0.1615,0.0524,0.1009,0.1032,0.0843,0.1304,0.0456,0.1106,0.0839,0.1478,0.1362,0.0594,0.0382,0.0621,0.1300,0.0866,0.1545,0.1054,0.0000,16.23,-1.2957,-0.5136,3.4516
1705297563.9333,0.0888,0.1133,0.0504,0.0000,0.2099,0.1400,0.0737,0.0478,0.2809,0.3971,0.3017,0.0084,0.8987,0.0460,0.0705,0.1807,0.0162,0.1163,0.0158,0.0240,0.1635,0.0658,0.1060,0.0611,0.1258,0.0417,0.1565,0.0540,0.1246,0.0421,0.0762,0.0790,0.0782,0.0000,13.82,1.3788,-16.6180,-1.6805
1705297564.0000,0.0858,0.1050,0.0387,0.0104,0.2277,0.1405,0.0891,0.0446,0.2664,0.3950,0.3313,-0.0677,0.8418,0.1084,0.0201,0.2368,0.0000,0.1735,0.0042,0.0969,0.1102,0.1667,0.1041,0.1146,0.1497,0.1423,0.1178,0.0424,0.1318,0.1185,0.0385,0.1355,0.1294,0.0000,15.79,9.4885,-13.4365,-0.4732
1705297564.0667,0.0715,0.1046,0.0519,0.0339,0.2359,0.1596,0.0629,0.0502,0.2645,0.3790,0.3063,-0.0291,0.8314,0.0677,0.0673,0.2161,0.0672,0.1872,0.0141,0.1383,0.1331,0.0999,0.1052,0.1305,0.0737,0.0545,0.1301,0.0556,0.1223,0.1463,0.1445,0.2084,0.1031,0.0000,15.00,8.8010,3.1610,-7.3083
1705297564.1333,0.0705,0.1017,0.0458,0.0336,0.2467,0.1718,0.0458,0.0592,0.2582,0.3800,0.3218,0.0476,0.8846,0.1180,0.0266,0.1187,0.0571,0.1513,0.0603,0.0748,0.1055,0.0703,0.1587,0.0753,0.1650,0.0063,0.1588,0.0456,0.0452,0.0916,0.1417,0.1794,0.0859,0.0000,17.09,2.8851,4.4201,-4.4587
1705297564.2000,0.0666,0.0995,0.0396,0.0282,0.2459,0.1750,0.0503,0.0699,0.2749,0.3701,0.3503,0.0187,0.8039,0.1045,0.0594,0.2583,0.0746,0.0572,0.0483,0.0428,0.1424,0.0414,0.1890,0.1099,0.0482,0.0523,0.0778,0.0320,0.0756,0.0902,0.1401,0.1771,0.0224,0.0000,18.18,6.5529,9.6528,0.5041
1705297564.2667,0.0789,0.0984,0.0421,0.0465,0.2501,0.1764,0.0419,0.0682,0.2897,0.3447,0.3571,0.0136,0.7768,0.1571,0.0000,0.1308,0.0156,0.1531,0.0423,0.0346,0.1164,0.0635,0.1018,0.0812,0.1071,0.0589,0.1170,0.0167,0.1867,0.0429,0.1581,0.1999,0.0345,0.0000,15.54,13.0597,2.3035,8.7629
1705297564.3333,0.0845,0.0974,0.0367,0.0539,0.2509,0.1589,0.0354,0.0831,0.2846,0.3488,0.3389,-0.0187,0.7173,0.2348,0.0000,0.2247,0.0000,0.1287,0.0461,0.1084,0.1035,0.1908,0.0805,0.1506,0.1501,0.0376,0.0982,0.0542,0.1891,0.0006,0.0396,0.2805,0.1455,0.0000,15.54,12.2539,-9.4961,-2.0814
1705297564.4000,0.0755,0.0954,0.0539,0.0505,0.2263,0.1717,0.0487,0.0883,0.2871,0.3415,0.3243,-0.0229,0.7459,0.0978,0.0506,0.2372,0.0228,0.1138,0.0689,0.1047,0.1116,0.1234,0.1566,0.0605,0.0739,0.0851,0.1282,0.0435,0.2062,0.1433,0.1225,0.2971,0.1306,0.0000,9.64,-6.6265,-9.8833,2.9196
1705297564.4667,0.0960,0.0925,0.0542,0.0540,0.2118,0.2062,0.0497,0.0903,0.2823,0.3177,0.3393,-0.1306,0.7807,0.0617,0.0362,0.2054,0.0323,0.1328,0.1001,0.0305,0.0878,0.0482,0.1174,0.1561,0.0258,0.1595,0.1107,0.0359,0.2278,0.1251,0.0018,0.1788,0.0432,0.0000,15.94,15.4344,-21.5648,-1.8100
1705297564.5333,0.0985,0.0928,0.0400,0.0412,0.2369,0.1948,0.0481,0.1028,0.2761,0.3214,0.2513,-0.2205,0.7910,0.0849,0.0379,0.2371,0.0254,0.1834,0.0102,0.0656,0.1366,0.1556,0.1299,0.1054,0.1385,0.0596,0.1291,0.0131,0.0187,0.1621,0.0291,0.2287,0.1780,0.0000,16.81,10.8629,-11.1941,7.2743
1705297564.6000,0.1030,0.0964,0.0456,0.0358,0.2470,0.2068,0.0610,0.1266,0.2686,0.2856,0.3066,-0.1882,0.7700,0.2032,0.0000,0.2303,0.0000,0.1611,0.0406,0.0878,0.0785,0.1046,0.1372,0.1229,0.0744,0.0806,0.1685,0.0105,0.0925,0.1120,0.0723,0.1312,0.1100,0.0000,16.47,0.8904,-1.2534,0.5535
1705297564.6667,0.1068,0.0954,0.0489,0.0345,0.2178,0.2090,0.0586,0.1190,0.3066,0.2820,0.3139,-0.1539,0.7662,0.1028,0.0000,0.2295,0.0531,0.1531,0.0537,0.0593,0.0042,0.0544,0.1128,0.0737,0.0826,0.0114,0.0389,0.0312,0.1573,0.1042,0.0591,0.1624,0.1387,0.0000,16.56,20.8245,-3.8511,1.4644
1705297564.7333,0.0874,0.0983,0.0596,0.0519,0.2035,0.2024,0.0456,0.0983,0.2742,0.3273,0.2564,-0.1288,0.7461,0.1374,0.0010,0.2062,0.0459,0.1408,0.0189,0.0855,0.0598,0.0801,0.1113,0.1637,0.0541,0.0284,0.1232,0.0368,0.1347,0.0943,0.1555,0.1457,0.1682,1.0000,17.09,9.4805,19.9646,5.1953
1705297564.8000,0.1027,0.0909,0.0539,0.0472,0.2223,0.1737,0.0510,0.0902,0.2570,0.3466,0.2940,-0.1384,0.7827,0.0848,0.0942,0.1466,0.0842,0.1584,0.0761,0.0860,0.1220,0.0896,0.0851,0.1027,0.0794,0.0816,0.0069,0.0089,0.0951,0.1123,0.1433,0.1958,0.1257,0.0000,18.32,8.3583,15.0831,2.5113
1705297564.8667,0.1086,0.0817,0.0567,0.0483,0.1939,0.1632,0.0527,0.0828,0.2416,0.3823,0.2718,-0.1225,0.8209,0.0963,0.0237,0.2355,0.0000,0.1463,0.0670,0.0237,0.1403,0.2062,0.1283,0.0202,0.0988,0.1133,0.2398,0.0284,0.0685,0.1554,0.1218,0.1361,0.1031,0.0000,6.98,14.7977,12.7812,5.4651
1705297564.9333,0.1189,0.0768,0.0561,0.0379,0.2101,0.1588,0.0710,0.0911,0.2380,0.3647,0.3235,-0.1593,0.7874,0.0695,0.0524,0.2286,0.0613,0.0881,0.0494,0.1274,0.1083,0.0983,0.0753,0.0074,0.1074,0.1558,0.0792,0.0751,0.0805,0.1315,0.2073,0.1611,0.1190,0.0000,14.97,12.7342,12.0180,-0.0581
1705297565.0000,0.1137,0.0775,0.0731,0.0371,0.2202,0.1259,0.0808,0.0883,0.2399,0.3662,0.3834,-0.0320,0.8047,0.0497,0.0241,0.1828,0.0100,0.1321,0.0248,0.0175,0.2099,0.1469,0.0000,0.0432,0.0526,0.1145,0.1018,0.0599,0.1214,0.1379,0.1548,0.1396,0.0810,0.0000,16.72,14.3917,11.5999,-4.2272
1705297565.0667,0.1056,0.0868,0.0725,0.0533,0.2187,0.1118,0.0969,0.0931,0.2332,0.3569,0.4238,-0.0305,0.8021,0.0805,0.0186,0.2727,0.0798,0.1598,0.0555,0.0839,0.0663,0.0903,0.0600,0.0199,0.0599,0.0312,0.0713,0.0450,0.0000,0.1239,0.0696,0.2092,0.0442,0.0000,14.71,7.2802,10.2457,6.8505
1705297565.1333,0.0921,0.0773,0.0630,0.0478,0.2032,0.1318,0.0957,0.0854,0.2141,0.3937,0.5411,0.0305,0.7463,0.0799,0.0660,0.1752,0.0670,0.0905,0.0779,0.0492,0.1240,0.0911,0.0532,0.1240,0.0285,0.1251,0.1086,0.0430,0.1656,0.0251,0.1210,0.1696,0.0988,0.0000,10.99,-3.6134,5.7622,-6.9443
1705297565.2000,0.0911,0.0642,0.0467,0.0331,0.1702,0.1380,0.0698,0.0873,0.1929,0.4640,0.5114,-0.0062,0.8106,0.0859,0.1329,0.1466,0.0156,0.0299,0.0871,0.0613,0.0981,0.0758,0.0934,0.0000,0.1175,0.0790,0.2273,0.0285,0.1197,0.1599,0.0870,0.0224,0.1029,0.0000,18.41,5.0702,10.9871,-1.2377
1705297565.2667,0.0923,0.0741,0.0430,0.0558,0.1867,0.1485,0.0645,0.0930,0.1860,0.4337,0.5214,-0.0028,0.8271,0.1011,0.0699,0.1659,0.0393,0.1268,0.0299,0.0009,0.0547,0.0451,0.1067,0.1013,0.0427,0.1226,0.0299,0.0000,0.1270,0.0797,0.0282,0.1421,0.0720,0.0000,18.42,-0.5087,22.3252,-2.1687
1705297565.3333,0.0891,0.0786,0.0421,0.0613,0.1941,0.1566,0.0370,0.0817,0.2000,0.4358,0.4557,-0.0169,0.7924,0.1949,0.0287,0.1501,0.0457,0.0967,0.0428,0.0513,0.0532,0.0127,0.0864,0.1035,0.1122,0.0290,0.1490,0.0378,0.0288,0.0784,0.0311,0.1187,0.1286,0.0000,17.30,9.1769,-2.0956,6.1121
1705297565.4000,0.0962,0.0781,0.0331,0.0480,0.2066,0.1514,0.0617,0.0764,0.2160,0.4195,0.4468,0.0566,0.8021,0.1326,0.0850,0.1464,0.0692,0.0731,0.0471,0.0394,0.1029,0.1712,0.1144,0.1103,0.0683,0.1123,0.1012,0.0363,0.1184,0.0550,0.0892,0.1172,0.0552,0.0000,13.93,12.6050,-16.0392,3.3441
1705297565.4667,0.0903,0.0842,0.0584,0.0398,0.1767,0.1702,0.0447,0.0637,0.2189,0.4319,0.3987,0.1321,0.7238,0.0660,0.1002,0.1647,0.0503,0.1052,0.0433,0.0421,0.1159,0.1459,0.1673,0.0903,0.0602,0.1391,0.1480,0.0394,0.1303,0.1579,0.2076,0.1197,0.0809,0.0000,10.52,0.4913,11.8812,5.2604
1705297565.5333,0.0926,0.0910,0.0483,0.0399,0.1546,0.1433,0.0565,0.0466,0.2121,0.4690,0.3378,-0.0171,0.7133,0.0831,0.0329,0.1346,0.0000,0.0607,0.0193,0.0119,0.0784,0.0797,0.1340,0.0374,0.1344,0.1138,0.0344,0.0219,0.1021,0.0698,0.1279,0.1826,0.0679,0.0000,16.64,9.2778,-9.9695,-5.0900
1705297565.6000,0.0990,0.0954,0.0571,0.0541,0.1637,0.1438,0.0511,0.0281,0.2158,0.4552,0.4149,-0.1243,0.6424,0.1288,0.0779,0.1038,0.0421,0.0846,0.0138,0.0046,0.0338,0.0832,0.0682,0.0566,0.0523,0.0797,0.0218,0.0000,0.0926,0.1550,0.1101,0.0413,0.0439,0.0000,11.45,-0.2206,12.0255,2.9149
1705297565.6667,0.0868,0.0937,0.0626,0.0538,0.1251,0.1326,0.0528,0.0304,0.2103,0.4912,0.4118,-0.1716,0.7048,0.0324,0.0199,0.2217,0.0000,0.0162,0.0538,0.0269,0.1226,0.0481,0.0865,0.0627,0.0646,0.0873,0.0428,0.0554,0.1249,0.0489,0.0728,0.0661,0.0628,0.0000,17.51,-5.9104,15.3708,5.7925
1705297565.7333,0.0822,0.0971,0.0560,0.0639,0.1172,0.1276,0.0368,0.0339,0.1951,0.5141,0.4276,-0.1772,0.6831,0.0936,0.0284,0.1702,0.0000,0.0615,0.0000,0.0393,0.0835,0.0957,0.0673,0.1855,0.0907,0.0427,0.1746,0.0575,0.1017,0.1458,0.1135,0.1026,0.0511,0.0000,16.51,-2.1127,-7.0221,0.2859
1705297565.8000,0.0490,0.0926,0.0531,0.0709,0.1313,0.1221,0.0379,0.0383,0.2085,0.5178,0.4949,-0.2145,0.6687,0.0235,0.0000,0.0741,0.0287,0.0658,0.0677,0.0576,0.1466,0.1306,0.0964,0.0915,0.0155,0.0777,0.0300,0.0000,0.1126,0.0867,0.0157,0.0677,0.0975,0.0000,14.14,3.0224,2.7109,2.2831
1705297565.8667,0.0511,0.0865,0.0427,0.0615,0.1290,0.1180,0.0386,0.0356,0.2187,0.5309,0.4797,-0.2169,0.7177,0.1285,0.0905,0.2122,0.0251,0.0332,0.0426,0.0034,0.0668,0.0158,0.0874,0.0201,0.0000,0.1658,0.0858,0.0000,0.2235,0.0922,0.1055,0.0705,0.0740,0.0000,19.00,-0.7043,25.9994,-0.6297
1705297565.9333,0.0398,0.0794,0.0531,0.0541,0.1250,0.1163,0.0394,0.0368,0.2442,0.5271,0.4518,-0.2056,0.7130,0.0735,0.0223,0.1147,0.0162,0.0549,0.0455,0.0273,0.1291,0.0837,0.0727,0.0536,0.0595,0.1186,0.1401,0.0181,0.1273,0.0779,0.0758,0.0097,0.1062,0.0000,16.19,23.3738,-10.2126,1.2911
1705297566.0000,0.0563,0.0817,0.0536,0.0493,0.1579,0.1403,0.0354,0.0339,0.2529,0.4832,0.4487,-0.2399,0.7179,0.1016,0.0331,0.1188,0.0000,0.1287,0.0431,0.0807,0.0714,0.0646,0.0414,0.0925,0.1560,0.0666,0.0416,0.0525,0.0062,0.2000,0.0271,0.0833,0.1253,0.0000,18.68,-8.1662,-18.9124,-5.6322
1705297566.0667,0.0590,0.0798,0.0633,0.0638,0.1614,0.1632,0.0189,0.0379,0.2744,0.4470,0.4104,-0.3358,0.6343,0.1351,0.0000,0.1567,0.0445,0.0831,0.0000,0.0915,0.0946,0.0000,0.0620,0.0000,0.0370,0.1701,0.1798,0.0081,0.0832,0.0559,0.1201,0.0566,0.2125,0.0000,14.51,3.0864,-20.2708,-5.8340
1705297566.1333,0.0540,0.0783,0.0715,0.0598,0.1703,0.1622,0.0383,0.0621,0.2553,0.4289,0.3991,-0.2756,0.6277,0.1082,0.0488,0.1728,0.0257,0.1422,0.0187,0.0733,0.1220,0.0584,0.1242,0.0763,0.1987,0.1112,0.1567,0.0000,0.0432,0.1233,0.2115,0.2333,0.0814,1.0000,12.87,6.1568,-11.8232,-1.5557
1705297566.2000,0.0637,0.0656,0.0622,0.0499,0.1877,0.1516,0.0196,0.0598,0.2630,0.4461,0.3648,-0.2052,0.6886,0.1030,0.0141,0.1289,0.0298,0.1111,0.0644,0.0059,0.0871,0.1142,0.1040,0.0507,0.1410,0.1100,0.1137,0.0000,0.1957,0.1271,0.0911,0.1967,0.1010,0.0000,16.09,1.5591,-13.0785,-2.5646
1705297566.2667,0.0703,0.0702,0.0705,0.0454,0.2013,0.1470,0.0017,0.0630,0.2435,0.4523,0.2943,-0.1725,0.5865,0.1270,0.0000,0.1979,0.0503,0.0819,0.0269,0.0113,0.0748,0.1117,0.0462,0.1724,0.1483,0.0417,0.0895,0.0065,0.0366,0.0907,0.0807,0.0838,0.1345,0.0000,15.36,7.2300,-2.3200,5.8711
1705297566.3333,0.0798,0.0709,0.0676,0.0453,0.1969,0.1327,0.0184,0.0466,0.2750,0.4401,0.3699,-0.1422,0.6222,0.1832,0.0180,0.1443,0.0283,0.1184,0.0759,0.0096,0.0598,0.1547,0.0469,0.0370,0.0892,0.1722,0.0943,0.0080,0.1036,0.1419,0.0828,0.1980,0.0468,0.0000,11.94,-6.6681,2.6480,0.0241
1705297566.4000,0.0796,0.0686,0.0729,0.0677,0.1806,0.1388,0.0281,0.0532,0.2640,0.4280,0.3445,-0.1871,0.6221,0.1477,0.0008,0.1451,0.0662,0.0857,0.0536,0.0934,0.1282,0.0000,0.0625,0.1405,0.0953,0.0861,0.1162,0.0000,0.0402,0.0945,0.0626,0.1462,0.1513,0.0000,12.20,12.8542,-3.1542,3.7197
1705297566.4667,0.0794,0.0722,0.0581,0.0621,0.1752,0.1582,0.0339,0.0572,0.2556,0.4289,0.3418,-0.1795,0.6350,0.0705,0.0257,0.0851,0.0000,0.0955,0.0000,0.0780,0.0726,0.0881,0.0767,0.1884,0.1091,0.0000,0.0346,0.0000,0.0750,0.1423,0.1478,0.2577,0.0325,0.0000,16.21,9.6897,7.5726,3.2096
1705297566.5333,0.0875,0.0696,0.0540,0.0541,0.1776,0.1765,0.0285,0.0556,0.2600,0.4219,0.3821,-0.2270,0.6734,0.1692,0.0000,0.2132,0.0000,0.1115,0.0657,0.1009,0.1738,0.0131,0.1397,0.0585,0.0758,0.1478,0.0486,0.0507,0.1560,0.0284,0.1038,0.0930,0.0587,0.0000,16.33,11.8072,2.6651,10.4809
1705297566.6000,0.0565,0.0625,0.0591,0.0719,0.2100,0.1534,0.0207,0.0454,0.2447,0.4455,0.3862,-0.2393,0.7261,0.0223,0.0169,0.1748,0.0081,0.0665,0.0000,0.0565,0.1807,0.0902,0.0844,0.1360,0.0826,0.2007,0.1479,0.0246,0.0645,0.1038,0.1226,0.1501,0.1073,0.0000,13.93,6.2203,-8.9892,8.3174
1705297566.6667,0.0477,0.0605,0.0592,0.0622,0.2040,0.1493,0.0124,0.0286,0.2088,0.5004,0.3814,-0.2386,0.7032,0.1298,0.0685,0.1195,0.0080,0.1256,0.0867,0.0935,0.1290,0.1059,0.0622,0.1862,0.1383,0.1019,0.1170,0.0000,0.1709,0.1063,0.1339,0.2412,0.0105,0.0000,18.72,-0.5955,-15.6972,-7.5297
1705297566.7333,0.0646,0.0620,0.0523,0.0603,0.2031,0.1421,0.0282,0.0400,0.1944,0.4917,0.4470,-0.2879,0.7005,0.0629,0.0000,0.1682,0.0911,0.1855,0.0808,0.0488,0.0760,0.0532,0.0659,0.1191,0.1988,0.1208,0.0576,0.0232,0.0973,0.0716,0.1498,0.1857,0.0835,0.0000,16.22,-0.2722,-3.7335,1.5672
1705297566.8000,0.0778,0.0737,0.0440,0.0798,0.2007,0.1508,0.0415,0.0487,0.1977,0.4512,0.3634,-0.3026,0.6723,0.1385,0.0000,0.1265,0.0000,0.0744,0.0867,0.0162,0.0000,0.1344,0.0607,0.1607,0.1643,0.0509,0.0963,0.0099,0.1330,0.1233,0.0848,0.1165,0.1154,0.0000,10.21,13.0342,-17.7671,-2.1213
1705297566.8667,0.0801,0.0721,0.0392,0.0796,0.1874,0.1547,0.0598,0.0375,0.2049,0.4508,0.4338,-0.1730,0.6629,0.1120,0.0618,0.1847,0.0914,0.0997,0.0808,0.0000,0.0695,0.1706,0.0965,0.0673,0.1631,0.1668,0.0950,0.0371,0.1624,0.0429,0.0866,0.1347,0.0746,1.0000,11.90,12.8124,-9.0736,1.0853
1705297566.9333,0.0732,0.0805,0.0528,0.0679,0.1778,0.1537,0.0650,0.0376,0.2036,0.4527,0.4445,-0.0818,0.7220,0.0758,0.0365,0.1832,0.0560,0.0701,0.0288,0.0491,0.1148,0.1460,0.0845,0.0829,0.0865,0.1369,0.0751,0.0156,0.1551,0.1111,0.1680,0.1569,0.0418,1.0000,13.07,18.9054,-10.6514,-0.9648
1705297567.0000,0.0737,0.0850,0.0505,0.0700,0.1716,0.1582,0.0650,0.0471,0.1915,0.4524,0.4095,-0.1655,0.7264,0.0637,0.0993,0.0981,0.0503,0.0933,0.0000,0.0693,0.0824,0.0484,0.0772,0.1456,0.1351,0.1495,0.1285,0.0767,0.0612,0.0839,0.0201,0.0993,0.0742,0.0000,10.74,-5.3162,1.9800,-0.3153
1705297567.0667,0.0793,0.0752,0.0535,0.0603,0.1580,0.1597,0.0669,0.0458,0.2138,0.4526,0.3613,-0.2056,0.6663,0.1016,0.0528,0.0956,0.0047,0.1123,0.0841,0.1202,0.0731,0.0676,0.1130,0.0763,0.1787,0.0794,0.1152,0.0447,0.1176,0.0895,0.1407,0.1560,0.0913,0.0000,9.54,0.9745,6.3738,-1.4226
1705297567.1333,0.0842,0.0750,0.0636,0.0398,0.1827,0.1356,0.0713,0.0311,0.1962,0.4723,0.3817,-0.1828,0.6340,0.1027,0.0816,0.1597,0.0796,0.1106,0.0024,0.0372,0.0504,0.0862,0.0703,0.1070,0.0000,0.1439,0.0763,0.0000,0.0748,0.1479,0.1136,0.1850,0.1543,0.0000,14.01,6.6837,9.8521,2.4907
1705297567.2000,0.0791,0.0751,0.0537,0.0424,0.1649,0.1482,0.0849,0.0132,0.1845,0.4923,0.3263,-0.2153,0.7325,0.0863,0.1081,0.1567,0.0763,0.1367,0.0899,0.0850,0.1029,0.0560,0.1062,0.0941,0.0123,0.1527,0.1192,0.0317,0.0948,0.0946,0.0628,0.0838,0.1315,0.0000,17.32,10.5667,-7.8411,9.9883
1705297567.2667,0.0814,0.0911,0.0483,0.0295,0.1428,0.1444,0.0887,0.0000,0.1505,0.5340,0.3237,-0.2197,0.7212,0.0827,0.0626,0.0543,0.0288,0.0651,0.0299,0.0097,0.0485,0.1112,0.0723,0.1206,0.1256,0.1113,0.1985,0.0278,0.1508,0.1381,0.1330,0.1609,0.1113,0.0000,14.38,27.4101,-2.6665,1.3492
1705297567.3333,0.0937,0.0904,0.0503,0.0183,0.1502,0.1224,0.0769,0.0034,0.1587,0.5414,0.3124,-0.1734,0.7020,0.0089,0.1110,0.1631,0.0089,0.1067,0.0727,0.0625,0.1194,0.1236,0.0628,0.1021,0.0565,0.1801,0.0836,0.0000,0.1831,0.0180,0.0762,0.1454,0.0869,0.0000,13.77,-9.8574,-12.3698,11.1526
1705297567.4000,0.0979,0.0924,0.0581,0.0189,0.1381,0.1423,0.0810,0.0034,0.1630,0.5229,0.3460,-0.2565,0.6553,0.1096,0.0000,0.0490,0.0086,0.0944,0.0587,0.1229,0.0847,0.1329,0.0707,0.0512,0.0209,0.1017,0.0709,0.0344,0.0546,0.1144,0.1548,0.1208,0.1219,0.0000,14.47,10.1606,-0.3676,9.9839
1705297567.4667,0.0763,0.0968,0.0549,0.0249,0.1631,0.1295,0.0671,0.0156,0.1683,0.5221,0.4008,-0.2358,0.5837,0.0838,0.0263,0.0716,0.0270,0.1598,0.0587,0.0795,0.0533,0.0609,0.1859,0.0741,0.0810,0.1015,0.1368,0.0464,0.0359,0.1113,0.0000,0.1591,0.0407,0.0000,13.88,14.5944,-9.5244,3.2745
1705297567.5333,0.0786,0.0896,0.0640,0.0283,0.1804,0.1226,0.0717,0.0230,0.1592,0.5097,0.3487,-0.2819,0.5658,0.1333,0.0929,0.1317,0.0748,0.0539,0.0312,0.0995,0.0431,0.0752,0.1221,0.0195,0.1622,0.0626,0.1336,0.0000,0.1011,0.0946,0.0840,0.0446,0.0530,0.0000,17.06,4.8263,16.1717,2.7480
1705297567.6000,0.0687,0.0929,0.0616,0.0335,0.1545,0.1362,0.0875,0.0184,0.1500,0.5181,0.2754,-0.2375,0.5786,0.0999,0.0344,0.1151,0.0637,0.0801,0.0258,0.0215,0.1207,0.0849,0.1054,0.1071,0.1649,0.1604,0.0826,0.0449,0.1479,0.2249,0.0773,0.1628,0.1497,0.0000,9.17,-2.6287,6.3566,-2.1110
1705297567.6667,0.0765,0.0956,0.0621,0.0313,0.1445,0.1480,0.0835,0.0197,0.1370,0.5210,0.3086,-0.2483,0.6014,0.0909,0.0068,0.0853,0.0417,0.0670,0.0266,0.0000,0.1824,0.0262,0.1190,0.0940,0.1122,0.0868,0.0952,0.0000,0.1125,0.1498,0.0747,0.1841,0.0893,0.0000,18.73,1.7049,-0.4574,-3.7338
1705297567.7333,0.0820,0.0938,0.0568,0.0282,0.1460,0.1652,0.0844,0.0295,0.1639,0.4901,0.2855,-0.2292,0.6256,0.1790,0.0245,0.0973,0.0405,0.0715,0.0431,0.0000,0.1105,0.1024,0.0681,0.0376,0.0611,0.1407,0.1413,0.0538,0.0636,0.1351,0.0658,0.1109,0.1059,0.0000,17.41,12.8952,-9.9469,0.0272
1705297567.8000,0.0846,0.0864,0.0646,0.0261,0.1297,0.1840,0.0652,0.0194,0.1635,0.5060,0.2542,-0.1706,0.6746,0.1566,0.0903,0.1516,0.0483,0.0558,0.0973,0.0136,0.0484,0.0765,0.0834,0.0989,0.1898,0.1936,0.0244,0.0000,0.0904,0.1326,0.2087,0.1320,0.0731,0.0000,19.16,3.3541,-20.1205,-2.5447
1705297567.8667,0.1000,0.0821,0.0714,0.0363,0.1237,0.1595,0.0880,0.0277,0.1679,0.4861,0.2494,-0.2003,0.7257,0.1123,0.0546,0.1371,0.0049,0.0338,0.0443,0.0844,0.1406,0.0644,0.0621,0.0972,0.0000,0.1572,0.0369,0.0000,0.0532,0.1137,0.0576,0.1092,0.1779,0.0000,12.81,4.8136,-1.3592,-2.8828
1705297567.9333,0.1157,0.0789,0.0618,0.0220,0.1131,0.1665,0.0887,0.0331,0.1897,0.4784,0.2208,-0.1780,0.6666,0.0989,0.1063,0.1420,0.0032,0.0979,0.0968,0.0703,0.0000,0.1093,0.1161,0.0396,0.0982,0.0449,0.0857,0.0659,0.0000,0.0272,0.0736,0.1706,0.1921,0.0000,14.40,19.7077,-28.5845,-1.8751
1705297568.0000,0.1034,0.0701,0.0599,0.0217,0.1373,0.1821,0.0966,0.0162,0.1923,0.4722,0.2824,-0.1834,0.6342,0.1165,0.1443,0.1401,0.0296,0.1048,0.0094,0.0731,0.1291,0.0657,0.0750,0.1138,0.0459,0.0918,0.1013,0.0421,0.0577,0.0525,0.1365,0.0021,0.1181,0.0000,18.32,8.8222,6.9138,3.8570
1705297568.0667,0.1046,0.0841,0.0507,0.0238,0.1363,0.1784,0.0848,0.0211,0.1942,0.4732,0.3114,-0.1609,0.6419,0.1218,0.1592,0.1443,0.0654,0.1058,0.0207,0.0000,0.0559,0.1386,0.1550,0.1229,0.1439,0.0840,0.0866,0.0515,0.1897,0.0963,0.0849,0.2086,0.1406,0.0000,12.59,19.9962,-4.7697,6.7553
1705297568.1333,0.1017,0.0772,0.0569,0.0076,0.1860,0.1792,0.0780,0.0306,0.2086,0.4445,0.4182,-0.1926,0.6269,0.0841,0.0723,0.1853,0.0721,0.1008,0.0385,0.1210,0.1191,0.1162,0.1035,0.1497,0.0382,0.0748,0.0758,0.0065,0.1426,0.1161,0.0930,0.1874,0.0456,0.0000,16.16,7.0331,-10.1564,-4.7319
1705297568.2000,0.0856,0.0752,0.0696,0.0148,0.1892,0.1714,0.0750,0.0261,0.2090,0.4506,0.4580,-0.1373,0.6115,0.0779,0.0318,0.1548,0.0695,0.0470,0.0615,0.0681,0.0404,0.2018,0.0465,0.1378,0.1086,0.1325,0.1205,0.0103,0.1984,0.1820,0.0694,0.1475,0.1394,0.0000,16.52,21.7020,0.5152,-2.6855
1705297568.2667,0.0879,0.0703,0.0704,0.0199,0.1940,0.1682,0.0692,0.0162,0.2388,0.4390,0.4777,-0.0495,0.6220,0.0583,0.0300,0.1388,0.0351,0.1324,0.0259,0.0131,0.0858,0.1231,0.0989,0.0116,0.1203,0.0339,0.1541,0.0293,0.0773,0.1577,0.0647,0.1735,0.1232,0.0000,11.02,10.3928,-6.1978,-5.2521
1705297568.3333,0.1058,0.0606,0.0739,0.0216,0.1997,0.1575,0.0694,0.0170,0.2391,0.4333,0.4565,-0.0479,0.5395,0.1576,0.0367,0.1052,0.0536,0.0852,0.0732,0.0391,0.0888,0.0551,0.0451,0.1210,0.0783,0.0475,0.0719,0.0718,0.1024,0.0000,0.1292,0.1250,0.0597,0.0000,8.31,15.0818,-5.7806,2.6487
1705297568.4000,0.1038,0.0571,0.0832,0.0255,0.1899,0.1670,0.0774,0.0336,0.2142,0.4290,0.4191,-0.0525,0.6141,0.1228,0.0529,0.1963,0.0854,0.0805,0.0000,0.1413,0.0391,0.0987,0.0952,0.1326,0.1512,0.0269,0.1373,0.0000,0.0903,0.1305,0.1798,0.1230,0.0938,0.0000,9.55,8.0129,6.4109,-2.4338
1705297568.4667,0.0980,0.0617,0.0750,0.0362,0.1962,0.1606,0.0893,0.0507,0.2034,0.4173,0.4002,-0.0826,0.6296,0.1565,0.0000,0.0962,0.0022,0.0649,0.0394,0.0325,0.1201,0.1354,0.0663,0.0673,0.1560,0.0969,0.0728,0.0171,0.1082,0.0874,0.1262,0.1979,0.1167,0.0000,14.97,1.0020,11.8337,-1.7460
1705297568.5333,0.1027,0.0639,0.0741,0.0341,0.2047,0.1638,0.0819,0.0614,0.1889,0.4147,0.4019,-0.1441,0.7025,0.0391,0.0501,0.1275,0.0911,0.0884,0.0633,0.0927,0.1080,0.0286,0.1324,0.1366,0.1417,0.0465,0.0000,0.0416,0.0662,0.0316,0.0811,0.1988,0.0863,0.0000,14.93,10.0066,-4.5882,-0.6524
1705297568.6000,0.1169,0.0683,0.0647,0.0422,0.1960,0.1490,0.0508,0.0654,0.2099,0.4220,0.3465,-0.1395,0.6969,0.0974,0.1090,0.1704,0.0416,0.1738,0.0000,0.1091,0.1732,0.1220,0.1189,0.1344,0.0837,0.2196,0.1180,0.0397,0.1368,0.1142,0.0000,0.1468,0.0657,0.0000,18.93,8.5198,1.9562,-3.0047
1705297568.6667,0.1224,0.0672,0.0643,0.0426,0.1916,0.1279,0.0512,0.0719,0.1954,0.4393,0.3490,-0.1183,0.6571,0.0800,0.0552,0.1657,0.0046,0.0856,0.0341,0.0292,0.0231,0.0612,0.0808,0.0317,0.1086,0.0706,0.1116,0.0070,0.0902,0.1495,0.1142,0.0854,0.0005,0.0000,13.49,2.6866,-6.2622,10.7306
1705297568.7333,0.1310,0.0728,0.0554,0.0329,0.1903,0.1333,0.0629,0.0570,0.2034,0.4366,0.4210,-0.1662,0.6307,0.0349,0.0556,0.1363,0.0748,0.1189,0.0915,0.1348,0.0641,0.0035,0.0888,0.1857,0.0673,0.1194,0.1323,0.0514,0.1174,0.1116,0.1107,0.2012,0.0456,0.0000,13.63,8.7565,-4.7087,-2.3890
1705297568.8000,0.1346,0.0775,0.0581,0.0602,0.1723,0.1214,0.0514,0.0684,0.1797,0.4458,0.3881,-0.0590,0.6503,0.1469,0.0622,0.1817,0.0030,0.0898,0.0773,0.1195,0.1365,0.0510,0.1035,0.1228,0.0887,0.0870,0.2374,0.0281,0.1146,0.1339,0.0886,0.0111,0.1767,0.0000,8.91,-7.9895,-11.6753,-0.0568
1705297568.8667,0.1286,0.0823,0.0681,0.0536,0.1543,0.1247,0.0765,0.0629,0.1728,0.4458,0.4414,-0.0281,0.6770,0.0740,0.0464,0.2090,0.0562,0.1016,0.1434,0.0641,0.1357,0.0417,0.0654,0.0898,0.0982,0.1612,0.0908,0.0363,0.0999,0.0385,0.0469,0.1016,0.0476,0.0000,16.83,0.2974,17.0245,-1.9177
1705297568.9333,0.1105,0.0684,0.0736,0.0634,0.1499,0.1082,0.0801,0.0487,0.1686,0.4771,0.4858,-0.0725,0.6725,0.1006,0.0118,0.1299,0.0675,0.0973,0.0506,0.0401,0.0864,0.1191,0.0613,0.1886,0.1076,0.1075,0.0576,0.0201,0.1202,0.0533,0.0277,0.1562,0.1309,0.0000,12.26,3.3983,-6.0191,7.8140
1705297569.0000,0.1119,0.0824,0.0692,0.0658,0.1577,0.1035,0.0716,0.0461,0.1783,0.4680,0.4771,-0.0142,0.7246,0.0423,0.0323,0.1011,0.0452,0.0816,0.0400,0.0493,0.1837,0.0437,0.0762,0.0647,0.0547,0.0836,0.1197,0.0467,0.1336,0.1173,0.1347,0.1523,0.1089,0.0000,14.29,1.8796,-9.1768,-0.6340
1705297569.0667,0.0999,0.0822,0.0630,0.0739,0.1675,0.1301,0.0752,0.0511,0.1876,0.4416,0.5685,0.0235,0.8022,0.0894,0.0808,0.0673,0.0480,0.1132,0.0113,0.1033,0.0886,0.1075,0.1329,0.1574,0.0000,0.1233,0.1055,0.0000,0.0483,0.1073,0.0733,0.0866,0.0603,0.0000,16.50,-0.8094,-8.9256,0.4061
1705297569.1333,0.0907,0.0609,0.0676,0.0699,0.1641,0.1141,0.0717,0.0700,0.1949,0.4577,0.5706,0.1070,0.8400,0.1114,0.0030,0.1349,0.0000,0.0359,0.1083,0.0133,0.0046,0.1145,0.0447,0.1141,0.0901,0.0550,0.2163,0.0225,0.0624,0.1339,0.0130,0.1458,0.0418,0.0000,17.92,-1.6082,3.8480,-0.5162
1705297569.2000,0.0988,0.0599,0.0665,0.0724,0.1722,0.1167,0.0707,0.0873,0.2151,0.4242,0.4902,0.0334,0.8819,0.0691,0.0474,0.1747,0.0333,0.0976,0.0000,0.1320,0.1169,0.0725,0.0408,0.1020,0.1095,0.0107,0.1336,0.0721,0.1558,0.0000,0.0578,0.1554,0.0690,0.0000,19.25,4.4277,-16.5676,-7.4444
1705297569.2667,0.1027,0.0644,0.0514,0.0761,0.1697,0.1275,0.0576,0.1009,0.2151,0.4208,0.4385,-0.0442,0.8719,0.1049,0.1028,0.1511,0.0705,0.0970,0.0360,0.0427,0.1083,0.1204,0.0570,0.0945,0.0913,0.0718,0.0427,0.0339,0.0742,0.0303,0.1984,0.1201,0.1006,0.0000,14.03,9.7298,0.1216,-0.7376
1705297569.3333,0.1086,0.0631,0.0617,0.0637,0.1460,0.1218,0.0417,0.0907,0.2273,0.4452,0.4054,-0.0092,0.7871,0.1455,0.0530,0.1702,0.0000,0.0386,0.1043,0.0938,0.0720,0.2338,0.0676,0.0410,0.0001,0.0000,0.0915,0.0235,0.1071,0.1715,0.1165,0.0987,0.0707,0.0000,16.76,10.3573,14.3560,-6.2741
1705297569.4000,0.0989,0.0485,0.0635,0.0667,0.1499,0.1253,0.0594,0.0925,0.2297,0.4395,0.4213,-0.0903,0.8008,0.0462,0.0000,0.1798,0.0454,0.1021,0.0342,0.0834,0.0005,0.1534,0.0708,0.0982,0.0754,0.0802,0.0854,0.0429,0.0744,0.1210,0.0865,0.1076,0.1511,0.0000,19.59,1.4306,-0.7898,-11.7880
1705297569.4667,0.1007,0.0561,0.0652,0.0788,0.1821,0.1308,0.0609,0.0931,0.2317,0.4004,0.4340,-0.2268,0.8405,0.0968,0.0852,0.1373,0.0162,0.1121,0.0203,0.0811,0.0813,0.1377,0.0588,0.1137,0.0231,0.1399,0.0936,0.0299,0.1100,0.1793,0.0228,0.1331,0.1250,1.0000,10.89,13.9228,-6.7259,3.6586
1705297569.5333,0.1070,0.0561,0.0556,0.0726,0.1599,0.1333,0.0676,0.0858,0.2332,0.4173,0.4504,-0.2347,0.8486,0.0495,0.0000,0.2000,0.0158,0.1230,0.0246,0.0239,0.1507,0.0900,0.0660,0.0569,0.0552,0.0485,0.1444,0.0242,0.0981,0.1644,0.1113,0.1138,0.1902,0.0000,12.07,5.7315,4.8381,-11.8716
1705297569.6000,0.1018,0.0604,0.0527,0.0672,0.1406,0.1512,0.0808,0.0908,0.2346,0.4120,0.4456,-0.2169,0.8610,0.1352,0.0703,0.2057,0.0903,0.1240,0.0188,0.0683,0.0875,0.0827,0.0614,0.0919,0.1509,0.1049,0.1080,0.0537,0.1041,0.0409,0.0302,0.1515,0.0269,0.0000,15.25,2.8898,-23.4976,-0.3429
1705297569.6667,0.1181,0.0447,0.0515,0.0652,0.1349,0.1481,0.0882,0.0704,0.2226,0.4338,0.3905,-0.1668,0.8008,0.1165,0.1237,0.1763,0.0645,0.1049,0.0587,0.0700,0.0241,0.0290,0.0975,0.1319,0.0566,0.0126,0.0552,0.0712,0.0295,0.0800,0.0893,0.0000,0.1404,0.0000,15.26,9.5345,2.4821,-7.2465
1705297569.7333,0.1002,0.0417,0.0481,0.0704,0.1541,0.1609,0.1014,0.0491,0.2290,0.4271,0.3958,-0.1507,0.7502,0.1340,0.0895,0.1695,0.1309,0.0981,0.0141,0.1086,0.0260,0.0593,0.0668,0.1079,0.0374,0.0448,0.0981,0.0808,0.1003,0.0420,0.0875,0.1414,0.0691,0.0000,16.30,14.1201,-5.3303,5.1008
1705297569.8000,0.0889,0.0500,0.0315,0.0671,0.1652,0.1601,0.1010,0.0572,0.2456,0.4200,0.4524,-0.1447,0.7643,0.0580,0.1217,0.1572,0.1001,0.0654,0.0276,0.0497,0.1009,0.1548,0.1042,0.1744,0.0640,0.0000,0.0679,0.0148,0.1199,0.1133,0.1117,0.1826,0.0854,0.0000,8.99,5.2166,-1.0748,-5.7658
1705297569.8667,0.0924,0.0301,0.0367,0.0586,0.1618,0.1552,0.0987,0.0591,0.2196,0.4527,0.4655,-0.0783,0.6998,0.1682,0.0775,0.1302,0.1240,0.0794,0.0415,0.0508,0.0446,0.0693,0.0293,0.1234,0.1002,0.1645,0.1437,0.0670,0.1633,0.2029,0.0406,0.2179,0.1035,0.0000,16.79,12.3056,-14.2595,1.0034
1705297569.9333,0.0830,0.0521,0.0440,0.0567,0.1658,0.1651,0.0899,0.0570,0.2418,0.4268,0.5330,-0.1510,0.6085,0.1098,0.0987,0.1178,0.0000,0.1664,0.0312,0.0551,0.1200,0.2261,0.0618,0.1157,0.1404,0.0894,0.1237,0.0301,0.0404,0.0387,0.1886,0.1319,0.0776,0.0000,7.60,10.6038,6.9141,5.9647
1705297570.0000,0.0738,0.0765,0.0617,0.0508,0.1607,0.1516,0.1125,0.0793,0.2567,0.3858,0.5817,-0.1023,0.5875,0.1004,0.0502,0.2045,0.1110,0.0695,0.0132,0.0633,0.0951,0.0547,0.0857,0.1427,0.0980,0.0837,0.0343,0.0520,0.0924,0.1230,0.0000,0.1731,0.1225,0.0000,13.15,17.4740,23.9090,4.6883
1705297570.0667,0.0638,0.0806,0.0543,0.0528,0.1745,0.1285,0.1082,0.0721,0.2694,0.3975,0.5860,-0.1673,0.5577,0.0463,0.0658,0.2269,0.0425,0.1054,0.0126,0.0652,0.1731,0.1346,0.1458,0.0495,0.0965,0.1166,0.2113,0.0645,0.1372,0.1220,0.0875,0.1092,0.0271,0.0000,9.28,-7.5428,-14.9177,3.6637
1705297570.1333,0.0587,0.0928,0.0541,0.0677,0.1861,0.1319,0.1120,0.0584,0.2641,0.3845,0.5535,-0.1952,0.5768,0.0801,0.0347,0.1579,0.0521,0.1448,0.0300,0.0801,0.0558,0.0836,0.1141,0.2017,0.1138,0.0899,0.1785,0.0321,0.0413,0.0937,0.1417,0.1833,0.0251,0.0000,14.99,-4.8461,10.4462,-3.0079
1705297570.2000,0.0500,0.0985,0.0590,0.0739,0.2152,0.1370,0.1158,0.0644,0.2500,0.3618,0.4988,-0.2770,0.5094,0.0557,0.0693,0.1449,0.0790,0.1205,0.0442,0.0381,0.1477,0.1012,0.1572,0.0622,0.0626,0.1732,0.1326,0.0607,0.1256,0.0987,0.1987,0.2405,0.0862,0.0000,7.71,-2.5363,-5.4404,-1.5761
1705297570.2667,0.0706,0.1079,0.0531,0.0717,0.1743,0.1325,0.0984,0.0619,0.2423,0.3924,0.4924,-0.3713,0.5610,0.1342,0.0891,0.1586,0.0621,0.1471,0.0508,0.0000,0.1321,0.1183,0.1019,0.1589,0.1322,0.0566,0.0000,0.0982,0.0151,0.1026,0.0586,0.0268,0.0670,0.0000,16.11,6.2238,-14.3118,-0.0805
1705297570.3333,0.0790,0.0937,0.0694,0.0567,0.1502,0.1077,0.0857,0.0556,0.2403,0.4370,0.4626,-0.3234,0.4966,0.1045,0.0966,0.2026,0.0749,0.0804,0.0404,0.0468,0.1032,0.1290,0.0956,0.0883,0.0325,0.1703,0.0854,0.0000,0.0940,0.0658,0.1051,0.1202,0.1039,0.0000,18.18,-0.7297,9.0660,8.5862
1705297570.4000,0.0691,0.0901,0.0564,0.0618,0.1586,0.1104,0.0984,0.0622,0.2545,0.4229,0.4753,-0.3417,0.4361,0.1357,0.0505,0.1927,0.0650,0.0920,0.0431,0.0374,0.1106,0.0679,0.1036,0.1535,0.0569,0.0921,0.1208,0.0559,0.0576,0.1153,0.1640,0.1722,0.1356,0.0000,14.34,0.4722,-24.4017,3.9276
1705297570.4667,0.0713,0.0782,0.0473,0.0512,0.1514,0.0982,0.0887,0.0646,0.2655,0.4501,0.4378,-0.2053,0.5443,0.1216,0.0000,0.2380,0.0385,0.0250,0.0661,0.0401,0.1502,0.1634,0.0902,0.1188,0.1382,0.0623,0.1363,0.0423,0.0530,0.1500,0.1846,0.1336,0.1212,1.0000,17.54,-8.8691,-4.1014,-1.6894
1705297570.5333,0.0670,0.0895,0.0498,0.0521,0.1414,0.1017,0.0877,0.0827,0.2717,0.4339,0.4406,-0.2453,0.5031,0.0450,0.0383,0.0943,0.0584,0.1048,0.0519,0.0724,0.1845,0.1097,0.1005,0.1156,0.1080,0.1475,0.1464,0.0783,0.1176,0.1208,0.1492,0.1672,0.1338,0.0000,15.10,11.2200,-0.6443,-1.8202
1705297570.6000,0.0710,0.0869,0.0439,0.0506,0.1650,0.1126,0.0781,0.0666,0.2617,0.4381,0.4246,-0.2833,0.5625,0.0863,0.0077,0.1610,0.0512,0.0934,0.1062,0.0485,0.0901,0.0547,0.0761,0.0675,0.1613,0.1037,0.0457,0.0000,0.0698,0.1347,0.0049,0.1776,0.1146,0.0000,15.18,-10.1404,4.8346,-0.4576
1705297570.6667,0.0833,0.0788,0.0360,0.0477,0.1900,0.1087,0.0689,0.0552,0.2622,0.4415,0.4226,-0.2850,0.4892,0.1219,0.1193,0.2399,0.0496,0.1597,0.0000,0.0000,0.1269,0.0947,0.0888,0.1261,0.1387,0.1865,0.0518,0.0458,0.2343,0.0674,0.1043,0.1794,0.1674,0.0000,13.36,7.1977,-11.8790,3.7708
1705297570.7333,0.0853,0.0769,0.0512,0.0414,0.1547,0.1053,0.0528,0.0626,0.2562,0.4682,0.4614,-0.2386,0.5358,0.0306,0.0016,0.2554,0.0930,0.0389,0.0144,0.1207,0.0000,0.1230,0.1390,0.0881,0.1089,0.1003,0.1163,0.0306,0.1232,0.0565,0.1382,0.1287,0.1386,1.0000,22.84,-2.5366,5.8660,-8.0293
1705297570.8000,0.1020,0.0756,0.0431,0.0293,0.1499,0.1030,0.0630,0.0649,0.2560,0.4678,0.4531,-0.2238,0.5548,0.0666,0.0000,0.2391,0.0426,0.1284,0.0000,0.0747,0.1414,0.0623,0.1056,0.0000,0.1376,0.1091,0.1100,0.0502,0.0107,0.0593,0.2137,0.1555,0.0645,0.0000,14.19,-0.4303,-15.9562,-4.5417
1705297570.8667,0.1083,0.0797,0.0409,0.0411,0.1826,0.0929,0.0773,0.0685,0.2704,0.4230,0.4382,-0.2483,0.6309,0.0624,0.1459,0.2146,0.0433,0.0869,0.1112,0.0571,0.0604,0.1506,0.0988,0.0170,0.1261,0.1215,0.1030,0.0000,0.1298,0.1815,0.1876,0.0889,0.1258,0.0000,20.61,10.1091,-2.0543,8.9381
1705297570.9333,0.1228,0.0890,0.0488,0.0349,0.1600,0.1166,0.0746,0.1147,0.2776,0.3767,0.4107,-0.2707,0.6529,0.0693,0.1215,0.2210,0.0647,0.0713,0.0425,0.1328,0.0603,0.1188,0.0783,0.0875,0.0367,0.0761,0.0606,0.0250,0.0811,0.0850,0.0245,0.1206,0.1229,0.0000,10.11,8.6506,-17.5721,-6.9685
1705297571.0000,0.1243,0.0885,0.0479,0.0330,0.1635,0.1089,0.0745,0.1028,0.2782,0.3870,0.3395,-0.2894,0.7487,0.0917,0.0422,0.2088,0.0383,0.1049,0.0774,0.0797,0.0918,0.0608,0.0518,0.1532,0.2119,0.0744,0.0346,0.0590,0.1580,0.0608,0.0481,0.1897,0.1189,0.0000,19.18,-0.8980,-1.2798,-5.6101
1705297571.0667,0.1296,0.0943,0.0503,0.0449,0.1854,0.1109,0.1048,0.1114,0.2750,0.3361,0.4080,-0.2415,0.7519,0.1351,0.1627,0.2013,0.0439,0.0854,0.1073,0.0826,0.0346,0.0597,0.0994,0.0410,0.0960,0.0935,0.1037,0.0055,0.0049,0.1570,0.1522,0.0792,0.0840,0.0000,13.61,2.6530,-4.4441,9.3907
1705297571.1333,0.1109,0.0957,0.0594,0.0314,0.2109,0.0943,0.1054,0.1013,0.2502,0.3643,0.4735,-0.1886,0.7377,0.0479,0.0862,0.1210,0.0303,0.0733,0.0712,0.0711,0.1538,0.0194,0.1361,0.0447,0.0846,0.0777,0.0742,0.0852,0.0992,0.0000,0.0710,0.1923,0.0566,0.0000,15.90,-11.1193,-12.9908,-0.9136
1705297571.2000,0.1004,0.0854,0.0605,0.0087,0.2012,0.1067,0.0980,0.0913,0.2379,0.4060,0.5116,-0.2203,0.6115,0.0000,0.0432,0.1700,0.0569,0.0294,0.0743,0.0584,0.1535,0.0442,0.0919,0.1055,0.1243,0.1260,0.0125,0.0324,0.0556,0.1464,0.0691,0.2022,0.1312,0.0000,13.86,-0.8636,4.3222,7.2343
1705297571.2667,0.0968,0.0905,0.0628,0.0000,0.2079,0.1305,0.0648,0.0946,0.2405,0.4070,0.4949,-0.2590,0.7185,0.1063,0.0386,0.1077,0.0000,0.1202,0.0149,0.0367,0.1171,0.1227,0.0569,0.1051,0.0954,0.0653,0.1314,0.0526,0.0418,0.0980,0.0652,0.1275,0.0703,0.0000,15.74,-10.6371,3.6347,7.4091
1705297571.3333,0.0837,0.0841,0.0566,0.0068,0.2018,0.1193,0.0519,0.0816,0.2354,0.4472,0.4718,-0.1327,0.6710,0.1055,0.0015,0.0623,0.0753,0.1735,0.0603,0.0659,0.0255,0.1585,0.0795,0.1626,0.1326,0.0507,0.0800,0.0792,0.0796,0.1463,0.1562,0.2564,0.0542,0.0000,12.84,7.1262,10.0182,2.8483
1705297571.4000,0.0642,0.0855,0.0621,0.0078,0.1867,0.1196,0.0499,0.0789,0.2377,0.4646,0.4848,-0.1543,0.6246,0.0973,0.0530,0.1215,0.0000,0.1429,0.0726,0.0654,0.0575,0.1374,0.0493,0.1506,0.0137,0.1194,0.1213,0.0043,0.1284,0.1090,0.0915,0.1155,0.1389,1.0000,17.50,3.4798,-11.8886,5.9721
1705297571.4667,0.0633,0.0809,0.0579,0.0260,0.1773,0.1295,0.0338,0.0681,0.2477,0.4694,0.4617,-0.2472,0.6984,0.0928,0.0592,0.0928,0.0460,0.1590,0.0046,0.0093,0.1096,0.0682,0.0916,0.1421,0.0393,0.0434,0.0614,0.0000,0.1436,0.1722,0.0326,0.1120,0.0922,0.0000,18.28,8.5666,-5.6983,3.0949
1705297571.5333,0.0712,0.0708,0.0459,0.0334,0.1417,0.1338,0.0203,0.0716,0.2624,0.4894,0.4530,-0.1583,0.7284,0.1175,0.0033,0.0894,0.0000,0.1182,0.0454,0.0809,0.1689,0.1236,0.1015,0.0617,0.1240,0.0000,0.0967,0.0637,0.0928,0.0337,0.1884,0.0969,0.0896,0.0000,14.54,2.3866,14.3137,-0.9898
1705297571.6000,0.0736,0.0659,0.0410,0.0228,0.1384,0.1566,0.0269,0.0630,0.2737,0.4830,0.4252,-0.1169,0.7210,0.1131,0.0173,0.1441,0.0085,0.1235,0.0540,0.0062,0.0716,0.0873,0.1141,0.0608,0.1401,0.0946,0.0267,0.0309,0.1456,0.0675,0.1491,0.1066,0.1105,0.0000,14.41,8.6137,4.2183,-2.9757
1705297571.6667,0.0623,0.0684,0.0473,0.0323,0.1640,0.1476,0.0019,0.0539,0.2767,0.4874,0.3673,-0.2156,0.7274,0.0656,0.0000,0.1747,0.0199,0.1345,0.0172,0.0899,0.1314,0.1325,0.1088,0.1300,0.1738,0.1308,0.1813,0.0000,0.0583,0.1361,0.0766,0.2343,0.1220,0.0000,16.15,10.9416,0.7954,-7.7215
1705297571.7333,0.0725,0.0839,0.0445,0.0291,0.2162,0.1682,0.0158,0.0661,0.2709,0.4197,0.3040,-0.1873,0.7254,0.0346,0.0295,0.1779,0.0179,0.1296,0.0000,0.0958,0.1051,0.0000,0.1111,0.1066,0.1056,0.0902,0.0794,0.0000,0.1254,0.1980,0.1190,0.2238,0.0607,0.0000,17.02,0.9670,17.9838,1.1055
1705297571.8000,0.0898,0.0921,0.0546,0.0442,0.2342,0.1843,0.0203,0.0627,0.2585,0.3755,0.3167,-0.0676,0.7359,0.0888,0.0462,0.1829,0.0000,0.1629,0.0363,0.0112,0.0975,0.1326,0.0841,0.1305,0.1677,0.0597,0.0315,0.0162,0.1100,0.0558,0.0883,0.1476,0.1603,0.0000,16.22,-8.3640,-4.3789,-8.7252
1705297571.8667,0.1003,0.0791,0.0501,0.0403,0.2197,0.1755,0.0400,0.0629,0.2693,0.3778,0.2918,-0.1204,0.7570,0.1387,0.0865,0.1746,0.0000,0.1699,0.1048,0.0951,0.1042,0.0728,0.0694,0.0894,0.1024,0.0717,0.2369,0.0000,0.1052,0.1679,0.1298,0.2023,0.0962,0.0000,16.26,-3.1731,-10.3249,1.7465
1705297571.9333,0.0947,0.0914,0.0457,0.0460,0.1979,0.1882,0.0301,0.0621,0.2608,0.3899,0.3444,-0.1705,0.8212,0.0748,0.0000,0.1863,0.0743,0.1612,0.0266,0.0449,0.0760,0.1407,0.0742,0.1300,0.0027,0.1365,0.1877,0.0365,0.0627,0.1087,0.1968,0.2057,0.0425,0.0000,17.23,3.8067,-4.0512,-10.4694
1705297572.0000,0.0946,0.0859,0.0438,0.0514,0.2048,0.1909,0.0448,0.0669,0.2817,0.3610,0.3569,-0.2109,0.7983,0.1308,0.0000,0.1399,0.0116,0.0630,0.0373,0.0855,0.1326,0.1078,0.1272,0.1220,0.0480,0.0660,0.1251,0.0118,0.0783,0.1325,0.1350,0.1531,0.1459,0.0000,13.60,8.8538,-0.9861,-6.7734
1705297572.0667,0.0890,0.0787,0.0331,0.0544,0.1944,0.1654,0.0690,0.0704,0.2732,0.3835,0.2680,-0.2341,0.7619,0.0892,0.0351,0.2149,0.0940,0.1144,0.0000,0.0000,0.1753,0.0766,0.1149,0.1374,0.0180,0.1089,0.0828,0.0209,0.1943,0.0974,0.0326,0.1647,0.0824,0.0000,16.10,6.8770,-7.3285,0.3671
1705297572.1333,0.0798,0.0715,0.0321,0.0466,0.1985,0.1715,0.0512,0.0752,0.2781,0.3974,0.3077,-0.2189,0.7354,0.0848,0.0232,0.2303,0.0573,0.1158,0.0245,0.0363,0.1307,0.1001,0.1025,0.1300,0.2212,0.1051,0.1334,0.0197,0.1935,0.0574,0.1279,0.2073,0.0193,0.0000,13.49,-0.8766,-6.5824,-4.6421
1705297572.2000,0.0769,0.0716,0.0425,0.0517,0.2169,0.1715,0.0791,0.1033,0.2629,0.3542,0.3800,-0.1587,0.6936,0.1196,0.0791,0.2031,0.0711,0.1202,0.0532,0.0561,0.1494,0.1243,0.1038,0.0792,0.1451,0.1129,0.0399,0.0390,0.1487,0.1370,0.1095,0.1361,0.0737,0.0000,13.45,-2.8315,8.6682,6.0580
1705297572.2667,0.0800,0.0766,0.0354,0.0513,0.1992,0.1338,0.0676,0.0914,0.2511,0.4081,0.3411,-0.2640,0.6821,0.0743,0.1034,0.2109,0.0815,0.1003,0.0245,0.1043,0.0780,0.1143,0.1565,0.0960,0.1216,0.0799,0.1250,0.0437,0.0438,0.0488,0.1390,0.2007,0.0310,0.0000,12.73,-1.6727,-5.6031,5.4471
1705297572.3333,0.0950,0.0666,0.0468,0.0414,0.2113,0.1360,0.0646,0.0580,0.2626,0.4107,0.3815,-0.1729,0.7112,0.0913,0.0000,0.1806,0.0451,0.1338,0.0736,0.0591,0.0138,0.1126,0.0788,0.0300,0.1355,0.0000,0.0722,0.0264,0.1332,0.0592,0.1331,0.2835,0.1369,0.0000,15.81,3.9813,-7.7508,-4.0198
1705297572.4000,0.1079,0.0802,0.0463,0.0514,0.1930,0.1336,0.0528,0.0816,0.2671,0.3916,0.3681,-0.1306,0.7602,0.0613,0.1319,0.1720,0.0340,0.1557,0.0813,0.0801,0.1395,0.1324,0.0382,0.0568,0.0730,0.1117,0.0696,0.0549,0.0284,0.0817,0.1205,0.2110,0.0625,1.0000,19.24,7.4006,-2.1963,-1.7444
1705297572.4667,0.1108,0.0789,0.0448,0.0547,0.2000,0.1336,0.0480,0.0792,0.2309,0.4114,0.3977,-0.1400,0.7928,0.0998,0.0000,0.1844,0.0123,0.1111,0.0835,0.0656,0.0000,0.0702,0.1541,0.1272,0.1074,0.1779,0.0714,0.0429,0.1431,0.1103,0.0739,0.1564,0.1709,0.0000,14.86,12.2746,-0.4155,-4.8954
1705297572.5333,0.0916,0.0735,0.0481,0.0610,0.1965,0.1365,0.0419,0.0764,0.2439,0.4183,0.3652,-0.1633,0.8170,0.1064,0.0276,0.2128,0.0000,0.1173,0.0939,0.0466,0.0674,0.0000,0.0552,0.0574,0.0203,0.0962,0.0721,0.0334,0.1301,0.1014,0.0411,0.2563,0.0642,0.0000,16.54,-2.6074,14.1595,0.3664
1705297572.6000,0.0778,0.0729,0.0520,0.0443,0.2002,0.1351,0.0285,0.0577,0.2369,0.4568,0.3463,-0.1484,0.8253,0.1319,0.0000,0.1324,0.0000,0.0803,0.0418,0.0434,0.1084,0.0640,0.0927,0.1290,0.1113,0.0896,0.0475,0.0788,0.1755,0.1064,0.0234,0.1542,0.1427,0.0000,16.78,7.5360,8.0996,-2.8067
1705297572.6667,0.0582,0.0727,0.0599,0.0340,0.1982,0.1428,0.0623,0.0686,0.2394,0.4382,0.3509,-0.0541,0.7231,0.0694,0.0979,0.1794,0.0297,0.1126,0.0294,0.0614,0.0895,0.1585,0.1168,0.1154,0.0333,0.0358,0.0834,0.0025,0.2372,0.0960,0.0844,0.2161,0.0489,0.0000,15.03,17.8716,11.5882,1.3682
1705297572.7333,0.0711,0.0839,0.0455,0.0440,0.1985,0.1584,0.0865,0.0617,0.2582,0.3954,0.3448,-0.0625,0.6664,0.0695,0.1130,0.2069,0.0445,0.0810,0.0194,0.0314,0.0771,0.1350,0.0761,0.1882,0.1167,0.0864,0.0899,0.0105,0.0720,0.0324,0.0568,0.1001,0.0000,0.0000,15.17,20.5958,5.8986,-0.5976
1705297572.8000,0.0681,0.0702,0.0576,0.0400,0.1920,0.1643,0.0802,0.0585,0.2611,0.4048,0.3556,-0.0842,0.6438,0.0731,0.0645,0.1113,0.0345,0.1397,0.0373,0.0369,0.1552,0.1382,0.0613,0.1436,0.1282,0.0590,0.1125,0.0488,0.0557,0.2243,0.0322,0.1418,0.0964,0.0000,9.50,-4.4376,-5.3697,2.5687
1705297572.8667,0.0682,0.0834,0.0493,0.0545,0.1804,0.1728,0.0791,0.0506,0.2433,0.4110,0.3490,-0.0980,0.7273,0.0927,0.0000,0.1590,0.0000,0.1036,0.0327,0.0295,0.1512,0.0859,0.0713,0.1215,0.1118,0.1716,0.1622,0.0085,0.1265,0.0271,0.1862,0.1343,0.0884,0.0000,11.41,13.0938,-13.5061,1.4128
1705297572.9333,0.0795,0.0873,0.0529,0.0382,0.1601,0.1869,0.0726,0.0477,0.2325,0.4254,0.4130,-0.1277,0.7562,0.1015,0.0793,0.1750,0.0393,0.1408,0.0615,0.0824,0.1078,0.1324,0.1453,0.1614,0.0886,0.1290,0.1095,0.0454,0.0874,0.0513,0.0482,0.1238,0.0523,0.0000,11.12,-5.3934,3.9309,-8.1520
1705297573.0000,0.0836,0.0906,0.0587,0.0441,0.1494,0.1965,0.0589,0.0407,0.2223,0.4331,0.4359,-0.1508,0.7970,0.0898,0.0402,0.1572,0.0339,0.0786,0.0674,0.0497,0.0462,0.0968,0.1573,0.0687,0.0802,0.0167,0.0771,0.0017,0.0889,0.1526,0.1237,0.0487,0.0777,1.0000,20.95,5.8560,5.6790,0.9470
1705297573.0667,0.0741,0.0926,0.0491,0.0371,0.1360,0.1814,0.0659,0.0659,0.2154,0.4496,0.3983,-0.1151,0.7962,0.0907,0.0299,0.1666,0.0180,0.1294,0.0000,0.0304,0.0080,0.1018,0.1120,0.1724,0.1377,0.0000,0.0841,0.0258,0.1135,0.0428,0.2140,0.0483,0.1156,0.0000,15.84,-13.9840,13.8344,0.9215
1705297573.1333,0.0691,0.0916,0.0417,0.0404,0.1328,0.1690,0.0741,0.0650,0.2104,0.4635,0.4070,-0.1394,0.7504,0.1244,0.0054,0.1430,0.0142,0.1269,0.0093,0.1030,0.1308,0.1243,0.1244,0.1120,0.1300,0.1396,0.1172,0.0558,0.0901,0.1044,0.1680,0.1146,0.1456,0.0000,16.34,4.1288,5.9011,1.9461
1705297573.2000,0.0877,0.0758,0.0455,0.0352,0.1368,0.1686,0.0854,0.0657,0.2134,0.4515,0.4254,-0.1037,0.7669,0.0164,0.0697,0.2328,0.0981,0.0917,0.0616,0.0443,0.1040,0.1451,0.1233,0.1244,0.0662,0.0763,0.0558,0.0497,0.0722,0.1839,0.0207,0.1267,0.1393,0.0000,17.79,0.3208,-4.6471,3.5655
1705297573.2667,0.0694,0.0734,0.0505,0.0211,0.1509,0.1505,0.0675,0.0586,0.2024,0.4934,0.3257,-0.1216,0.7271,0.0643,0.0103,0.1212,0.0671,0.0834,0.0049,0.0838,0.1335,0.1804,0.0982,0.0839,0.0954,0.1101,0.1419,0.0079,0.0884,0.0637,0.0401,0.0967,0.0270,0.0000,14.45,-15.5362,3.4094,5.0156
1705297573.3333,0.0659,0.0807,0.0386,0.0243,0.1443,0.1614,0.0471,0.0414,0.1941,0.5212,0.2709,-0.0757,0.8164,0.1031,0.0564,0.0493,0.0435,0.1097,0.0477,0.0380,0.1356,0.0466,0.0993,0.1299,0.0879,0.0556,0.0350,0.0000,0.1358,0.0704,0.0379,0.0931,0.1335,0.0000,17.04,6.0963,16.4119,4.3187
1705297573.4000,0.0768,0.0704,0.0422,0.0190,0.1661,0.1685,0.0515,0.0409,0.2293,0.4812,0.2734,-0.1121,0.7950,0.1122,0.0545,0.1341,0.0000,0.1409,0.0197,0.0278,0.1304,0.1186,0.1014,0.0532,0.1386,0.0732,0.0743,0.0429,0.1106,0.0079,0.2003,0.0847,0.0332,0.0000,16.79,-12.4593,0.5574,2.2469
1705297573.4667,0.0805,0.0517,0.0395,0.0223,0.1548,0.1636,0.0624,0.0546,0.2298,0.4844,0.2843,-0.1565,0.8174,0.1096,0.0713,0.2005,0.0418,0.1251,0.0217,0.0117,0.1223,0.0823,0.0981,0.0558,0.1269,0.1330,0.1172,0.0631,0.0201,0.0636,0.1010,0.1191,0.1374,0.0000,10.99,16.5517,1.3684,-5.0974
1705297573.5333,0.0794,0.0427,0.0610,0.0367,0.1608,0.1595,0.0481,0.0690,0.2292,0.4682,0.2669,-0.1091,0.7633,0.1447,0.0220,0.1133,0.0581,0.1020,0.0563,0.0756,0.1672,0.1797,0.0707,0.0241,0.0953,0.1763,0.1695,0.0789,0.0513,0.1012,0.0357,0.1057,0.1289,0.0000,17.06,2.6521,1.9024,-0.2513
1705297573.6000,0.0749,0.0492,0.0535,0.0408,0.1770,0.1628,0.0571,0.0623,0.2651,0.4343,0.2915,-0.0602,0.7493,0.1183,0.0014,0.2477,0.0452,0.1228,0.0000,0.0585,0.0880,0.1230,0.0542,0.0498,0.0979,0.1286,0.0481,0.0269,0.1190,0.1933,0.1646,0.2421,0.0882,0.0000,16.94,19.2173,-9.4160,-0.3434
1705297573.6667,0.0843,0.0611,0.0489,0.0372,0.1833,0.1582,0.0547,0.0935,0.2789,0.3999,0.2465,-0.1724,0.8108,0.0779,0.0084,0.1729,0.0524,0.1223,0.0105,0.0653,0.0836,0.0608,0.1232,0.1167,0.0577,0.1174,0.0376,0.0006,0.1568,0.0949,0.1268,0.1097,0.0803,0.0000,15.86,9.9637,-8.0497,1.7423
1705297573.7333,0.0753,0.0578,0.0524,0.0433,0.1762,0.1646,0.0562,0.0803,0.2539,0.4240,0.2214,-0.1500,0.7935,0.0979,0.0006,0.1266,0.0100,0.1295,0.0579,0.0921,0.0097,0.1244,0.1205,0.1000,0.0427,0.1518,0.1305,0.0151,0.0780,0.0000,0.1221,0.0934,0.0754,0.0000,17.27,20.9169,-3.0604,3.5116
1705297573.8000,0.0674,0.0696,0.0555,0.0468,0.1977,0.1544,0.0322,0.0805,0.2633,0.4196,0.2188,-0.0213,0.7656,0.0953,0.0000,0.1764,0.0069,0.1158,0.0601,0.0322,0.0985,0.1500,0.1570,0.0965,0.0682,0.1077,0.0749,0.0497,0.0446,0.1567,0.0837,0.0966,0.0793,0.0000,14.17,-5.3644,-6.7583,-1.2281
1705297573.8667,0.0677,0.0720,0.0621,0.0495,0.1615,0.1469,0.0318,0.0666,0.2711,0.4425,0.2518,-0.0674,0.7612,0.0720,0.0113,0.0807,0.0297,0.0622,0.0000,0.0894,0.0000,0.1251,0.0664,0.1363,0.0201,0.0804,0.1561,0.0047,0.0203,0.1462,0.1957,0.0564,0.0689,1.0000,12.67,18.7275,5.8389,-10.0526
1705297573.9333,0.0824,0.0708,0.0633,0.0484,0.1468,0.1451,0.0185,0.0902,0.2469,0.4527,0.3255,-0.0994,0.7473,0.1448,0.0000,0.0983,0.0039,0.0040,0.0663,0.0827,0.1818,0.0992,0.0333,0.0825,0.1077,0.1000,0.1856,0.0000,0.1672,0.0880,0.1004,0.1374,0.0259,0.0000,11.55,7.6190,-3.1447,2.5435
1705297574.0000,0.0911,0.0654,0.0730,0.0438,0.1730,0.1350,0.0402,0.0988,0.2377,0.4251,0.3410,-0.1492,0.7464,0.1420,0.0391,0.1507,0.0568,0.0672,0.0512,0.0709,0.0596,0.1799,0.1219,0.1544,0.0666,0.1028,0.1154,0.0092,0.1602,0.1153,0.0665,0.1307,0.0717,0.0000,17.28,8.7616,-14.2125,-1.5047
1705297574.0667,0.0838,0.0494,0.0621,0.0376,0.1828,0.1411,0.0580,0.0981,0.2195,0.4406,0.3563,-0.1675,0.7224,0.0929,0.0000,0.0601,0.0518,0.1085,0.0327,0.0724,0.1212,0.0347,0.0651,0.1723,0.0912,0.0102,0.1963,0.0000,0.0779,0.0609,0.1462,0.1770,0.0605,0.0000,12.96,12.5271,6.8055,-4.9334
1705297574.1333,0.0963,0.0485,0.0597,0.0338,0.1868,0.1298,0.0624,0.0913,0.2259,0.4393,0.3586,-0.1848,0.7059,0.1496,0.0300,0.1462,0.0828,0.1028,0.0391,0.0787,0.1087,0.0534,0.1105,0.1223,0.1171,0.0786,0.1303,0.0221,0.0359,0.1643,0.1982,0.1734,0.1287,0.0000,14.93,15.9583,3.1266,-3.9895
1705297574.2000,0.0919,0.0575,0.0536,0.0481,0.1889,0.1480,0.0614,0.1101,0.2342,0.4038,0.3279,-0.2605,0.6850,0.1303,0.0296,0.1932,0.0565,0.1511,0.0228,0.0369,0.1264,0.1098,0.0779,0.1266,0.1178,0.0335,0.1467,0.0581,0.0722,0.0922,0.1125,0.2118,0.1174,0.0000,16.80,9.0342,3.8550,-13.0948
1705297574.2667,0.0775,0.0485,0.0449,0.0417,0.1928,0.1514,0.0627,0.1050,0.2383,0.4223,0.3303,-0.2791,0.6250,0.0960,0.0000,0.1770,0.0366,0.0673,0.1091,0.0533,0.0744,0.1457,0.0227,0.1561,0.0874,0.1027,0.0843,0.0140,0.0651,0.0753,0.0968,0.0234,0.0226,0.0000,13.87,-10.9402,-1.0474,12.4412
1705297574.3333,0.0823,0.0566,0.0490,0.0424,0.2063,0.1225,0.0645,0.0906,0.2544,0.4188,0.3385,-0.2260,0.6397,0.0704,0.1120,0.1634,0.0299,0.1225,0.0450,0.0259,0.0460,0.2412,0.0911,0.1294,0.0029,0.0641,0.1437,0.0365,0.0844,0.0123,0.1298,0.1946,0.1395,0.0000,15.24,7.8064,-2.2370,-4.0717
1705297574.4000,0.0828,0.0939,0.0449,0.0413,0.1830,0.1359,0.0752,0.0778,0.2397,0.4153,0.3082,-0.1815,0.6817,0.0068,0.0485,0.1559,0.0714,0.1199,0.0394,0.0786,0.1478,0.0707,0.0579,0.1052,0.1841,0.0268,0.1518,0.0013,0.1614,0.0000,0.1102,0.1407,0.0287,0.0000,15.17,-2.1333,2.2099,-2.7235
1705297574.4667,0.0824,0.0706,0.0573,0.0393,0.1783,0.1235,0.0604,0.0614,0.2495,0.4464,0.2858,-0.2469,0.5507,0.0896,0.0926,0.0978,0.0180,0.1434,0.0524,0.0764,0.1167,0.1417,0.1182,0.0815,0.1048,0.0878,0.1374,0.0581,0.0536,0.1019,0.0285,0.1473,0.0949,0.0000,16.64,6.2686,-8.9993,8.9239
1705297574.5333,0.0895,0.0642,0.0664,0.0518,0.1867,0.1347,0.0707,0.0788,0.2719,0.3911,0.3117,-0.1820,0.5572,0.1440,0.0446,0.1934,0.0626,0.1317,0.0474,0.0414,0.1653,0.0305,0.0834,0.1210,0.1628,0.0762,0.0889,0.0039,0.0000,0.0970,0.0295,0.1655,0.1070,0.0000,18.99,11.3094,6.0448,-2.5772
1705297574.6000,0.0764,0.0726,0.0807,0.0416,0.1777,0.1293,0.0913,0.0874,0.2527,0.3942,0.3663,-0.2281,0.5768,0.1351,0.1022,0.1651,0.0422,0.1207,0.0566,0.0264,0.0097,0.0000,0.0819,0.1706,0.0852,0.0659,0.0882,0.0404,0.0974,0.0963,0.1031,0.1496,0.2034,0.0000,14.08,-3.2191,-1.2142,2.6903
1705297574.6667,0.0802,0.0745,0.0818,0.0447,0.1476,0.1188,0.0633,0.0660,0.2521,0.4425,0.4418,-0.1750,0.5700,0.0811,0.0162,0.0872,0.0540,0.0823,0.0366,0.0881,0.0934,0.0378,0.1304,0.0715,0.0696,0.1579,0.0790,0.0759,0.0838,0.1160,0.0739,0.1469,0.0581,0.0000,12.62,12.3731,-3.3784,9.1893
1705297574.7333,0.1108,0.0901,0.0771,0.0498,0.1784,0.1129,0.0839,0.0694,0.2354,0.3954,0.3587,-0.2871,0.6068,0.0000,0.0540,0.2233,0.0120,0.1155,0.0658,0.0566,0.0459,0.1013,0.1165,0.0439,0.1368,0.0417,0.0653,0.0509,0.1004,0.0462,0.1170,0.1378,0.1045,0.0000,8.12,9.2464,7.5216,2.6962
1705297574.8000,0.0988,0.0811,0.0774,0.0470,0.1800,0.1083,0.1020,0.0677,0.2446,0.3958,0.3711,-0.2345,0.6200,0.1547,0.0835,0.1142,0.0488,0.1133,0.0143,0.0855,0.1238,0.0548,0.1086,0.0587,0.1061,0.1273,0.1023,0.0000,0.1369,0.0989,0.0846,0.1610,0.0968,0.0000,15.73,-3.9327,-1.2100,-1.7505
1705297574.8667,0.0923,0.0747,0.0794,0.0489,0.1856,0.0842,0.1180,0.0660,0.2409,0.4060,0.4563,-0.2915,0.6298,0.0312,0.0348,0.1498,0.0759,0.0782,0.0107,0.0403,0.2059,0.1045,0.0569,0.1719,0.1153,0.0539,0.1022,0.0495,0.0432,0.1837,0.0975,0.1300,0.0882,0.0000,13.65,3.0968,3.5245,1.1201
1705297574.9333,0.0823,0.0727,0.0650,0.0593,0.1754,0.0983,0.1141,0.0583,0.2254,0.4294,0.4843,-0.2264,0.6539,0.1403,0.0173,0.2099,0.0013,0.1139,0.0550,0.0716,0.1138,0.1330,0.0710,0.1021,0.1354,0.0955,0.1063,0.0000,0.0760,0.0332,0.1767,0.0655,0.0393,0.0000,15.47,3.7955,-3.8673,-2.6402
1705297575.0000,0.1075,0.0781,0.0553,0.0645,0.1602,0.0890,0.1013,0.0633,0.2378,0.4259,0.5012,-0.1624,0.6384,0.1068,0.1114,0.1569,0.1412,0.1400,0.0564,0.0172,0.0555,0.0127,0.0553,0.1405,0.0727,0.0958,0.0797,0.0728,0.0986,0.0997,0.0355,0.1552,0.1107,0.0000,9.51,-11.7178,6.2684,-1.2961
1705297575.0667,0.0958,0.0699,0.0537,0.0696,0.1841,0.0887,0.0855,0.0461,0.2164,0.4541,0.4857,-0.1352,0.5663,0.0872,0.0511,0.1175,0.0056,0.0447,0.0101,0.0354,0.1287,0.1586,0.0719,0.0093,0.0568,0.0919,0.1165,0.0258,0.1126,0.1199,0.0462,0.1237,0.0064,0.0000,13.84,7.6588,-4.1933,4.4818
1705297575.1333,0.1045,0.0587,0.0406,0.0612,0.1828,0.0948,0.0724,0.0471,0.2605,0.4465,0.4693,-0.1084,0.6535,0.0254,0.0709,0.1796,0.0333,0.1301,0.0165,0.0226,0.0833,0.0633,0.0996,0.0692,0.0693,0.0279,0.1458,0.0306,0.1336,0.1130,0.2007,0.1606,0.1630,0.0000,13.36,12.8615,-7.6801,-2.7761
1705297575.2000,0.1023,0.0542,0.0392,0.0558,0.1752,0.0988,0.0593,0.0599,0.2489,0.4639,0.3911,-0.1349,0.7230,0.1274,0.0736,0.1103,0.0744,0.1543,0.0462,0.0453,0.1460,0.0218,0.0627,0.1120,0.1232,0.0584,0.1254,0.0446,0.1372,0.1445,0.0676,0.2733,0.2164,0.0000,13.56,6.6901,-13.0028,2.5566
1705297575.2667,0.0892,0.0765,0.0457,0.0536,0.2054,0.1146,0.0616,0.0528,0.2386,0.4371,0.4147,-0.1612,0.7209,0.0599,0.0813,0.1055,0.0626,0.1211,0.0369,0.0363,0.0710,0.1734,0.0824,0.2187,0.0942,0.1231,0.0688,0.0488,0.1013,0.0135,0.1375,0.1683,0.1348,0.0000,14.62,15.6398,-2.9502,0.7013
1705297575.3333,0.0827,0.0673,0.0557,0.0576,0.1849,0.1096,0.0711,0.0407,0.2402,0.4542,0.3801,-0.0788,0.7045,0.0582,0.0759,0.1991,0.0405,0.1169,0.0747,0.0446,0.2170,0.2234,0.1004,0.0513,0.1235,0.0832,0.1080,0.0396,0.0993,0.0641,0.0429,0.1733,0.1175,0.0000,14.08,0.9752,12.7911,-2.2317
1705297575.4000,0.0793,0.0765,0.0584,0.0526,0.1951,0.1310,0.0676,0.0386,0.2523,0.4293,0.4126,-0.1539,0.6962,0.0906,0.1142,0.2374,0.0253,0.1343,0.0327,0.0692,0.0609,0.0374,0.1169,0.0978,0.1155,0.1180,0.0726,0.0288,0.1755,0.1751,0.0564,0.1628,0.1463,0.0000,16.67,7.1708,-4.8907,-5.5857
1705297575.4667,0.0945,0.0846,0.0505,0.0449,0.1713,0.1070,0.0659,0.0384,0.2382,0.4628,0.3314,-0.1681,0.7256,0.0000,0.0476,0.1586,0.0475,0.1016,0.0776,0.0344,0.1064,0.0975,0.1114,0.1511,0.0878,0.0610,0.1191,0.0000,0.1111,0.1927,0.1748,0.2336,0.0914,0.0000,19.61,1.5171,6.0440,3.6362
1705297575.5333,0.0753,0.0941,0.0538,0.0522,0.1768,0.0902,0.0897,0.0477,0.2100,0.4662,0.3616,-0.0721,0.6448,0.0905,0.0852,0.1451,0.0216,0.1358,0.0239,0.0255,0.1188,0.1635,0.0568,0.1696,0.0844,0.0916,0.1463,0.1036,0.1080,0.1484,0.0602,0.1786,0.0774,0.0000,18.69,9.9560,8.8509,-8.6374
1705297575.6000,0.0788,0.0946,0.0681,0.0390,0.1717,0.1179,0.0950,0.0399,0.2210,0.4444,0.3726,-0.1094,0.6681,0.1187,0.0262,0.1500,0.0000,0.0779,0.0504,0.0697,0.0782,0.1032,0.0921,0.1268,0.1099,0.1390,0.1339,0.0355,0.0885,0.0751,0.1371,0.2135,0.1097,0.0000,16.85,10.9630,16.6648,-6.0564
1705297575.6667,0.0706,0.0828,0.0796,0.0332,0.1598,0.1197,0.1051,0.0349,0.1993,0.4690,0.4179,-0.1477,0.7032,0.0632,0.0910,0.1657,0.0177,0.1296,0.0275,0.0722,0.0409,0.0682,0.1086,0.1289,0.1515,0.0253,0.0454,0.0388,0.0271,0.1517,0.2184,0.1869,0.1327,0.0000,17.49,8.2236,-2.6877,0.8869
1705297575.7333,0.0778,0.0834,0.0678,0.0458,0.1758,0.1060,0.1105,0.0463,0.2145,0.4432,0.3924,-0.1969,0.6999,0.0555,0.0724,0.1063,0.0759,0.1366,0.0563,0.0844,0.0755,0.0128,0.0908,0.0122,0.1232,0.0600,0.1884,0.0641,0.1162,0.0371,0.1367,0.1241,0.1829,0.0000,13.86,-4.3747,-14.7097,4.3874
1705297575.8000,0.0804,0.0881,0.0764,0.0497,0.1785,0.1035,0.0972,0.0503,0.2053,0.4424,0.3799,-0.1454,0.6446,0.0148,0.0532,0.1139,0.0000,0.1162,0.0283,0.0603,0.1156,0.0107,0.1088,0.0837,0.1255,0.0954,0.1322,0.0608,0.0885,0.0664,0.0505,0.1339,0.0604,0.0000,8.92,7.4855,13.3525,2.5776
1705297575.8667,0.0887,0.0824,0.0874,0.0460,0.1645,0.1014,0.0761,0.0373,0.2285,0.4526,0.2626,-0.1881,0.6229,0.1627,0.0378,0.1227,0.1006,0.1134,0.0559,0.0347,0.1135,0.1277,0.0730,0.1276,0.1963,0.0388,0.1527,0.0319,0.2107,0.0454,0.0963,0.1619,0.1675,0.0000,13.40,17.9638,-8.3852,-1.0014
1705297575.9333,0.0851,0.0893,0.0883,0.0357,0.1814,0.1013,0.0738,0.0417,0.2081,0.4572,0.3206,-0.2947,0.5897,0.0624,0.0359,0.1558,0.0494,0.1305,0.0477,0.0963,0.1203,0.1042,0.0794,0.1300,0.1182,0.1802,0.1048,0.0061,0.0508,0.1339,0.1359,0.1526,0.0720,0.0000,17.68,10.6144,13.9206,-4.0392
1705297576.0000,0.0722,0.0929,0.0721,0.0466,0.1930,0.1154,0.0661,0.0393,0.2292,0.4439,0.2983,-0.2048,0.5899,0.0831,0.0638,0.1787,0.0099,0.1414,0.0373,0.0676,0.0413,0.1619,0.0429,0.1930,0.0692,0.0865,0.0859,0.0041,0.1002,0.0820,0.1164,0.0713,0.0725,0.0000,13.21,-2.7713,9.2267,-7.6843
1705297576.0667,0.0706,0.0730,0.0616,0.0508,0.1637,0.1194,0.0657,0.0272,0.2483,0.4718,0.3128,-0.2665,0.6415,0.0253,0.0723,0.1613,0.0097,0.0580,0.0178,0.0660,0.0000,0.0713,0.0573,0.0038,0.0575,0.0183,0.1789,0.0829,0.1502,0.0997,0.0869,0.0876,0.0901,0.0000,17.71,9.6834,-16.3812,-2.3963
1705297576.1333,0.0853,0.0800,0.0647,0.0464,0.1595,0.1255,0.0795,0.0302,0.2380,0.4546,0.3118,-0.2491,0.5906,0.0647,0.0822,0.2375,0.0560,0.0478,0.0312,0.0576,0.1767,0.1007,0.1219,0.1167,0.0702,0.2910,0.0920,0.0707,0.1126,0.0743,0.0280,0.0594,0.0768,1.0000,20.17,9.6813,21.7323,-0.6353
1705297576.2000,0.0745,0.0821,0.0523,0.0394,0.1602,0.1246,0.0766,0.0349,0.2645,0.4547,0.3345,-0.2830,0.5850,0.1200,0.1511,0.1554,0.0452,0.0965,0.0717,0.0553,0.1305,0.0334,0.0510,0.0346,0.0700,0.0778,0.1350,0.0919,0.1393,0.1085,0.0882,0.1316,0.0730,0.0000,18.47,-3.8963,1.0449,-3.3397
1705297576.2667,0.0845,0.0840,0.0525,0.0451,0.1523,0.1334,0.0849,0.0306,0.2382,0.4566,0.3129,-0.3071,0.5902,0.1338,0.0323,0.1174,0.0566,0.0972,0.0481,0.0239,0.0014,0.0035,0.1139,0.1808,0.1142,0.1069,0.0186,0.0651,0.0779,0.1638,0.2589,0.0295,0.1159,0.0000,11.45,27.4125,-4.4278,-6.8593
1705297576.3333,0.0910,0.0765,0.0451,0.0513,0.1305,0.1422,0.0964,0.0391,0.2379,0.4540,0.3949,-0.2526,0.6333,0.1209,0.0678,0.1897,0.0760,0.1015,0.0154,0.0405,0.0893,0.0281,0.1240,0.0798,0.1191,0.0000,0.1182,0.0554,0.0027,0.1037,0.0809,0.1287,0.0594,1.0000,19.44,0.3010,-13.6722,-2.3302
1705297576.4000,0.0971,0.0697,0.0439,0.0573,0.1450,0.1233,0.0851,0.0268,0.2477,0.4624,0.3303,-0.2268,0.6444,0.1137,0.1547,0.1372,0.0675,0.0663,0.0573,0.0060,0.0000,0.0742,0.0314,0.1189,0.1666,0.1472,0.1649,0.0234,0.1091,0.0571,0.1119,0.1072,0.1410,0.0000,18.24,-10.1728,-7.1458,-0.4579
1705297576.4667,0.1143,0.0787,0.0406,0.0536,0.1472,0.1203,0.0717,0.0409,0.2365,0.4577,0.3533,-0.2151,0.6272,0.0936,0.0549,0.2049,0.0702,0.1029,0.0894,0.0939,0.1400,0.0070,0.0340,0.1055,0.0003,0.1598,0.1344,0.0709,0.1670,0.0720,0.0416,0.1837,0.0830,0.0000,11.33,10.8436,14.0614,-5.5532
1705297576.5333,0.1093,0.0936,0.0400,0.0410,0.1084,0.1432,0.0643,0.0457,0.2115,0.4857,0.3588,-0.1714,0.6206,0.0964,0.0423,0.2019,0.0248,0.1029,0.0704,0.0395,0.0942,0.1469,0.0993,0.0269,0.0445,0.0387,0.0571,0.0424,0.1444,0.1064,0.1362,0.1159,0.0841,0.0000,18.45,-5.3595,1.3567,1.5437
1705297576.6000,0.1001,0.0988,0.0389,0.0421,0.1318,0.1261,0.0554,0.0381,0.1964,0.5033,0.3748,-0.1731,0.6608,0.0549,0.0189,0.1707,0.0016,0.1402,0.0841,0.0087,0.0709,0.1230,0.0804,0.1306,0.0012,0.1025,0.1567,0.0000,0.1850,0.0444,0.1094,0.1257,0.0000,0.0000,16.48,4.9137,15.4739,2.5158
1705297576.6667,0.0992,0.0887,0.0290,0.0299,0.1241,0.1519,0.0647,0.0395,0.1821,0.5146,0.4193,-0.2313,0.6706,0.1133,0.1188,0.1877,0.0522,0.0724,0.0454,0.0553,0.0193,0.0385,0.1331,0.1003,0.0522,0.1696,0.1522,0.0170,0.0227,0.0415,0.1229,0.0346,0.0000,0.0000,15.77,12.5001,-3.9489,3.6462
1705297576.7333,0.1012,0.0949,0.0406,0.0349,0.1306,0.1558,0.0358,0.0440,0.1782,0.5104,0.4056,-0.1781,0.6215,0.0534,0.0000,0.1378,0.0374,0.0823,0.0643,0.0106,0.0944,0.1124,0.0850,0.0743,0.0740,0.1950,0.1853,0.0000,0.0597,0.1045,0.0972,0.1178,0.1059,0.0000,9.77,21.8812,11.4047,3.0866
1705297576.8000,0.1005,0.1003,0.0580,0.0436,0.1137,0.1288,0.0397,0.0528,0.1834,0.5075,0.3344,-0.1408,0.5515,0.1074,0.0000,0.1130,0.0179,0.0552,0.1020,0.0697,0.1106,0.1386,0.1326,0.1727,0.1229,0.0658,0.1037,0.0502,0.0519,0.1193,0.0434,0.0544,0.0841,0.0000,18.26,-9.7095,0.2906,2.0407
1705297576.8667,0.1089,0.1096,0.0533,0.0368,0.1298,0.1189,0.0441,0.0643,0.2131,0.4727,0.3022,-0.1605,0.5774,0.1075,0.0637,0.0843,0.0000,0.0637,0.0629,0.0221,0.0412,0.0622,0.1083,0.1216,0.1096,0.1613,0.0000,0.0642,0.1662,0.1625,0.0486,0.1289,0.0894,0.0000,15.66,12.6525,2.2852,-5.0240
1705297576.9333,0.1035,0.1218,0.0483,0.0288,0.1225,0.0914,0.0498,0.0663,0.2232,0.4866,0.3448,-0.1400,0.5568,0.0439,0.0260,0.0637,0.0205,0.0814,0.0050,0.1274,0.1664,0.1779,0.0884,0.1164,0.1214,0.0429,0.1299,0.0149,0.1052,0.0562,0.0388,0.0628,0.0715,0.0000,19.71,17.4620,5.2771,3.6676
1705297577.0000,0.0995,0.1181,0.0555,0.0349,0.1383,0.1062,0.0605,0.0637,0.2441,0.4475,0.3442,-0.1837,0.5995,0.0936,0.1058,0.1585,0.0353,0.0816,0.0254,0.0344,0.1283,0.0362,0.0670,0.0958,0.1040,0.1961,0.0905,0.0054,0.1656,0.0760,0.1287,0.0153,0.1163,0.0000,15.94,1.2442,17.1186,-2.3876
1705297577.0667,0.0836,0.1095,0.0575,0.0335,0.1608,0.0941,0.0624,0.0724,0.2698,0.4339,0.3292,-0.1910,0.5978,0.0871,0.0000,0.1725,0.0577,0.0940,0.0000,0.0868,0.0145,0.1237,0.0000,0.0041,0.1177,0.1612,0.0638,0.0643,0.1325,0.0740,0.0751,0.1889,0.1083,0.0000,10.06,12.3005,-13.3658,-3.6094
1705297577.1333,0.0783,0.1129,0.0542,0.0263,0.1399,0.0880,0.0641,0.0729,0.2743,0.4535,0.3507,-0.1562,0.5900,0.0000,0.0081,0.2718,0.0048,0.0679,0.0565,0.0426,0.1044,0.0397,0.0508,0.1001,0.1393,0.0919,0.1387,0.0295,0.1402,0.1344,0.1427,0.1940,0.0533,0.0000,12.90,4.2463,-1.6352,-2.8094
1705297577.2000,0.0871,0.1173,0.0509,0.0257,0.1478,0.0759,0.0780,0.0648,0.2872,0.4393,0.3252,-0.2950,0.5828,0.0062,0.0122,0.1556,0.0584,0.1611,0.0643,0.0739,0.1503,0.0704,0.0110,0.0194,0.1446,0.0979,0.0712,0.0319,0.0347,0.0208,0.1175,0.0740,0.0547,0.0000,14.89,-2.5229,-10.4937,-0.0658
1705297577.2667,0.0753,0.1129,0.0486,0.0299,0.1664,0.0963,0.0545,0.0593,0.2937,0.4379,0.3121,-0.2502,0.5681,0.0395,0.0389,0.2311,0.0000,0.0414,0.0934,0.0676,0.0861,0.1230,0.0653,0.1147,0.1318,0.0241,0.0758,0.0458,0.1436,0.1928,0.1339,0.1140,0.1519,0.0000,11.35,7.5248,-10.0391,-5.1876
1705297577.3333,0.0854,0.1009,0.0576,0.0167,0.2176,0.1262,0.0569,0.0610,0.2961,0.3891,0.3650,-0.2249,0.6149,0.0734,0.0120,0.1765,0.0066,0.1213,0.0108,0.0542,0.0989,0.0319,0.1007,0.1829,0.0195,0.1337,0.0505,0.0435,0.1522,0.0000,0.0639,0.2067,0.1616,0.0000,16.85,10.2225,-7.8697,4.6253
1705297577.4000,0.0911,0.0999,0.0572,0.0130,0.1971,0.1187,0.0378,0.0630,0.3107,0.4068,0.2657,-0.2044,0.6403,0.1019,0.0180,0.2413,0.0000,0.1403,0.0297,0.0442,0.1894,0.1971,0.1085,0.1501,0.0403,0.0898,0.0953,0.0000,0.1345,0.0369,0.1004,0.1034,0.1143,0.0000,12.83,7.3253,-0.9834,-3.3889
1705297577.4667,0.0843,0.0908,0.0470,0.0212,0.1500,0.1097,0.0496,0.0666,0.3280,0.4316,0.3292,-0.2894,0.6751,0.0299,0.1306,0.1848,0.0855,0.0824,0.0353,0.0296,0.0700,0.2297,0.0934,0.0315,0.1358,0.0721,0.0810,0.0475,0.0890,0.0462,0.1166,0.0890,0.0179,0.0000,13.81,11.5740,1.5295,-8.0521
1705297577.5333,0.0865,0.0934,0.0425,0.0246,0.1338,0.1143,0.0575,0.0643,0.3234,0.4359,0.3572,-0.2209,0.7698,0.0386,0.0156,0.2384,0.0174,0.0375,0.0487,0.0768,0.0385,0.1378,0.0806,0.0958,0.0418,0.0000,0.0648,0.0413,0.0667,0.1434,0.0000,0.1292,0.0832,0.0000,9.16,-5.7188,-21.4584,-5.8902
1705297577.6000,0.0734,0.0815,0.0443,0.0320,0.1203,0.1063,0.0585,0.0799,0.3227,0.4486,0.3283,-0.2093,0.6945,0.0365,0.0429,0.1687,0.0497,0.0815,0.0300,0.0461,0.1323,0.1418,0.0991,0.0943,0.1014,0.0363,0.0502,0.0773,0.0222,0.1229,0.1041,0.1501,0.1331,0.0000,11.58,10.8308,9.0482,3.1850
1705297577.6667,0.0773,0.0751,0.0510,0.0357,0.1323,0.1199,0.0841,0.0693,0.3231,0.4194,0.3643,-0.2719,0.6965,0.0855,0.0482,0.2526,0.1007,0.0750,0.0699,0.0424,0.1429,0.1007,0.0826,0.1515,0.0000,0.0000,0.0202,0.0758,0.1786,0.1481,0.1062,0.1414,0.0596,0.0000,16.09,5.3717,-7.3141,7.3448
1705297577.7333,0.0770,0.0809,0.0585,0.0362,0.1250,0.1426,0.0828,0.0836,0.3062,0.4043,0.3588,-0.2578,0.7221,0.1524,0.1559,0.1279,0.0651,0.1253,0.0416,0.0886,0.0483,0.1093,0.0946,0.1434,0.0821,0.1649,0.0714,0.0414,0.1677,0.0623,0.0110,0.0867,0.0450,0.0000,10.97,-1.5441,-2.0864,1.3813
1705297577.8000,0.0654,0.0723,0.0473,0.0235,0.1489,0.1252,0.0810,0.0821,0.2961,0.4349,0.4486,-0.2704,0.6835,0.1152,0.0922,0.1245,0.0530,0.0879,0.0000,0.0000,0.0853,0.0854,0.1229,0.0661,0.1854,0.1465,0.1038,0.0279,0.1115,0.1836,0.0000,0.1452,0.0757,0.0000,11.54,-11.7817,4.5559,5.3717
1705297577.8667,0.0756,0.0876,0.0498,0.0270,0.1364,0.1244,0.0793,0.0808,0.2619,0.4463,0.4796,-0.1334,0.6205,0.0733,0.0812,0.1505,0.0474,0.1063,0.0487,0.0914,0.0508,0.1336,0.0945,0.0341,0.0596,0.0822,0.0984,0.0851,0.1635,0.1319,0.0254,0.1270,0.0729,0.0000,13.08,16.8266,0.9424,0.5365
1705297577.9333,0.0703,0.0953,0.0449,0.0271,0.1731,0.1364,0.0746,0.0768,0.2574,0.4265,0.4879,-0.0779,0.6483,0.1023,0.0261,0.1419,0.0055,0.0892,0.0683,0.0043,0.0910,0.0729,0.1491,0.1157,0.1315,0.1504,0.0947,0.0112,0.0952,0.1346,0.1222,0.1082,0.0442,0.0000,18.63,0.5549,8.4853,8.7943
1705297578.0000,0.0508,0.0745,0.0473,0.0301,0.1340,0.0995,0.0696,0.0681,0.2621,0.4983,0.4517,-0.1294,0.6047,0.0484,0.0375,0.1644,0.0471,0.0794,0.0292,0.0546,0.1309,0.1118,0.0433,0.0367,0.0329,0.1268,0.0267,0.0436,0.1867,0.0000,0.0583,0.1349,0.1057,0.0000,19.93,17.7173,-13.0561,-1.4907
1705297578.0667,0.0564,0.0556,0.0634,0.0295,0.1255,0.1008,0.0502,0.0607,0.2620,0.5176,0.4206,-0.1638,0.6076,0.0051,0.0386,0.1919,0.0546,0.0449,0.0272,0.0170,0.1487,0.1185,0.0520,0.1402,0.1458,0.0234,0.0775,0.0286,0.2147,0.0603,0.0687,0.1209,0.0475,0.0000,7.33,-4.7258,-15.0490,7.7919
1705297578.1333,0.0770,0.0627,0.0478,0.0172,0.1458,0.0959,0.0674,0.0592,0.2457,0.5088,0.3632,-0.1437,0.5717,0.0805,0.0881,0.1235,0.0417,0.1148,0.1088,0.0120,0.0758,0.0502,0.1079,0.1079,0.1825,0.0535,0.1355,0.0141,0.1825,0.1892,0.1200,0.0559,0.0819,0.0000,13.87,19.4141,-2.0305,3.3998
1705297578.2000,0.0698,0.0725,0.0476,0.0236,0.1263,0.0864,0.0734,0.0520,0.2405,0.5248,0.3636,-0.1694,0.6042,0.0085,0.0532,0.1043,0.0346,0.0595,0.0291,0.0000,0.1121,0.1315,0.0236,0.1312,0.1378,0.0919,0.0799,0.0739,0.1384,0.1530,0.1518,0.0635,0.1389,0.0000,14.28,0.9941,14.5243,-3.8397
1705297578.2667,0.0697,0.0758,0.0547,0.0298,0.1602,0.0967,0.0776,0.0495,0.2398,0.4878,0.2933,-0.1112,0.5845,0.0343,0.1032,0.1871,0.0478,0.0768,0.0657,0.0159,0.0903,0.1199,0.0713,0.1375,0.1345,0.1741,0.1665,0.0239,0.1126,0.1235,0.0526,0.1672,0.0811,0.0000,9.71,3.4911,-20.1365,1.5549
1705297578.3333,0.0606,0.0731,0.0513,0.0220,0.1685,0.1067,0.0753,0.0329,0.2335,0.5056,0.2739,-0.2016,0.5599,0.0471,0.0491,0.2083,0.0579,0.0715,0.0322,0.0545,0.1091,0.0659,0.0519,0.1217,0.1570,0.1248,0.0817,0.0129,0.0507,0.0817,0.1260,0.0083,0.0431,0.0000,14.17,16.3881,5.1203,-5.1119
1705297578.4000,0.0525,0.0733,0.0497,0.0048,0.1826,0.0928,0.0557,0.0318,0.2585,0.5189,0.2809,-0.2283,0.6147,0.0120,0.1049,0.2253,0.0000,0.1154,0.0329,0.1105,0.0720,0.0792,0.1239,0.0000,0.0781,0.1774,0.1093,0.0288,0.0156,0.1026,0.1214,0.1423,0.0403,0.0000,9.91,2.5871,-9.7524,-2.0508
1705297578.4667,0.0262,0.0705,0.0387,0.0058,0.1844,0.1099,0.0699,0.0397,0.2496,0.5231,0.2284,-0.2700,0.5851,0.0958,0.0659,0.0771,0.0183,0.0951,0.0334,0.0567,0.1242,0.0334,0.0601,0.1246,0.1372,0.1800,0.0714,0.0666,0.0818,0.0256,0.1010,0.1296,0.1280,0.0000,8.68,14.3695,2.7622,-4.9716
1705297578.5333,0.0128,0.0689,0.0322,0.0027,0.1715,0.1359,0.0835,0.0300,0.2551,0.5244,0.3196,-0.2736,0.5822,0.0675,0.1065,0.1589,0.1083,0.1011,0.0000,0.0190,0.1346,0.0324,0.0910,0.0826,0.1323,0.0015,0.0334,0.0512,0.1155,0.1310,0.1570,0.1864,0.1833,0.0000,15.22,-0.7706,5.3996,1.9790
1705297578.6000,0.0360,0.0839,0.0333,0.0088,0.1384,0.1416,0.0981,0.0186,0.2604,0.5086,0.3532,-0.2004,0.6507,0.0318,0.0822,0.1857,0.0697,0.1221,0.0381,0.0113,0.0966,0.1006,0.1226,0.0779,0.2260,0.1105,0.1391,0.0340,0.1547,0.0249,0.0710,0.1562,0.0882,0.0000,13.58,5.6575,-8.3757,-5.3047
1705297578.6667,0.0444,0.0754,0.0345,0.0219,0.1469,0.1346,0.1046,0.0146,0.2493,0.5042,0.3244,-0.2179,0.6705,0.0362,0.0283,0.0892,0.0708,0.0897,0.0613,0.0202,0.2088,0.0150,0.1034,0.1083,0.1281,0.1092,0.1392,0.0175,0.1668,0.1405,0.0766,0.1477,0.2136,0.0000,19.26,14.7444,-14.9288,-1.1758
1705297578.7333,0.0516,0.0641,0.0327,0.0319,0.1177,0.1323,0.1042,0.0203,0.2533,0.5151,0.3165,-0.2606,0.7492,0.0364,0.0783,0.1268,0.1006,0.0494,0.0427,0.0451,0.1150,0.1980,0.1010,0.2341,0.0362,0.1266,0.2017,0.0311,0.0449,0.1449,0.1537,0.0673,0.0843,0.0000,17.64,0.3775,12.0381,-1.5718
1705297578.8000,0.0477,0.0600,0.0344,0.0547,0.1315,0.1117,0.0985,0.0233,0.2379,0.5201,0.3298,-0.2263,0.6907,0.1143,0.0513,0.1996,0.1103,0.0823,0.0240,0.0000,0.0135,0.1437,0.0604,0.0746,0.0375,0.1367,0.0088,0.0141,0.1164,0.0139,0.1557,0.1103,0.0647,0.0000,19.20,-3.9633,-16.8591,-1.9303
1705297578.8667,0.0548,0.0648,0.0416,0.0589,0.1751,0.1062,0.0741,0.0339,0.2193,0.5027,0.3022,-0.1842,0.6983,0.1156,0.0063,0.1031,0.0872,0.0840,0.0673,0.0324,0.1054,0.1277,0.0157,0.1093,0.1268,0.1225,0.0503,0.0386,0.2021,0.2042,0.0296,0.0726,0.1759,0.0000,13.82,5.2261,-5.4324,-5.3536
1705297578.9333,0.0464,0.0592,0.0402,0.0586,0.1641,0.1213,0.0634,0.0425,0.2134,0.5145,0.3132,-0.1496,0.6131,0.0686,0.1006,0.2360,0.0090,0.1214,0.0087,0.0000,0.0682,0.1711,0.0452,0.0000,0.1345,0.1023,0.0611,0.0193,0.1264,0.1989,0.1295,0.2165,0.0736,0.0000,17.46,8.3184,-2.9073,1.4419
1705297579.0000,0.0537,0.0636,0.0599,0.0590,0.1665,0.1157,0.0795,0.0593,0.2277,0.4691,0.3523,-0.1688,0.6672,0.1269,0.0000,0.1335,0.0399,0.1444,0.0185,0.0345,0.0556,0.1294,0.0921,0.0724,0.1820,0.0720,0.2044,0.0475,0.2032,0.1841,0.0852,0.1353,0.1355,0.0000,14.53,-2.0744,2.2565,-4.0247
1705297579.0667,0.0510,0.0539,0.0487,0.0644,0.1687,0.1359,0.0589,0.0546,0.2303,0.4802,0.4045,-0.1193,0.6416,0.0857,0.0595,0.1067,0.0148,0.0955,0.0692,0.0916,0.0585,0.1065,0.0605,0.1562,0.1715,0.1507,0.1357,0.0349,0.1525,0.0900,0.0519,0.1628,0.0956,0.0000,19.63,-0.4488,-10.0319,-1.3564
1705297579.1333,0.0334,0.0523,0.0495,0.0630,0.1474,0.1205,0.0476,0.0630,0.2401,0.5099,0.4724,-0.1942,0.6588,0.1064,0.0570,0.1369,0.0549,0.1175,0.0484,0.0378,0.0000,0.1518,0.0332,0.1140,0.1032,0.1240,0.1592,0.0000,0.0588,0.0819,0.0824,0.1774,0.0516,0.0000,18.37,12.4882,2.0258,-1.4124
1705297579.2000,0.0345,0.0418,0.0461,0.0588,0.1606,0.1145,0.0728,0.0483,0.2534,0.5015,0.4655,-0.1418,0.6534,0.0749,0.0843,0.1939,0.0318,0.0698,0.0000,0.0367,0.2469,0.1336,0.0869,0.0324,0.0976,0.0896,0.1679,0.0238,0.1329,0.0708,0.1206,0.1725,0.1536,0.0000,14.66,9.8388,4.8128,1.8206
1705297579.2667,0.0374,0.0488,0.0459,0.0446,0.1460,0.1103,0.0625,0.0495,0.2577,0.5184,0.4020,-0.1339,0.6256,0.1004,0.0578,0.0838,0.0339,0.0766,0.0329,0.0295,0.0486,0.0748,0.0492,0.1525,0.0671,0.1025,0.1344,0.0874,0.0000,0.0212,0.1037,0.1047,0.0727,0.0000,16.79,10.4711,-6.7548,-1.4098
1705297579.3333,0.0413,0.0533,0.0607,0.0468,0.1689,0.1162,0.0429,0.0469,0.2826,0.4842,0.3168,-0.1049,0.5767,0.1075,0.0000,0.1705,0.0479,0.1437,0.0009,0.0000,0.0777,0.1169,0.0850,0.1034,0.0680,0.0526,0.1121,0.0371,0.1700,0.0914,0.0615,0.1387,0.1222,0.0000,13.73,10.5662,-2.1653,6.0617
1705297579.4000,0.0473,0.0558,0.0566,0.0547,0.1466,0.1062,0.0393,0.0485,0.2805,0.4987,0.3410,-0.0888,0.5812,0.0889,0.0157,0.1452,0.0000,0.1205,0.0253,0.0373,0.0958,0.0309,0.0592,0.1652,0.2447,0.1101,0.1046,0.0000,0.1734,0.0314,0.0859,0.0500,0.1138,0.0000,15.86,7.0682,1.7783,-0.8721
1705297579.4667,0.0482,0.0488,0.0582,0.0614,0.1423,0.1129,0.0501,0.0392,0.2743,0.4988,0.2980,-0.0174,0.5901,0.0581,0.0229,0.1912,0.0290,0.0541,0.0314,0.0559,0.0239,0.0348,0.0944,0.2254,0.1910,0.0740,0.1296,0.0123,0.0810,0.0628,0.0724,0.1647,0.0206,0.0000,7.33,10.4213,8.5837,5.5399
1705297579.5333,0.0818,0.0627,0.0663,0.0548,0.1886,0.1224,0.0503,0.0488,0.2586,0.4393,0.3455,-0.0190,0.5160,0.0832,0.0441,0.1923,0.0751,0.0735,0.0248,0.0304,0.0848,0.1242,0.0685,0.1138,0.1498,0.2268,0.0277,0.0012,0.0000,0.1448,0.1324,0.0850,0.0996,0.0000,15.26,1.7991,-10.3583,-3.6357
1705297579.6000,0.0832,0.0645,0.0481,0.0564,0.1950,0.1050,0.0800,0.0504,0.2734,0.4264,0.3150,-0.0535,0.6066,0.0634,0.0093,0.2654,0.0496,0.1569,0.1105,0.0029,0.0686,0.0650,0.1117,0.0353,0.1441,0.0970,0.0533,0.0077,0.0822,0.0946,0.1699,0.1777,0.0153,0.0000,10.45,1.3828,-7.0703,6.6591
1705297579.6667,0.0804,0.0667,0.0577,0.0587,0.1664,0.1087,0.0651,0.0606,0.2801,0.4334,0.3211,-0.1456,0.6970,0.1339,0.0317,0.1914,0.0000,0.1353,0.0171,0.0650,0.0899,0.0706,0.0064,0.0227,0.1580,0.1079,0.1370,0.0000,0.0320,0.1149,0.1814,0.1243,0.0519,0.0000,15.41,9.1536,-14.8957,0.6227
1705297579.7333,0.0853,0.0745,0.0503,0.0587,0.1515,0.1107,0.0665,0.0755,0.2565,0.4422,0.3667,-0.1652,0.6733,0.0509,0.0000,0.2119,0.0000,0.0804,0.0426,0.1094,0.1107,0.1205,0.0549,0.0000,0.1009,0.0680,0.2130,0.0765,0.0878,0.1039,0.0550,0.0879,0.0340,0.0000,12.34,2.2060,-4.1821,-0.6768
1705297579.8000,0.0878,0.0794,0.0590,0.0559,0.1637,0.1151,0.0835,0.0591,0.2688,0.4166,0.3848,-0.1339,0.6272,0.0769,0.0000,0.0974,0.0223,0.0330,0.0000,0.0755,0.0554,0.1083,0.0398,0.1099,0.0668,0.1017,0.1024,0.0209,0.1188,0.0666,0.0895,0.1120,0.0490,0.0000,15.86,10.1061,2.7794,-1.7621
1705297579.8667,0.0893,0.0699,0.0542,0.0675,0.1372,0.1254,0.0777,0.0708,0.2641,0.4264,0.3921,-0.1296,0.7451,0.0964,0.0167,0.1878,0.0361,0.0681,0.0363,0.1092,0.0441,0.0339,0.0438,0.0925,0.0624,0.0334,0.1683,0.0284,0.0718,0.1509,0.1203,0.1088,0.0866,0.0000,13.21,-9.0888,1.4040,0.5436
1705297579.9333,0.0782,0.0714,0.0521,0.0540,0.1557,0.1341,0.0580,0.0815,0.2497,0.4391,0.3431,-0.1372,0.7303,0.0329,0.0544,0.1180,0.0501,0.1434,0.0000,0.0454,0.1264,0.1837,0.0810,0.0673,0.0759,0.0948,0.1106,0.0318,0.0030,0.1331,0.1224,0.1822,0.0000,0.0000,15.71,4.2082,-17.7233,1.4336
1705297580.0000,0.0754,0.0677,0.0479,0.0569,0.1556,0.1256,0.0411,0.0782,0.2459,0.4634,0.3327,-0.1319,0.7428,0.0358,0.0421,0.2006,0.0407,0.0904,0.0384,0.0312,0.1390,0.0000,0.0451,0.0855,0.1396,0.0799,0.1920,0.0000,0.0533,0.1575,0.1123,0.1514,0.0839,0.0000,18.33,15.8319,5.7980,6.8072
1705297580.0667,0.0664,0.0711,0.0334,0.0484,0.2011,0.1216,0.0590,0.0813,0.2267,0.4546,0.3151,-0.1044,0.7633,0.0837,0.1301,0.1092,0.0754,0.1056,0.0332,0.0364,0.1687,0.1330,0.0066,0.1471,0.0650,0.1084,0.1306,0.0792,0.1514,0.1007,0.1392,0.2278,0.0935,0.0000,15.18,5.0659,4.2108,-8.9325
1705297580.1333,0.0650,0.0652,0.0286,0.0484,0.1961,0.1251,0.0549,0.0932,0.2321,0.4548,0.2954,-0.0905,0.7552,0.1211,0.0785,0.0785,0.0407,0.0799,0.0399,0.0126,0.1442,0.1100,0.0588,0.0671,0.0613,0.1727,0.1632,0.0619,0.1006,0.0836,0.1683,0.1276,0.1268,0.0000,19.17,15.9363,-9.0975,11.6025
1705297580.2000,0.0660,0.0600,0.0236,0.0558,0.2074,0.1414,0.0530,0.1096,0.1995,0.4502,0.2409,-0.0763,0.7875,0.0873,0.0145,0.1448,0.0505,0.1799,0.0423,0.0540,0.0957,0.1497,0.1170,0.0805,0.1159,0.0657,0.0847,0.0389,0.0561,0.1139,0.1416,0.1916,0.1081,1.0000,14.69,0.0768,9.6330,-1.2938
1705297580.2667,0.0485,0.0646,0.0332,0.0485,0.2075,0.1545,0.0547,0.0945,0.1875,0.4639,0.2974,-0.0438,0.7756,0.0938,0.0125,0.0779,0.0109,0.1608,0.0165,0.0000,0.1083,0.0719,0.0882,0.1551,0.0587,0.0877,0.1307,0.0413,0.1091,0.0682,0.1655,0.0743,0.0572,0.0000,14.34,18.7657,9.1419,0.9094
1705297580.3333,0.0472,0.0597,0.0253,0.0426,0.2096,0.1625,0.0435,0.0964,0.1870,0.4757,0.3275,0.0085,0.6859,0.1001,0.0100,0.1276,0.0180,0.0900,0.0000,0.0408,0.0190,0.2146,0.0702,0.1837,0.0929,0.1038,0.1401,0.0496,0.0748,0.0867,0.1451,0.1373,0.0940,0.0000,20.29,9.9062,2.8070,-10.4045
1705297580.4000,0.0564,0.0652,0.0151,0.0386,0.2017,0.1456,0.0661,0.1020,0.2080,0.4608,0.3185,-0.0583,0.6606,0.1231,0.0577,0.1509,0.0589,0.1404,0.0369,0.0333,0.0983,0.1022,0.0170,0.1356,0.0912,0.0154,0.0280,0.0396,0.0365,0.0303,0.0831,0.1752,0.0581,1.0000,17.64,-4.1476,-3.1879,1.4995
1705297580.4667,0.0662,0.0688,0.0130,0.0536,0.1916,0.1458,0.0775,0.1061,0.2254,0.4311,0.3442,-0.0600,0.6348,0.0593,0.1235,0.1759,0.0335,0.1260,0.0673,0.0689,0.2072,0.0566,0.0685,0.0707,0.0608,0.1946,0.1450,0.0776,0.0473,0.0604,0.0000,0.1784,0.1679,1.0000,15.48,6.1715,6.2648,0.1433
1705297580.5333,0.0879,0.0623,0.0275,0.0578,0.2108,0.1243,0.0797,0.1124,0.2307,0.4039,0.3160,-0.0479,0.6666,0.1316,0.0066,0.1547,0.0536,0.1923,0.0200,0.0797,0.0976,0.1005,0.0471,0.0917,0.1482,0.0008,0.0610,0.0758,0.1341,0.1194,0.1334,0.2149,0.1069,0.0000,16.52,10.6123,8.5126,-5.1395
1705297580.6000,0.0850,0.0619,0.0213,0.0532,0.2204,0.1293,0.0985,0.1080,0.2342,0.3929,0.3516,-0.1225,0.6400,0.0646,0.1100,0.1575,0.0844,0.1431,0.0466,0.0157,0.0829,0.0480,0.1083,0.0692,0.0780,0.0430,0.1221,0.0274,0.0797,0.0667,0.1587,0.2018,0.1571,0.0000,14.73,-3.9181,-1.2766,0.6101
1705297580.6667,0.0807,0.0576,0.0171,0.0442,0.2074,0.1253,0.1152,0.0983,0.2447,0.4058,0.3717,-0.1716,0.6573,0.0928,0.1218,0.1177,0.0800,0.1535,0.0358,0.0196,0.0454,0.2016,0.0591,0.0738,0.0047,0.1495,0.0838,0.0563,0.1312,0.1424,0.0937,0.1648,0.0778,0.0000,15.16,6.2287,2.8957,-1.9493
1705297580.7333,0.0619,0.0675,0.0260,0.0407,0.2014,0.1443,0.0977,0.0905,0.2334,0.4219,0.3955,-0.0716,0.6503,0.0571,0.0882,0.0695,0.0135,0.1099,0.0729,0.0148,0.1591,0.1070,0.0571,0.0483,0.1187,0.0843,0.0364,0.0414,0.1410,0.1800,0.0926,0.1229,0.0983,0.0000,16.54,21.1898,3.7614,5.8513
1705297580.8000,0.0556,0.0704,0.0218,0.0409,0.1862,0.1260,0.0834,0.0992,0.2581,0.4351,0.4152,-0.0764,0.7378,0.0852,0.0268,0.2046,0.1073,0.1509,0.0000,0.0077,0.1721,0.1810,0.0930,0.0333,0.1455,0.1031,0.1215,0.0293,0.0516,0.1480,0.1271,0.2226,0.0000,1.0000,13.72,7.9575,-26.9943,3.2818
1705297580.8667,0.0375,0.0656,0.0209,0.0240,0.2012,0.1283,0.0682,0.0889,0.2715,0.4563,0.3744,-0.0840,0.7097,0.0763,0.0081,0.1380,0.0397,0.0506,0.0100,0.0325,0.0901,0.1383,0.0781,0.0092,0.1890,0.0000,0.1897,0.0000,0.0412,0.1538,0.1348,0.1423,0.1394,0.0000,17.84,-3.5044,-8.9181,-4.8996
1705297580.9333,0.0454,0.0684,0.0296,0.0356,0.2129,0.1149,0.0510,0.0827,0.2679,0.4550,0.4335,-0.0904,0.7124,0.1063,0.1127,0.1505,0.0423,0.1114,0.0000,0.0159,0.1333,0.2049,0.0685,0.1316,0.0983,0.1287,0.1087,0.0433,0.1000,0.0824,0.1108,0.1340,0.1500,1.0000,10.79,2.7346,-9.3139,3.1535
1705297581.0000,0.0536,0.0660,0.0310,0.0283,0.1935,0.1165,0.0560,0.0811,0.2411,0.4798,0.4340,-0.1864,0.6560,0.0458,0.0575,0.1661,0.0988,0.0536,0.0106,0.0000,0.0000,0.0489,0.1366,0.1667,0.1793,0.0754,0.0854,0.0000,0.1281,0.1111,0.0814,0.0934,0.1908,0.0000,15.04,4.0239,5.4670,3.1800
1705297581.0667,0.0574,0.0559,0.0246,0.0472,0.1653,0.0924,0.0403,0.0843,0.2351,0.5185,0.4443,-0.1039,0.7200,0.0000,0.0000,0.1509,0.0164,0.1083,0.0153,0.0000,0.0466,0.0975,0.1054,0.1355,0.0821,0.0762,0.0471,0.0120,0.0437,0.1466,0.1105,0.1582,0.1285,0.0000,14.06,10.9865,0.8020,4.9807
1705297581.1333,0.0568,0.0602,0.0306,0.0503,0.1600,0.0971,0.0498,0.0723,0.2396,0.5100,0.4464,-0.1090,0.7313,0.1230,0.0658,0.2217,0.0423,0.1149,0.0000,0.0315,0.1471,0.1484,0.0151,0.1560,0.0960,0.0369,0.1308,0.0000,0.0000,0.0000,0.0389,0.0887,0.0994,0.0000,13.83,12.5105,9.4946,-2.7510
1705297581.2000,0.0635,0.0666,0.0451,0.0551,0.1624,0.0859,0.0784,0.0657,0.2380,0.4836,0.4587,-0.1294,0.6823,0.1097,0.0011,0.1296,0.0700,0.0796,0.0209,0.0466,0.1172,0.0907,0.0655,0.0237,0.1492,0.1016,0.0418,0.0245,0.0864,0.0651,0.1459,0.1486,0.0808,0.0000,15.30,-1.6797,-10.8534,-0.1824
1705297581.2667,0.0587,0.0639,0.0372,0.0576,0.2009,0.0938,0.0683,0.0701,0.2328,0.4701,0.4559,-0.0786,0.6362,0.0894,0.0583,0.0769,0.0239,0.1271,0.0000,0.0863,0.1207,0.1080,0.0129,0.0951,0.1264,0.0995,0.1148,0.0263,0.1307,0.0603,0.0849,0.1745,0.1766,0.0000,16.43,14.6439,8.9101,-7.3745
1705297581.3333,0.0710,0.0784,0.0422,0.0500,0.1870,0.1088,0.0629,0.0542,0.2518,0.4562,0.4208,-0.0277,0.5361,0.1315,0.0409,0.1833,0.0460,0.1712,0.0444,0.0581,0.1298,0.1536,0.0987,0.0960,0.0980,0.0130,0.1968,0.0098,0.0664,0.1745,0.1402,0.1153,0.0027,0.0000,18.41,7.1560,14.7536,-10.2035
1705297581.4000,0.0730,0.0851,0.0446,0.0516,0.1807,0.1024,0.0526,0.0658,0.2539,0.4542,0.3782,-0.1106,0.5582,0.0568,0.0517,0.1809,0.0376,0.0799,0.0570,0.0000,0.1394,0.1222,0.1178,0.0605,0.0696,0.1286,0.1425,0.0246,0.0355,0.0000,0.1080,0.1481,0.1348,0.0000,15.54,9.1400,11.7972,0.5161
1705297581.4667,0.0805,0.0793,0.0439,0.0601,0.1771,0.1123,0.0268,0.0695,0.2632,0.4525,0.3145,-0.1771,0.6019,0.1436,0.0147,0.2133,0.0000,0.1056,0.0906,0.0438,0.0567,0.1568,0.0472,0.1204,0.0736,0.0671,0.0635,0.0438,0.0417,0.1325,0.0763,0.2404,0.0558,1.0000,10.29,0.8979,-16.7642,6.4534
1705297581.5333,0.0760,0.0767,0.0398,0.0445,0.1503,0.1083,0.0554,0.0764,0.2714,0.4607,0.3196,-0.2138,0.5964,0.1596,0.0441,0.1428,0.0541,0.0692,0.0275,0.0296,0.1232,0.1948,0.0596,0.1241,0.1249,0.0792,0.0600,0.0277,0.0718,0.1715,0.0640,0.1214,0.1010,0.0000,13.70,9.7198,15.0321,3.1114
1705297581.6000,0.0774,0.0702,0.0374,0.0397,0.1472,0.1177,0.0745,0.0705,0.2657,0.4598,0.3538,-0.2212,0.5747,0.1135,0.0552,0.2394,0.0565,0.0666,0.0311,0.0831,0.1670,0.1186,0.1050,0.1637,0.1193,0.0592,0.0693,0.0360,0.0619,0.0529,0.0965,0.1190,0.0800,0.0000,16.22,-3.9684,3.5447,2.7635
1705297581.6667,0.0748,0.0803,0.0352,0.0262,0.1162,0.1245,0.1006,0.0765,0.2503,0.4692,0.3341,-0.1833,0.5637,0.0662,0.0634,0.2089,0.0840,0.0833,0.0000,0.0730,0.1119,0.1616,0.0228,0.0906,0.0847,0.0819,0.1212,0.0623,0.0565,0.1447,0.1175,0.1211,0.0977,0.0000,12.84,9.9099,6.9438,-9.7158
1705297581.7333,0.0553,0.0978,0.0378,0.0473,0.1224,0.1300,0.0721,0.0492,0.2402,0.4888,0.3181,-0.1993,0.5487,0.0409,0.0840,0.1934,0.0106,0.0464,0.0332,0.0692,0.0126,0.0797,0.0925,0.1040,0.1121,0.1371,0.0841,0.0220,0.0000,0.0757,0.0000,0.1310,0.1636,0.0000,14.22,5.0190,-0.4758,-6.3638
1705297581.8000,0.0769,0.0961,0.0330,0.0605,0.1277,0.1280,0.0626,0.0510,0.2341,0.4780,0.3292,-0.1227,0.5661,0.1303,0.1079,0.1383,0.1045,0.0578,0.0309,0.0450,0.0857,0.0342,0.1251,0.0863,0.0498,0.0616,0.0344,0.0098,0.1471,0.1439,0.0810,0.1361,0.1436,0.0000,12.20,-3.8971,13.0003,-0.3039
1705297581.8667,0.0906,0.0973,0.0323,0.0529,0.1068,0.1216,0.0555,0.0741,0.2392,0.4778,0.3004,-0.1267,0.6043,0.0380,0.0000,0.1143,0.0753,0.0763,0.0308,0.0106,0.1457,0.0840,0.1235,0.0979,0.1175,0.0285,0.1285,0.0057,0.0950,0.1160,0.0926,0.1192,0.1237,0.0000,12.25,-0.3558,8.8761,5.8786
1705297581.9333,0.0987,0.0897,0.0238,0.0422,0.1018,0.1218,0.0537,0.0774,0.2509,0.4841,0.2545,-0.2018,0.6719,0.0199,0.0559,0.1379,0.0425,0.0471,0.0423,0.0524,0.0941,0.2037,0.1114,0.0763,0.0737,0.1523,0.1484,0.0533,0.0844,0.1432,0.0566,0.0823,0.1419,1.0000,16.72,-2.4146,15.4065,-2.6042
1705297582.0000,0.0878,0.0879,0.0256,0.0532,0.1029,0.1202,0.0484,0.0784,0.2261,0.5017,0.3419,-0.2236,0.6127,0.1503,0.0089,0.1835,0.0829,0.0015,0.0910,0.0846,0.0689,0.1247,0.0702,0.0904,0.1714,0.0164,0.0684,0.0408,0.0719,0.1295,0.1365,0.1885,0.0931,0.0000,14.58,6.7865,-17.8890,-3.0186
1705297582.0667,0.0725,0.0784,0.0438,0.0628,0.0736,0.1139,0.0625,0.0660,0.2001,0.5358,0.3325,-0.1094,0.5792,0.0178,0.0567,0.1588,0.0000,0.0325,0.0527,0.0617,0.0493,0.0757,0.1022,0.0864,0.0525,0.0733,0.1605,0.0482,0.0720,0.0689,0.1289,0.0000,0.1401,0.0000,18.87,16.5035,-4.4825,-5.7290
1705297582.1333,0.0841,0.0862,0.0570,0.0760,0.0930,0.1182,0.0473,0.0670,0.2175,0.4921,0.2840,-0.1371,0.5693,0.0961,0.0526,0.1200,0.0425,0.0272,0.0000,0.0730,0.0862,0.0651,0.1066,0.0631,0.1417,0.1213,0.0764,0.1159,0.1215,0.1265,0.1197,0.0638,0.1500,1.0000,8.85,14.2810,-10.6947,-8.9488
1705297582.2000,0.0892,0.0894,0.0542,0.0737,0.0825,0.1114,0.0340,0.0775,0.2057,0.5094,0.3546,-0.1694,0.5689,0.0808,0.0388,0.1571,0.0093,0.0833,0.0000,0.0173,0.1326,0.1099,0.1123,0.1476,0.0512,0.0871,0.1883,0.0761,0.1047,0.1173,0.1006,0.0959,0.1361,0.0000,19.44,1.1375,8.2296,-0.8902
1705297582.2667,0.0872,0.0829,0.0522,0.0695,0.0769,0.1037,0.0000,0.0841,0.1854,0.5549,0.4158,-0.1698,0.6083,0.0808,0.0479,0.0965,0.0000,0.0747,0.0310,0.0416,0.1199,0.1286,0.0506,0.2216,0.0428,0.0563,0.0827,0.0000,0.0903,0.0339,0.1214,0.0257,0.0791,0.0000,18.64,1.1756,-10.5988,3.8371
1705297582.3333,0.0875,0.0925,0.0503,0.0711,0.0769,0.1048,0.0109,0.0764,0.1950,0.5408,0.4259,-0.1662,0.5602,0.1271,0.0118,0.1624,0.0000,0.0457,0.0000,0.0721,0.1212,0.1342,0.1012,0.1543,0.1776,0.1548,0.0762,0.0000,0.1607,0.0481,0.1702,0.0532,0.0730,0.0000,12.52,4.3633,11.7639,-3.2117
1705297582.4000,0.0872,0.1052,0.0516,0.0775,0.0910,0.1087,0.0057,0.0606,0.2201,0.5155,0.4225,-0.1739,0.5273,0.1300,0.0000,0.1769,0.0182,0.0553,0.0437,0.0883,0.0323,0.0313,0.0701,0.0649,0.1498,0.0869,0.1922,0.0000,0.1417,0.0635,0.1504,0.1640,0.0369,0.0000,14.69,4.7008,3.5179,-1.0499
1705297582.4667,0.0974,0.1100,0.0453,0.0697,0.1003,0.1206,0.0234,0.0705,0.1980,0.4989,0.4063,-0.1033,0.5476,0.0961,0.0155,0.1318,0.0548,0.1029,0.0391,0.0829,0.1122,0.1302,0.0976,0.1117,0.1453,0.1099,0.1176,0.0000,0.1084,0.0887,0.1518,0.0130,0.0616,1.0000,16.60,4.4376,12.8901,-6.6469
1705297582.5333,0.1163,0.1089,0.0458,0.0724,0.0880,0.1100,0.0393,0.0685,0.2141,0.4819,0.4208,-0.0452,0.6376,0.1022,0.0304,0.1491,0.0357,0.0214,0.0655,0.0120,0.0296,0.0087,0.0230,0.0005,0.0546,0.1152,0.1114,0.0000,0.1112,0.2274,0.0975,0.1096,0.0790,0.0000,13.95,7.8033,-2.6478,-3.7824
1705297582.6000,0.1389,0.1089,0.0358,0.0644,0.0881,0.1068,0.0563,0.0566,0.2148,0.4777,0.4217,-0.0911,0.6623,0.0861,0.0146,0.1883,0.1206,0.0380,0.0443,0.0687,0.1289,0.0833,0.1351,0.0552,0.1143,0.1905,0.0619,0.0767,0.0231,0.0657,0.0659,0.1355,0.1478,1.0000,11.90,-1.5465,-9.6519,3.7894
1705297582.6667,0.1350,0.1143,0.0350,0.0716,0.0974,0.1175,0.0422,0.0529,0.2335,0.4604,0.4129,-0.1096,0.6462,0.0634,0.0486,0.1591,0.0411,0.0000,0.0479,0.0490,0.1115,0.0982,0.0844,0.0317,0.0895,0.0777,0.0451,0.0000,0.1405,0.0989,0.1352,0.0561,0.1398,0.0000,12.95,4.2068,-6.7494,-5.0274
1705297582.7333,0.1368,0.1071,0.0383,0.0555,0.1086,0.1228,0.0189,0.0602,0.2361,0.4694,0.3863,-0.0924,0.6390,0.0519,0.0002,0.1582,0.0420,0.0651,0.0583,0.0964,0.0955,0.1529,0.0768,0.0339,0.0440,0.1051,0.1718,0.0000,0.1034,0.0075,0.1030,0.0947,0.1070,0.0000,14.14,-1.6846,20.5428,-4.3608
1705297582.8000,0.1257,0.1094,0.0402,0.0651,0.0929,0.1434,0.0164,0.0841,0.2260,0.4580,0.3998,-0.0803,0.6359,0.0688,0.0120,0.1643,0.0910,0.0600,0.0711,0.0539,0.1641,0.0302,0.1116,0.0883,0.1437,0.1381,0.0954,0.0485,0.1132,0.1773,0.0957,0.0572,0.0233,0.0000,17.35,14.2629,-7.2425,-1.7732
1705297582.8667,0.1114,0.0947,0.0331,0.0587,0.0652,0.1311,0.0210,0.0906,0.2215,0.5036,0.3570,-0.0944,0.6598,0.0054,0.0000,0.1912,0.0000,0.0280,0.0338,0.1004,0.0674,0.0362,0.0649,0.1723,0.0000,0.0083,0.0951,0.0298,0.0373,0.0596,0.1302,0.0508,0.1342,0.0000,15.31,7.4080,6.9047,2.3680
1705297582.9333,0.1094,0.0831,0.0317,0.0581,0.0838,0.1547,0.0214,0.1061,0.2094,0.4854,0.3443,-0.0707,0.6538,0.0084,0.0809,0.1295,0.0580,0.0000,0.0427,0.0695,0.0465,0.1208,0.0782,0.0791,0.0522,0.1143,0.0428,0.0000,0.0880,0.2111,0.0000,0.0976,0.0818,0.0000,20.84,7.5238,20.5956,4.6334
1705297583.0000,0.0935,0.0822,0.0318,0.0464,0.1000,0.1345,0.0140,0.1005,0.2313,0.4995,0.3947,-0.0950,0.6464,0.0786,0.0000,0.1605,0.0125,0.0530,0.0135,0.0598,0.1049,0.1872,0.0884,0.1719,0.0134,0.0527,0.1197,0.0000,0.1127,0.0945,0.1309,0.0695,0.1617,0.0000,11.81,3.3932,-4.9308,-4.9391
1705297583.0667,0.1119,0.0830,0.0234,0.0297,0.1307,0.1249,0.0232,0.0934,0.2316,0.4889,0.4619,-0.1150,0.7218,0.0818,0.0000,0.1460,0.0195,0.0520,0.0285,0.0729,0.0525,0.0591,0.0656,0.0743,0.1901,0.1140,0.1296,0.0139,0.1127,0.0377,0.1082,0.0803,0.0691,0.0000,15.57,13.2382,13.5893,-1.8475
1705297583.1333,0.1101,0.0952,0.0348,0.0214,0.1132,0.1086,0.0254,0.0688,0.2156,0.5242,0.5084,-0.0739,0.6625,0.0595,0.0000,0.1316,0.0000,0.1156,0.0311,0.0713,0.1152,0.1225,0.0979,0.0376,0.1658,0.1098,0.0652,0.0000,0.0983,0.1463,0.1467,0.0352,0.1959,0.0000,17.00,-9.0691,4.6634,-1.5432
1705297583.2000,0.0946,0.0906,0.0365,0.0236,0.0968,0.1191,0.0544,0.0861,0.2198,0.5071,0.4418,-0.1101,0.7109,0.0894,0.0155,0.0634,0.0687,0.0803,0.0820,0.0417,0.1233,0.2464,0.0968,0.1391,0.0351,0.1614,0.1289,0.0267,0.0801,0.1390,0.1266,0.1087,0.1054,0.0000,10.08,1.7781,6.3856,-1.8462
1705297583.2667,0.0776,0.0943,0.0375,0.0411,0.1255,0.1228,0.0488,0.0640,0.2114,0.5063,0.4472,-0.1070,0.6549,0.1283,0.0936,0.3294,0.0379,0.0340,0.0097,0.0159,0.1169,0.0752,0.1062,0.1051,0.0844,0.0259,0.0000,0.0477,0.0991,0.0412,0.1520,0.0838,0.1641,0.0000,12.70,-0.7410,5.1051,1.9538
1705297583.3333,0.0741,0.0947,0.0268,0.0360,0.1304,0.1191,0.0264,0.0639,0.2054,0.5339,0.3787,-0.0041,0.6797,0.0614,0.0416,0.0289,0.0000,0.0951,0.0651,0.0186,0.0571,0.1125,0.0979,0.1059,0.0487,0.0332,0.0624,0.0365,0.1632,0.0946,0.1342,0.0478,0.0680,0.0000,19.39,9.8748,-21.0483,-9.3104
1705297583.4000,0.0730,0.0739,0.0261,0.0337,0.1369,0.1277,0.0350,0.0641,0.2279,0.5210,0.3827,-0.0686,0.6521,0.0937,0.0035,0.1417,0.0125,0.1299,0.0173,0.0806,0.0000,0.0460,0.0982,0.0577,0.1195,0.0871,0.0123,0.0347,0.1711,0.1393,0.1332,0.0281,0.1227,1.0000,17.85,1.0560,-2.2745,-2.5266
1705297583.4667,0.0657,0.0717,0.0303,0.0108,0.1682,0.1306,0.0787,0.0596,0.2468,0.4827,0.3580,-0.0024,0.6340,0.0495,0.0901,0.1561,0.0000,0.1057,0.0343,0.0443,0.1159,0.1042,0.0685,0.1347,0.0575,0.1635,0.1699,0.0158,0.0968,0.1364,0.0645,0.0900,0.1055,1.0000,19.41,16.3599,7.3623,-12.3294
1705297583.5333,0.0634,0.0681,0.0292,0.0201,0.2128,0.1200,0.0972,0.0745,0.2358,0.4473,0.4465,-0.0632,0.5661,0.1172,0.1597,0.0946,0.1119,0.0971,0.0867,0.0573,0.0921,0.2102,0.0525,0.1422,0.1113,0.1174,0.0730,0.0307,0.0320,0.1771,0.1410,0.1817,0.0983,0.0000,15.14,-6.4242,4.4403,-2.4314
1705297583.6000,0.0737,0.0687,0.0162,0.0514,0.1967,0.1171,0.0960,0.0803,0.2287,0.4428,0.3817,-0.0537,0.5334,0.0134,0.0636,0.1537,0.0576,0.0277,0.0000,0.0694,0.1006,0.0967,0.1042,0.0000,0.1498,0.0780,0.1346,0.0711,0.0147,0.1026,0.1588,0.1529,0.0636,0.0000,19.38,4.2162,10.4089,8.6923
1705297583.6667,0.0846,0.0713,0.0173,0.0491,0.2082,0.1006,0.0493,0.0755,0.2179,0.4758,0.4104,-0.0512,0.6165,0.0629,0.0000,0.1081,0.0401,0.0822,0.0502,0.0160,0.0767,0.0672,0.0928,0.1974,0.1017,0.0888,0.1094,0.0589,0.0687,0.1621,0.1233,0.1831,0.0402,0.0000,12.45,1.4558,-3.2282,2.9015
1705297583.7333,0.0895,0.0960,0.0103,0.0370,0.2024,0.1309,0.0586,0.0685,0.2062,0.4603,0.4185,-0.0961,0.6349,0.1364,0.0265,0.2327,0.0524,0.1688,0.0074,0.0506,0.1387,0.0979,0.0854,0.0539,0.0499,0.0710,0.1534,0.0219,0.1015,0.1128,0.0049,0.1738,0.1176,1.0000,16.95,1.5606,-9.9691,-2.4853
1705297583.8000,0.0931,0.0821,0.0113,0.0422,0.1922,0.1026,0.0363,0.0618,0.2074,0.5026,0.4027,-0.1015,0.6649,0.1024,0.0018,0.1801,0.0377,0.0780,0.0492,0.0182,0.1993,0.1544,0.0797,0.1652,0.1199,0.1049,0.1631,0.0034,0.0474,0.1030,0.1128,0.2453,0.0432,0.0000,17.91,15.6965,4.1059,1.6206
1705297583.8667,0.0970,0.0886,0.0027,0.0509,0.1884,0.0974,0.0321,0.0512,0.2079,0.5103,0.3903,-0.1192,0.6434,0.0945,0.0000,0.1277,0.0401,0.0971,0.0511,0.0588,0.0784,0.0578,0.0699,0.1316,0.0892,0.0589,0.0891,0.0456,0.0614,0.0625,0.1531,0.1882,0.1112,0.0000,13.12,8.8757,-1.6920,1.0530
1705297583.9333,0.0949,0.0835,0.0118,0.0426,0.2027,0.0823,0.0317,0.0544,0.2082,0.5127,0.3383,-0.0905,0.6263,0.1293,0.0592,0.0712,0.0000,0.1075,0.0847,0.0879,0.1889,0.1783,0.0632,0.0000,0.1761,0.0717,0.1129,0.0000,0.0393,0.0297,0.1788,0.2030,0.0670,0.0000,16.70,-1.0237,5.7145,8.9657
1705297584.0000,0.1163,0.0818,0.0224,0.0375,0.2114,0.0886,0.0216,0.0602,0.1955,0.4988,0.3743,-0.1422,0.6569,0.1182,0.0873,0.1853,0.0098,0.1221,0.0690,0.0536,0.1003,0.1057,0.0205,0.0134,0.1557,0.0900,0.1180,0.0198,0.1032,0.1294,0.1470,0.1968,0.1049,0.0000,17.27,4.3240,1.5960,6.0668
1705297584.0667,0.1040,0.0915,0.0168,0.0425,0.2206,0.1047,0.0550,0.0631,0.2162,0.4514,0.4178,-0.1143,0.6038,0.0764,0.0956,0.1945,0.0843,0.1294,0.0433,0.0563,0.0799,0.0530,0.0690,0.0734,0.0771,0.1821,0.0000,0.0000,0.0725,0.0627,0.1184,0.2432,0.1889,0.0000,13.04,11.7625,-12.7890,-10.1691
1705297584.1333,0.0866,0.0789,0.0322,0.0426,0.1761,0.1067,0.0695,0.0694,0.2392,0.4593,0.3630,-0.1062,0.5446,0.0526,0.0130,0.1869,0.0411,0.1112,0.0645,0.0226,0.0695,0.0821,0.0656,0.1554,0.1013,0.1227,0.1403,0.0688,0.0441,0.0770,0.0444,0.1391,0.0933,0.0000,23.07,6.8050,8.6230,-0.2519
1705297584.2000,0.0659,0.0779,0.0244,0.0547,0.1427,0.1202,0.0635,0.0676,0.2537,0.4777,0.3962,-0.0828,0.5651,0.0760,0.0329,0.1723,0.0615,0.0977,0.0230,0.0637,0.0875,0.1021,0.0575,0.1007,0.1245,0.0954,0.1247,0.0101,0.0430,0.0699,0.1337,0.1588,0.0269,0.0000,17.98,-4.0589,1.9699,3.4961
1705297584.2667,0.0604,0.0581,0.0270,0.0415,0.1608,0.1042,0.0723,0.0822,0.2479,0.4874,0.3943,-0.0587,0.5097,0.0701,0.0622,0.1501,0.0621,0.1208,0.0641,0.0664,0.1339,0.1505,0.0916,0.1507,0.1168,0.1719,0.0482,0.0451,0.1861,0.1226,0.1850,0.1965,0.1142,0.0000,13.21,-0.5942,-8.1006,0.4436
1705297584.3333,0.0644,0.0706,0.0318,0.0350,0.1696,0.1089,0.0892,0.0820,0.2490,0.4597,0.4086,-0.0469,0.5556,0.0983,0.1024,0.1851,0.1281,0.1060,0.0562,0.0439,0.1409,0.0551,0.0749,0.1006,0.0336,0.0326,0.0996,0.0315,0.0363,0.1162,0.0814,0.1428,0.1344,0.0000,14.83,-5.4899,-3.7403,4.5022
1705297584.4000,0.0628,0.0710,0.0356,0.0445,0.1611,0.1049,0.1158,0.0777,0.2610,0.4394,0.3673,-0.1238,0.5965,0.0425,0.0472,0.1182,0.0634,0.1196,0.0000,0.0778,0.0870,0.1914,0.0956,0.1473,0.0235,0.2186,0.1427,0.0545,0.0988,0.1629,0.1153,0.1393,0.1326,0.0000,11.30,0.8260,4.7393,4.2055
1705297584.4667,0.0530,0.0807,0.0464,0.0473,0.1205,0.1008,0.1293,0.0718,0.2443,0.4635,0.3515,-0.1488,0.6428,0.0532,0.0556,0.1272,0.0637,0.0640,0.0176,0.0444,0.1424,0.0512,0.0879,0.1495,0.0947,0.1291,0.1043,0.0690,0.0902,0.1287,0.0084,0.1884,0.0410,0.0000,15.55,-3.4766,2.2926,6.8087
1705297584.5333,0.0387,0.0847,0.0464,0.0615,0.1285,0.1189,0.1137,0.0573,0.2167,0.4800,0.3567,-0.2236,0.6450,0.1171,0.0589,0.1855,0.0543,0.0810,0.0250,0.0600,0.1853,0.1305,0.1259,0.1298,0.0681,0.1415,0.1298,0.0637,0.0744,0.0696,0.1530,0.0669,0.1411,0.0000,10.61,19.0402,17.1777,-0.2328
1705297584.6000,0.0533,0.0805,0.0360,0.0620,0.1304,0.1244,0.1068,0.0906,0.2361,0.4479,0.3149,-0.2342,0.6521,0.0232,0.0913,0.2070,0.0352,0.0976,0.0162,0.0197,0.0703,0.1738,0.0489,0.0903,0.0153,0.1351,0.0851,0.0864,0.0626,0.1784,0.0823,0.0391,0.0955,0.0000,17.91,2.3524,-11.2105,8.0365
1705297584.6667,0.0731,0.1020,0.0253,0.0567,0.1110,0.1200,0.1023,0.0834,0.2401,0.4516,0.3557,-0.1762,0.6907,0.1321,0.0664,0.2006,0.0976,0.0888,0.0599,0.0253,0.0712,0.0588,0.0633,0.1057,0.0485,0.0847,0.1536,0.0641,0.1161,0.1482,0.0175,0.0624,0.0136,0.0000,15.00,-11.1229,-0.5782,1.2025
1705297584.7333,0.0649,0.0955,0.0190,0.0395,0.1009,0.1253,0.1001,0.0956,0.2492,0.4660,0.3750,-0.2150,0.7418,0.1303,0.1230,0.1676,0.0316,0.0724,0.0375,0.0616,0.1178,0.0207,0.0625,0.1164,0.0466,0.1731,0.1398,0.0302,0.1301,0.0837,0.2210,0.0550,0.1672,0.0000,15.66,29.1751,2.0295,1.7205
1705297584.8000,0.0690,0.0916,0.0151,0.0613,0.0810,0.1279,0.1010,0.0992,0.2373,0.4699,0.3660,-0.1970,0.7578,0.1202,0.0921,0.1985,0.0856,0.0363,0.0513,0.0843,0.1452,0.1430,0.0112,0.1689,0.0703,0.1693,0.0818,0.0100,0.0756,0.0908,0.0865,0.0000,0.1316,0.0000,13.76,6.5358,7.3605,7.1539
1705297584.8667,0.0590,0.0866,0.0223,0.0613,0.0522,0.1277,0.0885,0.0938,0.1991,0.5257,0.3408,-0.2322,0.7218,0.0274,0.1313,0.1365,0.0861,0.0135,0.0594,0.0245,0.1106,0.1172,0.0890,0.0912,0.1099,0.1517,0.0422,0.0491,0.1377,0.1495,0.0793,0.0000,0.1458,0.0000,15.43,8.1077,-0.7515,-1.7199
1705297584.9333,0.0554,0.0918,0.0143,0.0697,0.0655,0.1248,0.0748,0.0815,0.1811,0.5447,0.3520,-0.1839,0.7767,0.0713,0.0427,0.1113,0.0671,0.0123,0.0017,0.0575,0.1858,0.1330,0.0806,0.2295,0.0379,0.0490,0.0438,0.0117,0.1456,0.1824,0.0322,0.0499,0.1654,0.0000,12.89,14.1464,1.3278,1.5665
1705297585.0000,0.0569,0.0848,0.0213,0.0469,0.0915,0.1587,0.0456,0.0782,0.1753,0.5444,0.3676,-0.1378,0.7255,0.1366,0.0435,0.1375,0.0050,0.0842,0.0525,0.0224,0.1406,0.1722,0.0592,0.1590,0.1508,0.0838,0.2125,0.0275,0.1407,0.0503,0.1441,0.0678,0.0501,0.0000,23.60,10.2955,-13.4938,1.7921
1705297585.0667,0.0568,0.0988,0.0395,0.0478,0.0644,0.1566,0.0751,0.0676,0.1640,0.5377,0.3343,-0.1623,0.7240,0.0662,0.0078,0.0674,0.0415,0.0081,0.0141,0.0384,0.1576,0.1260,0.0515,0.0759,0.1333,0.1515,0.1691,0.0533,0.1802,0.1048,0.0162,0.0000,0.1116,0.0000,19.16,2.3691,0.8227,9.1577
1705297585.1333,0.0642,0.1035,0.0408,0.0526,0.0910,0.1599,0.0690,0.0677,0.1685,0.5097,0.2575,-0.1599,0.7482,0.1353,0.0818,0.1045,0.0468,0.0170,0.0000,0.0412,0.0030,0.0270,0.1115,0.0927,0.1682,0.1624,0.1475,0.0111,0.1376,0.0575,0.1295,0.0872,0.0686,0.0000,12.74,9.9339,-2.2727,3.5684
1705297585.2000,0.0664,0.1080,0.0438,0.0555,0.1241,0.1544,0.0846,0.0764,0.1830,0.4622,0.2034,-0.1144,0.7106,0.1281,0.0589,0.1337,0.0190,0.1317,0.0022,0.0124,0.0443,0.0904,0.0854,0.0916,0.0643,0.0805,0.1511,0.0698,0.0037,0.1146,0.1351,0.0993,0.1723,0.0000,16.55,1.0841,-2.4387,0.4321
1705297585.2667,0.0767,0.0915,0.0340,0.0553,0.1398,0.1413,0.0911,0.0697,0.1983,0.4614,0.2501,-0.1216,0.6897,0.0649,0.1014,0.2247,0.0850,0.0099,0.0818,0.0668,0.1104,0.1617,0.0743,0.1796,0.1378,0.0185,0.0777,0.0267,0.0752,0.1332,0.0129,0.0453,0.0321,1.0000,20.86,7.1443,15.2518,0.8943
1705297585.3333,0.1033,0.0872,0.0330,0.0545,0.1353,0.1552,0.0825,0.0551,0.1899,0.4624,0.2150,-0.1853,0.7082,0.0980,0.0285,0.1338,0.0415,0.0935,0.0626,0.0663,0.1254,0.0807,0.0699,0.0831,0.0577,0.1054,0.1158,0.0075,0.0729,0.1120,0.0984,0.1227,0.1395,0.0000,13.06,11.5956,-9.0084,-4.5739
1705297585.4000,0.1092,0.0828,0.0503,0.0662,0.1515,0.1730,0.0924,0.0505,0.1889,0.4213,0.1784,-0.1241,0.6461,0.1963,0.1058,0.1423,0.0984,0.0368,0.0754,0.1095,0.0000,0.0487,0.1050,0.0019,0.0414,0.1766,0.0824,0.0426,0.1699,0.0976,0.1482,0.1189,0.0470,0.0000,19.28,21.1731,-9.5738,-0.3163
1705297585.4667,0.1187,0.0750,0.0558,0.0459,0.1694,0.1569,0.0770,0.0485,0.1708,0.4491,0.2053,-0.1714,0.6666,0.1593,0.0798,0.1441,0.0000,0.1130,0.0440,0.0395,0.0912,0.0928,0.0536,0.1595,0.1602,0.0077,0.1102,0.0056,0.1052,0.0656,0.0898,0.1995,0.1398,0.0000,16.66,6.0409,3.9032,-3.3999
1705297585.5333,0.1156,0.0672,0.0446,0.0470,0.1921,0.1605,0.0710,0.0447,0.1620,0.4572,0.1820,-0.1578,0.6389,0.1065,0.0206,0.1505,0.0651,0.1013,0.0343,0.1054,0.1425,0.0734,0.1360,0.0861,0.0888,0.0955,0.0448,0.0530,0.0434,0.0598,0.0578,0.0677,0.1345,0.0000,19.94,-8.3133,-1.4170,4.0751
1705297585.6000,0.1066,0.0608,0.0600,0.0419,0.1935,0.1465,0.0657,0.0521,0.1750,0.4587,0.2086,-0.2246,0.6473,0.0742,0.0697,0.1691,0.0621,0.1409,0.0000,0.0592,0.1513,0.1241,0.1012,0.2482,0.0757,0.1120,0.0810,0.0791,0.1067,0.1617,0.1657,0.0926,0.2182,0.0000,11.76,-4.7637,1.9728,-9.8617
1705297585.6667,0.1221,0.0600,0.0532,0.0384,0.1763,0.1484,0.0646,0.0281,0.1976,0.4667,0.2219,-0.2298,0.6400,0.1119,0.0896,0.1446,0.0329,0.0414,0.0950,0.0725,0.1330,0.0820,0.0896,0.0730,0.0982,0.0651,0.1372,0.0086,0.1159,0.1335,0.1543,0.1902,0.0492,0.0000,14.63,7.8965,1.9312,-6.0705
1705297585.7333,0.1291,0.0642,0.0659,0.0346,0.1644,0.1435,0.0863,0.0347,0.2107,0.4399,0.2508,-0.2310,0.6527,0.1031,0.0927,0.1388,0.0127,0.1217,0.0456,0.0733,0.1084,0.2357,0.1318,0.0000,0.1197,0.0438,0.0502,0.0000,0.2177,0.1221,0.1073,0.1211,0.0914,0.0000,18.77,-2.0015,10.0102,-3.5268
1705297585.8000,0.1067,0.0690,0.0732,0.0181,0.1672,0.1493,0.0763,0.0335,0.2050,0.4611,0.3165,-0.2805,0.6492,0.0235,0.0000,0.1647,0.1070,0.0959,0.0706,0.0969,0.1500,0.1528,0.0429,0.0830,0.1184,0.0906,0.0809,0.0578,0.1215,0.0664,0.0304,0.0962,0.1392,0.0000,16.35,18.8797,-18.6451,-9.6284
1705297585.8667,0.1148,0.0907,0.0675,0.0258,0.1721,0.1378,0.0649,0.0406,0.1761,0.4658,0.3072,-0.1920,0.5854,0.1194,0.0202,0.0865,0.0332,0.1515,0.0599,0.0517,0.0119,0.0761,0.0934,0.1343,0.0062,0.0503,0.1165,0.0446,0.1236,0.0694,0.1646,0.1714,0.1391,0.0000,25.41,23.9003,0.2086,-0.9762
1705297585.9333,0.1159,0.0808,0.0633,0.0101,0.1680,0.1352,0.0684,0.0310,0.1891,0.4829,0.3873,-0.1372,0.6509,0.0180,0.0650,0.1524,0.0144,0.1317,0.0597,0.0810,0.1216,0.1575,0.0897,0.1006,0.0428,0.0797,0.1044,0.0054,0.1052,0.0613,0.1440,0.0502,0.0230,0.0000,16.25,1.2745,0.6734,-2.8761
1705297586.0000,0.1094,0.0754,0.0509,0.0048,0.1812,0.1224,0.0691,0.0258,0.1862,0.5049,0.4183,-0.1513,0.5681,0.1222,0.0000,0.1041,0.0145,0.0879,0.0265,0.0496,0.1671,0.0718,0.0653,0.0125,0.1249,0.0511,0.0124,0.0000,0.0000,0.0224,0.1243,0.1264,0.1189,0.0000,13.89,-5.0193,-5.6173,3.8083
1705297586.0667,0.1087,0.0826,0.0423,0.0184,0.1819,0.1251,0.0694,0.0386,0.2076,0.4753,0.3968,-0.1073,0.6141,0.2090,0.0762,0.1937,0.0283,0.0992,0.0493,0.0971,0.0961,0.1664,0.1000,0.1123,0.0596,0.0690,0.0887,0.0439,0.1970,0.1914,0.0867,0.1366,0.1411,0.0000,11.74,6.3593,-1.0344,-1.2031
1705297586.1333,0.1024,0.0745,0.0338,0.0257,0.1799,0.1168,0.0604,0.0346,0.2263,0.4875,0.3992,-0.0102,0.6091,0.0364,0.0779,0.1535,0.0215,0.0832,0.0858,0.0129,0.0380,0.1237,0.0763,0.1143,0.1223,0.0668,0.0858,0.0277,0.1102,0.1130,0.0258,0.0852,0.0299,0.0000,9.48,7.2914,-14.2716,-4.8455
1705297586.2000,0.1111,0.0644,0.0358,0.0357,0.1598,0.1150,0.0541,0.0568,0.2268,0.4843,0.3489,-0.0401,0.6091,0.0564,0.0450,0.1766,0.0424,0.0982,0.0492,0.1118,0.1348,0.2426,0.1096,0.0877,0.0515,0.1345,0.1995,0.0183,0.1265,0.1236,0.1592,0.1564,0.1528,0.0000,17.80,7.3577,-9.8351,1.8409
1705297586.2667,0.1100,0.0727,0.0316,0.0330,0.1675,0.1119,0.0402,0.0643,0.2375,0.4787,0.3204,-0.0823,0.6583,0.0619,0.0743,0.1863,0.0306,0.1374,0.0639,0.0000,0.1013,0.1373,0.0647,0.0114,0.1206,0.0267,0.1727,0.0186,0.1206,0.1033,0.0900,0.0959,0.1041,0.0000,15.45,0.0265,5.5414,-1.2302
1705297586.3333,0.0950,0.0656,0.0181,0.0345,0.1645,0.1160,0.0597,0.0686,0.2392,0.4833,0.3052,-0.0760,0.6918,0.0282,0.0259,0.2604,0.0301,0.1087,0.0178,0.0363,0.1891,0.0681,0.0967,0.0688,0.0900,0.1253,0.1187,0.0763,0.0405,0.0697,0.1113,0.0909,0.0462,0.0000,15.63,-2.5715,-0.4114,-2.8791
1705297586.4000,0.0910,0.0603,0.0166,0.0398,0.1965,0.1209,0.0411,0.0537,0.2186,0.4969,0.2680,-0.1131,0.6780,0.1094,0.0406,0.2105,0.0341,0.1289,0.0000,0.0862,0.0706,0.1685,0.0295,0.1905,0.0655,0.1708,0.0758,0.0077,0.1122,0.2079,0.0793,0.1581,0.1068,0.0000,15.26,12.1325,-0.5904,10.8025
1705297586.4667,0.1037,0.0594,0.0203,0.0507,0.1600,0.1415,0.0307,0.0319,0.2112,0.5144,0.2293,-0.0283,0.6983,0.1487,0.0564,0.1764,0.0000,0.0703,0.1084,0.0420,0.0110,0.0556,0.1056,0.0660,0.0821,0.0450,0.1336,0.0000,0.0674,0.1498,0.1784,0.1703,0.1833,0.0000,15.54,-14.0867,10.5910,1.3104
1705297586.5333,0.0840,0.0703,0.0281,0.0455,0.1642,0.1335,0.0322,0.0154,0.2170,0.5259,0.2489,-0.1200,0.7456,0.0247,0.0051,0.1837,0.0344,0.0682,0.0534,0.0860,0.1037,0.0854,0.0443,0.1103,0.1158,0.0602,0.1449,0.0478,0.1357,0.1037,0.1438,0.1530,0.0371,0.0000,16.89,3.0764,20.9036,-4.5644
1705297586.6000,0.0786,0.0842,0.0361,0.0586,0.1320,0.1298,0.0293,0.0332,0.2374,0.5085,0.2717,-0.0450,0.7093,0.1218,0.0432,0.1156,0.0985,0.0813,0.0207,0.0776,0.0553,0.0329,0.0912,0.0413,0.1784,0.1198,0.1134,0.0146,0.0652,0.0519,0.1225,0.1285,0.0912,0.0000,14.48,-0.5763,8.5001,0.6068
1705297586.6667,0.0672,0.0872,0.0432,0.0567,0.0975,0.1123,0.0448,0.0336,0.2146,0.5458,0.2788,-0.0230,0.6976,0.0922,0.0389,0.1230,0.0000,0.0609,0.0298,0.0761,0.0738,0.1295,0.0987,0.0769,0.0695,0.1938,0.0829,0.0363,0.0895,0.0549,0.0471,0.0771,0.0679,0.0000,13.42,6.6308,-19.4650,-0.4564
1705297586.7333,0.0533,0.0879,0.0529,0.0577,0.0796,0.1366,0.0338,0.0355,0.2039,0.5553,0.2865,-0.0248,0.7005,0.0527,0.0000,0.1533,0.0057,0.0000,0.0168,0.0542,0.1976,0.1221,0.1161,0.1440,0.0362,0.0303,0.1316,0.0408,0.0880,0.1093,0.0705,0.0499,0.1386,0.0000,14.03,4.4499,-16.4868,-1.0495
1705297586.8000,0.0502,0.0852,0.0603,0.0682,0.1065,0.1343,0.0574,0.0485,0.2096,0.5080,0.2731,0.0078,0.7394,0.0911,0.0140,0.1568,0.0120,0.0326,0.0251,0.0511,0.1555,0.0961,0.1083,0.0434,0.1690,0.1496,0.1090,0.0229,0.0643,0.1228,0.0601,0.0744,0.1274,0.0000,14.86,-7.3682,-15.1392,0.1608
1705297586.8667,0.0619,0.0960,0.0704,0.0585,0.0942,0.1194,0.0590,0.0566,0.2140,0.5020,0.3190,0.0292,0.7417,0.1134,0.0878,0.1094,0.0223,0.0455,0.0643,0.0788,0.1735,0.0991,0.0733,0.0000,0.0581,0.1311,0.1335,0.0525,0.0259,0.0918,0.1648,0.0107,0.1189,1.0000,15.89,4.0214,6.6191,2.3124
1705297586.9333,0.0619,0.0816,0.0713,0.0566,0.0925,0.1232,0.0340,0.0690,0.1966,0.5281,0.2526,-0.0080,0.7289,0.1055,0.0331,0.1315,0.0239,0.0967,0.0687,0.0343,0.1361,0.0670,0.1296,0.1471,0.0463,0.0993,0.1354,0.0000,0.0721,0.1190,0.1150,0.1042,0.0373,0.0000,12.00,8.8001,11.2522,5.3472
1705297587.0000,0.0638,0.0704,0.0722,0.0552,0.1127,0.1122,0.0271,0.0606,0.2157,0.5261,0.3013,-0.0648,0.6857,0.0528,0.0301,0.0848,0.0023,0.0836,0.0628,0.0604,0.0536,0.0545,0.0561,0.0730,0.0647,0.1446,0.1021,0.0245,0.2076,0.1719,0.1289,0.1492,0.0951,0.0000,18.09,9.7074,-4.0755,2.7645
1705297587.0667,0.0674,0.0678,0.0756,0.0488,0.1050,0.1212,0.0366,0.0559,0.2233,0.5190,0.2605,-0.1049,0.7008,0.1112,0.0121,0.0933,0.0694,0.0786,0.0625,0.0390,0.0285,0.1057,0.0169,0.0701,0.0309,0.1140,0.1317,0.0487,0.1045,0.1529,0.1210,0.0610,0.0488,0.0000,13.06,7.4228,-3.4586,-4.1079
1705297587.1333,0.0754,0.0662,0.0588,0.0472,0.1125,0.1186,0.0179,0.0466,0.1912,0.5594,0.2697,-0.1035,0.7027,0.0000,0.0000,0.1199,0.0000,0.0356,0.0482,0.0037,0.1413,0.1066,0.1169,0.0736,0.0909,0.0813,0.0262,0.0250,0.0911,0.1142,0.1410,0.0605,0.0982,0.0000,12.56,5.7687,-4.8927,0.8410
1705297587.2000,0.0829,0.0744,0.0488,0.0416,0.1241,0.1290,0.0332,0.0506,0.2208,0.5167,0.2655,-0.1106,0.6077,0.1075,0.0456,0.1033,0.0577,0.0676,0.0354,0.0372,0.1130,0.1138,0.0659,0.1232,0.1320,0.1237,0.0929,0.0706,0.1292,0.0255,0.0584,0.1222,0.1567,0.0000,14.07,15.8003,-13.4329,-5.4027
1705297587.2667,0.0936,0.0593,0.0414,0.0517,0.1562,0.1333,0.0433,0.0531,0.2215,0.4880,0.2359,-0.1808,0.6309,0.1649,0.0000,0.1894,0.0165,0.1329,0.0690,0.0396,0.1148,0.1150,0.1173,0.1361,0.0986,0.0996,0.1571,0.0371,0.1046,0.0290,0.0930,0.1256,0.1665,0.0000,19.52,8.8108,16.3393,3.4956
1705297587.3333,0.1019,0.0539,0.0468,0.0677,0.1617,0.1323,0.0491,0.0529,0.2267,0.4641,0.2359,-0.2191,0.6373,0.0613,0.0000,0.1710,0.0157,0.1057,0.0414,0.0652,0.1386,0.1254,0.0297,0.0737,0.2076,0.1289,0.0795,0.0810,0.0352,0.1227,0.0626,0.1292,0.0853,0.0000,11.17,5.3155,4.9966,-3.4004
1705297587.4000,0.1051,0.0592,0.0379,0.0675,0.1519,0.1331,0.0498,0.0457,0.2387,0.4667,0.3089,-0.1537,0.6510,0.1447,0.0846,0.1910,0.0000,0.0784,0.0439,0.0425,0.0568,0.0895,0.0393,0.1447,0.1057,0.1389,0.0508,0.0106,0.0275,0.0705,0.0784,0.0903,0.0005,1.0000,15.11,7.7580,7.3662,-0.6214
1705297587.4667,0.1089,0.0427,0.0454,0.0569,0.1453,0.1180,0.0593,0.0547,0.2525,0.4697,0.3237,-0.1692,0.6787,0.0576,0.1073,0.1758,0.1098,0.0798,0.0000,0.0601,0.1680,0.1233,0.0392,0.0742,0.1485,0.1026,0.1728,0.0000,0.0338,0.0837,0.1100,0.0782,0.0309,0.0000,13.98,-0.2431,-0.7475,-5.3553
1705297587.5333,0.0945,0.0550,0.0517,0.0503,0.1649,0.1252,0.0437,0.0577,0.2576,0.4596,0.2664,-0.1240,0.6860,0.0876,0.0275,0.1435,0.0000,0.1061,0.0453,0.0536,0.1374,0.1144,0.0462,0.0964,0.1353,0.0731,0.0103,0.0025,0.0406,0.1397,0.0597,0.1074,0.0674,0.0000,12.82,5.9018,-10.3415,-2.9158
1705297587.6000,0.1041,0.0403,0.0569,0.0498,0.1457,0.1193,0.0381,0.0576,0.2751,0.4679,0.2704,-0.1590,0.6389,0.1162,0.0374,0.1992,0.0154,0.0761,0.0848,0.0818,0.0751,0.0683,0.0653,0.0402,0.1124,0.0360,0.0242,0.0616,0.1244,0.0517,0.0800,0.1469,0.1085,0.0000,17.60,3.3514,12.0100,-9.4553
1705297587.6667,0.1132,0.0419,0.0537,0.0540,0.1464,0.1152,0.0455,0.0499,0.2470,0.4798,0.3219,-0.1880,0.6508,0.0569,0.0207,0.1489,0.0000,0.1310,0.1064,0.0760,0.1143,0.1993,0.0583,0.0446,0.0000,0.0381,0.0957,0.0000,0.0745,0.1259,0.0449,0.1488,0.1183,0.0000,16.85,9.3934,-7.7007,-6.5344
1705297587.7333,0.1219,0.0410,0.0534,0.0548,0.1270,0.1122,0.0485,0.0519,0.2350,0.4926,0.3016,-0.1252,0.6145,0.0692,0.0964,0.0742,0.0201,0.0133,0.0835,0.1211,0.1147,0.0836,0.0557,0.0935,0.1575,0.1747,0.1038,0.0596,0.1511,0.0816,0.1529,0.1047,0.1916,0.0000,10.99,-0.2168,7.0629,-2.5547
1705297587.8000,0.1120,0.0566,0.0483,0.0593,0.1396,0.1027,0.0696,0.0551,0.2345,0.4732,0.2575,-0.1103,0.5905,0.0760,0.0475,0.1703,0.0897,0.0747,0.0467,0.0631,0.1197,0.0807,0.0288,0.1472,0.0612,0.1582,0.0742,0.0213,0.0471,0.0395,0.0857,0.1554,0.1175,0.0000,13.77,10.1220,-8.4857,0.9819
1705297587.8667,0.0950,0.0417,0.0502,0.0569,0.1199,0.0943,0.0676,0.0501,0.2166,0.5247,0.3178,-0.1253,0.5767,0.0700,0.1076,0.0811,0.0169,0.0686,0.0354,0.0726,0.0762,0.1354,0.0708,0.0765,0.1392,0.1176,0.1383,0.0952,0.0947,0.0142,0.1068,0.0228,0.1373,0.0000,17.09,5.7404,-4.7130,1.8551
1705297587.9333,0.1022,0.0532,0.0517,0.0509,0.1437,0.0931,0.0733,0.0423,0.2319,0.4946,0.3560,-0.1465,0.6116,0.0125,0.0458,0.1973,0.0655,0.0962,0.0290,0.0718,0.0538,0.1238,0.0621,0.0559,0.0706,0.1274,0.0347,0.0161,0.1228,0.0716,0.0812,0.0982,0.0945,0.0000,15.85,-2.5303,3.6144,8.3616
1705297588.0000,0.1057,0.0535,0.0543,0.0554,0.1594,0.1048,0.0890,0.0452,0.2433,0.4537,0.3590,-0.1236,0.5920,0.0981,0.0835,0.1060,0.0813,0.1338,0.0351,0.0439,0.1494,0.1388,0.0630,0.0785,0.1632,0.0813,0.1099,0.0650,0.1211,0.1231,0.1102,0.1709,0.0868,0.0000,13.63,-13.7819,-0.9373,-2.3329
1705297588.0667,0.0947,0.0646,0.0596,0.0654,0.1458,0.1193,0.0672,0.0481,0.2339,0.4608,0.3813,-0.1471,0.6102,0.0466,0.0188,0.2144,0.0316,0.1021,0.0461,0.0924,0.0000,0.0160,0.0632,0.1009,0.0000,0.1369,0.0467,0.0635,0.1816,0.1291,0.1650,0.1287,0.1265,0.0000,15.19,3.4123,13.1588,-0.1746
1705297588.1333,0.0895,0.0589,0.0630,0.0740,0.1665,0.1035,0.0635,0.0511,0.2260,0.4624,0.3383,-0.1775,0.6415,0.1166,0.0459,0.2148,0.0579,0.0836,0.0175,0.0264,0.1081,0.0956,0.0666,0.0000,0.1480,0.0629,0.1328,0.0046,0.1436,0.1750,0.1101,0.1645,0.0502,0.0000,13.02,12.2062,-1.6495,-3.1089
1705297588.2000,0.1026,0.0511,0.0537,0.0661,0.1559,0.0896,0.0731,0.0344,0.2107,0.4977,0.3845,-0.1608,0.6051,0.0357,0.0486,0.1775,0.0334,0.0453,0.0698,0.0902,0.1148,0.1464,0.0160,0.1347,0.1259,0.0873,0.1411,0.0023,0.0729,0.1098,0.1082,0.1142,0.0267,0.0000,15.23,10.2892,5.7207,0.2848
1705297588.2667,0.1084,0.0510,0.0574,0.0653,0.1584,0.0767,0.0763,0.0356,0.2439,0.4763,0.4194,-0.1222,0.6347,0.0859,0.0913,0.1452,0.0402,0.0978,0.0793,0.1024,0.1607,0.0920,0.0277,0.0000,0.0541,0.0618,0.0619,0.0646,0.1200,0.1843,0.1200,0.1319,0.0978,0.0000,15.02,0.7055,4.9550,1.1318
1705297588.3333,0.0937,0.0496,0.0466,0.0601,0.1246,0.0831,0.0539,0.0413,0.2366,0.5264,0.3952,-0.0761,0.6546,0.0687,0.0801,0.1595,0.0049,0.0442,0.0324,0.0736,0.0910,0.0875,0.0392,0.0823,0.0120,0.0629,0.0000,0.0295,0.0589,0.1235,0.2097,0.1414,0.1106,0.0000,10.34,4.7631,2.9430,4.3781
1705297588.4000,0.0817,0.0515,0.0385,0.0634,0.1628,0.0860,0.0422,0.0302,0.2157,0.5368,0.3773,-0.0927,0.6462,0.0484,0.0795,0.1716,0.0391,0.0665,0.0354,0.0992,0.1314,0.1079,0.0415,0.0582,0.1090,0.1710,0.1181,0.0000,0.0761,0.1643,0.0791,0.1054,0.1086,0.0000,14.91,12.0847,-4.0374,-0.6428
1705297588.4667,0.0714,0.0447,0.0388,0.0639,0.1290,0.0865,0.0364,0.0354,0.2200,0.5643,0.3851,-0.1253,0.6203,0.1261,0.0000,0.1341,0.0174,0.0439,0.0455,0.0620,0.1318,0.1611,0.0635,0.1136,0.0000,0.0806,0.1767,0.0398,0.0146,0.0716,0.0422,0.0062,0.0542,0.0000,16.69,-6.8652,-2.8098,-3.7778
1705297588.5333,0.0695,0.0683,0.0340,0.0534,0.1393,0.1097,0.0264,0.0248,0.2061,0.5611,0.3734,-0.2148,0.6581,0.0316,0.0000,0.1105,0.0000,0.0593,0.0502,0.0305,0.1413,0.0408,0.0449,0.0766,0.0926,0.0617,0.0818,0.0231,0.1077,0.1227,0.0685,0.0713,0.1173,0.0000,12.36,0.4393,18.6702,-9.0946
1705297588.6000,0.0656,0.0770,0.0388,0.0359,0.1332,0.1043,0.0368,0.0214,0.1910,0.5776,0.4203,-0.1656,0.6141,0.0130,0.0000,0.1143,0.0000,0.1000,0.0034,0.0075,0.0544,0.1204,0.1342,0.0000,0.0451,0.0470,0.0000,0.0040,0.1473,0.1716,0.0608,0.0902,0.1329,0.0000,15.10,-1.0851,3.6431,5.7994
1705297588.6667,0.0782,0.0819,0.0452,0.0404,0.1416,0.1130,0.0603,0.0385,0.1836,0.5304,0.4654,-0.0830,0.6441,0.0681,0.1072,0.0832,0.0000,0.0816,0.0000,0.0000,0.1618,0.1731,0.0485,0.0625,0.0268,0.0205,0.1467,0.0022,0.0217,0.0999,0.1460,0.0715,0.0993,0.0000,12.77,-3.7840,5.0407,1.5957
1705297588.7333,0.0857,0.0828,0.0485,0.0324,0.1735,0.1102,0.0535,0.0392,0.1910,0.5099,0.4765,-0.0614,0.6172,0.0891,0.0225,0.1529,0.0256,0.0528,0.0611,0.0596,0.0730,0.0439,0.0458,0.0817,0.0000,0.0770,0.1031,0.0032,0.1760,0.1368,0.1437,0.1345,0.1094,0.0000,13.82,0.1625,4.7829,-3.5480
1705297588.8000,0.0594,0.0630,0.0430,0.0404,0.1429,0.1273,0.0398,0.0397,0.2181,0.5358,0.4766,-0.1242,0.6409,0.0000,0.0371,0.0802,0.0540,0.1546,0.0498,0.0498,0.0895,0.0729,0.0944,0.1120,0.0487,0.0467,0.0882,0.0597,0.0807,0.1862,0.1448,0.1484,0.0496,0.0000,15.66,11.8375,6.4251,2.4007
1705297588.8667,0.0535,0.0688,0.0293,0.0249,0.1342,0.1285,0.0280,0.0465,0.2142,0.5633,0.3922,-0.1636,0.7263,0.1699,0.0056,0.0957,0.0958,0.0687,0.0188,0.0478,0.0877,0.1045,0.0419,0.1141,0.0386,0.0911,0.0828,0.0000,0.0000,0.0851,0.0382,0.0679,0.0873,0.0000,19.31,18.0623,-1.2560,1.0383
1705297588.9333,0.0579,0.0731,0.0252,0.0192,0.1284,0.1309,0.0171,0.0397,0.2080,0.5803,0.4248,-0.1112,0.6251,0.1107,0.0889,0.0850,0.0342,0.1102,0.0000,0.0247,0.1336,0.1253,0.0695,0.0592,0.1092,0.1137,0.1998,0.0386,0.1278,0.0851,0.0813,0.1331,0.0769,0.0000,12.90,-0.8929,8.4227,5.5128
1705297589.0000,0.0529,0.0528,0.0392,0.0175,0.1245,0.1271,0.0254,0.0367,0.2381,0.5714,0.3120,-0.2440,0.6015,0.0000,0.0000,0.1872,0.0050,0.0451,0.0180,0.0720,0.1457,0.1745,0.0923,0.1282,0.1093,0.1222,0.1989,0.0000,0.0759,0.0680,0.0955,0.0524,0.0876,0.0000,12.08,7.8616,4.3613,0.9627
1705297589.0667,0.0475,0.0487,0.0301,0.0158,0.0967,0.1207,0.0045,0.0500,0.2550,0.5986,0.2275,-0.1917,0.6368,0.0549,0.0000,0.1593,0.0000,0.0631,0.0000,0.0344,0.1049,0.0566,0.0616,0.0655,0.1394,0.1421,0.1551,0.0000,0.0431,0.1763,0.1543,0.1482,0.0719,0.0000,15.84,2.5558,10.9658,0.4051
1705297589.1333,0.0277,0.0362,0.0291,0.0297,0.1107,0.1237,0.0066,0.0521,0.2619,0.5933,0.2199,-0.1871,0.6497,0.0522,0.0000,0.1230,0.0123,0.1138,0.0336,0.0635,0.1115,0.1903,0.0636,0.1232,0.1021,0.0008,0.0815,0.0000,0.1752,0.0977,0.0169,0.0000,0.1292,0.0000,19.06,17.4637,-12.4250,4.8464
1705297589.2000,0.0373,0.0338,0.0194,0.0308,0.1012,0.1441,0.0000,0.0509,0.2697,0.5876,0.2562,-0.1127,0.6500,0.0578,0.0000,0.1447,0.0000,0.0235,0.0000,0.0226,0.0680,0.0926,0.0080,0.0802,0.0174,0.1590,0.1180,0.0103,0.0291,0.1010,0.0975,0.1074,0.1396,0.0000,14.61,-3.2602,-19.0875,2.2966
1705297589.2667,0.0461,0.0427,0.0310,0.0462,0.1092,0.1535,0.0000,0.0609,0.2574,0.5519,0.3153,-0.1561,0.6529,0.0578,0.0421,0.2198,0.0000,0.0871,0.0621,0.0029,0.0741,0.1236,0.0181,0.0523,0.0329,0.1579,0.0602,0.0195,0.0762,0.0753,0.1065,0.1345,0.1133,0.0000,11.81,4.3888,-6.4022,-1.4578
1705297589.3333,0.0411,0.0563,0.0353,0.0415,0.1269,0.1428,0.0048,0.0647,0.2743,0.5274,0.3650,-0.0886,0.6976,0.0440,0.0176,0.1688,0.0000,0.0445,0.0296,0.0778,0.0594,0.1026,0.0899,0.1487,0.2117,0.1019,0.1590,0.0000,0.0834,0.0382,0.1417,0.0591,0.0469,1.0000,19.53,11.7905,-0.3462,-5.2495
1705297589.4000,0.0375,0.0736,0.0432,0.0416,0.1459,0.1612,0.0273,0.0511,0.2548,0.4983,0.4008,-0.1049,0.6725,0.1603,0.0274,0.1646,0.0000,0.1094,0.0153,0.0552,0.1144,0.0974,0.0814,0.1352,0.0555,0.1516,0.0000,0.0465,0.0476,0.2050,0.0786,0.0899,0.1578,0.0000,22.12,9.1726,9.5000,-3.7688
1705297589.4667,0.0367,0.0536,0.0407,0.0452,0.1590,0.1387,0.0395,0.0412,0.2351,0.5261,0.2794,-0.0037,0.6474,0.0378,0.0000,0.1320,0.0000,0.1052,0.0172,0.0802,0.1507,0.1549,0.0340,0.0662,0.1892,0.0066,0.0773,0.0000,0.0682,0.0822,0.1291,0.1882,0.1023,0.0000,10.98,1.9161,8.1027,12.1792
1705297589.5333,0.0467,0.0542,0.0473,0.0441,0.1539,0.1218,0.0340,0.0441,0.2137,0.5441,0.2780,-0.0147,0.6841,0.0058,0.0783,0.1486,0.0187,0.1067,0.0038,0.0316,0.0901,0.1260,0.0812,0.0947,0.0875,0.1046,0.2238,0.0118,0.0459,0.0928,0.0879,0.1188,0.1053,0.0000,19.06,-0.1922,-1.3579,-4.6662
1705297589.6000,0.0191,0.0674,0.0477,0.0431,0.1265,0.1032,0.0071,0.0198,0.1888,0.6264,0.2656,-0.0304,0.7168,0.0789,0.0000,0.0348,0.0000,0.0446,0.0000,0.0000,0.0591,0.0611,0.0109,0.0678,0.1086,0.1473,0.1329,0.0058,0.1708,0.0342,0.0621,0.1172,0.1543,0.0000,16.22,-14.8915,4.1526,1.0795
1705297589.6667,0.0342,0.0659,0.0541,0.0324,0.1284,0.0975,0.0253,0.0122,0.1631,0.6321,0.2037,-0.0447,0.7305,0.0487,0.0449,0.0632,0.0440,0.0802,0.0000,0.0000,0.0930,0.0639,0.0461,0.0225,0.1780,0.0422,0.1330,0.0315,0.0950,0.1418,0.1307,0.0052,0.1295,0.0000,15.86,25.3585,-0.8137,-2.1993
1705297589.7333,0.0483,0.0618,0.0624,0.0271,0.1045,0.1112,0.0194,0.0193,0.1425,0.6421,0.2117,-0.0705,0.7322,0.0815,0.0878,0.0625,0.0191,0.0556,0.0354,0.0624,0.0325,0.0463,0.1035,0.1580,0.1706,0.0893,0.1652,0.0000,0.0980,0.1665,0.0707,0.1021,0.0474,0.0000,14.67,1.4660,-16.1642,-3.6375
1705297589.8000,0.0766,0.0574,0.0614,0.0224,0.1074,0.1281,0.0263,0.0334,0.1443,0.6057,0.2628,-0.0682,0.7047,0.0146,0.0000,0.1809,0.0000,0.0411,0.0631,0.0798,0.0879,0.1137,0.1383,0.0255,0.1553,0.1158,0.0018,0.0053,0.2462,0.1046,0.0856,0.1237,0.0701,0.0000,9.75,-1.7247,2.5157,-0.3733
1705297589.8667,0.0863,0.0621,0.0690,0.0252,0.1314,0.1275,0.0222,0.0304,0.1379,0.5848,0.2882,-0.0855,0.7057,0.0284,0.0000,0.1274,0.0353,0.0917,0.0762,0.0591,0.1387,0.0974,0.0888,0.1017,0.1202,0.0680,0.1180,0.0171,0.1191,0.0877,0.0000,0.0959,0.0000,0.0000,21.06,-9.1507,-17.2760,-7.6686
1705297589.9333,0.0766,0.0652,0.0751,0.0420,0.1069,0.1311,0.0369,0.0385,0.1322,0.5774,0.2700,-0.0825,0.6901,0.0956,0.0765,0.1775,0.0322,0.0526,0.0227,0.0935,0.0567,0.1411,0.1216,0.1338,0.1760,0.1536,0.0517,0.0335,0.0822,0.1589,0.0867,0.0320,0.0903,0.0000,8.17,-4.2902,2.1948,5.5004
1705297590.0000,0.0860,0.0639,0.0699,0.0366,0.1169,0.1367,0.0413,0.0364,0.1406,0.5630,0.2515,-0.0754,0.6528,0.1299,0.0980,0.1377,0.0058,0.0056,0.0863,0.0606,0.0779,0.1359,0.0942,0.1127,0.0559,0.1287,0.1859,0.0405,0.1433,0.0917,0.1228,0.0556,0.1114,0.0000,18.02,11.1500,-10.7860,-0.2706
1705297590.0667,0.0869,0.0616,0.0601,0.0399,0.1273,0.1267,0.0242,0.0418,0.1742,0.5543,0.2862,-0.1206,0.6627,0.0082,0.0543,0.1111,0.0335,0.0690,0.0915,0.0667,0.0984,0.0967,0.0631,0.0000,0.1233,0.0955,0.0452,0.0000,0.0989,0.0615,0.0044,0.0657,0.0319,0.0000,13.45,12.5197,-4.7573,3.6598
1705297590.1333,0.0797,0.0672,0.0712,0.0599,0.1049,0.1055,0.0327,0.0521,0.1767,0.5501,0.2836,-0.1950,0.6701,0.1578,0.0248,0.1969,0.0000,0.0601,0.1014,0.0639,0.1221,0.1671,0.0841,0.0762,0.1146,0.0575,0.0864,0.0426,0.0911,0.1024,0.1018,0.1203,0.1702,0.0000,16.49,3.5772,-6.2940,0.2706
1705297590.2000,0.0789,0.0578,0.0549,0.0541,0.1459,0.1136,0.0364,0.0632,0.1774,0.5306,0.3091,-0.1673,0.6334,0.0852,0.0198,0.1583,0.0562,0.0595,0.0840,0.0381,0.1104,0.0661,0.0232,0.0975,0.0685,0.1769,0.1047,0.0110,0.1020,0.0000,0.0040,0.1370,0.0000,0.0000,21.38,3.7405,-0.9276,2.0809
1705297590.2667,0.0624,0.0540,0.0474,0.0434,0.1293,0.1270,0.0351,0.0515,0.1558,0.5765,0.3377,-0.1692,0.6477,0.0393,0.0000,0.0693,0.0832,0.1039,0.0475,0.0742,0.0994,0.0402,0.0506,0.0034,0.0816,0.0518,0.1676,0.0179,0.0701,0.0003,0.1369,0.1945,0.0000,0.0000,12.60,14.8686,6.8064,-4.0612
1705297590.3333,0.0734,0.0456,0.0406,0.0417,0.1345,0.0975,0.0141,0.0680,0.1818,0.5817,0.2629,-0.1997,0.6333,0.0770,0.0000,0.1847,0.0456,0.1272,0.0000,0.0273,0.0530,0.1089,0.1129,0.0913,0.1838,0.0299,0.1577,0.0286,0.0944,0.0637,0.1263,0.0876,0.1009,0.0000,16.34,4.3868,-1.3868,-0.8912
1705297590.4000,0.0830,0.0540,0.0578,0.0523,0.1461,0.0893,0.0141,0.0639,0.2112,0.5369,0.2059,-0.1606,0.6046,0.0497,0.0000,0.1627,0.0258,0.0242,0.0570,0.0796,0.1386,0.1673,0.0965,0.0548,0.0590,0.1608,0.0920,0.0000,0.0924,0.0329,0.1258,0.1379,0.1039,0.0000,16.68,4.2157,5.9603,-0.0004
1705297590.4667,0.0901,0.0670,0.0536,0.0436,0.1804,0.1023,0.0098,0.0590,0.2252,0.5014,0.2760,-0.1061,0.6444,0.1138,0.0000,0.1788,0.0102,0.1209,0.0799,0.0420,0.1100,0.0932,0.0512,0.1909,0.0730,0.0818,0.0185,0.0108,0.1472,0.1190,0.0440,0.1377,0.0539,0.0000,13.06,7.1865,-9.9607,0.8515
1705297590.5333,0.0731,0.0802,0.0538,0.0394,0.1436,0.1192,0.0000,0.0603,0.2261,0.5225,0.2573,-0.1034,0.7173,0.1191,0.0000,0.0917,0.0621,0.0960,0.0734,0.0208,0.1447,0.1117,0.1247,0.1934,0.1717,0.0903,0.0202,0.0000,0.1490,0.1591,0.0855,0.0984,0.1731,0.0000,18.21,12.9081,1.1171,-0.1596
1705297590.6000,0.0739,0.0696,0.0500,0.0365,0.1399,0.1259,0.0064,0.0581,0.2199,0.5319,0.2636,-0.1594,0.6790,0.0630,0.0000,0.1827,0.0000,0.0959,0.1051,0.0615,0.0997,0.0890,0.1115,0.1882,0.1722,0.0846,0.0690,0.0050,0.2055,0.1236,0.1090,0.0625,0.0591,1.0000,20.95,0.3497,6.1218,1.5620
1705297590.6667,0.0994,0.0753,0.0480,0.0415,0.1495,0.1361,0.0304,0.0623,0.2465,0.4667,0.2927,-0.1592,0.7488,0.1131,0.0043,0.1549,0.0000,0.1160,0.0245,0.1010,0.0646,0.1178,0.0718,0.0000,0.0411,0.1007,0.0819,0.0000,0.2083,0.1545,0.0832,0.0603,0.0425,0.0000,15.42,-1.3769,16.8064,-0.3080
1705297590.7333,0.0926,0.0895,0.0422,0.0390,0.1453,0.1287,0.0413,0.0694,0.2420,0.4661,0.3302,-0.1251,0.7256,0.1011,0.0234,0.2208,0.0394,0.0881,0.0677,0.0350,0.0644,0.0808,0.0904,0.0000,0.1781,0.1402,0.0922,0.0000,0.1626,0.0923,0.0938,0.0850,0.0713,0.0000,16.50,9.8169,10.3521,-6.0624
1705297590.8000,0.1000,0.0620,0.0449,0.0385,0.1166,0.1294,0.0621,0.0803,0.2576,0.4652,0.3437,-0.1307,0.6570,0.0912,0.0092,0.1606,0.0000,0.0680,0.0320,0.0384,0.1015,0.2687,0.1051,0.1097,0.1422,0.0298,0.1417,0.0254,0.1264,0.1332,0.1303,0.0688,0.0958,0.0000,16.98,5.9695,16.4154,-1.8576
1705297590.8667,0.1079,0.0705,0.0474,0.0398,0.1310,0.1262,0.0611,0.0787,0.2541,0.4499,0.3410,-0.1822,0.6684,0.0494,0.0453,0.1571,0.0465,0.0360,0.0781,0.0417,0.1306,0.1139,0.0320,0.0377,0.1451,0.1322,0.1111,0.0287,0.0000,0.1868,0.0633,0.0629,0.0712,0.0000,14.67,20.7588,6.8698,-3.1486
1705297590.9333,0.0918,0.0628,0.0425,0.0581,0.1366,0.1511,0.0692,0.0838,0.2345,0.4418,0.3797,-0.1603,0.7019,0.0835,0.0235,0.2329,0.0596,0.0798,0.0776,0.0172,0.0911,0.2100,0.0472,0.0939,0.0456,0.1461,0.1444,0.0291,0.1903,0.1291,0.0888,0.0748,0.1582,0.0000,21.77,3.0584,3.7735,2.1896
1705297591.0000,0.0851,0.0510,0.0430,0.0579,0.1021,0.1408,0.0691,0.0762,0.2351,0.4838,0.3411,-0.1139,0.6600,0.0978,0.0368,0.0721,0.0756,0.0061,0.0077,0.1220,0.1296,0.1391,0.0628,0.0862,0.0862,0.1603,0.0587,0.0359,0.2068,0.0481,0.2037,0.1353,0.0424,0.0000,17.97,10.1143,16.1917,1.7642
1705297591.0667,0.0784,0.0510,0.0462,0.0478,0.1140,0.1444,0.0777,0.0652,0.2361,0.4835,0.3882,-0.1377,0.6053,0.0603,0.0722,0.2139,0.0555,0.0916,0.0210,0.0596,0.0785,0.1086,0.0814,0.0812,0.1604,0.1086,0.1265,0.0519,0.0958,0.1096,0.1604,0.1387,0.1948,0.0000,13.47,-2.8426,-8.0164,-6.0352
1705297591.1333,0.0805,0.0374,0.0447,0.0598,0.1330,0.1500,0.0694,0.0552,0.2301,0.4839,0.3908,-0.1451,0.5858,0.1098,0.1137,0.1258,0.0221,0.0985,0.0000,0.0746,0.1638,0.1307,0.0720,0.1079,0.0878,0.1069,0.1273,0.0388,0.0305,0.0477,0.1432,0.0435,0.0424,0.0000,16.91,5.3199,2.6851,-1.9115
1705297591.2000,0.0596,0.0392,0.0569,0.0574,0.1470,0.1472,0.0582,0.0694,0.2164,0.4892,0.3410,-0.1551,0.5845,0.1175,0.0545,0.1141,0.0000,0.1219,0.0551,0.1041,0.1486,0.1925,0.0741,0.1298,0.0762,0.1062,0.0516,0.0126,0.1098,0.0859,0.1673,0.0673,0.0774,0.0000,10.50,8.6621,-6.6806,-2.3258
1705297591.2667,0.0640,0.0357,0.0421,0.0436,0.1509,0.1346,0.0493,0.0584,0.2386,0.5097,0.3528,-0.2725,0.5804,0.1028,0.0580,0.2544,0.0712,0.0973,0.0184,0.0115,0.0105,0.0974,0.0532,0.0611,0.0224,0.0433,0.1407,0.0647,0.0793,0.0644,0.0963,0.1126,0.1011,0.0000,11.50,6.5540,-1.9146,-6.3735
1705297591.3333,0.0663,0.0407,0.0424,0.0363,0.1556,0.1161,0.0487,0.0570,0.2605,0.5058,0.3638,-0.3101,0.5089,0.0741,0.0646,0.1975,0.0000,0.1385,0.0831,0.1050,0.1248,0.1028,0.0085,0.0857,0.1907,0.0247,0.1191,0.0382,0.0698,0.0307,0.1673,0.2047,0.0518,0.0000,18.05,2.8098,9.8491,2.8760
1705297591.4000,0.1059,0.0273,0.0367,0.0342,0.1401,0.1291,0.0147,0.0498,0.2834,0.5073,0.2918,-0.2093,0.4156,0.1250,0.0000,0.2024,0.0566,0.1303,0.0445,0.0701,0.0595,0.1627,0.0868,0.1249,0.1416,0.0593,0.0250,0.0143,0.0762,0.0965,0.1332,0.1604,0.1238,0.0000,18.12,18.6417,-9.1021,-3.3489
1705297591.4667,0.1086,0.0421,0.0470,0.0408,0.1468,0.1169,0.0127,0.0444,0.2693,0.5029,0.2555,-0.1675,0.4002,0.0799,0.0694,0.1017,0.0000,0.0783,0.0271,0.0071,0.1487,0.1629,0.0485,0.0722,0.1417,0.1198,0.1024,0.0000,0.2463,0.0531,0.1226,0.1326,0.1538,0.0000,15.59,-6.1359,12.8606,-0.4310
1705297591.5333,0.1012,0.0408,0.0508,0.0450,0.1328,0.1113,0.0293,0.0400,0.2742,0.5048,0.3169,-0.1033,0.4472,0.1226,0.0000,0.1739,0.0000,0.0669,0.0699,0.0140,0.0756,0.0841,0.0223,0.1552,0.0934,0.1456,0.0845,0.0000,0.0119,0.1274,0.1033,0.0947,0.1670,0.0000,15.31,-12.6855,-26.0719,-4.5075
1705297591.6000,0.1000,0.0532,0.0456,0.0525,0.1483,0.1024,0.0235,0.0364,0.2477,0.5142,0.3745,-0.0718,0.5137,0.1102,0.0020,0.1353,0.0000,0.1241,0.0707,0.0664,0.0713,0.1985,0.0620,0.1589,0.0787,0.1430,0.1713,0.0000,0.1192,0.1109,0.1021,0.1304,0.1127,0.0000,15.10,9.0971,7.9299,4.6356
1705297591.6667,0.0987,0.0272,0.0516,0.0534,0.1327,0.1159,0.0360,0.0373,0.2343,0.5277,0.3652,-0.1365,0.5326,0.0803,0.0000,0.1594,0.0055,0.0546,0.0639,0.0637,0.0765,0.1101,0.0935,0.0644,0.0686,0.0930,0.1895,0.0282,0.1896,0.0846,0.0000,0.0970,0.0209,0.0000,12.67,5.5891,4.1047,1.6959
1705297591.7333,0.0986,0.0265,0.0410,0.0422,0.1496,0.0898,0.0511,0.0297,0.2412,0.5382,0.3850,-0.1948,0.5309,0.0548,0.0000,0.0746,0.0093,0.0642,0.0622,0.0346,0.1378,0.0819,0.0171,0.1019,0.0403,0.1008,0.0832,0.0227,0.0341,0.0455,0.1398,0.1112,0.1176,0.0000,13.21,-4.6967,-2.2202,-7.3880
1705297591.8000,0.0911,0.0402,0.0381,0.0390,0.1736,0.0714,0.0520,0.0164,0.1918,0.5718,0.3870,-0.1693,0.5063,0.0440,0.0244,0.0940,0.0276,0.0753,0.0849,0.0674,0.0338,0.1106,0.0000,0.0617,0.2029,0.0791,0.0035,0.0000,0.0539,0.1231,0.1148,0.1150,0.0000,0.0000,17.54,-1.7844,5.1911,3.9083
1705297591.8667,0.0796,0.0372,0.0344,0.0553,0.1692,0.0939,0.0360,0.0178,0.1875,0.5735,0.3664,-0.1768,0.5189,0.0016,0.0000,0.1067,0.0340,0.0786,0.0116,0.0379,0.0565,0.1016,0.0000,0.1423,0.1946,0.0828,0.1013,0.0045,0.0545,0.1491,0.2230,0.1032,0.1002,0.0000,19.00,-4.1412,-7.9938,6.3567
1705297591.9333,0.0769,0.0508,0.0460,0.0540,0.1749,0.1061,0.0428,0.0248,0.1929,0.5383,0.4671,-0.1976,0.5769,0.0908,0.0156,0.1003,0.0791,0.1146,0.0352,0.0749,0.1368,0.0364,0.0110,0.1960,0.0744,0.0099,0.1468,0.0000,0.0566,0.1319,0.0134,0.1776,0.1199,0.0000,10.75,-9.4292,-13.0946,3.6975
1705297592.0000,0.0750,0.0543,0.0403,0.0469,0.1630,0.1046,0.0302,0.0388,0.1941,0.5517,0.4206,-0.1882,0.6524,0.0912,0.0250,0.1303,0.0402,0.1156,0.0383,0.0254,0.1017,0.2584,0.0638,0.1228,0.0691,0.0953,0.0640,0.0000,0.1503,0.0298,0.0071,0.0844,0.1557,0.0000,12.83,-1.8448,14.7244,2.2247
1705297592.0667,0.0704,0.0416,0.0512,0.0547,0.1350,0.0924,0.0092,0.0384,0.1819,0.5951,0.4398,-0.2305,0.6722,0.0000,0.0104,0.0883,0.0000,0.0641,0.0046,0.0282,0.1361,0.1854,0.0255,0.0502,0.2100,0.1324,0.2011,0.0000,0.1139,0.0679,0.0387,0.0981,0.0672,0.0000,22.63,3.2298,-10.6143,5.4206
1705297592.1333,0.0752,0.0421,0.0416,0.0546,0.1489,0.1199,0.0000,0.0443,0.1825,0.5746,0.4335,-0.2593,0.6665,0.0682,0.0000,0.0703,0.0000,0.0766,0.0356,0.0985,0.1590,0.0738,0.0579,0.1428,0.1643,0.0954,0.1116,0.0000,0.0685,0.1368,0.1138,0.2027,0.1374,0.0000,7.91,13.1321,6.0657,-0.3191
1705297592.2000,0.0718,0.0581,0.0507,0.0643,0.1614,0.1180,0.0443,0.0661,0.1904,0.5050,0.4721,-0.1411,0.6685,0.0856,0.0019,0.0402,0.0639,0.1532,0.0075,0.0628,0.0079,0.0440,0.0530,0.0650,0.0987,0.0460,0.0430,0.0488,0.1296,0.1093,0.0124,0.0621,0.0781,0.0000,10.71,-1.6269,-13.9556,-1.6669
1705297592.2667,0.0915,0.0667,0.0449,0.0533,0.1666,0.1081,0.0475,0.0460,0.1950,0.5083,0.3947,-0.1435,0.6105,0.0932,0.0000,0.1278,0.0599,0.1187,0.0313,0.0609,0.0854,0.1717,0.0462,0.0259,0.1038,0.0623,0.0781,0.0451,0.1278,0.1201,0.0849,0.1335,0.0924,0.0000,16.05,1.9788,3.9040,2.0452
1705297592.3333,0.0914,0.0700,0.0530,0.0495,0.1558,0.1014,0.0585,0.0254,0.1874,0.5246,0.3518,-0.1400,0.6241,0.0816,0.0105,0.1646,0.0697,0.0718,0.0679,0.0278,0.1107,0.0498,0.0490,0.1403,0.1657,0.0108,0.0000,0.0503,0.0970,0.0626,0.1352,0.1592,0.0662,0.0000,12.59,0.0951,-5.3145,1.4948
1705297592.4000,0.0692,0.0700,0.0579,0.0416,0.1552,0.1202,0.0413,0.0164,0.1714,0.5540,0.3676,-0.1636,0.6758,0.0733,0.0437,0.1034,0.0342,0.1149,0.0000,0.0333,0.0849,0.0375,0.0804,0.0700,0.0249,0.1022,0.0806,0.0453,0.0923,0.1860,0.0075,0.1573,0.1041,1.0000,13.87,13.2157,12.7952,-0.1402
1705297592.4667,0.0759,0.0632,0.0532,0.0340,0.1444,0.1255,0.0297,0.0169,0.1558,0.5809,0.3643,-0.2045,0.6992,0.0639,0.0114,0.1228,0.0403,0.0926,0.0220,0.0947,0.0574,0.0397,0.0877,0.0069,0.1695,0.1120,0.0111,0.0111,0.1672,0.0814,0.1224,0.1197,0.0991,0.0000,13.62,-9.8207,3.3961,-6.4879
1705297592.5333,0.0863,0.0734,0.0464,0.0235,0.1299,0.1285,0.0274,0.0062,0.1644,0.5885,0.3563,-0.1828,0.6610,0.0770,0.0000,0.1006,0.0547,0.0400,0.0000,0.0319,0.0847,0.1371,0.1118,0.1072,0.0717,0.1506,0.0750,0.0172,0.0623,0.0873,0.0821,0.1051,0.1018,0.0000,14.27,16.9501,5.0591,4.0211
1705297592.6000,0.0734,0.0728,0.0489,0.0396,0.1521,0.1079,0.0317,0.0251,0.1681,0.5683,0.3297,-0.1501,0.6294,0.0120,0.0104,0.0741,0.0451,0.1061,0.0135,0.0127,0.1631,0.1009,0.0661,0.0701,0.0285,0.2142,0.1513,0.0000,0.0519,0.1226,0.1635,0.1064,0.0848,0.0000,11.55,1.9866,23.8816,-0.6439
1705297592.6667,0.0548,0.0683,0.0445,0.0245,0.1950,0.1115,0.0360,0.0445,0.1921,0.5373,0.3668,-0.1357,0.6773,0.0912,0.0000,0.1313,0.0288,0.1158,0.0639,0.0092,0.0645,0.0579,0.0690,0.1121,0.0825,0.0811,0.1159,0.0000,0.0785,0.0584,0.0835,0.1225,0.1012,0.0000,14.40,14.0997,-4.8465,8.7104
1705297592.7333,0.0466,0.0657,0.0466,0.0118,0.2102,0.1352,0.0249,0.0453,0.2050,0.5252,0.3472,-0.1045,0.6757,0.0651,0.0029,0.2210,0.0370,0.1364,0.0250,0.0643,0.1326,0.0684,0.0415,0.0563,0.1395,0.0389,0.0641,0.0000,0.1533,0.2159,0.0922,0.2353,0.1156,0.0000,21.74,1.9420,4.5247,4.6047
1705297592.8000,0.0537,0.0665,0.0490,0.0236,0.1610,0.1352,0.0000,0.0330,0.1901,0.5727,0.2959,-0.2105,0.6517,0.0414,0.0132,0.0807,0.0299,0.0957,0.0612,0.0097,0.0543,0.1694,0.1005,0.0903,0.1088,0.0294,0.1268,0.0286,0.0749,0.0789,0.1573,0.0915,0.0302,0.0000,14.30,4.4819,-8.0102,-0.4914
1705297592.8667,0.0564,0.0620,0.0472,0.0446,0.1800,0.1298,0.0000,0.0369,0.1861,0.5542,0.3500,-0.1970,0.6938,0.0467,0.0000,0.1744,0.0582,0.0803,0.0000,0.0000,0.0490,0.0013,0.0270,0.1238,0.0806,0.1298,0.1608,0.0407,0.1676,0.0279,0.0571,0.1569,0.1198,0.0000,19.12,0.3688,-8.0934,-5.2636
1705297592.9333,0.0549,0.0547,0.0381,0.0388,0.1774,0.1304,0.0228,0.0286,0.1860,0.5610,0.3133,-0.2009,0.7263,0.1348,0.0644,0.1627,0.0137,0.1605,0.0505,0.0475,0.2471,0.1162,0.0979,0.1657,0.1104,0.0538,0.1247,0.1026,0.0745,0.1222,0.1287,0.1314,0.1152,0.0000,17.11,19.3445,-7.8804,5.5069
1705297593.0000,0.0505,0.0545,0.0496,0.0347,0.1692,0.1328,0.0030,0.0288,0.1767,0.5801,0.2797,-0.1197,0.6710,0.0895,0.0000,0.1449,0.0000,0.1157,0.0167,0.0321,0.0781,0.0730,0.0537,0.1496,0.0000,0.0867,0.0737,0.0446,0.2079,0.1401,0.0000,0.1528,0.0975,0.0000,16.84,3.7414,-16.2476,-4.0834
1705297593.0667,0.0623,0.0666,0.0517,0.0295,0.1531,0.1135,0.0000,0.0287,0.1836,0.5866,0.2617,-0.1372,0.6200,0.1060,0.0089,0.0892,0.0414,0.0463,0.0320,0.0540,0.0915,0.1728,0.0940,0.1284,0.0000,0.0111,0.1061,0.0000,0.2197,0.0425,0.1315,0.0714,0.1079,0.0000,14.02,-1.0138,-12.5869,1.9328
1705297593.1333,0.0648,0.0723,0.0624,0.0374,0.1256,0.1151,0.0408,0.0333,0.1852,0.5578,0.2726,-0.1010,0.5097,0.0118,0.0347,0.1256,0.0000,0.0647,0.0749,0.0564,0.1455,0.0735,0.1148,0.0159,0.1357,0.2191,0.1522,0.0207,0.0931,0.0873,0.0757,0.0971,0.1144,0.0000,14.22,12.2081,-23.9154,0.1957
1705297593.2000,0.0596,0.0824,0.0465,0.0445,0.1061,0.0972,0.0491,0.0455,0.2118,0.5544,0.1983,-0.1473,0.5357,0.0568,0.0391,0.1225,0.0585,0.0409,0.0058,0.0621,0.1283,0.0165,0.1101,0.0205,0.2099,0.0682,0.1791,0.0000,0.1506,0.0982,0.0938,0.0880,0.1221,0.0000,11.81,4.2186,-1.4456,-10.1625
1705297593.2667,0.0771,0.0721,0.0472,0.0524,0.1120,0.1104,0.0416,0.0487,0.2089,0.5377,0.2386,-0.1478,0.5299,0.0160,0.0229,0.1720,0.0000,0.0442,0.0004,0.0456,0.0641,0.1815,0.0811,0.1196,0.1628,0.1570,0.0814,0.0053,0.0546,0.0435,0.0735,0.1045,0.0765,0.0000,15.43,-5.7362,-0.6177,1.3987
1705297593.3333,0.0862,0.0850,0.0486,0.0622,0.1066,0.1152,0.0262,0.0478,0.2114,0.5265,0.2552,-0.0761,0.4978,0.0557,0.0069,0.1421,0.0000,0.0674,0.0146,0.0633,0.0879,0.0452,0.0756,0.0631,0.1799,0.0207,0.0931,0.0451,0.0792,0.1020,0.1276,0.0268,0.0383,0.0000,15.87,6.8184,4.5567,-10.3931
1705297593.4000,0.0816,0.0753,0.0550,0.0700,0.0994,0.1196,0.0154,0.0665,0.1983,0.5314,0.2534,-0.1026,0.5772,0.0206,0.0000,0.1500,0.0293,0.0765,0.0342,0.0402,0.1217,0.0889,0.0828,0.0771,0.1049,0.0379,0.0891,0.0000,0.0827,0.0036,0.0409,0.0557,0.1220,0.0000,15.46,9.7519,1.9210,-4.5356
1705297593.4667,0.0743,0.0694,0.0523,0.0730,0.0859,0.1160,0.0178,0.0478,0.1780,0.5713,0.2537,-0.1791,0.6418,0.1479,0.0000,0.1354,0.0318,0.0952,0.0287,0.0172,0.0251,0.0481,0.0885,0.1151,0.1488,0.0915,0.0778,0.0000,0.1114,0.0000,0.0738,0.0943,0.0629,0.0000,12.09,-1.3131,-2.9851,-0.5425
1705297593.5333,0.0701,0.0734,0.0732,0.0795,0.1012,0.1195,0.0000,0.0511,0.1880,0.5465,0.2062,-0.2229,0.6586,0.0273,0.0126,0.1228,0.0000,0.0284,0.0530,0.0379,0.0833,0.0862,0.0978,0.1399,0.1456,0.1896,0.1177,0.0000,0.1278,0.0507,0.1595,0.1059,0.0860,0.0000,16.47,15.0993,-1.1687,1.5172
1705297593.6000,0.0683,0.0730,0.0653,0.0830,0.0932,0.1244,0.0009,0.0610,0.1784,0.5515,0.1831,-0.1903,0.6961,0.0779,0.0185,0.1092,0.0000,0.0550,0.0135,0.0413,0.1421,0.1062,0.0761,0.1524,0.0367,0.0914,0.0847,0.0000,0.0762,0.0116,0.2287,0.1241,0.0826,0.0000,14.96,0.1240,-0.2971,2.7479
1705297593.6667,0.0726,0.0787,0.0590,0.0669,0.1070,0.1085,0.0200,0.0668,0.1838,0.5420,0.1960,-0.1047,0.6689,0.1026,0.0000,0.0751,0.0000,0.0632,0.0043,0.0064,0.0000,0.1782,0.0579,0.0553,0.0000,0.0690,0.1122,0.0000,0.1506,0.1365,0.0634,0.1358,0.0813,0.0000,13.61,7.1934,-5.9478,-4.1902
1705297593.7333,0.0682,0.0669,0.0550,0.0747,0.1193,0.1377,0.0303,0.0630,0.1971,0.5127,0.1866,-0.1432,0.6327,0.0976,0.0610,0.1531,0.0294,0.0545,0.0170,0.0547,0.1602,0.1337,0.0775,0.1225,0.1039,0.0941,0.0825,0.0000,0.1985,0.1135,0.0672,0.0311,0.1320,0.0000,19.01,16.1318,-23.7780,5.9155
1705297593.8000,0.0761,0.0673,0.0598,0.0532,0.1239,0.1252,0.0546,0.0600,0.1702,0.5258,0.2745,-0.1324,0.6265,0.0480,0.0126,0.1542,0.0636,0.0716,0.0000,0.0240,0.0725,0.0246,0.0969,0.1087,0.1737,0.1447,0.0454,0.0012,0.0616,0.1365,0.1187,0.0300,0.0613,0.0000,14.77,9.4658,-3.2463,-0.8042
1705297593.8667,0.0761,0.0722,0.0494,0.0523,0.1013,0.1236,0.0344,0.0610,0.1905,0.5436,0.3521,-0.1396,0.6131,0.0853,0.0632,0.1089,0.0000,0.0825,0.0823,0.0930,0.0985,0.1268,0.1083,0.1428,0.0000,0.1022,0.0603,0.0131,0.1175,0.0959,0.0749,0.0725,0.1102,0.0000,21.86,-4.9644,9.0992,3.7999
1705297593.9333,0.0960,0.0784,0.0507,0.0505,0.0710,0.1270,0.0388,0.0592,0.2263,0.5212,0.3037,-0.1247,0.6287,0.0560,0.0000,0.1897,0.0252,0.0207,0.0631,0.0993,0.1127,0.0896,0.0717,0.0892,0.0787,0.0458,0.1355,0.0177,0.1041,0.0687,0.0703,0.0307,0.0903,0.0000,20.84,-0.4722,6.7789,-3.5993
1705297594.0000,0.0924,0.0847,0.0509,0.0244,0.0488,0.1594,0.0626,0.0593,0.2176,0.5199,0.2753,-0.1739,0.6560,0.1333,0.0000,0.1994,0.0472,0.0238,0.0604,0.0558,0.0978,0.1377,0.0775,0.1577,0.0907,0.0881,0.0142,0.0819,0.1051,0.1201,0.0877,0.0882,0.1018,0.0000,11.60,8.7820,-3.0031,0.8353
1705297594.0667,0.0718,0.0906,0.0514,0.0169,0.0816,0.1496,0.0489,0.0613,0.1896,0.5430,0.2774,-0.1499,0.6376,0.0508,0.0304,0.1653,0.0000,0.0696,0.0000,0.0696,0.0681,0.1339,0.0938,0.1173,0.0745,0.1720,0.0797,0.0000,0.0961,0.0825,0.1383,0.0262,0.1817,0.0000,11.28,3.3274,5.1435,4.0229
1705297594.1333,0.0832,0.0690,0.0534,0.0256,0.0916,0.1444,0.0599,0.0643,0.1769,0.5391,0.2027,-0.1319,0.6466,0.0296,0.0355,0.0354,0.0662,0.0648,0.0783,0.0544,0.1443,0.1005,0.0149,0.1692,0.1212,0.0849,0.0239,0.0294,0.0891,0.1128,0.0572,0.0530,0.1366,0.0000,20.54,18.3556,1.9230,7.6756
1705297594.2000,0.1032,0.0879,0.0570,0.0332,0.0988,0.1327,0.0668,0.0502,0.1858,0.5107,0.1909,-0.1364,0.6220,0.0536,0.0406,0.1629,0.0704,0.0094,0.0794,0.0448,0.1647,0.1000,0.0793,0.0721,0.0950,0.0802,0.2115,0.0466,0.0466,0.0548,0.0742,0.0808,0.1228,0.0000,17.98,12.8854,-8.7249,1.6591
1705297594.2667,0.0983,0.0968,0.0560,0.0355,0.1019,0.1509,0.0413,0.0369,0.1991,0.5099,0.2108,-0.1498,0.6477,0.0967,0.1285,0.1838,0.0358,0.0582,0.0321,0.1164,0.0925,0.1132,0.0826,0.1174,0.0519,0.0926,0.1277,0.0832,0.0694,0.1876,0.1692,0.0708,0.1372,0.0000,15.88,0.9255,-6.5120,-5.1985
1705297594.3333,0.1049,0.0992,0.0553,0.0221,0.0697,0.1376,0.0507,0.0252,0.1708,0.5587,0.2752,-0.1310,0.6507,0.0499,0.0053,0.1557,0.0653,0.0516,0.0686,0.1034,0.1065,0.1211,0.1037,0.0000,0.0836,0.0152,0.1272,0.0405,0.0645,0.1186,0.1820,0.1355,0.0509,0.0000,17.65,10.1456,-15.4534,-1.1413
1705297594.4000,0.1142,0.0716,0.0481,0.0114,0.0883,0.1259,0.0503,0.0071,0.1685,0.5887,0.3204,-0.1526,0.6411,0.0496,0.0081,0.1608,0.0164,0.0426,0.0396,0.0318,0.0000,0.0955,0.0518,0.1221,0.1375,0.1005,0.0834,0.0000,0.1194,0.0582,0.1777,0.0485,0.0150,0.0000,17.22,6.6561,-12.9881,5.4390
1705297594.4667,0.1191,0.0698,0.0450,0.0249,0.0673,0.1217,0.0533,0.0157,0.2104,0.5637,0.2606,-0.1111,0.7277,0.0945,0.0733,0.1695,0.0163,0.0997,0.0642,0.0665,0.1047,0.1083,0.0858,0.0760,0.1252,0.1404,0.0731,0.0173,0.1376,0.0348,0.1687,0.0323,0.1726,0.0000,19.38,14.1421,9.1516,-13.4806
1705297594.5333,0.1196,0.0687,0.0459,0.0182,0.0670,0.1093,0.0564,0.0161,0.2364,0.5574,0.3085,-0.1087,0.7250,0.0943,0.0315,0.1371,0.0265,0.0349,0.0723,0.0780,0.0968,0.1368,0.0440,0.0660,0.1594,0.1111,0.0824,0.0700,0.0000,0.0430,0.1800,0.0287,0.2039,0.0000,7.45,-3.4987,-5.1609,-5.7066
1705297594.6000,0.0990,0.0465,0.0479,0.0017,0.0570,0.1279,0.0744,0.0285,0.2117,0.5832,0.3013,-0.0047,0.7095,0.0000,0.0957,0.1405,0.0317,0.1068,0.1346,0.0098,0.0957,0.0801,0.0336,0.1290,0.0901,0.0151,0.1180,0.0322,0.1638,0.0346,0.1122,0.0000,0.1410,0.0000,21.54,1.7315,11.3570,5.9906
1705297594.6667,0.0851,0.0534,0.0363,0.0030,0.0812,0.1231,0.0751,0.0309,0.1832,0.5972,0.2827,-0.0066,0.6783,0.1128,0.1029,0.1660,0.0540,0.0675,0.0683,0.0029,0.1757,0.1739,0.1197,0.0214,0.1286,0.1025,0.0801,0.0026,0.2188,0.1328,0.1320,0.0728,0.1816,0.0000,10.94,-7.9301,4.8202,3.9732
1705297594.7333,0.0722,0.0617,0.0346,0.0000,0.1017,0.1124,0.0596,0.0330,0.2017,0.5937,0.2539,0.0092,0.6935,0.1669,0.1362,0.1446,0.0718,0.0335,0.0000,0.0903,0.0851,0.0498,0.0647,0.1132,0.1206,0.0969,0.1373,0.0028,0.0667,0.1004,0.1281,0.0855,0.0866,0.0000,16.57,5.0962,20.1173,-4.5837
1705297594.8000,0.0863,0.0431,0.0396,0.0028,0.1137,0.1062,0.0619,0.0337,0.2091,0.5822,0.2379,-0.0567,0.6414,0.0629,0.0000,0.1941,0.0478,0.0419,0.0420,0.0529,0.0971,0.1696,0.0426,0.0612,0.0000,0.0818,0.0988,0.0236,0.1563,0.1134,0.0730,0.0734,0.0809,0.0000,11.98,-0.9109,-12.9622,-1.9449
1705297594.8667,0.0926,0.0468,0.0405,0.0000,0.1401,0.1051,0.0655,0.0375,0.2115,0.5563,0.2223,-0.0551,0.6873,0.0677,0.0647,0.1011,0.0348,0.0695,0.0343,0.0579,0.1036,0.1199,0.0701,0.0768,0.1680,0.0846,0.0800,0.0285,0.0291,0.1215,0.1205,0.0707,0.1356,0.0000,14.52,3.4093,-1.5771,2.3846
1705297594.9333,0.0962,0.0530,0.0340,0.0000,0.1364,0.1026,0.0586,0.0423,0.1926,0.5706,0.2497,-0.2106,0.6648,0.0437,0.0597,0.0874,0.1167,0.0577,0.0791,0.0883,0.1319,0.0481,0.0406,0.0934,0.0707,0.0870,0.2097,0.0072,0.1231,0.0548,0.0663,0.0764,0.1378,0.0000,14.97,-6.2134,9.0416,-5.8193
1705297595.0000,0.0923,0.0428,0.0470,0.0016,0.1080,0.0934,0.0506,0.0546,0.1810,0.5972,0.2999,-0.1646,0.6511,0.1364,0.1028,0.1412,0.0244,0.0998,0.0015,0.0333,0.1522,0.1329,0.0828,0.1353,0.0000,0.1238,0.0513,0.0578,0.0707,0.1398,0.0267,0.0674,0.0401,0.0000,11.16,1.8992,4.6955,-5.7246
1705297595.0667,0.0972,0.0426,0.0384,0.0032,0.1294,0.0992,0.0415,0.0604,0.1925,0.5773,0.2774,-0.1178,0.6133,0.0005,0.0122,0.1390,0.0350,0.0744,0.0674,0.0256,0.1213,0.1127,0.0553,0.0544,0.1061,0.1250,0.0737,0.0000,0.1472,0.1019,0.0000,0.0990,0.0611,0.0000,15.49,6.8356,3.8187,-11.4729
1705297595.1333,0.1092,0.0394,0.0544,0.0088,0.1213,0.0944,0.0276,0.0581,0.2180,0.5613,0.2167,-0.1168,0.6279,0.0357,0.0052,0.1111,0.0000,0.0992,0.0574,0.0869,0.0745,0.1425,0.0599,0.0426,0.1367,0.0320,0.1062,0.0376,0.1193,0.1508,0.0000,0.0723,0.1577,0.0000,9.99,-1.6246,-5.8867,-10.3941
1705297595.2000,0.1041,0.0274,0.0383,0.0170,0.1140,0.0886,0.0131,0.0384,0.1921,0.6202,0.2338,-0.1887,0.6637,0.0857,0.0260,0.2031,0.0269,0.0339,0.0878,0.0249,0.1111,0.0828,0.0420,0.0176,0.0679,0.1412,0.1342,0.0164,0.0712,0.0582,0.1159,0.1295,0.0668,0.0000,8.89,-0.5171,-3.9403,4.6748
1705297595.2667,0.0984,0.0359,0.0422,0.0149,0.1325,0.0768,0.0229,0.0496,0.1796,0.6083,0.2996,-0.2314,0.6473,0.0138,0.0000,0.1434,0.0201,0.0783,0.0486,0.0395,0.0945,0.0535,0.0335,0.0528,0.1014,0.1208,0.1029,0.0000,0.1077,0.0747,0.1937,0.1989,0.0554,0.0000,16.31,9.3222,1.4607,-0.2161
1705297595.3333,0.0919,0.0341,0.0317,0.0141,0.0926,0.0867,0.0406,0.0458,0.1775,0.6309,0.2824,-0.1517,0.6184,0.0613,0.0000,0.2085,0.0268,0.0084,0.0806,0.0370,0.1579,0.0953,0.0065,0.0933,0.0999,0.0856,0.2180,0.0217,0.0492,0.0486,0.1319,0.0753,0.1930,0.0000,14.31,19.7147,2.5893,-1.0491
1705297595.4000,0.1047,0.0269,0.0356,0.0141,0.0876,0.1061,0.0346,0.0403,0.1780,0.6232,0.2221,-0.1362,0.5902,0.0672,0.0342,0.1179,0.0000,0.1595,0.0754,0.0445,0.1432,0.0176,0.0738,0.1158,0.0544,0.1450,0.0958,0.0353,0.1621,0.1961,0.0764,0.0329,0.0811,0.0000,17.42,18.5360,-0.2001,-0.5755
1705297595.4667,0.0889,0.0299,0.0324,0.0124,0.0901,0.0956,0.0307,0.0285,0.1485,0.6658,0.2318,-0.1513,0.6250,0.0872,0.0553,0.0741,0.0000,0.0515,0.0289,0.0685,0.0826,0.1084,0.0664,0.1416,0.0534,0.0639,0.0916,0.0234,0.0796,0.1355,0.1050,0.0241,0.2322,0.0000,15.62,8.6823,10.9625,7.4180
1705297595.5333,0.0765,0.0215,0.0276,0.0118,0.1060,0.1104,0.0182,0.0397,0.1544,0.6604,0.3092,-0.1985,0.6650,0.0972,0.0627,0.1198,0.0094,0.0810,0.0630,0.0118,0.1274,0.2146,0.0353,0.0983,0.0747,0.1784,0.1524,0.0000,0.0516,0.2137,0.0088,0.1000,0.0055,0.0000,10.92,12.7504,-0.4056,-2.2635
1705297595.6000,0.0785,0.0194,0.0301,0.0139,0.1077,0.1153,0.0169,0.0529,0.1853,0.6280,0.3090,-0.1880,0.7145,0.0870,0.0000,0.1301,0.0328,0.0603,0.0156,0.0000,0.1597,0.1764,0.0080,0.0835,0.0187,0.0891,0.1110,0.0002,0.1547,0.1313,0.0756,0.0285,0.0378,0.0000,16.84,11.9059,-7.5156,4.3005
1705297595.6667,0.0650,0.0255,0.0265,0.0313,0.1079,0.1170,0.0265,0.0475,0.1616,0.6346,0.2559,-0.2079,0.6828,0.0576,0.0000,0.2088,0.0000,0.0896,0.0626,0.0838,0.1199,0.0581,0.0697,0.2051,0.0304,0.1409,0.1140,0.0000,0.1027,0.1317,0.1416,0.0000,0.0964,0.0000,12.28,7.1683,6.8634,3.3009
1705297595.7333,0.0607,0.0282,0.0222,0.0375,0.1344,0.1286,0.0140,0.0588,0.2016,0.5885,0.2685,-0.1545,0.7128,0.0290,0.0438,0.1711,0.0000,0.0920,0.0562,0.0586,0.1162,0.0706,0.0573,0.0903,0.0585,0.0513,0.2077,0.0000,0.1531,0.0485,0.1138,0.1181,0.0641,0.0000,13.42,6.7809,-2.2475,0.1156
1705297595.8000,0.0582,0.0192,0.0223,0.0250,0.1277,0.1121,0.0151,0.0515,0.1883,0.6284,0.3051,-0.1240,0.7962,0.0763,0.0000,0.1198,0.0152,0.1031,0.0622,0.0000,0.1211,0.1821,0.0000,0.1500,0.1546,0.0920,0.0891,0.0000,0.1552,0.1220,0.0889,0.0567,0.0000,0.0000,11.83,16.8876,0.2863,5.0207
1705297595.8667,0.0378,0.0283,0.0275,0.0497,0.1317,0.1412,0.0047,0.0504,0.1820,0.6079,0.2405,-0.0863,0.8316,0.0911,0.0210,0.2108,0.0127,0.1683,0.0509,0.0000,0.0832,0.1203,0.0000,0.1050,0.0567,0.1229,0.0855,0.0000,0.0569,0.0559,0.0663,0.1248,0.0854,0.0000,23.99,4.9514,-5.1630,-7.1450
1705297595.9333,0.0360,0.0440,0.0226,0.0316,0.1026,0.1306,0.0179,0.0541,0.1864,0.6244,0.2556,-0.1234,0.8486,0.0828,0.0072,0.1218,0.0512,0.0908,0.0000,0.0172,0.1233,0.0655,0.0621,0.2147,0.0576,0.1348,0.0844,0.0349,0.1320,0.0436,0.1028,0.0931,0.1400,0.0000,15.99,-6.9805,-6.8361,0.5403
1705297596.0000,0.0327,0.0458,0.0285,0.0366,0.1165,0.1341,0.0258,0.0718,0.1746,0.6002,0.2463,-0.0872,0.8310,0.0303,0.0110,0.1120,0.0000,0.0455,0.0000,0.0673,0.0633,0.1995,0.0466,0.0914,0.0812,0.0954,0.1061,0.0000,0.0784,0.0991,0.1338,0.1121,0.1076,0.0000,15.73,4.1563,-10.8860,-3.9365
1705297596.0667,0.0434,0.0545,0.0225,0.0344,0.1265,0.1282,0.0112,0.0593,0.1720,0.6088,0.2718,-0.1410,0.7273,0.0636,0.0000,0.1434,0.0008,0.0602,0.0000,0.0123,0.0897,0.1219,0.0306,0.1387,0.0851,0.0511,0.1459,0.0346,0.0719,0.0368,0.0404,0.1303,0.0716,0.0000,14.49,0.5879,8.7723,-1.6539
1705297596.1333,0.0522,0.0487,0.0248,0.0353,0.1382,0.1324,0.0141,0.0469,0.1820,0.5952,0.2959,-0.1465,0.7503,0.0776,0.0194,0.1467,0.0000,0.0669,0.0083,0.0000,0.1332,0.1544,0.0513,0.0894,0.0477,0.0727,0.0891,0.0000,0.1547,0.0387,0.0078,0.1124,0.1093,0.0000,19.71,14.9643,-0.0203,3.9333
1705297596.2000,0.0528,0.0487,0.0196,0.0453,0.1592,0.1059,0.0198,0.0376,0.2027,0.5850,0.3669,-0.0460,0.7715,0.0049,0.0750,0.1096,0.0000,0.1345,0.0605,0.0324,0.0440,0.1031,0.0837,0.0353,0.0906,0.0664,0.1701,0.0140,0.0000,0.1658,0.0149,0.0000,0.0503,0.0000,7.60,-0.2813,8.9674,-0.6371
1705297596.2667,0.0715,0.0538,0.0215,0.0428,0.1600,0.0862,0.0427,0.0397,0.2316,0.5502,0.3102,-0.0670,0.7544,0.0493,0.0130,0.1483,0.0560,0.1343,0.0437,0.0115,0.0623,0.1021,0.0000,0.0949,0.0591,0.1026,0.0761,0.0270,0.0476,0.0843,0.1633,0.1651,0.0705,0.0000,16.34,14.1715,18.5595,1.2271
1705297596.3333,0.0898,0.0544,0.0000,0.0269,0.1438,0.0827,0.0355,0.0439,0.2214,0.5809,0.3058,-0.0136,0.7674,0.0393,0.0573,0.1274,0.0000,0.1077,0.0257,0.0536,0.0786,0.1115,0.0706,0.0382,0.0583,0.1066,0.1155,0.0046,0.0396,0.1601,0.1470,0.0638,0.0945,0.0000,18.07,-4.1720,-15.9449,-8.3579
1705297596.4000,0.0790,0.0516,0.0000,0.0243,0.1623,0.0870,0.0197,0.0311,0.1996,0.6072,0.2893,0.0470,0.6773,0.0895,0.0000,0.1313,0.0455,0.0642,0.0400,0.0343,0.0955,0.1375,0.0382,0.1077,0.0506,0.1436,0.0642,0.0000,0.0870,0.0857,0.0182,0.1111,0.0409,0.0000,15.74,12.5960,0.8770,-5.4371
1705297596.4667,0.0722,0.0324,0.0072,0.0275,0.1343,0.0930,0.0358,0.0243,0.2318,0.6050,0.2851,-0.0362,0.6461,0.0988,0.0131,0.1188,0.0350,0.1129,0.0250,0.0557,0.0157,0.1320,0.0457,0.1058,0.0126,0.0751,0.0550,0.0000,0.0000,0.0000,0.1660,0.0813,0.1231,0.0000,20.23,17.5441,11.6060,6.1241
1705297596.5333,0.0600,0.0318,0.0217,0.0060,0.1628,0.0794,0.0405,0.0442,0.2377,0.5895,0.2630,-0.0359,0.7055,0.0909,0.0639,0.1804,0.0000,0.1038,0.0000,0.0000,0.0610,0.0361,0.0498,0.1624,0.0000,0.0470,0.1709,0.0364,0.1109,0.0843,0.1493,0.1631,0.0785,0.0000,16.29,10.6105,7.0373,-1.3379
1705297596.6000,0.0709,0.0387,0.0171,0.0089,0.1534,0.0678,0.0523,0.0552,0.2317,0.5825,0.2554,-0.0755,0.7211,0.0515,0.0000,0.1385,0.0221,0.1398,0.0102,0.0000,0.0895,0.1244,0.0288,0.1837,0.0000,0.1191,0.0573,0.0721,0.0831,0.1429,0.0638,0.1648,0.1328,0.0000,8.31,4.6066,-22.8217,1.6414
1705297596.6667,0.0777,0.0487,0.0164,0.0140,0.1220,0.0962,0.0585,0.0614,0.2233,0.5690,0.1877,-0.0763,0.7246,0.0493,0.0000,0.1237,0.0743,0.0756,0.0826,0.0906,0.0722,0.0832,0.0622,0.0772,0.0806,0.0900,0.0850,0.0614,0.1160,0.1695,0.1472,0.1116,0.1151,0.0000,17.61,-2.1672,26.6208,0.7427
1705297596.7333,0.0754,0.0381,0.0288,0.0104,0.1279,0.0990,0.0290,0.0623,0.2265,0.5815,0.1831,-0.0631,0.6717,0.0996,0.0341,0.1041,0.0060,0.0453,0.0482,0.0429,0.1627,0.1571,0.0821,0.1224,0.0767,0.0847,0.1905,0.0585,0.0606,0.1258,0.1235,0.1299,0.0395,0.0000,21.90,12.8254,-3.2747,0.3117
1705297596.8000,0.0857,0.0532,0.0360,0.0097,0.0932,0.1057,0.0334,0.0581,0.2050,0.5920,0.1672,-0.1561,0.6984,0.1094,0.0000,0.1915,0.0214,0.0864,0.0848,0.0254,0.1171,0.1156,0.0268,0.0711,0.1554,0.1048,0.1353,0.0000,0.1098,0.0826,0.1297,0.0825,0.1021,0.0000,16.92,-2.0348,7.5014,0.2310
1705297596.8667,0.0830,0.0622,0.0474,0.0088,0.1249,0.1228,0.0434,0.0491,0.2216,0.5420,0.1339,-0.0727,0.7029,0.1003,0.1180,0.1515,0.0211,0.0713,0.0774,0.0891,0.1121,0.1040,0.0784,0.1009,0.0540,0.1053,0.1120,0.0229,0.0694,0.0851,0.0550,0.1013,0.1934,1.0000,13.53,6.6483,-10.3370,0.4200
1705297596.9333,0.0777,0.0718,0.0575,0.0237,0.1113,0.1068,0.0385,0.0512,0.2217,0.5439,0.1825,-0.1320,0.6686,0.0369,0.0416,0.1395,0.0383,0.0025,0.0612,0.0705,0.0397,0.1004,0.0622,0.0587,0.0801,0.1319,0.1360,0.0000,0.0680,0.0491,0.1301,0.0769,0.1090,0.0000,17.44,0.4392,15.7708,-4.5648
1705297597.0000,0.0650,0.0780,0.0551,0.0270,0.1149,0.0893,0.0356,0.0522,0.2295,0.5521,0.1539,-0.1813,0.6109,0.0761,0.0599,0.1363,0.0199,0.0999,0.0582,0.0000,0.1455,0.1164,0.0994,0.1030,0.1511,0.0992,0.1314,0.0499,0.1044,0.1360,0.1996,0.1757,0.0667,0.0000,15.10,3.6748,5.7157,1.5922
1705297597.0667,0.0587,0.0707,0.0577,0.0374,0.1161,0.0850,0.0344,0.0342,0.2203,0.5713,0.2008,-0.1942,0.5927,0.0523,0.1174,0.2190,0.0244,0.0753,0.0000,0.0441,0.1574,0.0062,0.0816,0.1579,0.0608,0.1486,0.1280,0.0000,0.1607,0.0000,0.1061,0.0520,0.2317,1.0000,10.97,-14.5490,-0.8376,-5.4458
1705297597.1333,0.0733,0.0608,0.0496,0.0336,0.1272,0.1010,0.0570,0.0341,0.2383,0.5350,0.1951,-0.2257,0.5992,0.1053,0.0363,0.2352,0.0000,0.1255,0.0785,0.0132,0.0413,0.0966,0.0883,0.1228,0.1200,0.1778,0.0513,0.0020,0.1769,0.0558,0.1106,0.0242,0.0795,0.0000,15.34,-0.7738,-4.8232,-2.3002
1705297597.2000,0.0637,0.0571,0.0400,0.0343,0.0988,0.1018,0.0452,0.0494,0.2373,0.5635,0.2353,-0.2501,0.5451,0.1251,0.0000,0.1831,0.0096,0.1257,0.0153,0.0430,0.1306,0.1308,0.0356,0.1115,0.1286,0.0302,0.1000,0.0427,0.1466,0.0298,0.1182,0.0811,0.1309,0.0000,20.47,8.4744,4.2954,2.0573
1705297597.2667,0.0595,0.0707,0.0335,0.0474,0.1090,0.0837,0.0400,0.0472,0.2452,0.5584,0.2763,-0.2910,0.5083,0.1074,0.0175,0.0826,0.0419,0.0677,0.0496,0.0395,0.1249,0.1068,0.0672,0.0889,0.1074,0.1239,0.0649,0.0235,0.0793,0.1233,0.1151,0.0528,0.0803,0.0000,15.92,8.7919,-7.0335,3.0844
1705297597.3333,0.0809,0.0609,0.0311,0.0463,0.0747,0.0812,0.0662,0.0457,0.2687,0.5465,0.3497,-0.2355,0.5976,0.0985,0.0335,0.1981,0.0689,0.0756,0.0274,0.0432,0.0810,0.1747,0.0541,0.2371,0.1322,0.1555,0.0736,0.0000,0.1001,0.0000,0.1467,0.0797,0.1367,0.0000,8.00,6.1237,14.2699,-8.5707
1705297597.4000,0.0764,0.0610,0.0369,0.0389,0.1046,0.0715,0.0696,0.0551,0.2716,0.5286,0.3301,-0.1932,0.5525,0.0724,0.0008,0.1579,0.0000,0.0755,0.0253,0.0478,0.0661,0.0986,0.0061,0.1033,0.1252,0.0678,0.1542,0.0000,0.1544,0.0506,0.1447,0.1324,0.1564,0.0000,12.18,13.7736,16.2565,-6.3463
1705297597.4667,0.0708,0.0561,0.0351,0.0447,0.0918,0.0936,0.0664,0.0404,0.2539,0.5483,0.2922,-0.0937,0.5075,0.1023,0.0796,0.1723,0.0455,0.0435,0.0285,0.0733,0.0965,0.1672,0.0729,0.1268,0.0623,0.0588,0.1034,0.0687,0.0883,0.0646,0.0738,0.0480,0.1164,0.0000,12.78,-3.8554,-10.6109,1.5392
1705297597.5333,0.0675,0.0540,0.0383,0.0434,0.1080,0.1021,0.0565,0.0328,0.2513,0.5477,0.2658,-0.1012,0.5688,0.1335,0.0145,0.1524,0.0239,0.0672,0.0475,0.0482,0.1159,0.0952,0.0429,0.1167,0.1507,0.1170,0.0738,0.0239,0.1318,0.1483,0.1508,0.0252,0.1122,1.0000,15.30,-7.8692,-6.1337,-5.6157
1705297597.6000,0.0682,0.0540,0.0393,0.0329,0.1259,0.0925,0.0685,0.0348,0.2649,0.5314,0.2538,-0.0171,0.5834,0.0296,0.1341,0.1746,0.0309,0.1173,0.0272,0.0749,0.1481,0.0243,0.0085,0.1609,0.1380,0.0679,0.1077,0.0742,0.1707,0.1151,0.0693,0.1220,0.1184,0.0000,11.46,-6.3438,-6.2544,-0.3425
1705297597.6667,0.0593,0.0488,0.0390,0.0175,0.0887,0.0971,0.0598,0.0317,0.2129,0.6071,0.2984,0.0321,0.5778,0.0356,0.0654,0.2283,0.0126,0.0561,0.0599,0.0000,0.0067,0.1093,0.1070,0.0638,0.0195,0.0380,0.1395,0.0366,0.1193,0.1258,0.0821,0.1874,0.1506,0.0000,11.95,2.3312,21.3127,-3.5759
1705297597.7333,0.0737,0.0556,0.0478,0.0153,0.0713,0.0835,0.0649,0.0298,0.2289,0.5976,0.3084,-0.0301,0.5341,0.0995,0.0361,0.1691,0.0620,0.0621,0.0431,0.1244,0.1363,0.1821,0.0924,0.0470,0.1964,0.1360,0.2077,0.0401,0.0814,0.0174,0.1685,0.0873,0.0721,0.0000,13.98,3.9233,-5.9299,-3.6042
1705297597.8000,0.0720,0.0618,0.0453,0.0290,0.0954,0.0720,0.0634,0.0235,0.2272,0.5862,0.2633,-0.0126,0.5479,0.0471,0.0736,0.2087,0.0250,0.0473,0.0381,0.0300,0.0792,0.1458,0.0964,0.1404,0.1074,0.1115,0.0226,0.0294,0.0951,0.0344,0.1028,0.1123,0.1290,0.0000,15.18,-14.3340,-13.6783,6.4648
1705297597.8667,0.0782,0.0681,0.0424,0.0325,0.1233,0.0928,0.0506,0.0085,0.2337,0.5619,0.2733,-0.0800,0.5338,0.0000,0.0006,0.1294,0.0764,0.0249,0.0424,0.0385,0.1217,0.1280,0.0603,0.0893,0.0754,0.1184,0.0345,0.0550,0.0203,0.1864,0.0963,0.0000,0.1053,0.0000,13.61,-3.0904,-7.6313,1.4165
1705297597.9333,0.0838,0.0591,0.0242,0.0270,0.1073,0.0928,0.0498,0.0099,0.2011,0.6070,0.3080,-0.0656,0.6206,0.0613,0.0326,0.1951,0.0369,0.0477,0.0859,0.0847,0.0850,0.0930,0.0798,0.0333,0.0460,0.1104,0.1385,0.0275,0.1752,0.0000,0.1281,0.0920,0.0331,0.0000,17.56,-6.4119,-7.5923,0.7210
1705297598.0000,0.0892,0.0511,0.0244,0.0222,0.1337,0.1115,0.0737,0.0059,0.1913,0.5782,0.2311,-0.1329,0.5874,0.0998,0.1144,0.1494,0.0470,0.1065,0.0232,0.0436,0.0924,0.1505,0.0081,0.0692,0.0606,0.0000,0.0628,0.0539,0.1148,0.0485,0.0210,0.0217,0.1154,0.0000,18.05,15.5120,5.0408,5.5227
1705297598.0667,0.0932,0.0440,0.0247,0.0330,0.1172,0.1420,0.0613,0.0158,0.1984,0.5622,0.2707,-0.1010,0.6408,0.0757,0.0020,0.1327,0.0163,0.0548,0.0301,0.0543,0.1118,0.0961,0.0759,0.0000,0.0192,0.1271,0.0214,0.0204,0.1545,0.1459,0.1292,0.0322,0.1015,0.0000,12.87,-2.1677,-12.2344,-2.0052
1705297598.1333,0.0859,0.0311,0.0149,0.0313,0.1256,0.1575,0.0345,0.0000,0.1950,0.5945,0.2679,-0.0658,0.7043,0.1330,0.0000,0.2035,0.0477,0.1220,0.0751,0.0580,0.0926,0.1732,0.1307,0.1462,0.0557,0.0575,0.1963,0.0376,0.1161,0.0988,0.1669,0.1244,0.0846,0.0000,15.11,-1.9266,-2.8811,-2.3056
1705297598.2000,0.0915,0.0324,0.0128,0.0361,0.1465,0.1310,0.0453,0.0000,0.2047,0.5798,0.2576,-0.0497,0.6791,0.0772,0.0433,0.1230,0.0000,0.0797,0.0371,0.0000,0.0608,0.0353,0.0482,0.1993,0.0966,0.1653,0.0417,0.0741,0.0049,0.0745,0.1206,0.1453,0.1688,0.0000,13.28,-1.4562,7.3776,4.2057
1705297598.2667,0.1017,0.0324,0.0236,0.0239,0.1354,0.1401,0.0372,0.0023,0.1635,0.6039,0.2702,0.0259,0.6281,0.0000,0.0069,0.0939,0.0127,0.0880,0.0397,0.0700,0.0891,0.1141,0.0658,0.1033,0.1290,0.1096,0.0966,0.0384,0.0322,0.1886,0.0970,0.0991,0.1248,0.0000,15.10,-8.8829,-1.7482,2.1669
1705297598.3333,0.1021,0.0474,0.0290,0.0145,0.1539,0.1535,0.0305,0.0000,0.1854,0.5702,0.3122,-0.1218,0.6494,0.0431,0.0407,0.1154,0.0439,0.0607,0.0265,0.0080,0.0977,0.1739,0.1128,0.1231,0.0646,0.2455,0.0842,0.0000,0.1817,0.1565,0.0874,0.0558,0.0636,0.0000,15.92,-1.8500,-8.7705,-2.8857
1705297598.4000,0.1018,0.0490,0.0513,0.0198,0.1376,0.1316,0.0120,0.0000,0.2117,0.5710,0.3319,-0.1265,0.6634,0.0968,0.0000,0.1700,0.0153,0.0692,0.0705,0.0589,0.0192,0.1188,0.0748,0.1251,0.0579,0.0319,0.1111,0.0000,0.1266,0.0770,0.0205,0.1714,0.1414,0.0000,11.49,-3.2890,-0.4450,4.4121
1705297598.4667,0.0721,0.0573,0.0490,0.0239,0.1593,0.1102,0.0000,0.0183,0.2178,0.5752,0.3205,-0.1635,0.6618,0.0456,0.0253,0.1441,0.0000,0.1147,0.0654,0.0160,0.0318,0.1030,0.0704,0.0790,0.1468,0.0879,0.1010,0.0000,0.1907,0.1376,0.1025,0.1009,0.1312,0.0000,14.13,6.5859,1.1090,-5.9739
1705297598.5333,0.0558,0.0703,0.0521,0.0270,0.1497,0.1142,0.0000,0.0122,0.2119,0.5842,0.3101,-0.0969,0.6976,0.1287,0.0165,0.1805,0.0000,0.0993,0.0000,0.0465,0.0831,0.0388,0.0950,0.1193,0.1370,0.0644,0.0784,0.0000,0.2261,0.0500,0.1378,0.1094,0.1175,0.0000,15.71,1.6481,-9.9505,-0.5133
1705297598.6000,0.0306,0.0715,0.0403,0.0256,0.1728,0.0985,0.0046,0.0133,0.2061,0.6020,0.3410,-0.1055,0.5977,0.1100,0.0056,0.1098,0.0000,0.0898,0.0269,0.0532,0.0150,0.1053,0.0814,0.1337,0.1527,0.0635,0.1358,0.0122,0.0866,0.1754,0.0000,0.1047,0.1343,0.0000,10.11,4.5160,11.2798,7.1084
1705297598.6667,0.0254,0.0737,0.0507,0.0257,0.1779,0.1001,0.0000,0.0142,0.2283,0.5825,0.3029,-0.1871,0.6055,0.0858,0.0000,0.1438,0.0000,0.1100,0.0439,0.0240,0.1327,0.0675,0.1380,0.1040,0.1266,0.0938,0.1042,0.0203,0.0608,0.1413,0.1424,0.0882,0.0796,0.0000,15.12,12.0413,-11.3977,6.4655
1705297598.7333,0.0178,0.0855,0.0461,0.0314,0.2045,0.0939,0.0000,0.0122,0.2193,0.5736,0.2616,-0.1959,0.6338,0.0000,0.0514,0.1593,0.0009,0.1703,0.0000,0.0000,0.1605,0.0954,0.0976,0.0765,0.1361,0.0232,0.0168,0.0386,0.0764,0.0611,0.0330,0.0986,0.0448,0.0000,11.34,12.3025,1.4343,8.4469
1705297598.8000,0.0233,0.0916,0.0337,0.0427,0.2037,0.0811,0.0000,0.0000,0.2023,0.5930,0.2477,-0.0980,0.5694,0.1148,0.0187,0.1149,0.0308,0.1149,0.0000,0.0272,0.1010,0.1475,0.1145,0.0369,0.0000,0.0000,0.1259,0.0000,0.1648,0.1638,0.1560,0.0908,0.1993,0.0000,17.39,-1.7005,5.1767,1.9412
1705297598.8667,0.0269,0.0860,0.0328,0.0456,0.1850,0.0730,0.0000,0.0078,0.1990,0.6063,0.2326,-0.0712,0.5207,0.0414,0.0000,0.1707,0.0123,0.0645,0.0470,0.0000,0.0736,0.0866,0.0616,0.1181,0.1226,0.2089,0.0144,0.0000,0.0180,0.0930,0.2109,0.2015,0.1200,0.0000,11.05,3.8017,11.0856,-5.2436
1705297598.9333,0.0389,0.0876,0.0354,0.0543,0.1971,0.0790,0.0000,0.0203,0.2049,0.5696,0.2243,-0.0259,0.5884,0.0758,0.0619,0.0832,0.0242,0.1282,0.0024,0.0303,0.0288,0.0535,0.0408,0.1625,0.0834,0.1134,0.1504,0.0031,0.0487,0.1447,0.0342,0.3069,0.1931,0.0000,14.88,7.7045,11.7950,1.0662
1705297599.0000,0.0307,0.0828,0.0366,0.0562,0.2067,0.0750,0.0024,0.0464,0.2032,0.5561,0.2001,0.0432,0.5768,0.0390,0.0000,0.1111,0.0503,0.1086,0.0396,0.0417,0.1025,0.0623,0.0355,0.0866,0.1637,0.1534,0.1741,0.0000,0.1224,0.1711,0.0006,0.1006,0.1497,0.0000,16.54,12.4482,3.6960,-4.9360
1705297599.0667,0.0371,0.0705,0.0316,0.0443,0.1797,0.0842,0.0143,0.0472,0.2220,0.5616,0.1522,-0.0502,0.6010,0.0658,0.0495,0.1522,0.0000,0.0833,0.0231,0.0080,0.0795,0.0117,0.0671,0.0245,0.0346,0.1598,0.1938,0.0223,0.1155,0.1279,0.0536,0.0978,0.1342,0.0000,13.93,11.4452,-4.5727,-3.8023
1705297599.1333,0.0354,0.0726,0.0411,0.0325,0.1720,0.0973,0.0341,0.0344,0.2303,0.5502,0.1115,-0.1217,0.5224,0.0289,0.0820,0.1781,0.0626,0.0678,0.0605,0.0544,0.1079,0.0887,0.0741,0.1121,0.0804,0.0875,0.1006,0.0870,0.1660,0.0441,0.0412,0.1399,0.1169,0.0000,13.16,4.5969,7.9912,0.7089
1705297599.2000,0.0476,0.0680,0.0297,0.0307,0.1665,0.1093,0.0367,0.0499,0.2072,0.5525,0.1815,-0.1150,0.5790,0.0973,0.0166,0.1510,0.0611,0.0993,0.0135,0.0527,0.1546,0.1178,0.0317,0.1403,0.1449,0.1153,0.1046,0.0109,0.0988,0.0872,0.0782,0.0865,0.0943,0.0000,13.61,6.6270,-1.5577,-11.0238
1705297599.2667,0.0448,0.0611,0.0234,0.0316,0.1554,0.1259,0.0535,0.0474,0.2288,0.5369,0.2541,-0.0927,0.6058,0.1412,0.0884,0.1181,0.0242,0.1076,0.0083,0.0735,0.1108,0.0558,0.0519,0.0551,0.0429,0.0977,0.0958,0.0587,0.0692,0.0887,0.1093,0.1134,0.1770,0.0000,17.96,0.2540,-2.3778,-4.8698
1705297599.3333,0.0324,0.0830,0.0170,0.0326,0.1442,0.1187,0.0539,0.0467,0.2381,0.5401,0.3541,-0.0245,0.6375,0.1248,0.0945,0.1389,0.0783,0.0804,0.0041,0.0000,0.0694,0.1754,0.0871,0.0602,0.0729,0.1094,0.1085,0.0267,0.1344,0.1128,0.0937,0.1173,0.1274,0.0000,14.07,-10.0814,3.9019,-0.6240
1705297599.4000,0.0607,0.0864,0.0177,0.0402,0.1547,0.1128,0.0393,0.0432,0.2290,0.5296,0.3151,0.0027,0.6128,0.1128,0.0434,0.1644,0.0345,0.0956,0.0000,0.0096,0.1483,0.0762,0.0610,0.0959,0.1287,0.0609,0.1593,0.0019,0.0491,0.0977,0.0682,0.1539,0.1253,0.0000,10.84,11.3956,-3.1248,-7.3690
1705297599.4667,0.0675,0.0873,0.0201,0.0446,0.1544,0.1006,0.0490,0.0224,0.2330,0.5326,0.2993,-0.0728,0.6286,0.0674,0.1364,0.1228,0.0507,0.0535,0.0710,0.0995,0.1002,0.1199,0.0524,0.1115,0.0630,0.0375,0.1764,0.0000,0.1473,0.1685,0.1389,0.1580,0.1184,0.0000,13.28,5.3035,-5.1737,-2.9014
1705297599.5333,0.0648,0.0805,0.0207,0.0382,0.1357,0.1208,0.0669,0.0000,0.2513,0.5327,0.3697,-0.1186,0.6482,0.0282,0.1033,0.1262,0.0433,0.0916,0.0371,0.0376,0.1012,0.0508,0.1034,0.0545,0.1107,0.0794,0.0704,0.0000,0.1968,0.0433,0.0691,0.1235,0.0760,0.0000,18.02,-0.1626,-2.3909,-5.0166
1705297599.6000,0.0605,0.0793,0.0204,0.0420,0.1413,0.1185,0.0426,0.0109,0.2664,0.5309,0.3138,-0.0370,0.6120,0.0427,0.0000,0.1242,0.0095,0.0827,0.0162,0.0051,0.1127,0.0116,0.0537,0.1381,0.0658,0.0869,0.0195,0.0530,0.0326,0.1240,0.0467,0.1158,0.0656,0.0000,15.63,3.7022,1.4069,3.8505
1705297599.6667,0.0669,0.0771,0.0170,0.0421,0.1619,0.1115,0.0158,0.0221,0.2687,0.5300,0.3131,-0.0867,0.5500,0.0645,0.0510,0.1745,0.0404,0.1159,0.0298,0.0048,0.1120,0.1599,0.0547,0.0870,0.1404,0.1045,0.1478,0.0000,0.1623,0.0715,0.1206,0.1509,0.0690,0.0000,11.22,3.2184,-17.0066,2.8797
1705297599.7333,0.0621,0.0763,0.0275,0.0357,0.1925,0.0888,0.0220,0.0381,0.2670,0.5139,0.3334,-0.1659,0.5605,0.1282,0.0387,0.1151,0.0620,0.0890,0.0517,0.0162,0.0793,0.1667,0.0471,0.1850,0.0995,0.1038,0.1152,0.0112,0.0613,0.0779,0.0800,0.1770,0.1418,0.0000,5.00,14.0430,13.4608,-5.5334
1705297599.8000,0.0680,0.0742,0.0431,0.0297,0.1252,0.1063,0.0401,0.0451,0.2499,0.5310,0.3130,-0.0729,0.5901,0.0538,0.0574,0.1662,0.0200,0.0852,0.0240,0.0393,0.0527,0.1427,0.0848,0.2044,0.0646,0.0730,0.0017,0.0000,0.1432,0.1387,0.0723,0.1716,0.1437,0.0000,11.57,-0.3769,-3.4256,2.7368
1705297599.8667,0.0636,0.0593,0.0499,0.0235,0.1201,0.1086,0.0382,0.0287,0.2443,0.5583,0.3904,-0.1248,0.5439,0.0923,0.0189,0.1633,0.0262,0.0793,0.0074,0.0682,0.0598,0.0609,0.0569,0.1776,0.1691,0.0000,0.0907,0.0151,0.1070,0.1047,0.0895,0.0266,0.0873,0.0000,16.08,10.9738,12.3958,-5.2221
1705297599.9333,0.0521,0.0528,0.0372,0.0240,0.1289,0.1174,0.0468,0.0275,0.2336,0.5678,0.4056,-0.0436,0.5396,0.0358,0.0745,0.1773,0.0000,0.0989,0.0072,0.0436,0.1175,0.1108,0.0534,0.1436,0.0244,0.0933,0.1326,0.0000,0.1397,0.0917,0.0045,0.1939,0.1722,0.0000,14.18,13.0084,-10.9799,-7.1932