time stamp,face id,anger,contempt,disgust,fear,joy,sadness,surprise,sentimentality,confusion,neutral,engagement,valence,attention,inner brow raise,brow raise,brow furrow,eye widen,cheek raise,lid tighten,nose wrinkle,upper lip raise,dimpler,lip corner depressor,chin raise,lip pucker,lip stretch,lip press,mouth open,jaw drop,lip suck,eye closure,smile,smirk,blink,blink rate,pitch,yaw,roll,brightness,interocular distance,topleft_x,topleft_y,bottomright_x,bottomright_y,outer_right_eye_X,outer_right_eye_Y,outer_left_eye_X,outer_left_eye_Y,nose_top_X,nose_top_Y,chin_top_X,chin_top_Y
0.086,0,1.16,0.70,0.83,0.89,1.39,1.95,2.06,0.24,0.57,94.95,27.85,-2.29,92.03,0.36508208807557807,1.9862006164155899,2.981516389087774,1.2788776144199074,4.50567401225213,48.67583889886737,4.635715049086139,3.638966109864414,6.693495522253215,3.3250815893337133,3.704774212092161,4.983839293709025,4.662805924192071,3.314924188954756,8.818574142232539,4.517935900408775,1.332046315073967,7.269315770827234,4.081116928304546,1.1169708918314427,0,,-1.15,6.95,-3.35,84.58,122.16,901.57,139.93,1016.57,269.93,961.57,167.93,1038.57,167.93,996.57,195.93,1001.57,264.93
0.307,0,0.92,1.26,0.52,1.73,1.86,0.95,1.99,1.00,0.45,95.19,28.12,-7.53,95.59,2.383383786855265,2.7223505960311742,4.8445676122279835,1.9057258200272917,9.269425978451036,12.448037890251726,2.0942310325801374,0.49076934013515716,4.5589286962058395,3.7268117816932502,2.0845745452679694,3.0092683569528162,3.4420289215631783,0,4.446171779222786,5.122422973653301,0.5382037064991891,3.926684661768377,9.295151001350023,4.313610713463277,0.6357032507658005,,-2.17,6.87,-3.80,85.75,117.37,899.56,138.30,1014.56,268.30,959.56,166.30,1036.56,166.30,994.56,194.30,999.56,263.30
0.387,0,0.84,0.07,1.06,1.64,0.72,1.84,1.77,1.65,0.56,95.81,25.84,-4.65,93.59,1.1501153524219991,0,3.429353941269219,2.4588194996304815,4.706716839303263,38.7072201105766,5.591370564000681,0,4.691005016444251,5.726331781949848,3.662133847363293,1.5090265558101237,4.035988299641758,3.9732013336382805,4.898718033358454,0.5442996835801752,3.2752673742361367,5.972421139944345,7.766868906463497,0.3468574087601155,0.6856712750159204,,2.27,5.48,-4.24,83.99,120.83,901.67,140.53,1016.67,270.53,961.67,168.53,1038.67,168.53,996.67,196.53,1001.67,265.53
0.504,0,0.67,1.49,1.63,0.57,1.89,1.84,0.85,0.25,0.56,95.55,27.31,-4.02,87.50,2.926012474098243,1.7129973865346981,4.646565949711949,2.241036879355088,8.436065769619308,26.912694095168263,6.181226008641533,2.670796121340245,0.6438232141081244,0.6004920989833771,0,4.16229732753709,0,2.197864458449185,11.483839718215169,4.132593425731175,0.306221972219646,5.51941890316084,4.287101589967497,0,0,,1.06,6.35,-4.02,85.71,117.21,898.77,141.98,1013.77,271.98,958.77,169.98,1035.77,169.98,993.77,197.98,998.77,266.98
0.745,0,1.25,2.11,0.12,1.39,1.32,0.76,0.24,0.64,0.64,94.96,20.72,-2.06,92.12,4.1240346999699256,4.390863257809542,4.522636077105998,5.3509630639385435,5.711175140067935,29.652805420570076,1.2588171846000478,1.1810234283097087,1.8438251945190132,1.983001565169543,3.7450279318727553,4.92754718568176,0.8252095472998917,3.469628329835832,6.190528163034468,1.0596983281197025,0.3249588687904179,3.5098747136071324,6.122047011703253,2.363407413708046,0.49697392783127725,,-0.20,8.52,-0.93,85.37,117.23,901.11,139.75,1016.11,269.75,961.11,167.75,1038.11,167.75,996.11,195.75,1001.11,264.75
1.084,0,0.12,2.18,1.84,0.10,0.75,2.12,0.57,0.04,1.39,94.75,27.05,-6.11,87.70,3.351041016178206,1.3327531452290713,1.9101886526215823,0.7237300264276567,2.5849441963294524,30.26013216143474,2.0312640756135805,5.349268384426832,1.299457689980045,0.15157981645315877,6.011597677599639,0.22741529461927712,2.174495318904519,3.568531624600291,14.364622659496963,4.403349232263864,4.409278735984117,3.3510816656053066,8.39784829647746,0,3.5278326601255685,,-4.09,5.19,-1.44,86.06,122.50,901.78,138.59,1016.78,268.59,961.78,166.59,1038.78,166.59,996.78,194.59,1001.78,263.59
1.365,0,0.55,1.66,1.12,2.03,0.84,0.76,1.33,1.77,0.50,95.39,17.91,-1.76,92.53,4.4718681276869034,5.327920249197632,0,2.4710126289352776,6.948775015282445,15.988277677912265,0.7756188387284055,0.07323538307100552,5.439682179130614,4.027393697667867,4.766245194710791,3.8957779612392187,3.505929030943662,0.4683574315998702,6.846083222143352,4.467641048040241,1.1333639179356396,2.619536718353629,7.5235247107455505,0,0.6718742398079485,,-4.29,7.85,0.45,85.96,119.98,898.06,140.68,1013.06,270.68,958.06,168.68,1035.06,168.68,993.06,196.68,998.06,265.68
1.649,0,1.72,0.04,1.64,1.73,0.89,2.19,1.68,1.12,0.33,95.35,22.50,-0.33,88.59,0.9949478608276698,5.3768680319190025,3.0738576767407357,5.088152727633715,7.904535446851514,16.963004449848086,3.582386284810491,2.1244875628314914,5.209844543598592,2.417491372786462,0,0.7279646061360836,3.746808805502951,0,5.285757576487958,3.397831314522773,0,6.523846045602113,8.631259928946383,7.477191742276773,0,,-2.14,9.55,-1.90,86.67,117.69,900.92,138.69,1015.92,268.69,960.92,166.69,1037.92,166.69,995.92,194.69,1000.92,263.69
1.733,0,0.21,1.81,1.26,0.60,0.42,1.04,0.04,2.04,0.34,94.80,29.46,-3.10,96.89,2.2444260184420273,4.928068651701324,2.661398867564276,3.718691178159788,2.655625954372808,46.992854291107506,1.8670373317319902,1.7221234729886055,2.0938734519295394,0,0.7183748236857355,0,0,0.21184535097330803,5.0361143497750165,0,2.346813236363232,3.613101940136403,2.575186339272186,5.701692330650985,0,,-1.00,7.62,-1.62,86.00,118.89,899.30,141.08,1014.30,271.08,959.30,169.08,1036.30,169.08,994.30,197.08,999.30,266.08
1.802,0,1.81,0.68,0.81,0.51,1.90,1.46,0.88,0.98,1.32,95.50,30.48,-1.59,91.27,2.0920820607338104,3.082275840966031,1.945455167829059,2.8738873368315403,4.635945492405444,17.042617072816938,1.3882591038942338,3.891947964783758,6.0400887310970575,0.09364970061928046,0.6423937599174678,0.0896999619435519,3.1763666602782905,1.1386332251969726,11.354590666331351,5.0593241677898915,0,4.103301864583045,4.488000263702125,0,3.069001895841211,,-3.60,5.93,0.46,83.42,120.85,898.72,138.32,1013.72,268.32,958.72,166.32,1035.72,166.32,993.72,194.32,998.72,263.32
2.103,0,1.44,1.42,1.15,1.77,1.80,0.29,1.25,0.47,0.58,95.44,25.69,-6.41,92.38,3.6537051529763267,1.194520122022368,2.926832288298756,3.6095756032224746,4.852019229708239,25.04911573138088,2.387281956593506,0.7348756519891322,0,5.110487087406218,2.1548300497233868,3.712884234962985,6.046788797713816,5.146998533792794,9.005901780351996,2.4895518516888844,3.139003116171807,7.9450139426626265,5.176798526411876,1.964796345680952,3.3043455567676574,,-0.59,6.95,-1.42,85.59,121.52,901.65,140.69,1016.65,270.69,961.65,168.69,1038.65,168.69,996.65,196.69,1001.65,265.69
2.216,0,0.53,0.51,2.06,1.84,0.18,1.92,0.52,0.24,1.10,95.10,20.76,-2.70,91.98,1.4876829284755515,0.8596817925339564,3.0231784902652725,2.069384781988338,7.787634010347538,46.85721488855779,1.4202674007276075,4.2488147550635045,0.588280557654798,4.79367891587317,4.138375477865338,2.5858769787009805,5.360319090541452,0,5.296383226271718,0.8006421057367699,2.212832974269986,4.0127957300283015,6.985438905754126,5.4275375995785,1.3145156947430223,,-5.81,6.92,-0.28,85.81,118.07,900.08,139.00,1015.08,269.00,960.08,167.00,1037.08,167.00,995.08,195.00,1000.08,264.00
2.319,0,2.07,1.01,2.18,1.27,0.16,0.69,1.33,0.40,1.78,95.52,20.32,-5.02,91.09,0.8404189140861855,0,4.4383246106142185,3.1242693990748376,5.206811368479394,11.069319615606219,2.6422909206710754,0.3691614700108765,0.5623274464160204,5.083461664076895,1.7016846486367285,2.0625023562461138,3.1687380163930357,0,3.5767076801136133,0.8067730557126924,4.142439322080463,7.641176399309188,5.094207866867073,3.656061450019479,0,,-6.27,3.93,-2.38,83.20,121.94,901.43,141.25,1016.43,271.25,961.43,169.25,1038.43,169.25,996.43,197.25,1001.43,266.25
2.650,0,0.90,2.08,1.58,0.84,1.26,2.01,1.81,1.57,2.07,95.06,23.91,-7.32,96.05,4.880552774402313,4.451940221595578,1.8639570717280733,1.7822221327107401,6.859296822687611,45.30102575710043,5.173363153566607,4.124646355379372,3.667384159518406,2.139673640150577,0,3.2221503513865173,0.3672905685380101,2.3922674966882913,3.301888804044575,4.366799181164242,4.88807397056371,1.2121347514912486,9.129598322557285,2.496955646434799,1.9685663245618343,,-3.52,4.44,-1.50,83.25,118.62,901.89,141.90,1016.89,271.90,961.89,169.90,1038.89,169.90,996.89,197.90,1001.89,266.90
2.761,0,2.18,2.20,1.51,0.27,0.43,1.63,0.16,0.31,1.90,94.58,17.79,-3.11,94.55,4.516667670942843,4.6905863883905115,3.738577305004001,3.597338288035244,3.483844932289794,39.35414833761752,6.735998296085745,0.4840116995573043,0.2489304351620376,0.024435835778713333,1.6555182673037052,2.1793416375294328,1.425110542215407,4.011362072844058,10.06852687722072,3.7164601408690214,0.5926790698431432,6.238540186081082,4.358568723602221,2.032020499231294,0,,-4.28,4.05,-0.71,83.73,121.97,900.02,140.49,1015.02,270.49,960.02,168.49,1037.02,168.49,995.02,196.49,1000.02,265.49
3.017,0,1.34,0.87,2.12,1.11,1.44,1.70,1.73,0.27,0.46,95.05,29.51,-4.01,93.56,3.0902006097044796,3.2412778322119267,0.643144897045568,5.437545255720615,8.94738068399485,21.973725251387805,3.4172480777371677,2.095880148690194,3.9028937651310116,0.5286829454079269,3.83917875867337,3.931613615946844,1.3232958228327334,4.037174864690751,5.767164051271975,0.2528002325352281,0.6580603481270373,5.413142458535731,8.47214944426436,4.462229464901611,1.0584858369547874,,-6.51,3.19,-1.00,86.31,120.37,898.63,138.49,1013.63,268.49,958.63,166.49,1035.63,166.49,993.63,194.49,998.63,263.49
3.334,0,0.17,0.88,0.00,2.17,1.16,0.25,2.06,1.86,1.93,94.94,30.68,-2.07,81.35,1.4867613221285865,3.0444949426455423,2.8215740700252354,1.7132163179758937,6.2607050705142315,35.5192338032648,2.8126806911081075,0.7122891360707579,0,2.4845082763023676,4.714026034343988,4.405777139123529,0,3.543390366397798,8.646607936453075,1.7129388189176096,2.193120277952403,0.15125070698559284,3.115025298465043,6.886578770820051,3.4795552189461887,,-6.60,7.79,1.16,83.28,120.00,898.97,138.24,1013.97,268.24,958.97,166.24,1035.97,166.24,993.97,194.24,998.97,263.24
3.656,0,1.01,1.63,2.06,1.17,1.56,1.74,0.45,0.77,2.19,94.76,21.16,-1.26,92.24,2.388217743104324,3.5504215913359074,1.141712282961235,0.41506747581064696,7.553827335182577,46.65766809461638,1.7407863233704122,0.31565638393163686,1.7576610234100372,3.4203573996014893,2.508239366579801,5.651230805087835,2.7721334542147815,4.0177003558352595,16.286531661879273,3.8923386196326466,2.6449668696150184,2.660931350197643,4.897944724857807,0,5.890404620440677,,-3.65,5.00,0.29,86.83,121.09,899.43,139.03,1014.43,269.03,959.43,167.03,1036.43,167.03,994.43,195.03,999.43,264.03
3.806,0,1.61,1.18,1.79,0.66,2.03,0.99,1.19,1.61,0.65,94.70,20.21,-1.18,94.30,3.5475662496546283,1.3109831937355922,2.1900045209517702,5.31395728434436,8.956927305483259,17.09129081154242,1.7528664860408751,4.15680707698688,2.211287938291207,0.7225382962450384,4.693844233173877,5.8525172777008265,4.979722509160638,3.763256957279518,11.300014259703458,5.196571885333396,0.7700954666361213,9.802473176736385,6.389639949402772,0,4.387094759149477,,-6.40,3.18,-0.62,86.67,117.76,898.48,140.73,1013.48,270.73,958.48,168.73,1035.48,168.73,993.48,196.73,998.48,265.73
4.085,0,0.54,1.59,0.08,0.14,0.08,0.61,1.68,0.85,0.27,95.44,30.89,-1.69,60.10,5.387010197574273,1.5831204819492997,2.3946426402730867,1.8041585049033166,2.7093600600212815,26.166738451924175,2.8295647166203706,1.1171326581016183,4.383018616819754,0,0.4307574341073632,2.2800561552867293,5.1661847261711955,4.476502407146618,8.872870445549488,1.566455797050148,0.46278539253398776,5.412863685749471,2.728449780158699,3.842979433713481,3.5012799175456166,,-3.70,2.70,0.15,85.32,119.38,899.51,139.69,1014.51,269.69,959.51,167.69,1036.51,167.69,994.51,195.69,999.51,264.69
4.382,0,0.51,2.06,0.77,1.38,1.13,1.68,0.38,0.56,1.14,95.26,17.08,-2.45,96.78,5.306886332663708,3.548026889259927,2.0627906615659595,2.5815688748378305,8.06032529017888,27.97380699357018,3.464869178365916,0.2761478554457426,2.701206912053749,4.120702211316675,1.779470169916749,1.4009974962100387,3.9666881477460265,2.166409507151693,13.95499741010368,4.988208114081063,0,9.387949046678841,5.148388373730704,3.713243867037818,4.001182300038636,,-3.85,2.73,-0.46,85.59,122.43,900.33,141.37,1015.33,271.37,960.33,169.37,1037.33,169.37,995.33,197.37,1000.33,266.37
4.485,0,0.62,1.28,1.39,1.75,1.86,1.62,1.33,0.76,0.61,95.46,23.98,-7.65,94.10,5.230263053500094,3.4765613339142876,4.42964047241956,3.36515140731819,7.404505071858876,39.88807545416057,6.149327334924601,4.268031157907099,0.08911159448325634,3.7408039295859634,0.6751575646921992,1.9544192715547979,0,0,15.401712617501616,5.39386196933221,0,8.46685168845579,6.187910986342468,3.0196144075598568,0,,-8.31,6.60,2.20,86.97,120.72,899.96,141.20,1014.96,271.20,959.96,169.20,1036.96,169.20,994.96,197.20,999.96,266.20
4.683,0,0.05,0.81,0.46,0.44,0.52,0.36,1.29,1.48,1.36,96.08,20.55,-5.13,72.45,0,1.999259477062151,3.434851134736091,4.459949613269418,5.177468066667206,32.28444035490975,3.6985016776947304,2.523623682819307,2.287730796728283,3.7225298212468623,2.598859241232276,1.4504644821863621,2.065727049484849,1.7300195893831551,10.183836165480315,1.661305763507262,0,1.66910368995741,5.293656284115277,4.9091987104620785,86.21269868826494,,-3.75,2.92,0.59,85.29,121.78,898.24,139.86,1013.24,269.86,958.24,167.86,1035.24,167.86,993.24,195.86,998.24,264.86
4.853,0,0.49,0.94,2.02,0.92,0.51,2.13,1.69,0.90,0.16,94.61,22.11,-1.32,90.54,0,0.12565565255936217,1.265148952729069,6.213069126987829,3.3803564236685633,29.517900662962347,3.6361746602458878,3.356751484479755,0,1.6790895474329592,2.3903465252369642,3.6920870360918343,4.131238957867026,4.429558210493997,13.094509311635047,3.2225190342823042,4.237182822544128,6.5500489682890475,3.077444584984333,3.208062508609146,2.6646172183100134,,-7.38,5.00,2.55,85.16,121.54,900.52,139.90,1015.52,269.90,960.52,167.90,1037.52,167.90,995.52,195.90,1000.52,264.90
5.147,0,0.83,0.43,0.97,0.23,1.80,0.24,0.74,0.55,0.22,95.17,29.97,-1.39,90.43,0,1.3552083980524912,2.558906724671833,3.4035330890025945,8.233206301699393,46.08259782381356,6.285388954402879,0.3690109199471774,1.4290025907102972,2.511829186975956,2.8641691748052835,6.315537074115127,3.282185590825975,1.7535993120539932,14.208121376838534,4.138070114268921,0,2.3714102813974023,7.854853450492956,0,1.496930296998471,,-5.80,2.94,1.07,83.04,117.28,901.21,141.38,1016.21,271.38,961.21,169.38,1038.21,169.38,996.21,197.38,1001.21,266.38
5.383,0,2.08,0.78,1.55,2.02,1.65,2.11,0.91,1.51,2.18,95.33,28.28,-4.82,89.80,3.4192366237752143,1.2898569836281242,6.034744214885869,1.8753043280355635,3.166370217418298,42.99798523914069,4.5988114348147064,1.009012248553336,3.451463466975838,3.829468624163419,2.370118025690317,3.619703129166737,0,2.5529597932379695,14.748958003092557,2.213445558100939,2.1481440234929323,4.18493135413155,4.308735558083281,4.803622765932232,0,,-8.34,4.30,-1.01,86.42,119.69,899.80,138.69,1014.80,268.69,959.80,166.69,1036.80,166.69,994.80,194.69,999.80,263.69
5.698,0,0.78,1.29,0.66,0.07,1.57,0.19,1.15,2.10,0.98,95.38,23.53,-7.53,89.92,2.1514116606023164,2.153985945088789,3.8474992437521,1.4050454597920181,4.47825785858091,32.21872473275289,6.063157670432702,0.3586805975995957,0.44303382467478514,0.8223928784392776,0,0,3.8966315570287406,3.9384673800412564,8.099817827939987,1.5482052669208497,1.4070153790526092,0,9.296867654290981,3.0855922161135823,3.4583434984087944,,-6.91,0.21,-0.61,84.89,121.79,899.96,139.42,1014.96,269.42,959.96,167.42,1036.96,167.42,994.96,195.42,999.96,264.42
5.980,0,2.00,1.85,0.74,1.06,0.81,0.96,2.15,0.85,1.16,94.84,23.92,-7.31,89.09,3.0811766331316903,1.2583162385271862,3.4676742167444896,5.219641304640099,5.7868114761309695,22.109261751174927,1.771040360420011,5.039915634114296,1.4129392593167722,2.0011183367297054,6.52906604250893,0,6.048140506725758,0.9247106258105489,9.438926830608398,4.716572345024906,0,4.310147839598358,3.9899832151597368,1.4958805858623236,3.178026379784569,,-4.60,-0.86,0.99,86.27,119.52,899.64,141.29,1014.64,271.29,959.64,169.29,1036.64,169.29,994.64,197.29,999.64,266.29
6.147,0,1.54,0.37,1.12,1.75,1.33,0.37,0.45,1.77,2.12,95.27,19.25,-2.74,89.18,5.3390307803545145,4.403495205100626,6.258564910553396,0.2736582268774512,4.7049892199132595,37.04105480154976,4.993151517212391,2.213061437550932,0,3.75132134731859,2.788349603768438,3.173185110092163,3.194550584536046,5.286768350787461,10.151245972700417,0.42368589080870134,4.390360121615231,3.307846802752465,8.406919326102361,2.853920284891501,0,,-5.68,-2.41,0.11,83.45,119.36,899.79,138.82,1014.79,268.82,959.79,166.82,1036.79,166.82,994.79,194.82,999.79,263.82
6.445,0,1.41,0.16,0.83,1.89,0.14,1.75,1.41,1.10,0.72,94.81,18.46,-3.49,89.26,1.1946656304737555,1.583658032887615,3.2052448674850167,5.5107110317889605,3.0500333158718425,18.558431539684534,1.952708030072972,0.5342873910069468,2.738354168366641,1.7384549339115623,3.125343383755535,3.6394449293147773,3.977973855100572,2.542530324794352,16.509614403788,1.658117580781691,0.7413783497177064,8.245945297647268,5.435540653779172,2.052737531485036,0.8996980539523065,,-5.32,1.69,3.87,86.25,121.35,900.07,140.33,1015.07,270.33,960.07,168.33,1037.07,168.33,995.07,196.33,1000.07,265.33
6.690,0,0.34,0.99,1.89,1.83,0.48,1.63,0.30,0.79,1.96,95.07,22.10,-6.30,95.86,1.5929610693408174,3.640401746169664,3.3321154633117844,1.7510554778482765,4.403578259227797,21.07599331252277,2.4980767708504574,1.5734019795805216,1.1647276042494923,2.824255200177431,0.4563248441554606,6.353951688390225,3.7996389507316053,2.60960992612876,10.727403026837855,2.903518256372772,4.899433222133666,0.8755538342520595,4.170665909564122,4.672269506845623,88.6325325332582,,-8.43,1.02,0.22,85.51,121.25,901.65,141.70,1016.65,271.70,961.65,169.70,1038.65,169.70,996.65,197.70,1001.65,266.70
6.843,0,0.36,0.29,0.85,1.47,0.61,0.98,0.11,2.14,0.83,95.12,30.59,-7.44,87.89,2.2497310693794863,2.3096960773458703,2.0754296791926024,5.310970617858693,8.00884872350376,20.83283317834139,3.056319568352774,0,0,4.248489070571959,1.9535493683069944,3.563099895371124,6.04016950679943,1.121658271215856,15.164250756409018,0,3.140648669563234,7.874507655855268,7.752713492424228,2.4587876012083143,4.047251252923161,,-6.13,-4.09,3.40,83.37,121.72,898.58,138.87,1013.58,268.87,958.58,166.87,1035.58,166.87,993.58,194.87,998.58,263.87
7.017,0,1.60,2.04,0.70,0.71,1.80,0.55,0.83,1.41,1.33,94.75,23.01,-0.52,93.49,0.6210931869735941,2.8068241075379774,3.1866939975740385,3.564294856702909,6.6327009772136805,35.18897192692384,1.4797834011493252,3.5145757572911682,2.3414828076492995,0.531801364813,1.481059935875237,2.5060796421021223,0.3331186375580728,2.541352472482249,13.950024208053946,3.8312386866891757,3.381332093849778,2.0833063987083733,6.495826257243753,3.2519275788217783,3.67034531570971,,-5.23,-1.13,1.62,84.16,121.36,898.56,139.97,1013.56,269.97,958.56,167.97,1035.56,167.97,993.56,195.97,998.56,264.97
7.127,0,1.84,1.02,0.08,2.16,1.35,0.54,1.10,0.94,0.24,95.25,17.30,-7.15,93.84,1.0989435337111355,2.6372793924063442,5.482186588649638,3.8722872964292767,6.981327515062876,38.58093775110319,1.2940334131009879,1.935529878679663,1.7138039581477642,0.20294437011703836,5.393056939356029,3.0308605164755136,1.8462563403882086,2.4183267538715154,6.303789526280016,0.8213383661769331,5.315102748107165,2.4607262192294,3.9411548859952017,1.517405140446499,1.8065016721375287,,-5.08,-3.69,3.27,85.74,121.03,898.06,138.77,1013.06,268.77,958.06,166.77,1035.06,166.77,993.06,194.77,998.06,263.77
7.369,0,1.88,1.04,1.33,1.77,1.85,1.89,0.12,1.75,1.63,95.70,25.95,-2.40,90.75,4.881425459738821,3.786102988384664,5.576913693989627,5.587067376282066,3.7343578904820607,31.14424168644473,6.2037606199271975,3.7075212970934808,3.715636081760749,2.221862166039646,6.296179769095033,2.4053532637190074,7.236057878471911,2.786516540804878,9.368696968518197,2.0242734191566707,0,6.728592105209827,4.035374884647317,4.939550698269159,0,,-7.69,1.15,2.07,84.36,122.75,898.13,141.38,1013.13,271.38,958.13,169.38,1035.13,169.38,993.13,197.38,998.13,266.38
7.566,0,1.90,1.08,1.34,1.11,2.07,1.80,0.22,0.89,2.13,95.15,19.27,-4.24,90.62,0,1.1952159431762994,4.234824786493554,2.646512982603163,8.552924598902464,39.165879220701754,5.814293416868895,3.2267825955152514,3.575109116267413,0.634599623475224,0,3.6347086608875543,5.294256761670113,4.353097072392702,7.13799641367048,1.6989659172855318,4.686081846244633,4.598811154719442,8.123330575712025,4.945389023749158,3.67265636427328,,-3.09,-2.15,3.49,83.00,120.50,900.18,139.07,1015.18,269.07,960.18,167.07,1037.18,167.07,995.18,195.07,1000.18,264.07
7.709,0,1.33,1.18,1.98,0.94,1.43,1.65,0.73,1.11,1.86,94.73,24.51,-6.40,89.22,3.2177586108027025,1.322887906129472,4.879697704901918,0,3.5513185034831984,13.746236408594996,3.5334502269048245,3.0058118268102407,0,2.7524407844245435,5.4641854874789715,1.4850037535652518,3.1895103086717427,3.742108851466328,5.83803929567337,1.9575608242908493,0,0,7.068185637746938,1.776508554816246,3.3862405735999346,,-2.11,-1.70,2.64,86.32,119.80,898.10,138.87,1013.10,268.87,958.10,166.87,1035.10,166.87,993.10,194.87,998.10,263.87
8.020,0,0.28,1.08,0.83,0.46,1.39,0.29,1.72,0.76,0.63,95.59,17.10,-0.15,95.07,3.4872261136909946,2.9791440254775807,3.298593183564954,3.4257026990968735,5.582570523563772,33.85411065304652,0.6164174874080346,2.021044722683728,2.7453724406659603,1.7921811992675067,6.821567863225937,2.7163426973856986,3.610856133978814,0,12.43277251450345,4.786394689069129,1.7108734864741564,7.484346984419972,5.839963195342571,2.7836458128876984,72.77282481547445,,-1.61,-6.02,2.37,85.39,119.33,901.98,139.97,1016.98,269.97,961.98,167.97,1038.98,167.97,996.98,195.97,1001.98,264.97
8.261,0,1.94,1.71,1.84,1.91,1.38,2.02,1.21,1.43,0.78,95.64,23.86,-5.49,93.78,3.6919468549219894,0.10063350594136855,2.586363372448832,5.059554211674258,4.200558536979369,33.41523007955402,6.449529010662809,2.2494145870022475,1.9126166354399174,5.592936221268028,0,2.564365861704573,5.7190111563540995,2.1260775203257802,12.0008798937127,2.163808349645697,1.5937115559354424,8.178719454444945,3.6364237390505147,5.353631594916806,5.199920362327248,,-5.13,-6.34,4.91,83.37,120.92,900.17,138.54,1015.17,268.54,960.17,166.54,1037.17,166.54,995.17,194.54,1000.17,263.54
8.503,0,1.01,0.47,1.91,0.05,1.70,2.10,1.40,1.87,0.79,95.09,27.30,-2.96,95.82,3.188683531223796,4.75642965908628,1.0100555039476604,4.355105756772682,4.36485326779075,34.22019060282037,5.56592647433281,2.821540124099702,0,4.385728650763631,2.10479558352381,2.8687345944344997,4.123947037383914,3.1824101817421617,6.160636189673096,3.5561623137677087,1.9254511259496212,4.382734820712358,8.255382980918512,0,3.8237581844441593,,-3.75,-4.59,0.95,83.99,117.60,898.09,139.18,1013.09,269.18,958.09,167.18,1035.09,167.18,993.09,195.18,998.09,264.18
8.641,0,1.78,2.17,1.61,0.58,1.23,1.34,1.90,0.65,0.92,94.74,20.89,-6.96,92.91,3.035027605881915,2.337155401520431,5.7329166576033455,2.681108768451959,7.65283452888485,12.1316021499224,1.2016367583069951,1.6841746409609915,1.4057272940408438,0,3.087292422540486,1.126859859796241,0,2.1314222113881263,8.81740354405716,0,3.5704582361504436,0.9251522715203464,3.2276719956705344,5.338705596048385,4.802431156625971,,-1.90,-4.79,3.40,84.08,119.73,899.01,141.78,1014.01,271.78,959.01,169.78,1036.01,169.78,994.01,197.78,999.01,266.78
8.852,0,1.22,0.00,1.13,1.66,1.96,1.59,0.79,0.89,0.77,95.16,21.27,-6.59,94.56,2.0775563219189643,5.098341065784917,4.559049421106465,4.541333004031331,4.196684442982077,29.48496201308444,5.710066780378111,2.9364657055959107,0,0,4.0274030193686485,1.3307099658995867,6.8476500464603305,2.518727913061157,17.072790148556233,3.583233121233061,1.8359034010209143,1.8924821447581053,6.457765799220652,2.780108634615317,2.402909121243283,,-5.42,-7.55,2.49,83.30,121.32,901.29,138.15,1016.29,268.15,961.29,166.15,1038.29,166.15,996.29,194.15,1001.29,263.15
8.971,0,1.62,0.57,0.94,0.75,0.81,0.49,0.26,0.46,1.80,95.39,17.02,-2.42,93.61,1.308346169861034,0,6.062959191561676,2.9437820539437234,5.060382302110083,24.34679825603962,3.6888517809100447,3.7637832384184002,0.7756931972689927,1.9017899918183683,0,0,5.512192128226161,4.941870143217966,9.214937073420733,3.3934177405387165,0,1.281405737157911,7.433579697120003,2.985294326208532,0,,-5.86,-2.60,3.27,84.46,117.71,900.42,138.44,1015.42,268.44,960.42,166.44,1037.42,166.44,995.42,194.44,1000.42,263.44
9.263,0,0.83,2.00,1.03,0.66,1.30,0.03,1.56,0.16,0.98,94.86,30.09,-2.43,88.74,5.631230288636871,1.4020345349563286,2.9216213112184777,1.8957302595954388,3.5455435976339507,18.118385338690132,1.464696648181416,3.93889173688367,1.2827175888232887,1.956910554189235,3.135086862836033,0,2.5111801265738904,1.2318090094346554,8.102055987808853,0.14878063660580665,1.9132359810173512,0,5.214751801700332,0.763457752764225,3.326838760636747,,-0.22,-5.16,4.58,84.23,118.14,900.53,138.99,1015.53,268.99,960.53,166.99,1037.53,166.99,995.53,194.99,1000.53,263.99
9.393,0,1.98,0.09,1.63,0.92,1.09,1.79,1.64,0.24,1.72,95.57,26.66,-2.92,95.82,2.951349048949778,0.06320105404593068,1.390731680789031,1.5933192397095266,4.075712683810853,19.373394161462784,1.8767224931158126,3.438523674774915,5.7242899055127054,5.505593611542135,7.281192870810628,6.602839641505852,6.137404699344188,0.8619535588007423,12.982954121418297,2.9152562082093207,6.9059489336796105,2.0536492820829153,4.930471880552359,3.9001730049494654,0,,-1.64,-6.17,4.99,84.33,121.19,901.27,138.72,1016.27,268.72,961.27,166.72,1038.27,166.72,996.27,194.72,1001.27,263.72
9.516,0,1.19,1.34,0.71,0.65,2.13,0.54,0.50,0.28,0.42,94.78,19.50,-6.59,87.14,2.539000597358681,0,0.46720649966504446,4.3895505538489665,7.7256311355344955,37.918856284581125,4.831002916465513,0,2.2278611827641726,0,4.905441559385508,4.466183309443295,5.193422206677496,2.836730343392119,10.411018093414604,4.813854819969274,0,2.7685046871192753,5.986402314379812,0,97.28318429505453,,0.37,-3.91,5.24,84.95,118.90,900.09,141.79,1015.09,271.79,960.09,169.79,1037.09,169.79,995.09,197.79,1000.09,266.79
9.776,0,1.35,1.46,0.64,1.88,0.98,2.10,0.16,0.28,1.79,94.99,24.30,-3.87,87.51,5.347286136643961,3.136002990975976,3.911668342445046,5.400977285858244,3.6135059919673953,26.228017038665712,1.875225228490308,1.482174265757203,3.4803140992298722,0.4327186455950143,2.4596825572662055,0,0.729589891154319,0,9.205003349650651,0,2.8190392474643886,4.84765900997445,3.4132278537843375,2.4351559807546437,0.13104410120286047,,-2.98,-8.40,5.45,84.01,117.64,898.68,141.64,1013.68,271.64,958.68,169.64,1035.68,169.64,993.68,197.64,998.68,266.64
9.857,0,2.02,1.42,0.34,1.85,1.54,0.23,1.74,1.55,2.07,95.59,26.49,-7.83,95.56,3.6887631297111514,3.2586694920435546,6.2581941531132905,3.5368933157436553,4.906549136973918,26.843544979579747,4.91268902560696,0,2.7545910589396954,3.3464603742212056,0,0,3.6784029928967357,0.49682346586138015,7.987880129422994,2.744627442136407,4.983386422973126,6.0206717904657125,5.069812857601792,2.10761182801798,0,,0.63,-9.65,1.34,86.36,118.02,901.02,140.97,1016.02,270.97,961.02,168.97,1038.02,168.97,996.02,196.97,1001.02,265.97
9.927,0,2.17,1.82,0.41,1.15,0.36,2.15,1.04,1.58,0.32,95.50,30.37,-5.69,95.57,4.908263714457862,2.3279821825446563,3.1535585468728096,4.772515806602314,3.8628729900484906,25.554588697850704,5.7324626430403445,1.383976995460689,2.1537973349913955,2.9059167412854734,0,5.12221218040213,3.1066196551546454,0,11.149140363316983,1.9129398530861361,3.958267058711499,5.69820792041719,8.137166558955796,5.374753171112388,3.6099220057949424,,-2.57,-5.44,4.12,83.25,120.38,900.98,139.38,1015.98,269.38,960.98,167.38,1037.98,167.38,995.98,195.38,1000.98,264.38
10.246,0,2.02,1.08,1.46,0.52,2.00,0.74,1.10,1.88,0.73,95.40,24.10,-2.94,96.44,0.004388183779083121,1.2872304044431075,0.5621038375282659,4.155181307466701,5.751115248952992,46.1887262519449,2.013537975330837,2.964840555060655,1.338193021249026,0.22565712420269834,0,0.5794366237241775,2.517747393809259,4.704908343357966,7.526881946716458,4.685580968973227,5.580844689160585,0,5.798509016833268,0.10358261200599372,4.043678011978045,,-3.71,-4.14,4.44,83.10,122.82,898.53,140.67,1013.53,270.67,958.53,168.67,1035.53,168.67,993.53,196.67,998.53,265.67
10.457,0,0.15,1.58,1.30,1.15,0.48,1.43,2.11,0.38,1.51,95.49,22.94,-2.23,96.70,4.597916644341312,4.963517180015333,2.7841110416455197,1.751467574173585,2.3441615083534266,17.184217996895313,4.406690312130377,2.1327442792616784,1.9847250164020807,4.4493116522580385,0,1.584459878737107,2.972062929533422,0.5054285053629428,16.169793856572362,0.9260363133577632,4.787492379080504,7.294908390380442,4.478032107008621,2.946397586958483,0,,-1.63,-4.06,1.82,84.86,118.90,901.10,141.27,1016.10,271.27,961.10,169.27,1038.10,169.27,996.10,197.27,1001.10,266.27
10.520,0,0.05,1.01,1.36,1.89,1.61,0.47,0.82,1.98,0.45,95.65,23.32,-1.13,90.03,2.6578499063896013,3.593670873134397,4.126271369657479,6.185317697906866,4.110704802325927,48.381955300457776,2.7415277938125655,3.8842907888814806,3.7459098333492875,2.483003085143864,2.9899360612034798,3.308671571314335,1.1532708364538848,1.3906367876101284,4.470375656094403,0.033555155345238674,0.6205999576486647,4.800242898520082,6.160152984899469,4.973783572670072,0,,-0.04,-8.07,6.30,86.42,118.97,898.13,138.61,1013.13,268.61,958.13,166.61,1035.13,166.61,993.13,194.61,998.13,263.61
10.769,0,0.11,1.37,1.86,0.90,1.19,0.75,1.95,0.60,1.91,95.72,26.29,-6.19,93.47,4.443826106926426,1.4410156208556146,0.08001884173136187,0.6273936890810732,5.473266538898461,15.669760807417333,2.967329908022657,3.117267452068627,2.425020017195493,3.641302093844861,1.961166744120419,0,2.3179066604934633,0.3492649215552954,9.764040645789354,1.1555382689367981,2.148506363853812,7.585468592587858,4.501983490497805,2.104697505943477,3.9683466784190387,,2.76,-7.14,4.56,86.98,122.63,901.11,141.38,1016.11,271.38,961.11,169.38,1038.11,169.38,996.11,197.38,1001.11,266.38
10.863,0,1.31,1.44,1.59,2.10,0.58,1.74,1.47,0.13,0.91,94.84,19.76,-4.75,93.77,5.067035763268359,3.1484252590918915,4.954821941689588,2.492864816011861,3.090599877173081,34.95281532313675,2.2403081364696846,2.079121288303286,2.391557974042371,4.157686470206827,4.468119780533016,2.086851553991437,3.515850657597184,4.13713206381537,10.563454162646085,1.5999604698782788,4.993923623114824,0,6.125398945705966,1.7560589001514018,0,,0.92,-7.87,4.35,86.78,122.88,901.29,140.57,1016.29,270.57,961.29,168.57,1038.29,168.57,996.29,196.57,1001.29,265.57
11.088,0,1.35,1.98,1.17,1.67,1.55,0.30,1.48,1.09,1.37,94.97,25.15,-4.84,87.08,0.4544862195570021,2.5143618747126313,1.324231737041846,5.10058155367151,7.991543282042258,33.05464928271249,4.720600569527596,2.4030768078006806,6.0106799360364676,4.668026245627552,6.3716060179285705,6.84965910972096,0,4.347642086818814,5.869128678776324,4.795286164274439,1.4859692244790494,9.130443934351206,5.727082741861231,0.9801541382912546,0,,2.81,-6.93,4.31,83.01,120.32,901.00,138.49,1016.00,268.49,961.00,166.49,1038.00,166.49,996.00,194.49,1001.00,263.49
11.415,0,1.25,0.86,1.69,1.32,0.36,0.04,1.22,1.72,1.81,95.65,21.15,-3.18,87.07,4.302063314127736,3.021575755137019,2.391481432914734,3.3082046928349884,2.89787837701384,32.602358599659055,0.983899117470719,0.6739927505329253,4.213964316062629,0.12398172728717327,1.1793379867449403,0,3.3313688621856272,4.20629955822602,11.900590578410775,2.9858915736014024,2.19310014648363,6.002825257834047,6.961661205678247,0,68.8178307483904,,3.00,-6.65,2.67,85.90,121.16,899.67,138.71,1014.67,268.71,959.67,166.71,1036.67,166.71,994.67,194.71,999.67,263.71
11.578,0,1.64,1.55,0.74,0.76,1.61,1.28,2.00,1.96,0.85,95.49,22.79,-6.47,88.92,1.6363639343623073,5.470127739617601,1.2783708168566226,3.490209071263671,7.064241021256894,19.535627006087452,3.480729894270189,0.7444647900946437,5.656285048695281,1.2582127068564297,0,2.823801602702588,3.729592127725482,4.327934663966298,5.749510808959602,0.7126366725098343,0.9225784526206553,5.121067018248141,6.515802653115243,2.002960695885122,0,,-1.14,-7.94,4.44,83.42,117.33,900.61,141.26,1015.61,271.26,960.61,169.26,1037.61,169.26,995.61,197.26,1000.61,266.26
11.845,0,1.58,1.98,1.88,0.21,1.52,0.40,1.05,1.57,1.06,95.53,30.00,-3.27,95.15,1.7917769959103316,0.897522166930139,0.9164047199394556,5.017749099992216,3.944419280793518,50.50254163937643,4.351961857080459,5.423440646026283,2.025060578947887,4.629729212317615,0,3.23237303388305,3.9531326559372246,2.9127921698056163,9.914437898695468,3.1258118776232005,1.6542960912920535,1.3694149367511272,3.395395299103111,3.215731928590685,3.622421915642917,,4.29,-10.49,5.40,85.55,121.99,900.73,138.23,1015.73,268.23,960.73,166.23,1037.73,166.23,995.73,194.23,1000.73,263.23
12.005,0,0.84,0.30,0.85,1.64,2.05,1.69,1.70,2.01,1.56,94.79,25.04,-3.00,89.43,5.082056805547327,0.952437269780785,0.5554804253717887,6.628984682839365,4.638223616578616,12.461217251140624,1.3265665942104534,2.1142748002149165,6.362979554338381,1.629466432146728,0,2.9905609199777246,0,2.3163315532822164,10.504775643665344,1.4527040988951923,3.494588942732662,2.4997629411518574,5.531530866487883,6.991131768096238,1.0314967304002494,,3.52,-6.27,1.87,85.76,122.31,899.74,140.23,1014.74,270.23,959.74,168.23,1036.74,168.23,994.74,196.23,999.74,265.23
12.334,0,1.66,1.75,0.03,0.47,1.87,0.24,0.07,0.85,0.62,95.80,26.48,-4.12,95.36,1.5311245516641065,0.3240258319536222,0.23764024103060377,0.7411322791595012,3.987022392177023,12.651007619220763,5.921168936952017,1.0600171431526544,5.110502955736592,0.5038067971915008,7.105037197005004,0,2.2204756177961826,4.457444758173079,6.966378838717937,3.690237519419752,3.2663888316601515,5.1978258062154055,7.303074481743388,2.0655492569785565,88.75740757305175,,3.31,-7.94,5.82,85.84,122.49,900.00,138.84,1015.00,268.84,960.00,166.84,1037.00,166.84,995.00,194.84,1000.00,263.84
12.565,0,0.00,1.07,1.44,1.33,1.05,1.76,0.19,1.95,1.12,95.07,26.59,-5.15,95.38,3.694658719161525,3.346993743814528,1.021290607713163,1.007801870517433,7.007169156996533,46.73138873791322,4.846135894395411,2.2498880946822464,1.7723777159117162,4.732966519873589,3.968811480794102,1.6153203004505485,3.2238310910761356,3.2531597321294248,11.204466233793646,2.0841083584725855,1.6575963818468153,9.996325083542615,8.303598048416898,2.3352311139460653,1.7131380904465914,,1.34,-5.63,3.72,86.18,121.47,900.77,138.57,1015.77,268.57,960.77,166.57,1037.77,166.57,995.77,194.57,1000.77,263.57
12.776,0,1.41,0.81,1.62,1.40,0.98,2.20,1.78,0.24,2.08,94.77,18.22,-4.00,87.61,2.009132342180237,0.7470480496529488,1.482834108369425,4.851946243681014,8.41206396306865,25.109217840712517,5.398534941067919,2.0220054623112085,6.643204892752692,3.3282150079868735,2.177121627610177,1.967400435358286,6.160182895604521,1.5335118926316502,8.141330120675267,2.7145940080937,0,0,4.7345506222639235,2.1625055007170886,0,,2.27,-8.94,3.41,83.70,118.94,899.97,138.73,1014.97,268.73,959.97,166.73,1036.97,166.73,994.97,194.73,999.97,263.73
13.064,0,0.77,1.43,1.82,1.86,0.77,1.90,1.43,1.28,0.12,95.79,21.41,-6.64,96.57,2.939629293563776,0.6067804576130582,1.1425418394105509,5.791864449838176,6.450355128184892,33.41149141360074,3.035454844194464,3.495826049204916,0.8204690080601722,4.934155208636075,0,0.5874289493076503,7.0193250817246735,0,8.958996968120337,3.8946783199859785,0,6.215108289383352,6.361330157886259,0.4752579675987363,0,,3.83,-10.32,1.66,86.43,122.10,901.61,140.55,1016.61,270.55,961.61,168.55,1038.61,168.55,996.61,196.55,1001.61,265.55
13.175,0,1.86,1.80,0.16,1.51,1.37,1.90,0.02,1.99,1.25,95.33,22.51,-2.31,87.58,0,0.09870449274312687,6.274013612563722,0.7163041440490634,4.610531326271594,25.1874166787602,5.057911706296727,0.43191148314625005,1.0834904715884477,3.138037251923233,6.02381302183494,0,0,2.558337497180328,9.598563319034874,3.1865388856688512,2.5197413619607687,4.409615805838257,4.8247031751647595,4.983508506556973,0,,3.20,-6.92,3.46,84.38,118.44,898.08,138.46,1013.08,268.46,958.08,166.46,1035.08,166.46,993.08,194.46,998.08,263.46
13.466,0,0.24,0.70,2.14,1.59,2.05,1.35,1.85,1.53,0.92,94.98,27.23,-0.36,91.81,1.510976467509754,2.7043483432149515,4.093002697229386,1.4167371653858574,5.276293211090378,45.939369859639555,3.742368601914495,1.663958285152912,0,5.304614954907447,2.9822021699510515,1.3655806460883468,4.924568922724575,1.7761709901876745,5.131426167879254,2.775984637592919,0,8.168817022349685,7.371089541674592,2.2011688775382936,68.20793275209144,,1.91,-9.08,2.15,85.19,121.69,900.60,141.64,1015.60,271.64,960.60,169.64,1037.60,169.64,995.60,197.64,1000.60,266.64
13.543,0,0.84,1.23,2.00,0.46,0.60,1.79,1.57,1.39,1.93,95.16,18.33,-0.41,94.10,1.135839866329916,0.6770445870468391,1.491515040886589,0.45680649506859483,7.259244752172381,13.973180435597897,2.7733044526539743,3.3395487821660934,5.480362193426117,3.3601228280551734,1.979424074292183,3.929247778840363,5.320739574730396,0,10.00315951794386,4.307226373157464,0.13758746813982725,4.922881887760013,2.6210014002583923,6.466458320850506,4.070294587640092,,2.74,-5.78,2.78,84.68,118.62,898.43,139.12,1013.43,269.12,958.43,167.12,1035.43,167.12,993.43,195.12,998.43,264.12
13.804,0,0.05,1.75,1.13,1.41,0.55,0.46,1.29,0.09,0.49,95.26,21.46,-5.23,87.54,2.0204243735270575,3.453986754710786,1.8614847976295277,1.3640509915631265,3.392809211006388,37.73872933955863,6.122535552899353,2.66646741271019,1.3366249399259686,3.8630328891985117,8.34358385950327,0,6.747651217505336,0.9294038713071497,13.53404825521633,1.319401906565763,2.986620240379125,4.9548285230994225,3.2745918135810648,0.7984323513228446,0.1825063400901854,,2.16,-6.91,3.99,86.99,120.21,901.42,141.45,1016.42,271.45,961.42,169.45,1038.42,169.45,996.42,197.45,1001.42,266.45
14.010,0,1.89,2.04,0.26,1.99,1.35,2.01,1.83,2.04,0.48,95.23,30.39,-7.95,90.55,3.9149873074842616,3.4436561713693665,5.321921632778831,6.665680107744411,8.857833860684186,13.15805149357766,0.9465101963141933,4.098927124217153,1.6878634167369455,0.1361395581625402,0,4.4633705040905625,1.254548201803118,3.9854072881769387,5.033302264604718,4.505004353825934,1.7759738289751112,8.559928249567747,5.302128636389971,0,2.198421381181106,,7.40,-7.10,2.27,83.77,120.12,898.98,140.96,1013.98,270.96,958.98,168.96,1035.98,168.96,993.98,196.96,998.98,265.96
14.308,0,1.77,0.67,1.73,1.62,1.05,1.92,0.55,0.16,0.03,95.26,20.89,-0.89,88.67,4.346531805647537,0.9533156419172881,4.859246050915681,4.802894528750331,4.750626949779689,28.560808281879872,6.289077637856826,1.371711623221636,2.2803771407343447,3.061025874409825,2.1122670066542923,0,2.361385622061789,0,4.615568704027683,4.542378302589059,2.091762180440128,5.28831675928086,5.542913495004177,3.353592251893133,4.477596330223605,,4.14,-8.45,1.81,85.37,120.28,899.74,139.55,1014.74,269.55,959.74,167.55,1036.74,167.55,994.74,195.55,999.74,264.55
14.508,0,1.30,0.08,1.47,1.60,0.43,1.18,1.97,1.13,2.17,94.76,18.33,-6.36,93.32,0.24079026352148514,4.4742305455030875,1.5152209005318582,1.8003593799937518,5.985959856710397,21.70462507614866,5.496851359540597,0,0,0,2.81306825671345,4.955587119329721,2.7676518098451197,1.6008589501306414,8.10969098623842,5.540925415097735,1.4464022074826062,3.9003600301221013,8.1063194198953,6.123560736421496,0,,7.34,-3.81,4.54,86.29,119.10,899.25,138.95,1014.25,268.95,959.25,166.95,1036.25,166.95,994.25,194.95,999.25,263.95
14.735,0,0.19,0.21,0.72,0.98,0.46,0.13,0.65,0.39,0.79,96.44,26.78,-1.09,96.52,1.0817536169150843,4.446639715065248,1.679336712229997,2.9416306569892914,5.906948224324733,31.883653002791107,2.8155835909536107,4.896649409327656,2.584457188844681,0,4.119378645904362,0.3133041288238019,3.8318418678827584,0.9834423682652416,7.355996533446014,0.5498636644287034,5.599914238322526,2.804623188916594,5.6434795827791095,1.52558311377652,4.6368216052651405,,6.91,-7.95,1.12,83.53,117.84,898.85,139.21,1013.85,269.21,958.85,167.21,1035.85,167.21,993.85,195.21,998.85,264.21
14.911,0,0.19,1.17,1.32,2.08,1.91,1.97,2.17,0.07,1.73,94.94,19.45,-3.37,88.15,4.3660253579216075,1.1695006197551265,2.683138857120648,2.5741596365068107,6.338898959327489,40.667044242378324,2.3913555175298824,0,0,2.3561869166791443,4.124449348077178,3.1736870096065104,1.076887424569577,0.5003916729055344,17.534048666153105,1.6377526122843848,2.5040841759182513,0,3.995670109409839,5.221555686322972,1.3643165433313698,,7.32,-9.78,3.16,85.56,120.56,901.15,140.07,1016.15,270.07,961.15,168.07,1038.15,168.07,996.15,196.07,1001.15,265.07
15.107,0,0.76,0.02,2.14,0.74,1.13,1.89,0.07,0.07,2.05,94.70,21.47,-6.81,90.41,1.6897798451222479,0.1877744424622505,1.7330446620704607,2.031972518377006,8.257553227748723,37.71035126876086,2.8504472287604585,0.45933898109942684,2.0632128971628845,5.303491965774446,5.9514484433457255,0,1.7348795137368143,5.120436782212928,8.000828596837819,4.822272823480889,0.9468034645542502,9.302430979907513,6.371146194618195,6.370697988895699,0,,3.55,-5.22,1.22,86.52,118.73,900.14,141.36,1015.14,271.36,960.14,169.36,1037.14,169.36,995.14,197.36,1000.14,266.36
15.214,0,1.70,1.46,1.09,0.06,1.82,1.86,0.43,1.30,0.50,95.82,23.85,-7.38,95.03,0.42405213429592514,0.3197255335748195,1.4792528791632504,0.511904678605497,7.211009433958679,39.93193049635738,2.025496380147524,2.8546123459748927,2.1931209766771644,4.376552994083614,5.1262830924242735,7.055688722291961,0,2.4406401783786715,10.408887620437891,3.5905158823914824,4.671252953354269,2.6514970315620303,3.6687103966251016,3.6647532330825925,1.888563393149525,,6.79,-8.69,4.79,84.05,121.26,900.47,138.95,1015.47,268.95,960.47,166.95,1037.47,166.95,995.47,194.95,1000.47,263.95
15.501,0,1.41,0.21,0.24,1.92,1.48,1.16,2.02,2.13,1.45,95.29,19.73,-3.81,95.36,0.2548719478258863,5.057234902284108,2.6346702473843475,2.7522777863871304,8.729965563220905,45.77903147228062,3.7310876736650243,2.3441708647459745,6.138286234578118,4.088445832785219,7.464334316086024,6.265874704578891,0,3.820780873736367,5.664993763994426,2.2826860331231726,2.5922208870761096,3.892194844316691,9.163649602299557,0.26432675239630044,0.9632667868863791,,3.95,-5.51,1.16,84.30,122.67,899.72,139.31,1014.72,269.31,959.72,167.31,1036.72,167.31,994.72,195.31,999.72,264.31
15.574,0,1.49,1.12,1.28,1.97,0.68,0.89,0.72,1.77,2.13,94.63,27.27,-3.64,87.22,2.36227576259058,0.6810879924101756,5.563782037142664,3.1748755447473376,6.497599949701689,21.891186349559575,5.084975481336005,2.1122382445819676,2.0995131046511233,5.109868154786527,4.4328467776067555,4.874275942565873,6.478329657576978,0.5466265463642777,17.219217144530266,1.8091143387975173,0.48070372408255935,8.612784703727812,5.98104681820143,5.548928702715784,0.24934631469659507,,4.24,-9.18,4.31,86.91,121.12,900.40,140.97,1015.40,270.97,960.40,168.97,1037.40,168.97,995.40,196.97,1000.40,265.97
15.772,0,0.10,0.45,0.26,2.19,2.16,1.46,1.81,0.81,0.79,95.12,25.91,-0.98,89.49,2.020033930116333,1.6220805406337604,0.9271320833638312,6.1531221582461155,5.16106577206403,33.758639220613986,0.3726451154798269,4.143785452563316,5.189254486002028,5.521881660427898,2.4104678789153695,3.0457768137566745,1.4037135089747608,1.4257194165326657,14.692037201859057,2.8853570059174674,4.291454018559307,3.8059253385290504,7.8031348493509,0.3138473001308739,82.84658669214696,,3.93,-8.36,0.20,84.35,117.23,899.11,140.28,1014.11,270.28,959.11,168.28,1036.11,168.28,994.11,196.28,999.11,265.28
15.916,0,1.24,1.55,2.06,2.11,0.23,0.86,1.82,2.13,0.27,95.42,22.97,-5.66,88.80,0.2992444793274629,5.518443353869952,4.046981421345845,6.448095145402476,2.5978326905192803,32.718717637937516,6.505512569681741,5.49359232224524,3.0737502742558718,4.26141094494611,0.14385981811210513,1.3326922489795834,0.6846905113197863,4.462959565985948,15.654535563886165,0.8582345960242677,2.206934534944594,2.943408027756959,7.10758950761985,0,0.5303913911338896,,7.73,-7.88,1.19,85.94,120.90,900.86,141.00,1015.86,271.00,960.86,169.00,1037.86,169.00,995.86,197.00,1000.86,266.00
16.133,0,1.06,0.32,0.52,0.12,0.14,1.02,1.19,0.78,1.55,95.56,21.29,-2.55,87.39,4.124743467355147,0.6834089098963885,5.74460437791422,3.2340975908935072,2.4305605194810775,13.350853483658284,4.818497790396213,3.0463842969574033,1.634967623045668,4.077802935391665,3.780392666347325,7.010886295698583,7.470862400718033,2.2095449006184937,7.830194537024944,1.137359183719382,0,1.4416304514743388,3.888127874685451,1.8276352400425822,2.084662268869579,,7.08,-3.32,0.10,83.56,117.24,899.01,140.96,1014.01,270.96,959.01,168.96,1036.01,168.96,994.01,196.96,999.01,265.96
16.338,0,0.11,2.06,0.30,1.16,1.37,1.56,0.24,1.02,0.25,94.72,27.78,-1.99,88.50,3.3185100957611575,0.5814047716790811,0,2.2742259273771195,7.881841780282557,49.589720313902944,1.3572277303086593,1.306060338187963,5.358971151523292,2.1222639812715354,7.885064708534628,0.21271073096431792,0,3.1313892566692085,8.028431015666573,0.917147687370889,2.584077288862318,6.760579076129943,4.476543870456517,1.706563136074692,0,,5.26,-6.22,2.15,86.41,120.20,899.62,141.07,1014.62,271.07,959.62,169.07,1036.62,169.07,994.62,197.07,999.62,266.07
16.516,0,1.74,0.37,1.77,1.80,0.78,0.39,0.27,0.47,0.44,95.41,21.11,-7.83,93.58,3.7183850860456005,1.868187599419616,4.057434656457044,4.445768066411838,6.345935799931176,49.49720722856,4.6856330945156515,3.900222306419164,0,0.6391270263865589,4.638847074005753,0.7298674799967557,2.0297114769928157,1.9836039568763226,16.525178959649057,0,2.335702823009342,2.751131032127887,3.5956419878965242,5.458697768626735,2.938555652042851,,3.60,-1.59,2.83,85.24,117.92,899.67,141.91,1014.67,271.91,959.67,169.91,1036.67,169.91,994.67,197.91,999.67,266.91
16.597,0,0.25,0.17,0.40,1.09,1.09,0.53,0.44,1.73,0.45,94.99,27.19,-5.31,96.05,1.5711221832083537,0.992611052817665,2.861946357646957,2.4594851204100996,5.793987879734487,47.45915665756911,5.015642561553977,3.2622673795185984,1.6650003148242831,1.9368052108958365,3.240831737872213,0.8439005925320089,0,2.9405486265942455,12.174194116238505,4.583681280561723,6.79413799289614,1.361604013480246,3.3130219337902966,3.8290868145413697,95.42847766634077,,5.27,-5.36,-0.15,86.72,120.66,899.88,139.46,1014.88,269.46,959.88,167.46,1036.88,167.46,994.88,195.46,999.88,264.46
16.900,0,0.90,1.29,0.31,1.20,0.91,1.02,1.56,1.54,1.85,95.05,23.51,-3.75,89.04,2.869349680878222,3.6547361434437335,2.5399340939940886,1.767852297052741,5.802213183003477,43.979404179845005,5.516228534677066,4.033118055146188,2.0035520719829947,0.0025049748457970367,0,0.6256090837996453,1.3346330453641713,0,5.74955373249948,3.2016976884938777,2.0142597262747586,0.9885861165821552,6.8269004704291,5.275498469593003,5.0070732375606894,,3.23,-2.88,1.84,85.61,122.04,899.53,138.33,1014.53,268.33,959.53,166.33,1036.53,166.33,994.53,194.33,999.53,263.33
17.006,0,1.58,1.63,0.43,1.58,0.68,1.10,1.78,1.77,1.69,95.31,20.97,-3.71,92.95,3.6443848047871144,4.706930073816329,3.214256162727252,4.872111868523062,7.559764908449725,13.5989655489102,2.3279794780071823,1.4454889513179658,5.931071433704346,3.651524958536029,8.038310299627483,2.248642881400883,1.9559999099001288,0.5142018513195215,6.657504563331603,1.0060618359968068,0,2.518011257983744,3.4337842124234887,2.07028680620715,1.41887031449005,,6.52,-4.78,0.03,86.30,118.00,900.00,141.70,1015.00,271.70,960.00,169.70,1037.00,169.70,995.00,197.70,1000.00,266.70
17.280,0,1.25,1.22,1.01,0.94,1.02,1.65,1.18,0.49,1.15,95.31,23.83,-0.79,89.32,3.337106365063228,1.9434299014275895,1.8583600900368769,2.8869601058866827,5.540653099874035,32.3251920058392,2.6881624164991083,0,1.622960431035608,1.5939250075817109,4.257538908161223,0.4095144891180098,0.9014809336513281,0.40133417041040964,7.441800100300462,2.2062198006594556,0.3572945836931467,2.368359808344394,5.097586784576997,0,0.18151276605203748,,3.22,-4.24,-0.47,83.58,117.93,900.67,139.12,1015.67,269.12,960.67,167.12,1037.67,167.12,995.67,195.12,1000.67,264.12
17.400,0,1.85,0.43,0.74,0.45,2.01,0.94,1.89,2.17,1.25,95.36,21.72,-2.88,93.51,1.3361461752420292,5.667220213054679,6.035884043741971,5.490598028758541,6.857890604231507,12.417759772390127,4.1929170516552405,0,2.715624033473432,3.9011123163439336,5.187123017851263,1.511352090165019,1.9273010320030153,1.6498702205717564,8.85614965721965,0.011255961884744536,0,4.0695063839666545,9.663384904768318,5.7841396243311465,0.41708172555081546,,6.00,0.10,2.86,83.05,117.47,900.69,139.42,1015.69,269.42,960.69,167.42,1037.69,167.42,995.69,195.42,1000.69,264.42
17.473,0,0.60,0.26,1.91,0.74,1.85,0.33,0.42,1.75,1.86,95.53,23.09,-5.20,92.58,0.8260503888782118,1.4765258288942276,2.3727291923249143,0.30472915096208464,5.83644701414276,20.323147274088115,3.7762119413586333,4.279355175588281,2.029492976842448,4.773510952107609,1.3865624908357859,1.4761717487126589,4.669996601063758,1.9949577190633865,7.723980895020068,4.4898466559313235,1.3529919302091002,5.206436652224511,5.009248208361678,3.6812027057167143,2.787805600091815,,5.53,0.43,2.29,84.13,122.39,900.60,138.81,1015.60,268.81,960.60,166.81,1037.60,166.81,995.60,194.81,1000.60,263.81
17.766,0,2.05,0.20,0.43,2.03,1.36,0.16,0.44,0.45,2.14,95.17,25.39,-1.66,92.04,3.528881791136228,0.626371465367265,2.3844244756456465,5.669534615436569,7.53301649378147,11.509596021845937,5.0405789390672,1.7087064391374587,2.5905874483287334,2.399715460650623,0,3.2138449642807245,2.90291830804199,4.194265369325876,8.409081479236484,4.291095954491757,0.8318170448765159,4.153193506877869,4.107824010946788,5.768989836098626,2.4772985300514847,,7.61,-1.39,1.05,86.37,117.36,901.73,138.74,1016.73,268.74,961.73,166.74,1038.73,166.74,996.73,194.74,1001.73,263.74
18.025,0,1.54,0.38,0.33,1.01,1.60,0.99,1.43,1.91,1.99,95.65,19.50,-7.69,90.95,4.12511998841539,0.4672393286135046,3.1614713784959165,0.6887983951903878,4.370171510367655,42.64712203433737,6.0062206231523305,2.097872168570757,0.9859228981658816,3.0426608686707914,2.8726508072577417,2.6446933101397008,0,4.696921578124165,10.563366527911276,0,0.005028488114476204,6.5166200757957995,3.4973958134138954,3.3857020654249936,0,,6.45,-3.22,-0.02,84.18,118.07,898.71,139.43,1013.71,269.43,958.71,167.43,1035.71,167.43,993.71,195.43,998.71,264.43
18.286,0,0.18,1.41,0.31,0.80,0.79,1.65,2.06,1.72,0.91,95.06,25.98,-7.28,92.11,0.22708015693351635,2.112705651111901,2.332438004454598,1.3475149972550566,8.337312717684544,21.21026172488928,2.7937666810816153,0.8649784934520723,1.3554702727124095,5.094016576576978,1.6226738803088665,2.299376313108951,2.6076121609658003,2.9981009108014405,13.021352146770806,0.7489915593899785,1.8109664535149932,6.4507677834481,4.648842610246502,3.22580851521343,0,,1.76,-3.08,0.90,83.34,118.98,898.58,138.22,1013.58,268.22,958.58,166.22,1035.58,166.22,993.58,194.22,998.58,263.22
18.357,0,0.54,2.04,0.10,1.82,2.11,1.48,0.35,2.08,2.14,95.06,25.15,-7.92,90.42,3.103901446321979,1.9164514800533654,2.8112644060468304,1.1477208762243394,4.449739593872801,25.072182887699455,5.127540763746947,4.894532727114856,0.47361087752506137,4.855511814448983,4.192527319304645,2.7580757511314005,7.749877165071666,3.9315151510667055,14.0918190719001,2.254409833047539,1.8855643225833774,7.896392992231995,4.912590859876945,1.9161610249429941,2.5915265895891935,,3.50,-4.26,2.91,86.29,117.83,900.60,141.05,1015.60,271.05,960.60,169.05,1037.60,169.05,995.60,197.05,1000.60,266.05
18.429,0,1.18,0.07,1.05,1.49,1.52,1.69,1.04,0.32,0.49,95.25,24.58,-7.71,90.02,4.632381559554487,0,0,5.471982474792749,8.239564058077521,42.30829664180055,5.9992798456689345,2.798477467838675,1.580424958607182,4.289582759048789,2.624195409938693,2.9743312424980104,3.8810153352096677,2.675641559045762,10.325568316318094,0.45190785531885913,4.092007984407246,4.648286190349609,7.108058061539196,0.6573274477850646,0.22799407504498959,,3.16,1.15,0.06,83.66,121.01,898.09,138.20,1013.09,268.20,958.09,166.20,1035.09,166.20,993.09,194.20,998.09,263.20
18.539,0,1.29,1.17,1.62,0.70,1.49,1.71,1.21,0.26,1.41,95.35,26.90,-7.28,95.41,0.6093625694932419,0,3.2964780961163345,5.777189553482458,4.753994274367578,22.946956248022616,2.15333670116961,1.2136141605302693,3.596231655916199,4.519155901316553,1.8772025699727237,4.186246481956914,1.3467202889733016,0.7097514021396636,11.43008755646646,1.6871732996264472,0,1.6048897258006036,7.927419124837034,3.6897532483562827,0,,1.94,-0.34,-1.57,84.48,119.30,901.25,140.53,1016.25,270.53,961.25,168.53,1038.25,168.53,996.25,196.53,1001.25,265.53
18.713,0,1.14,0.62,0.47,1.69,1.55,0.54,0.78,0.86,1.01,95.44,30.50,-0.05,96.88,2.4755941690923646,3.4864686542889105,2.251486221025698,5.899103055549785,4.272809135164135,8.848510454874486,3.351814363244921,4.938879654631019,4.318819262785837,1.063197936229408,1.5444293478503823,2.8458931741770357,4.132249756716192,1.1630163026880473,12.059930821266025,0.3497588192159311,1.507390941027552,7.945471196901053,8.315763471056707,5.990424221847206,0,,6.50,-3.10,-1.60,85.91,118.41,898.89,141.14,1013.89,271.14,958.89,169.14,1035.89,169.14,993.89,197.14,998.89,266.14
19.024,0,0.90,0.44,1.59,1.01,1.08,2.01,1.67,1.43,1.97,94.88,21.67,-7.97,96.83,1.997999546574429,1.291716025490314,4.126420137747191,2.012934376653284,5.765689618447795,15.872641447931528,3.029859550157562,0.28665351428091546,0.40498096286319196,0.2684089837595822,0.23596662282943726,3.8198191032279283,0,2.5836246765311808,13.744198142215609,0.3331365114822984,0,3.492682548239827,8.135927585521713,0.11570054339244962,4.556314637884498,,5.11,0.25,-0.31,85.51,119.12,898.46,139.13,1013.46,269.13,958.46,167.13,1035.46,167.13,993.46,195.13,998.46,264.13
19.349,0,1.71,0.43,2.10,1.93,0.25,1.80,1.34,0.50,1.49,95.41,18.14,-5.12,94.54,4.530980278844945,1.6964057576144116,4.793292519724928,4.488513605529443,4.415244423085824,21.514028581324965,6.886061729281209,0.840998531319201,3.2337268507108092,4.857961790207773,0.19847970362752676,3.9631262593902647,5.290126485284418,2.2709808843676003,17.460187420099974,4.384737805700861,3.55458533577621,9.233495264314115,7.70053558726795,3.1431156580802053,61.23062180960551,,5.44,4.19,-1.64,86.48,117.14,901.08,140.39,1016.08,270.39,961.08,168.39,1038.08,168.39,996.08,196.39,1001.08,265.39
19.649,0,0.65,0.06,1.73,0.64,0.99,1.43,0.34,1.67,2.03,94.82,21.67,-1.62,88.00,1.0171904812473804,2.1370428848546,0.5990133866667748,3.5508706692792473,4.680289188898168,24.211601122282445,0.9541334076086061,1.7863835023157302,6.704732258338481,3.618187171090394,7.876497600227594,3.192429911578074,7.100370280444622,0,9.124540539197625,3.7579875600431114,4.32244325755164,6.019496689550579,7.959706480191089,0.8173616921994835,68.21844904217869,,3.97,3.06,0.57,84.27,118.25,900.76,138.31,1015.76,268.31,960.76,166.31,1037.76,166.31,995.76,194.31,1000.76,263.31
19.946,0,0.18,1.00,0.24,0.30,1.66,1.94,0.48,2.17,2.10,94.81,21.86,-7.33,95.46,5.420696366634219,0,3.1971935757109895,2.239759971909225,7.951611171723343,32.74798668501899,1.4306229842593892,1.1734611512720585,4.780041059246287,1.4001639552973213,0,7.818814666941762,0.4074455900117755,4.096357933552936,12.50809722116217,4.370647722519934,1.4455041429027915,1.0570596158504486,5.590168109680526,0,1.3919765339232981,,-0.82,0.42,-2.62,86.64,119.17,899.27,140.48,1014.27,270.48,959.27,168.48,1036.27,168.48,994.27,196.48,999.27,265.48
20.247,0,1.63,1.64,1.41,1.28,1.19,0.03,0.94,0.83,2.03,95.23,28.67,-5.67,93.71,3.2730174409830948,3.058510900312103,1.3609086339501664,5.907722349995748,7.0979659931501375,33.5630194991827,4.783122089272365,0,1.4445927797351032,0,5.454720713663846,1.3009672544430941,1.9393536360003054,0.8066912296134978,11.648550162520259,4.739362453198992,3.1064516655169427,5.092687038704753,6.066473229997792,2.728632252663374,3.556481528095901,,1.25,6.10,-2.01,84.55,119.27,900.39,140.75,1015.39,270.75,960.39,168.75,1037.39,168.75,995.39,196.75,1000.39,265.75
20.341,0,1.74,1.11,0.53,1.05,0.25,1.96,1.18,0.92,0.78,95.57,29.26,-3.98,87.53,2.645569536513649,1.706556892883964,0.32915640457067674,2.0256351473648104,4.039693031129428,27.428545262198895,2.1299811658915133,1.6199279688484967,0.9448023221921176,4.015154956001789,2.9378753104247153,0,5.9786358014680445,3.048103078240529,12.205287093613297,0.22960586823057394,0,0,3.165851168441586,3.759093675063923,4.451964091742411,,3.57,5.47,-0.47,84.89,122.11,901.13,138.55,1016.13,268.55,961.13,166.55,1038.13,166.55,996.13,194.55,1001.13,263.55
20.407,0,0.59,0.64,0.62,0.93,0.84,1.90,0.88,0.74,0.18,95.12,27.28,-5.68,87.52,3.968609155351296,3.255370501289144,1.7327206837944686,1.4257855668291453,4.011628375914879,27.72523310035467,4.0429152174154295,1.7617260290868582,5.475826915586367,1.1770901671238243,1.3038353458978236,0.08866894501261413,3.0678103608079255,0,14.67331924231723,0.5697410706523804,0.6471000001765788,6.807910215575248,4.808575661065988,6.223759781802073,2.222456135088578,,-1.06,4.87,-2.88,86.15,119.66,898.92,138.41,1013.92,268.41,958.92,166.41,1035.92,166.41,993.92,194.41,998.92,263.41
20.561,0,0.54,1.17,1.24,1.12,0.63,1.38,0.97,1.53,1.02,95.48,29.19,-5.44,89.31,2.796684528300539,2.027842526184395,0.8581497800024227,4.45044853694737,7.578855734183453,43.78942392813042,3.1404863226693123,3.702657641079277,0,4.540417612120509,6.542037920560688,0,2.3219441031105816,3.956925353752449,15.2311138721928,3.1164968586619946,5.26503703230992,5.50455885194242,5.2494169477233665,5.331300190649927,1.5356478409375995,,1.57,1.48,-1.64,84.98,117.19,901.60,138.42,1016.60,268.42,961.60,166.42,1038.60,166.42,996.60,194.42,1001.60,263.42
20.654,0,0.69,1.53,1.69,1.09,0.02,0.61,0.89,0.27,2.02,95.07,17.40,-2.11,80.96,2.6583315329067414,2.264282733853906,5.553385234102606,2.674760380815715,2.220550348768011,15.534222823102027,2.827819683891721,1.0349406305328013,3.1850418956018984,3.055534563697875,2.818524864502251,0.8854405351448804,5.465340171474963,4.136702500078828,6.623224984817206,2.2349844153225424,2.839252784848213,1.1432435782626271,2.925908225579187,4.637175541371107,4.860211792867631,,2.17,1.73,-2.17,84.02,119.91,900.98,139.83,1015.98,269.83,960.98,167.83,1037.98,167.83,995.98,195.83,1000.98,264.83
20.903,0,0.44,0.85,2.11,2.14,2.00,0.83,0.39,0.60,0.08,94.74,19.71,-2.18,96.31,1.5791533797094597,5.187360159005038,3.837268393239938,0.278327233148739,9.169485977040605,26.60824576858431,6.0489624861627815,0.13854341465979836,2.781466066837311,5.132069240827113,0.6607951065525413,0,0.32978264708071947,1.8499449613969774,2.9148496785201132,3.3140833355719224,4.995241283904761,2.3961938554421067,8.804343681605534,3.158294413238764,1.4034303864464164,,0.98,6.73,-2.19,85.75,121.91,900.71,139.10,1015.71,269.10,960.71,167.10,1037.71,167.10,995.71,195.10,1000.71,264.10
21.106,0,1.18,1.33,2.18,0.19,0.50,0.26,0.09,0.01,2.20,94.62,26.16,-3.44,89.02,4.798571597952396,1.482923672394827,6.0544250983418895,3.5965691389329733,4.901640318450518,24.56334938760847,2.479379718657583,3.3953999935649337,1.5625242732930928,4.903082178160548,4.806833257433027,0,2.4166966318152845,0.41988433967344463,11.205593705717474,3.1965328932832926,6.487686008214951,2.0410666642710567,3.4078968738904223,1.667902396991849,0,,-2.86,2.53,-2.66,86.54,119.51,901.71,138.99,1016.71,268.99,961.71,166.99,1038.71,166.99,996.71,194.99,1001.71,263.99
21.300,0,0.71,0.86,1.08,1.52,1.76,0.04,0.14,0.48,0.07,95.68,17.19,-5.26,96.66,3.6229137429827825,3.965020363801159,1.5548353978618983,4.248181715747341,4.255283238049596,43.59714708663523,6.261667826469056,0.01268159218132503,1.3650644393637776,3.7124295124225317,2.1211443431675434,0.262716693803668,3.3972573769278824,0,2.5250198872759935,4.821458253241144,3.2847250108607113,3.359373413026333,4.221089853830636,1.248543193563819,0.1981659857556224,,-2.24,7.33,0.59,83.34,120.92,901.52,140.12,1016.52,270.12,961.52,168.12,1038.52,168.12,996.52,196.12,1001.52,265.12
21.496,0,0.96,2.11,1.84,0.46,2.15,0.77,1.51,0.37,0.78,95.30,27.90,-2.06,88.52,1.6864301077090205,3.2016204939223827,4.435581956543029,0.11560415012761993,4.502371826167218,26.044092655181885,5.343951170961373,4.252457061354071,2.356229550903663,4.401477783303708,2.212688522413373,7.041621219366789,6.569468915462494,0,13.627279117722065,5.21066356929019,5.147059955168515,3.4764538081362844,5.659595058844425,1.3012492721900344,2.0141582395881414,,-2.07,4.96,-0.13,85.10,121.86,900.45,140.74,1015.45,270.74,960.45,168.74,1037.45,168.74,995.45,196.74,1000.45,265.74
21.817,0,1.58,1.08,1.65,1.82,0.35,1.54,1.30,1.01,0.81,95.48,18.92,-5.77,94.14,0,2.096428330708295,3.1572027210937814,5.410637211445719,7.81934933678247,39.38597715832293,3.144571392307989,5.114756930973381,4.201032288838178,3.3544677022285763,3.2765746121294796,0,3.126254347153008,3.920707362005487,6.350350347030908,4.840750922560692,3.436567315366119,3.219527994748205,7.124607648411766,3.0049954012501985,1.2235250500962138,,1.53,4.96,-1.93,86.13,118.19,900.19,140.78,1015.19,270.78,960.19,168.78,1037.19,168.78,995.19,196.78,1000.19,265.78
21.936,0,0.11,0.43,1.87,0.10,2.08,1.63,0.06,0.91,0.22,94.68,26.81,-2.20,96.26,4.2320239291852335,2.3210019214777278,0,2.3149651470687242,7.829293432217091,37.06308122863993,1.2744844399625435,0.988851267453283,1.8895980205852538,2.689589382912964,3.147519287187606,6.947398344986141,0.423907786142081,4.615372828738764,16.048585953507573,2.907479528808035,5.163677831646055,7.1888160849921405,5.026487093865872,4.47294793673791,1.211364651331678,,-3.79,2.43,-2.40,85.06,119.13,901.59,138.17,1016.59,268.17,961.59,166.17,1038.59,166.17,996.59,194.17,1001.59,263.17
22.163,0,1.30,0.66,1.17,0.90,0.49,0.16,0.55,0.34,0.77,95.41,22.98,-4.60,93.02,0.46621535900048894,0.2562421413138507,5.084267078302801,4.921101291142405,4.203526730132289,12.498733446933329,4.450495421071537,3.5404573026113213,3.751715500606224,0.3674531341716647,1.3823729334399104,2.199885393027216,4.150977011304349,3.2481255412101744,6.107154450248927,0,0,0,7.509329530610703,5.445702366065234,0,,-0.16,2.93,-3.15,83.55,120.83,899.97,138.28,1014.97,268.28,959.97,166.28,1036.97,166.28,994.97,194.28,999.97,263.28
22.256,0,1.50,0.33,1.56,1.27,1.70,1.28,1.62,0.35,0.05,95.38,19.12,-6.79,96.45,0.12036417142022415,3.684638736513443,0.34138989139813924,3.82092152829282,6.825133674372919,16.17273070383817,1.9274341662414374,2.4720266049169006,0,4.981049974299967,4.821289542596787,0,2.3728863797150552,4.270787944132462,14.792383311856538,2.8887568613840267,5.57088579190895,6.92120167426765,5.890994754764251,2.1404158482328057,3.0517086430918425,,-4.49,7.45,-3.11,85.04,120.28,901.98,140.83,1016.98,270.83,961.98,168.83,1038.98,168.83,996.98,196.83,1001.98,265.83
22.468,0,2.05,0.20,2.01,0.54,0.24,1.72,1.69,0.55,0.65,95.24,28.51,-5.03,95.25,2.6931748569663614,5.424096174212172,2.893020165557973,0.5345697572827341,6.258815405252389,23.143713262863457,1.997622951678932,0.05021678883582359,3.2305577700026333,0,0,1.2515646268147975,2.053556992672384,4.263057530904189,14.861924541015178,0.08877051108516731,1.4613273604772985,3.2493783715181053,7.461452418849803,2.8153901288751513,2.4943902811501175,,0.11,7.50,-1.46,85.03,120.96,898.04,141.67,1013.04,271.67,958.04,169.67,1035.04,169.67,993.04,197.67,998.04,266.67
22.694,0,0.81,1.67,2.14,1.96,2.06,1.09,0.83,0.23,1.31,95.17,19.52,-3.47,88.85,1.568341171066277,0.506886416929774,2.694629849656485,2.8105104248318824,6.023582692421042,24.260689152870327,3.913631540583447,3.7754785374552013,3.1242596220690757,3.500112761761993,1.3504548906348646,0,2.16217103227973,0.3590948121529074,4.079031450860202,3.3680503526935355,5.16022081207484,6.433203529566526,5.875175051600673,4.517785713309422,3.519858300453052,,-2.62,8.29,-2.98,86.69,118.80,899.17,138.90,1014.17,268.90,959.17,166.90,1036.17,166.90,994.17,194.90,999.17,263.90
22.779,0,0.19,1.27,0.01,1.09,0.46,0.68,1.78,1.36,0.40,95.07,21.23,-7.96,89.00,3.998318611495197,3.022465356066823,0.4687834208365529,4.7215533636324105,4.946334431474097,30.617912635207176,2.266178209707141,4.915668453294783,2.8406653569545597,1.3134902572259306,3.748316081240773,0,0,5.012579714413732,9.003348156083376,1.5073041450604796,2.2866700245067477,0,4.5682155114179475,1.4298786593135446,4.164358974667266,,-4.73,5.37,-0.34,84.00,120.93,901.64,139.02,1016.64,269.02,961.64,167.02,1038.64,167.02,996.64,195.02,1001.64,264.02
22.954,0,1.09,1.03,1.29,0.77,1.48,1.64,0.98,0.41,2.09,95.09,24.34,-1.88,95.34,2.486668525976129,0,4.083404097198509,5.208957248376683,8.429464055662976,26.615714866667986,5.1606487208977345,2.5738121056742966,0,0.17343410931527625,7.276088295970112,0,2.814772185869515,4.534765553204343,12.411698960140347,0.02766952610109019,0,2.4614745513536036,5.376560076503083,2.4284957773052156,3.563548502046615,,-0.27,5.07,-3.03,85.42,119.22,898.83,139.76,1013.83,269.76,958.83,167.76,1035.83,167.76,993.83,195.76,998.83,264.76
23.286,0,1.43,1.57,1.85,0.17,0.99,2.07,1.35,1.39,1.37,95.60,25.47,-2.30,88.55,5.003259201240726,2.030413983319886,0.7024523711157964,4.971749412165955,4.95651970077306,28.105914359446615,6.248957548034378,1.2970311263389886,0,1.2599748382531106,0,3.3179149832576513,1.9226104589179158,1.9502988527249547,8.865038446653635,0.37583523584064116,1.7173955193720758,3.471649117767811,6.576197018753737,2.534335947362706,0,,-5.99,9.47,-1.30,85.66,122.20,900.02,139.78,1015.02,269.78,960.02,167.78,1037.02,167.78,995.02,195.78,1000.02,264.78
23.375,0,1.64,1.63,0.86,2.11,1.05,1.28,0.47,1.74,1.56,95.01,17.10,-3.59,94.79,1.0905214792257176,1.0050080901244653,0.5744313012249767,1.4401682605315003,4.5248592629609625,16.004026158712804,2.8139700782252475,3.2211938257142902,4.650906294584274,2.4704288202896714,2.1496023894287646,2.600374718895182,0,1.3003902700170875,10.399257663413882,4.216153199034743,0.48039790289476514,6.319053827319294,7.398065016963519,3.2134335967712104,2.211004342418164,,-1.67,7.81,-5.06,85.77,120.48,899.98,139.99,1014.98,269.99,959.98,167.99,1036.98,167.99,994.98,195.99,999.98,264.99
23.602,0,1.00,1.02,0.08,1.28,1.84,1.97,2.04,1.04,0.96,94.88,20.54,-6.03,90.34,5.521444881781935,3.145527020143345,0.14874002989381552,5.934586236421019,3.7447926951106636,28.595207397826016,0.1269936481490732,4.578937932588159,2.889628831297159,4.324276835359633,6.516603940632194,6.065973924007267,1.2382939704693854,0,9.069562297258527,0,3.966718264389783,0.130833659786731,3.8222394763957714,0,2.638363430975005,,-3.03,6.64,-1.48,83.45,117.40,900.18,139.13,1015.18,269.13,960.18,167.13,1037.18,167.13,995.18,195.13,1000.18,264.13
23.773,0,0.70,2.16,0.46,0.06,0.51,2.12,1.94,1.87,1.45,94.63,26.90,-5.20,94.75,4.793162367912009,4.411514626117423,5.1301353217102585,1.6173258503526449,4.366709923227318,19.749554354697466,4.3644845403265204,1.0818368144519628,3.323504274711013,1.8825511542148887,4.445294698700309,5.031865434721112,5.002724410034716,0.39283902006223803,17.740290819481014,2.3502652732189744,4.413842875044793,3.436774179339409,6.288260898101144,0,95.04557368298993,,-5.47,9.88,-2.46,86.51,122.09,901.97,141.16,1016.97,271.16,961.97,169.16,1038.97,169.16,996.97,197.16,1001.97,266.16
23.957,0,1.65,0.05,1.57,1.15,0.92,1.81,1.40,0.58,0.56,95.75,26.97,-0.50,88.34,0,1.5122010057792066,5.003383470182307,5.911973568163813,4.608086007181555,39.13028012122959,6.394764170260169,1.4982538076862695,4.677535134600475,2.6220345524325968,7.692830317653716,0.00428534927777946,2.4050632347352803,2.3347879986930637,7.834322214275598,4.483434408083558,4.744673738256097,4.118581889662892,8.685239864047617,5.737803952535614,0,,-2.48,8.45,-5.37,83.23,119.29,898.37,141.30,1013.37,271.30,958.37,169.30,1035.37,169.30,993.37,197.30,998.37,266.30
24.265,0,0.28,1.11,1.92,1.81,1.90,0.54,1.40,0.00,1.74,95.03,18.17,-5.30,91.75,1.1009330642595891,3.540503412578255,0.1524791925400497,0.8254884413816037,3.571911290260032,13.261133532971144,3.058988470118493,4.6530594595707955,4.193250344367698,0,3.5134673905558884,3.1226080164778978,4.172723881434649,2.6443259697407484,9.896565421000123,0.6571473589725794,5.833191730547696,5.814900333993137,4.54143788096495,5.324812611564994,66.00954753253609,,-2.69,5.75,-1.46,85.37,117.16,899.19,141.97,1014.19,271.97,959.19,169.97,1036.19,169.97,994.19,197.97,999.19,266.97
24.337,0,0.82,2.18,0.02,1.20,1.38,0.04,0.78,1.63,0.16,95.35,30.96,-1.58,87.81,3.598111046799459,0,4.770093010296113,5.1942379009258,4.378779983646236,22.104045905638486,2.4661136587616057,0.1799591712839903,3.4117884242441505,0.4673698646761477,4.073491365183145,2.4301460532005876,0,0.23700793943367904,17.52468599356711,5.133946762136183,1.213714740704745,4.700958300381899,7.293439901941456,4.607837317977101,0,,-7.12,10.18,-4.87,86.29,122.63,901.53,138.45,1016.53,268.45,961.53,166.45,1038.53,166.45,996.53,194.45,1001.53,263.45
24.443,0,1.18,0.58,1.04,2.13,0.75,1.71,0.23,0.06,1.81,94.69,20.43,-0.82,92.01,3.4368753957608718,4.919522084551863,3.616632115379907,5.7497005221527075,5.132736314102076,41.66751765552908,4.076712045585737,3.646863612346351,2.4662716046441346,3.131882921997458,7.196225666441023,3.943558797473088,2.927424764726311,0.478419703831896,14.784937904141843,2.773016561814584,0.04884057538583875,6.516136983409524,5.764957133033313,1.3443360400851816,2.0936855517793447,,-7.79,5.85,-3.05,85.49,118.71,901.55,140.19,1016.55,270.19,961.55,168.19,1038.55,168.19,996.55,196.19,1001.55,265.19
24.658,0,1.36,1.38,2.03,0.70,1.01,0.56,0.81,2.03,1.86,94.75,27.75,-6.64,92.21,0.7380989728262648,4.834468146809376,2.7488386661931874,2.2237410120572894,4.8410199552541595,41.526708454824984,3.7791475862730293,2.5759345861710607,4.882742949295789,5.20804564513266,2.309576526749879,5.506117420271039,6.702410431578755,3.6536376124434176,3.8169850705377755,4.779279359723441,2.772199898492545,2.6901089693419635,4.793461737618782,3.9420200530439615,2.241344234906137,,-3.59,10.96,-1.58,83.00,119.97,901.14,138.58,1016.14,268.58,961.14,166.58,1038.14,166.58,996.14,194.58,1001.14,263.58
24.907,0,1.09,0.13,0.62,1.14,0.73,1.07,1.84,0.32,1.01,95.80,20.85,-5.76,91.69,0.04939068346749975,3.716967489128001,3.827921987492591,4.311504708779975,2.5143533965013924,9.522077196277678,2.486841443157755,3.2700241891108455,5.551101620309055,4.49247419051826,3.607583239674568,2.153624828439206,7.033040144015104,4.358355213664472,3.90183664534241,0.22625380103941994,2.011387272272259,4.657711422070861,7.63748982379213,1.5859640331473202,90.66982438461855,,-4.48,9.79,-2.53,83.50,122.33,900.62,140.75,1015.62,270.75,960.62,168.75,1037.62,168.75,995.62,196.75,1000.62,265.75
25.102,0,0.20,0.60,1.21,0.66,2.05,0.49,1.27,1.78,0.43,95.56,20.64,-4.47,89.08,4.7288160427380355,2.965914641087875,0,5.176371572930366,7.694798664487898,17.910021622665226,1.3348300193669274,0.479210377279669,0,0.8406466561742127,1.8149805846624076,2.5743971560150385,1.9832452540285885,2.3009734354447575,17.46846353927627,4.32075208726339,1.4969440479762852,5.639800475910306,7.22656781770289,3.2686046906746924,0,,-7.07,7.34,-4.73,85.21,118.18,900.77,140.01,1015.77,270.01,960.77,168.01,1037.77,168.01,995.77,196.01,1000.77,265.01
25.390,0,1.71,1.17,0.64,0.22,1.68,0.23,2.01,1.07,0.69,95.66,28.07,-0.93,90.49,0.35490521241445094,1.7805916294222701,0.2271456068428237,3.5399241987522694,6.639779001958669,23.87191655440256,1.3946106591261924,0.8482503733783959,2.1960354482289404,0.5732591623626648,0,7.037836829666048,3.795665185432881,1.5961496069747954,12.910410401858389,0.6316938348906116,0,8.781005930621177,8.340758889205754,6.963791226502508,3.413111019646749,,-6.56,7.01,-4.46,83.54,120.41,898.14,140.81,1013.14,270.81,958.14,168.81,1035.14,168.81,993.14,196.81,998.14,265.81
25.593,0,0.05,1.64,1.52,0.66,0.65,0.88,0.88,0.90,0.14,95.50,25.53,-3.15,96.58,0,0.2729888043832034,1.9448836564645169,1.360283331964165,5.96589076643344,15.505035477224737,3.495366712892428,3.836615338437259,1.890550269279629,5.329250259269029,4.415575618855655,2.876969327684492,4.47038215957582,4.868297609817237,5.304819409642368,4.3197433585766705,4.726596574764699,2.6017187144607306,3.2744934648694475,2.3756992688868195,4.348486820468679,,-4.70,6.02,-3.44,86.24,122.94,898.14,140.52,1013.14,270.52,958.14,168.52,1035.14,168.52,993.14,196.52,998.14,265.52
25.716,0,1.28,1.88,1.93,1.69,0.49,0.90,1.60,1.93,1.37,94.80,25.20,-4.24,87.51,0,0.13044165158644327,4.740316370525397,3.555847844257951,7.9362553858524185,25.12399607663974,2.6178359439363703,4.278819283563644,1.2997994618490338,0.8597687067277731,0.690112482290715,3.7070782168302685,5.898557625710964,3.4041414284985514,12.073281634058803,2.6000529811158777,0.7373754326254129,6.036914910189807,3.798020325549878,2.72607166855596,0,,-5.86,11.09,-3.66,86.74,120.28,898.13,141.35,1013.13,271.35,958.13,169.35,1035.13,169.35,993.13,197.35,998.13,266.35
26.011,0,2.06,0.43,1.32,0.32,0.91,0.24,1.25,1.41,1.09,94.72,23.40,-5.02,89.45,4.087301170877181,2.301333056180738,4.585957202254795,4.440214435150846,7.426541600837372,9.663911753799766,5.7024479765677825,0.4290547750890257,4.705196152906865,0,2.18122984142974,5.749635873828083,4.584344813134521,1.277267184453085,8.096842094138264,0.3453432821901514,3.160109677352011,10.305688629392534,4.838544412576594,5.189648310886696,0,,-5.92,5.63,-6.14,83.90,118.84,898.72,140.35,1013.72,270.35,958.72,168.35,1035.72,168.35,993.72,196.35,998.72,265.35
26.158,0,1.91,1.16,1.03,1.32,1.85,2.10,0.47,0.26,1.64,95.22,21.28,-7.64,87.04,0,2.294577736966312,5.421625400981866,3.9278701439872385,7.201681952928193,17.753877573646605,5.946921395231039,0,0.9085753248073161,5.15678655564785,0,1.8220433702226728,0.3165846043266356,3.1494883885700258,9.281978926789016,3.7905640613846483,1.371392599772662,2.429436524864286,7.488364733229392,1.87755409325473,2.671581018716097,,-2.99,4.34,-6.17,85.35,119.44,898.32,138.79,1013.32,268.79,958.32,166.79,1035.32,166.79,993.32,194.79,998.32,263.79
26.338,0,0.28,1.19,1.42,1.00,1.28,0.32,0.94,1.85,0.78,95.68,22.46,-2.42,95.43,5.03021351733245,4.927940240083262,5.212469077184796,4.572191074732691,4.388785855779425,27.437965193763375,1.2532212424324825,5.137068855464459,6.997036209562793,1.1117817489616573,3.749908012803644,3.30406554043293,0,0.9357734289020301,13.163311400413512,2.776925462735817,2.4679124574176967,3.1520482231862843,3.6050466205086558,0,0,,-7.30,7.57,-1.56,86.42,121.32,898.82,139.34,1013.82,269.34,958.82,167.34,1035.82,167.34,993.82,195.34,998.82,264.34
26.420,0,0.70,1.51,0.52,1.96,0.52,1.44,1.52,1.96,2.17,94.72,22.71,-0.86,93.93,2.7203040943155066,5.6642124922247605,4.259934039828368,1.0794270878192043,2.422566301766783,37.96261951746419,1.3108886081725357,3.3283682154119014,1.7716480267699808,1.2328485639393332,3.893854580819607,3.124792897840962,5.554987429641187,0,13.443492440357804,0.6613100606529043,2.2719467454589903,8.847202954348177,4.181644093189389,1.937199280364439,0,,-5.46,10.10,-4.43,83.70,117.95,898.40,139.96,1013.40,269.96,958.40,167.96,1035.40,167.96,993.40,195.96,998.40,264.96
26.723,0,0.28,0.93,2.03,0.27,2.04,0.72,1.27,1.18,1.05,95.20,21.78,-1.28,94.26,3.69197005353868,2.603320147329941,3.0345347994612535,0.7866288153454661,6.8886344520282,31.941679073497653,4.457268261397258,1.840754671432078,3.224977706791833,0,3.9956366191618145,6.024275789503008,1.0484806196764112,4.7353638360928745,9.499321381244808,2.2009763017948716,2.894950905814767,4.480321169830859,5.361614204877988,2.368608808144927,0,,-5.71,8.65,-5.29,84.90,121.08,900.65,140.53,1015.65,270.53,960.65,168.53,1037.65,168.53,995.65,196.53,1000.65,265.53
26.904,0,1.48,1.12,1.96,0.47,1.42,1.60,0.24,1.67,1.76,95.14,21.39,-4.94,89.48,1.40136665282771,0,3.217145015117713,0,8.767161268424243,17.731023067142814,2.513991135451943,1.3866716198064388,4.945851105032489,0.7540356336534026,0,0.17628635466098785,2.9680775119923055,4.647723066499457,14.009272268582135,4.096836805166676,5.9264763738028705,2.371665296610445,7.319393569994718,6.8381245012860745,1.8241947800852358,,-8.16,9.06,-5.23,84.68,119.55,898.66,141.98,1013.66,271.98,958.66,169.98,1035.66,169.98,993.66,197.98,998.66,266.98
27.198,0,0.66,0.96,1.37,1.54,0.99,1.13,1.48,0.56,0.12,95.86,19.95,-0.94,95.64,2.8224640307249502,4.613337340089492,0.6159596122754736,6.246452672379092,7.706951651652344,42.41785620106384,3.9186320482753216,4.145895567703992,0,0.31268342182040243,4.790187005884945,2.5344921434298158,0.8240225007757545,0.25075495614670196,15.52139522332698,0.8012017854163425,6.434392814524472,6.300429513212293,8.373331875051372,4.199136271839961,3.7514409790746868,,-7.61,4.45,-1.56,84.54,120.97,901.66,139.62,1016.66,269.62,961.66,167.62,1038.66,167.62,996.66,195.62,1001.66,264.62
27.475,0,0.06,0.07,0.49,0.36,0.98,0.42,0.67,0.43,0.28,95.75,27.13,-1.75,90.10,4.472552056643181,5.054486890113912,3.5100229971250516,4.925422923201695,3.948522398574278,32.41957929870114,2.256030827108771,2.8783367499150336,4.876753219868988,0.8720786829851566,0,1.7354252173099667,3.3077521934174,2.2471813463885337,16.96071583006531,1.6942246464686468,2.200972077436745,5.592575796414167,3.163315331051126,2.7711793771013618,0,,-2.73,4.94,-5.55,84.69,122.36,898.84,141.37,1013.84,271.37,958.84,169.37,1035.84,169.37,993.84,197.37,998.84,266.37
27.653,0,0.46,1.60,1.23,1.58,2.13,1.85,2.18,1.65,1.79,95.28,25.54,-3.72,90.75,0.7188464994542301,2.5554788430221382,0.15903570387046795,2.7188401358202103,6.0962334697833285,20.220036917366087,1.605817814380862,0.07788023335859195,4.412813430884853,5.419344325046986,2.8091702945530415,2.4058570619672537,1.9344112006947398,3.4004400200303646,11.7527152967453,5.099021086711437,4.014704152010381,2.0730335391126573,4.460466646240093,2.554840700235218,0.6348308154847473,,-4.78,8.93,-4.94,83.07,117.70,898.70,141.77,1013.70,271.77,958.70,169.77,1035.70,169.77,993.70,197.77,998.70,266.77
27.822,0,0.07,1.75,1.42,0.71,2.01,1.94,1.20,0.57,1.91,95.60,24.71,-3.97,91.92,1.9093411407852545,0.177295443066396,0,3.5666379663441328,8.706247789636254,24.877645642030984,4.28182360723149,1.3749038495682182,1.1922191658522934,2.807498306706548,2.9619668293744326,3.0739104649983346,5.593822607304901,0.13611721291206758,17.326886841040107,3.574895543004386,3.1971008251421154,7.284905679989606,5.146754500996321,4.852711560437456,0,,-8.29,3.69,-3.85,86.77,119.83,900.37,140.34,1015.37,270.34,960.37,168.34,1037.37,168.34,995.37,196.34,1000.37,265.34
28.118,0,1.95,0.27,0.56,1.70,1.25,0.06,1.39,0.04,1.06,94.74,19.36,-5.75,88.73,3.4749197776289655,3.076204789034091,4.313074836586603,4.103010029466823,5.895807328908704,12.753870010375977,3.5432069935603066,5.190318539328873,0,0.09452740658074621,6.446684705559164,0,5.594888144172728,4.169383452264592,8.17958392355591,0,6.006054380908608,6.473014894872904,3.15347847730387,0.8436609632335603,5.074416012503207,,-6.33,7.43,-5.69,85.33,121.20,898.27,141.15,1013.27,271.15,958.27,169.15,1035.27,169.15,993.27,197.15,998.27,266.15
28.448,0,0.86,0.40,0.10,0.19,0.63,0.19,0.43,0.00,1.34,95.57,23.30,-2.27,96.88,0,5.142730615171604,3.6820209218654782,4.6765114918816835,6.523347070477903,36.84785632090643,2.0917750089196487,0,2.0168742705136538,4.651758482642472,0,1.4346579066477716,2.4936968819238245,3.1599479711242022,8.005491379797459,0,0,4.2146789859980345,5.53354851713404,4.00992271816358,2.616360654355958,,-2.76,7.96,-4.05,86.68,118.13,901.93,140.66,1016.93,270.66,961.93,168.66,1038.93,168.66,996.93,196.66,1001.93,265.66
28.691,0,0.16,0.55,0.36,0.56,0.15,1.89,0.79,0.99,1.93,95.18,17.97,-6.69,89.47,2.1871845942223445,3.3757269277470185,1.7145833549136293,2.5997716025728734,2.6012437924230474,35.549487778451294,1.8426275493344293,4.749309958163648,4.175325677031651,5.128624928388745,0.902596918400377,0,3.3543264367617667,2.278218196639791,8.029937749523668,4.237946573025547,4.224528639111668,0.5945094162598252,2.9214004734670747,2.7302135147619992,2.8716728473082185,,-6.25,4.35,-6.18,85.42,120.40,901.65,141.13,1016.65,271.13,961.65,169.13,1038.65,169.13,996.65,197.13,1001.65,266.13
28.804,0,1.60,0.37,1.21,2.06,1.95,2.09,2.15,0.86,2.02,94.83,18.22,-4.92,89.86,1.550631166091189,3.1149032992310826,5.638603580594063,5.532725301701576,5.220187050220557,19.684526586905122,3.5129266971489415,0.1586578535847365,2.268056740052998,3.903434264063835,2.7226362065412104,1.4966972707770765,0,0,12.283391003850848,0.9982428123801945,1.898385795764625,0.03521816432476044,6.600498063000851,2.108592029195279,0.7246925686486065,,-2.38,3.44,-5.00,85.01,117.78,901.46,138.88,1016.46,268.88,961.46,166.88,1038.46,166.88,996.46,194.88,1001.46,263.88
28.915,0,1.35,0.12,0.73,0.29,1.20,1.71,0.04,1.53,1.02,95.22,25.87,-3.28,96.84,4.352084136791527,2.10777151491493,1.351016931100749,2.385311185959727,7.272534569865092,11.937037023715675,1.0337538256077097,4.527167095821351,0,0.7183186176791789,4.853652435354888,0.9019921843428165,3.385420905891806,2.345717387991026,8.868632603622974,3.7675572539679707,5.5654102191329,6.077949010767043,7.2862894493620844,1.7152401006314903,95.96432207152247,,-2.07,2.28,-5.98,85.83,120.09,901.63,139.98,1016.63,269.98,961.63,167.98,1038.63,167.98,996.63,195.98,1001.63,264.98
29.083,0,1.10,0.20,1.30,0.76,0.07,1.45,0.45,1.78,1.74,95.74,17.19,-3.66,89.67,4.3091555070877074,2.0932310543954373,2.64284747781232,1.6466183076426386,6.825050594294444,36.988640039693564,1.4471500775311141,1.86499461138621,4.451089102542028,2.1108999985270205,8.681265355087817,3.7845508016180247,0,4.743297599907964,14.038738165535033,1.7217434385232626,1.0424276539124548,5.109021306503564,3.46821278414689,0.8059037912171334,4.8971266583539546,,-4.59,1.38,-1.69,84.06,121.04,901.67,140.40,1016.67,270.40,961.67,168.40,1038.67,168.40,996.67,196.40,1001.67,265.40
29.165,0,1.49,1.49,1.15,0.49,0.10,1.96,1.16,0.53,2.09,95.13,18.77,-7.52,89.84,2.6360429024649785,0,2.0317082267347724,4.118114145183936,7.815781855410896,31.345650697126985,1.9332899223780258,1.9074944398924707,2.700997034320608,1.7422757561504842,0.9342624703422189,3.616884484188631,5.471448427531868,3.6026782646402715,8.786860320661217,2.7617271493235602,0,0,4.65657496322412,2.000680974451825,2.1731010528746992,,-1.03,5.95,-3.21,85.29,121.32,901.19,140.50,1016.19,270.50,961.19,168.50,1038.19,168.50,996.19,196.50,1001.19,265.50
29.368,0,1.65,0.99,1.50,1.70,0.07,1.17,0.00,0.87,1.95,95.37,25.54,-3.48,94.91,4.08409416204784,1.2150995091302321,0.6104814450815317,0.15010350379161563,7.705843850621022,45.87650165241212,5.41289469266776,4.294427016507834,0,0.7288809136115013,4.374173984862864,1.0253813713788986,1.1015502247028053,2.987662904970348,14.588316215965897,3.2156226880522443,4.52758609270677,3.626344157848507,4.031567930593155,4.640524325426668,1.036247014068067,,-1.05,3.71,-1.51,83.13,121.33,899.46,139.18,1014.46,269.18,959.46,167.18,1036.46,167.18,994.46,195.18,999.46,264.18
29.647,0,0.54,1.00,0.19,1.20,1.09,0.40,0.48,0.86,1.60,95.56,22.63,-4.24,89.15,3.7337034919299183,4.364810102572664,3.5916095416853207,3.5191671940498055,8.7099775648769,26.65530808456242,1.798836462479085,1.0123530578240754,0,5.148114649858326,2.8975494825281203,0,2.325775070115924,4.67822707249783,12.700177176259459,1.257723069069907,3.117193595506251,5.000420116819441,7.618990916637704,0,0.9092729017138481,,-3.85,4.38,-5.03,86.17,117.05,901.56,138.08,1016.56,268.08,961.56,166.08,1038.56,166.08,996.56,194.08,1001.56,263.08
29.853,0,1.40,0.44,2.13,0.61,0.56,1.69,1.54,2.16,2.00,95.24,24.10,-5.39,88.20,4.886955742528662,1.6335381920449437,5.230187151441351,3.8911313116550446,2.9778488308331,7.923292028717697,2.6686049890005963,2.394025238174945,1.8318715400528163,4.2475331388972695,0,0.5296087942551821,3.2995166815817356,2.463803137205541,5.30496334752068,3.383427727166563,0.8242718023248017,0,7.4955596194649114,4.375001358333975,0.5080398358404636,,-5.21,2.90,-3.22,84.64,121.20,899.77,140.77,1014.77,270.77,959.77,168.77,1036.77,168.77,994.77,196.77,999.77,265.77
30.063,0,0.83,1.51,1.52,1.49,1.21,0.66,1.21,0.70,0.75,95.75,25.41,-5.60,96.17,4.533107937229797,4.830111798178405,1.6346965146576986,4.309914169032127,3.3944803045457235,34.82550520449877,4.138123169890605,0.7426812538877132,3.845315164187923,0,4.581128957681358,5.245541543001309,2.9524623113684356,2.314891109382734,6.04275620797649,3.2039972987771033,3.756300908047706,5.0503686419688165,3.382838386991061,6.210569608723745,0.9839288676157594,,-4.75,0.97,-5.87,86.11,121.36,900.87,140.19,1015.87,270.19,960.87,168.19,1037.87,168.19,995.87,196.19,1000.87,265.19
30.248,0,1.06,2.11,0.35,2.07,0.65,1.85,2.12,0.23,0.49,94.78,19.44,-1.94,91.84,5.159263648223132,3.564879327407107,0,3.8868400325812402,3.690597109766677,24.700123973190784,3.573650672356598,0.5406417638249694,4.161392613314092,5.453661961890758,3.622845900245011,5.033905155491084,2.773154833819717,3.2462407909985633,16.272870890777558,2.088105543619022,0.3094362812116742,4.775961879640818,6.888323023663833,3.3176641000900418,0.41021576919592917,,0.57,-1.17,-2.48,84.66,117.57,900.19,141.98,1015.19,271.98,960.19,169.98,1037.19,169.98,995.19,197.98,1000.19,266.98
30.487,0,1.99,0.11,1.28,1.18,0.71,1.62,0.07,1.90,0.97,95.50,27.26,-7.28,91.04,1.747987450119108,4.879708910128102,2.6647729529906066,5.014747911691666,5.775360819934868,36.18276721332222,5.190698472806252,2.972939363140613,3.4431099062785506,3.556335464436561,3.2006402076222003,5.989254317479208,4.603224337566644,1.5205925841070713,3.8120661922730505,2.72290490497835,1.3524978035129607,4.851577142719179,3.274514525462873,2.153088773600757,86.91621815646067,,-3.42,2.98,-5.30,84.15,121.47,899.59,141.92,1014.59,271.92,959.59,169.92,1036.59,169.92,994.59,197.92,999.59,266.92
30.726,0,0.62,2.07,0.39,1.01,0.12,1.23,0.54,1.06,1.49,95.15,28.20,-7.93,96.26,0.4494257969083266,3.350523412064649,2.1723551528155802,1.9828565437439831,5.586414346168749,35.01633023284376,3.6110451467568057,3.2822917328588663,1.2531532438006252,4.9339299625530835,4.654247414320707,1.0015391658525914,4.598623923026025,1.3268443327397108,10.303696589507162,3.901439008857124,2.930710842832923,5.903676589950919,6.1243428366491575,0.531527345534414,1.0555922042112797,,0.87,1.45,-2.99,85.21,120.71,901.17,140.97,1016.17,270.97,961.17,168.97,1038.17,168.97,996.17,196.97,1001.17,265.97
31.059,0,1.20,0.11,0.53,0.47,0.28,0.54,2.18,1.10,0.57,94.67,20.59,-3.85,94.94,3.3966096200793983,1.1913361804559828,3.684820689940825,2.753164319768548,3.126808493938297,35.21408050414175,0.5566306696971877,0,4.018225719220936,4.87014939211309,2.1538818874396384,2.9738411919679493,4.013412470463663,0,14.319639024063946,4.5707297032140195,1.8214690084569156,3.9893492916598916,6.407493994068354,0.9865786072332412,1.2765070355962962,,1.92,3.57,-3.59,83.50,121.79,901.46,139.25,1016.46,269.25,961.46,167.25,1038.46,167.25,996.46,195.25,1001.46,264.25
31.341,0,1.01,1.74,0.01,0.31,2.03,0.34,0.74,0.72,0.38,95.04,20.90,-6.30,92.31,5.111662716334686,0.4670498799998315,3.324151171869598,2.9274250866845253,5.28408528609667,38.395609570201486,3.8195402226410806,0,7.063171331072226,1.2343981620855629,0,2.007336418842897,0.4912163964472711,2.2353672146704047,12.62721821501851,0,2.9890986322425306,3.9075663150288165,5.067393562807702,0.8636919397395104,4.202288014115766,,0.98,1.12,-4.61,86.47,118.94,899.39,140.43,1014.39,270.43,959.39,168.43,1036.39,168.43,994.39,196.43,999.39,265.43
31.411,0,1.07,2.09,1.43,1.01,1.02,0.52,0.04,0.72,0.36,95.43,26.81,-0.82,87.95,1.970259446981363,0,4.618360628033988,0,5.222581274737604,37.32945826370269,5.952639820985496,2.3612998455762866,0.9900938358623534,1.1882286315970125,0.4196520340628922,0,0.8658289080485702,3.483366273818538,8.209730562195181,0,0.6660301992669702,8.860319120809436,7.229203357803636,3.280074578244239,4.108818555716425,,-1.41,0.11,-4.38,84.94,122.09,898.29,141.89,1013.29,271.89,958.29,169.89,1035.29,169.89,993.29,197.89,998.29,266.89
31.726,0,1.09,1.17,1.46,0.89,1.25,1.56,1.91,1.12,0.92,95.70,28.44,-4.04,93.57,4.840270811249502,5.8224933369783685,2.191977852443233,5.229767688373104,7.742680491935462,32.61082484899089,6.657470724568702,3.4504616029746833,1.883941057138145,3.658419092446566,2.7824332513846457,3.394609447568655,0,0,4.264369801804423,0.7881432189838962,0.3558600451797247,7.293274589814246,3.163434632327408,1.853814881062135,3.795460995286703,,-2.78,0.39,-2.24,84.54,117.51,899.34,138.26,1014.34,268.26,959.34,166.26,1036.34,166.26,994.34,194.26,999.34,263.26
32.042,0,1.34,1.71,0.57,1.72,0.58,0.54,0.50,2.13,1.64,95.07,25.35,-2.72,90.15,1.2744478430598973,1.1778975242283196,4.484303990351036,2.2985002909787005,3.918663523388095,41.4951759041287,4.768211300345138,5.152578585483134,6.0357108623720706,2.690467371214181,2.4115923922508955,0,4.089417646173388,0,4.8119969172589485,0,0,4.020910005550832,7.16211177810561,3.2518004316370934,0.5570879182778299,,-2.09,-2.82,-2.46,85.80,122.70,899.66,138.34,1014.66,268.34,959.66,166.34,1036.66,166.34,994.66,194.34,999.66,263.34
32.280,0,0.46,1.38,2.08,0.32,2.09,1.61,1.86,2.15,0.99,95.22,20.25,-6.27,93.61,0.6345351419318468,0.5453995257616042,0.21651350167579952,0.8389688511379063,4.637464091200382,51.075864371843636,1.1882592685054991,1.2925686829537155,3.8272769313771278,2.011138010583818,6.355190008878708,3.834295448148623,6.2441627704538405,3.604718877747655,7.762221623007208,1.4072613687813282,2.762770394794643,4.007186552044004,6.462891240362079,4.374551458051428,0.3708622148260474,,1.17,-4.74,-4.49,86.89,119.44,898.84,139.22,1013.84,269.22,958.84,167.22,1035.84,167.22,993.84,195.22,998.84,264.22
32.375,0,0.01,0.01,1.30,0.19,0.46,1.16,1.42,1.60,2.01,94.72,21.54,-4.93,96.35,3.38990532069467,0.2338301789946855,1.305621344973333,5.714781449716538,6.467811666810885,27.56209082249552,2.218218110920861,4.294273854196072,2.6236304622143507,0,0,6.77220597374253,5.3355015073902905,1.7512552612740548,13.750712849125266,2.9366858419403434,3.6896828655153513,3.5598470363765955,2.634435483412817,0.7624387361574918,2.2843340705148876,,2.72,-4.33,-4.47,84.11,121.59,898.98,139.23,1013.98,269.23,958.98,167.23,1035.98,167.23,993.98,195.23,998.98,264.23
32.452,0,1.85,1.98,0.30,0.50,1.60,2.07,0.28,0.09,1.68,94.80,27.56,-4.13,93.33,1.9804439716599882,1.0530167171265932,4.010816244673915,4.942403945047408,3.1752980699343603,19.35939700389281,1.5446598728885874,1.677154994662851,2.67061195964925,2.4242161067016426,4.254301317036152,0.9596933536231518,4.292011883575469,0,10.6254961402528,2.249149023583159,0,0,9.032616617050953,0.2203401173464954,2.806740131461993,,-0.41,-2.59,-1.02,83.75,117.05,898.42,140.87,1013.42,270.87,958.42,168.87,1035.42,168.87,993.42,196.87,998.42,265.87
32.731,0,0.08,1.96,1.97,0.93,1.51,0.51,1.84,1.42,0.85,95.54,18.67,-7.81,90.12,3.4027534648030997,5.387467200448737,4.061363871190697,4.671921179424971,6.338252676292322,34.91671839915216,5.583141316799447,4.5142350603081285,2.618224960984662,4.863648746944964,0.11079875892028213,2.508121046703309,2.3983497228473425,1.3694555896520613,15.952432758118958,0.5388964636530726,3.9805118329823017,8.08164104167372,5.37350109313149,4.737848139367998,1.5866034789942205,,1.64,-4.33,-2.62,86.33,122.76,898.44,141.33,1013.44,271.33,958.44,169.33,1035.44,169.33,993.44,197.33,998.44,266.33
33.050,0,1.90,2.06,0.14,0.57,1.19,0.60,1.31,0.05,1.54,94.77,19.42,-6.82,96.90,0.41676260097418005,0.6541697629028933,1.375513657256961,0.8644982522819191,4.630914273685776,41.897834609262645,0.34229352807160485,0,0,2.751065879650414,2.107464150991291,4.445705055491999,0.6201225025579333,4.792449872810394,13.40885447388515,2.83285367642995,4.040886736474931,0,7.067048538760282,3.4110872002784163,86.0421280823648,,1.04,-4.21,-0.43,83.14,119.59,898.34,141.39,1013.34,271.39,958.34,169.39,1035.34,169.39,993.34,197.39,998.34,266.39
33.297,0,2.20,0.49,0.78,0.70,0.91,1.95,1.52,0.67,0.91,95.05,30.33,-3.82,88.00,1.007333458256908,2.446146662184037,3.706187995779328,3.7575153197254987,8.314100998826325,18.915252913720906,3.2051003796514124,0,0,4.9508774843811985,3.5071465149521828,7.658975518075749,5.66765624564141,2.891284385630861,7.970134827364237,2.613449635258876,2.7154071731492877,3.698878162074834,4.843525169230998,4.177193893119693,1.777896350249648,,4.07,-4.98,0.50,84.74,119.81,901.91,138.13,1016.91,268.13,961.91,166.13,1038.91,166.13,996.91,194.13,1001.91,263.13
33.401,0,1.79,1.82,1.83,0.22,1.50,0.34,0.94,0.37,0.50,94.96,26.24,-6.33,88.55,1.1752457528840754,2.6070330785121767,3.9442538236361,3.1440470468625428,5.237843887875788,35.86111132754013,3.9042354739736767,3.04871985681355,3.7026292514055967,3.5786390042677523,1.940506047103554,2.4163563966285437,4.276557672768831,3.9452744504995643,4.644389858432114,4.794824759447947,0,7.228495227638632,8.4281200343417,1.7022905619814992,0,,3.18,-1.45,-0.19,83.03,120.41,899.79,141.48,1014.79,271.48,959.79,169.48,1036.79,169.48,994.79,197.48,999.79,266.48
33.590,0,1.55,1.79,1.34,1.76,2.11,2.04,2.08,1.50,1.28,94.84,24.04,-0.80,88.12,0.6859169011237101,1.1078718649456278,4.830653255940415,2.431836375324056,4.36563222270459,36.764702239539474,2.72270431779325,1.1889874371886253,4.546366765163839,0.950834217797965,0,2.103863744297996,0,4.5638241066690535,9.583416825272142,4.23815280824434,1.5816791635006666,6.8437224817462265,6.230748328045011,1.9820682685822248,3.0847361139021814,,1.02,-7.53,-0.29,83.08,117.07,899.46,138.39,1014.46,268.39,959.46,166.39,1036.46,166.39,994.46,194.39,999.46,263.39
33.915,0,1.38,2.14,0.57,1.86,0.92,1.27,0.06,0.78,1.58,94.72,25.46,-3.15,94.66,0.013877215282991351,3.924347528256476,3.179665410867892,1.3051070219278338,2.6796042560366917,46.027095158584416,3.135920124594122,1.4794038983061908,4.387399431550875,1.3262837071716786,0,1.1969123031012714,0.6526462286710739,0.5799353516567498,14.50586621845141,4.972085783910006,1.6321076722815633,0.44185475865378976,5.459171516657807,2.13630348094739,1.345550365978852,,2.06,-7.03,-2.32,86.22,121.19,901.82,139.00,1016.82,269.00,961.82,167.00,1038.82,167.00,996.82,195.00,1001.82,264.00
34.014,0,1.11,1.88,1.16,0.79,0.14,1.13,1.56,2.12,1.16,94.85,29.80,-0.63,89.72,2.6849497606651855,3.596490831510164,5.877382410638965,3.4873024213779718,4.460070171407424,43.150083168409765,4.92241518497467,2.850719918739051,3.7885815820191056,1.068582317326218,3.8245681752450764,1.0111024470534176,3.7310936199501157,2.8134970183018595,9.305782600715757,1.1270259189931675,1.7487485320307314,8.010292127262801,3.3829050038987774,4.516632902668789,0.6092462469823658,,3.77,-7.29,1.27,85.17,118.07,901.90,140.73,1016.90,270.73,961.90,168.73,1038.90,168.73,996.90,196.73,1001.90,265.73
34.113,0,0.31,2.19,1.31,0.62,1.31,1.48,1.51,0.04,0.52,94.91,28.91,-7.99,93.37,3.9320189345581458,3.657476607779972,4.362281256634741,2.4669244470726697,7.807627905183471,12.291593408677727,5.799627872346901,2.2682120114937425,3.211786941625178,1.2252488264441492,2.1846241978928447,4.017430087784305,0,0.9224474705569445,7.474693519677967,2.281376000721939,1.5357145303860307,4.3640292985364795,4.945431550662033,1.6935750260017812,0,,5.77,-5.86,-2.80,85.05,122.42,898.04,138.37,1013.04,268.37,958.04,166.37,1035.04,166.37,993.04,194.37,998.04,263.37
34.432,0,1.46,1.14,2.10,1.07,1.07,0.51,0.47,0.47,0.54,95.17,28.22,-4.32,92.39,1.2680455000745137,5.210215078876354,0.1045851659122854,1.060922147864476,6.645517279906199,30.59078535065055,6.031087425514125,4.683226983044296,0.37643239344470203,3.062716006375849,7.141746654175222,5.134470309363678,2.4095297190360725,1.5206939275376499,7.599642298351974,0.4403876449307429,5.834713299293071,8.660358819179237,8.835324938269332,0.49138153064996004,0,,4.35,-7.71,-0.88,86.36,118.96,899.07,138.60,1014.07,268.60,959.07,166.60,1036.07,166.60,994.07,194.60,999.07,263.60
34.682,0,0.13,1.93,0.30,1.71,1.51,2.10,0.58,0.24,2.11,94.82,25.75,-6.60,95.94,4.5048448282619935,3.886815250781365,5.061534668654204,1.526995841646567,8.776537525891326,34.880752028897405,2.548078889027238,4.698203466460109,7.251072394195944,3.2993129255250095,0.888188567943871,0,8.453445824794471,0.20117549523711187,16.308680396284906,1.3980993964290245,1.1159891178831458,4.068944489117712,8.407491148994303,0.7024950184859335,0,,2.74,-3.79,1.14,85.69,122.72,899.58,139.68,1014.58,269.68,959.58,167.68,1036.58,167.68,994.58,195.68,999.58,264.68
34.932,0,1.70,0.76,0.19,1.94,1.05,0.88,1.32,1.19,1.99,94.88,29.49,-3.44,90.53,3.6286140336468815,0.7846245617140086,6.336644574068487,4.767995664291084,4.621296994923614,33.86213405337185,5.178176134405658,0,0,4.5278532044589515,6.498917180579156,4.874638608423993,5.016654244624078,4.878137963395566,7.854233827292919,1.024192090732977,2.064316206611693,7.187516609672457,4.345388366398401,5.879540455993265,3.107434639474377,,2.70,-8.95,-0.86,84.78,122.69,899.36,140.18,1014.36,270.18,959.36,168.18,1036.36,168.18,994.36,196.18,999.36,265.18
35.161,0,0.71,0.21,1.52,0.68,2.00,1.13,0.63,1.73,0.38,95.22,30.14,-1.74,65.81,2.5809678945736962,2.3062208242481574,4.718220207290724,0.020573987206443878,8.686824337542056,26.445409914013,5.652590693626553,3.429594456460327,2.4224557913839817,0.5465349755436182,3.9858534643426538,6.3731907228939235,4.089676229283214,3.1982490703091027,11.673296638205647,2.319923276943155,3.701613856945187,4.5654895207844675,4.497889572307468,0,0.44443509355187416,,5.20,-4.34,-0.16,85.01,122.17,900.98,141.02,1015.98,271.02,960.98,169.02,1037.98,169.02,995.98,197.02,1000.98,266.02
35.493,0,1.70,0.26,1.29,1.44,0.74,2.12,0.70,1.93,1.36,95.10,26.41,-7.40,94.41,3.7954631140548734,1.0417619933374227,1.5787148805474867,2.166902193594724,7.724660246502608,46.69962555821985,3.950724694458768,0.3788569231890144,0,1.1091533667966722,2.3845604374073446,5.7222889580298215,0,3.154741850560531,12.106000941731036,5.1450031079724425,4.3021858632564545,3.612104174681008,2.7088775069639084,7.470580050023273,1.648745391285047,,4.23,-4.84,-0.76,83.86,119.86,900.37,140.85,1015.37,270.85,960.37,168.85,1037.37,168.85,995.37,196.85,1000.37,265.85
35.800,0,1.76,2.20,0.36,1.86,2.03,1.13,1.24,1.20,2.09,95.18,28.63,-4.66,90.51,0.13909988250583405,4.969441286381334,4.588935226970353,1.7056464369595052,7.947220139498823,13.712617410812527,5.593249335419387,2.281101901829243,2.006421422585845,0.2693878189846872,0.3314527412876487,4.029687299858779,7.441360910888761,0.4141986262146382,8.594296469707043,5.349578527882695,3.58836787706241,5.1538713332265615,9.822027945336886,0,71.57414129050449,,5.26,-5.40,1.76,85.39,117.13,898.92,141.35,1013.92,271.35,958.92,169.35,1035.92,169.35,993.92,197.35,998.92,266.35
35.890,0,0.04,0.72,0.13,0.19,1.12,1.51,0.16,1.05,1.19,95.38,19.80,-7.06,94.81,4.749251276152208,0,4.683333690082654,4.033620056230575,7.981910637356341,33.043015198316425,4.433144334075041,4.975748867224902,0,3.9764265989884735,2.9490103921853006,4.411758151836693,1.7830875422805548,2.3262581456266345,13.40436877818778,0.9503319929074494,0,1.4969035941176116,6.280357950944453,5.766188705805689,0,,3.26,-7.47,2.27,86.68,118.32,899.80,141.74,1014.80,271.74,959.80,169.74,1036.80,169.74,994.80,197.74,999.80,266.74
36.073,0,1.42,0.24,0.83,1.55,1.83,0.82,0.56,1.21,0.16,95.51,26.02,-0.55,90.75,1.8379907382791862,3.5494988366262987,5.076578869419173,2.6946079897414896,4.136293776854872,12.214735601097345,3.970861135260202,3.3802439912967386,3.613564610015601,2.4458250481821597,5.975060492288321,0,2.5291080814786255,0.4705500710196793,12.719446147046984,4.622462684544734,2.0420061820186675,4.309492093976587,8.42894999191165,0,2.7371063421014696,,4.40,-6.67,2.91,85.21,118.60,900.62,138.96,1015.62,268.96,960.62,166.96,1037.62,166.96,995.62,194.96,1000.62,263.96
36.209,0,1.20,0.62,0.19,0.87,1.56,0.15,1.23,1.41,1.78,95.53,28.28,-2.48,88.54,1.4216163609316572,4.008185929735191,5.080997666465119,2.9511986370477823,4.3425272901402785,28.28638143837452,4.7983322646701705,1.9589816848002375,3.146669814363122,1.039156146813184,0,3.23793146177195,5.2692981655709445,3.7068550820089876,11.075647614337504,1.5256078594131397,4.313156272284687,1.3303661597892642,8.761637323345058,5.744449381250888,0,,7.18,-5.28,0.26,84.34,120.61,898.68,139.33,1013.68,269.33,958.68,167.33,1035.68,167.33,993.68,195.33,998.68,264.33
36.361,0,1.71,0.49,2.03,2.05,1.43,1.99,0.75,0.70,0.99,94.92,28.47,-3.38,92.97,3.09547743731644,5.3300012851832435,5.7401941815065225,0.28993411851115525,7.297010783525184,23.30444342130795,5.164907911210321,0.6267866214737294,1.932907973881811,2.42920641226694,2.6107989326119423,2.8906843992881477,7.18305858084932,0.9228700982499869,8.05046955300495,3.9996478533605115,0,2.000150731764734,3.940538795338944,3.8738422668538988,4.375129248015583,,5.40,-4.99,-1.42,83.27,119.72,901.47,138.86,1016.47,268.86,961.47,166.86,1038.47,166.86,996.47,194.86,1001.47,263.86
36.640,0,2.10,0.50,1.63,1.62,0.21,0.73,0.56,0.01,1.93,94.98,30.01,-1.17,96.96,2.0103775036009033,3.22346332508605,5.817311026584358,1.5566198636312039,2.5870555094256993,38.61270993389189,4.188771348004229,2.2503810543753207,2.7678703994024545,3.8543875722587106,6.6909977020695806,3.509967986959964,0,0.4642389537207783,7.386179286632687,1.8626087736012416,0.6263920213095844,5.947768544778228,3.703326012250036,3.066219680244103,76.09227675898,,3.26,-6.83,-0.84,83.33,122.93,901.86,140.51,1016.86,270.51,961.86,168.51,1038.86,168.51,996.86,196.51,1001.86,265.51
36.701,0,1.39,1.32,2.17,1.19,2.03,1.33,1.47,0.22,1.80,94.78,25.36,-2.88,87.75,0.19197609059512644,4.474283540528267,0.6040456421487033,1.952493853196502,7.316759624904953,20.36650250852108,6.312393441121094,4.888127127867192,1.5413626390509307,2.7388336687721315,5.0417091823183,3.95187507616356,5.9769100290723145,4.652539967913181,9.809583226982504,0.213616426791996,0,2.250589530915022,9.504117211890406,2.909446475561708,4.721448116004467,,8.88,-5.56,-0.37,83.75,117.76,901.78,140.71,1016.78,270.71,961.78,168.71,1038.78,168.71,996.78,196.71,1001.78,265.71
37.026,0,1.11,1.46,2.12,1.98,0.51,0.24,0.83,1.75,0.46,94.84,17.05,-0.73,94.50,0,2.7209371858043596,0,3.3871912208292634,4.518628648868762,18.24867546139285,1.858848327025771,5.707692061699927,1.6365503184497356,4.88059132669121,2.7481994284316897,1.0803557015024126,0,0.058455155361443634,17.217474649008363,0.9744341487297787,6.342223771382123,1.1339091137051582,4.73332316112239,2.5968558692838997,0.16510764369741082,,5.97,-5.86,0.97,84.50,122.88,899.89,138.11,1014.89,268.11,959.89,166.11,1036.89,166.11,994.89,194.11,999.89,263.11
37.308,0,1.81,1.92,1.53,1.37,0.18,0.50,1.04,0.29,1.83,95.50,27.48,-5.71,95.31,0.900077624456026,0.4816750998375938,6.165543361096644,3.7231124812271448,3.698006747816689,30.186261153779924,3.3783168339403344,5.041946980971844,4.759019586024806,0,0,3.765921051148325,2.5838796445168555,3.901116793854162,5.7624184441939,0.06701109331566846,0,2.877052173484117,3.3092439516028387,0.5126842097379267,0.28300576703622937,,3.62,-8.37,-0.55,86.71,122.93,900.49,138.15,1015.49,268.15,960.49,166.15,1037.49,166.15,995.49,194.15,1000.49,263.15
37.370,0,2.16,0.68,1.35,1.09,1.11,1.77,1.33,1.22,1.08,94.71,29.78,-4.39,91.22,3.6168958312273025,4.452317119482904,4.163101004599594,4.068666113298386,7.754105015196838,38.762257114518434,1.8610483048250899,1.933484804537147,1.094658954301849,4.766633143480867,4.932783844415098,5.811575480969623,3.680127769242972,4.316424631504342,13.33983749050647,1.9086368823796511,1.8749846396967769,4.140664042439312,3.276210707086139,1.9290432967245579,80.32977425400168,,4.67,-9.51,0.21,84.32,122.71,900.04,139.10,1015.04,269.10,960.04,167.10,1037.04,167.10,995.04,195.10,1000.04,264.10
37.455,0,0.09,0.45,1.63,0.17,1.49,0.65,2.06,2.05,1.74,95.37,23.26,-1.95,88.96,2.8284576933411882,0.7737266708398236,4.443649795437231,2.1157927575428044,8.481393461395054,41.01919269375503,5.908851721161045,4.381238177102059,6.439975107321516,1.5646712263859808,3.3925364362075925,0.3962499927729368,0.643900013063103,0.7140439851954579,7.249168119169772,0.6995366604020821,3.921408899128437,8.963015456683934,5.85805740216747,3.060614178655669,0,,6.20,-7.07,1.36,85.22,121.20,901.24,140.18,1016.24,270.18,961.24,168.18,1038.24,168.18,996.24,196.18,1001.24,265.18
37.750,0,1.02,1.89,0.33,0.68,1.65,0.95,0.99,1.03,0.00,95.78,19.42,-2.13,95.07,0,4.487432172964327,0.5500611395901069,3.781063649421558,4.427489615073427,38.42331593390554,2.524458324094303,0.1755370116047561,0.5780698792077601,0.9561145010776819,3.2265922729857266,2.179139041341841,2.043187106028199,1.5854248579684644,16.619567491561174,3.8625853955606,0.643616006243974,2.689177554100752,7.448450598502532,7.402167689288035,3.0947594821918756,,8.52,-10.04,0.44,83.65,122.47,900.14,140.19,1015.14,270.19,960.14,168.19,1037.14,168.19,995.14,196.19,1000.14,265.19
37.968,0,2.10,0.50,1.84,1.29,1.04,0.21,0.46,0.68,1.31,95.09,17.62,-2.17,87.04,0.2992705248668788,1.0938472507521508,4.4164978962764145,2.9415601431392133,3.467099588043056,48.25121497781947,3.748949117748998,4.573903240934015,5.172988929087296,1.3272164771147072,3.5544954682700336,0,7.409157038200647,1.5726757743023336,12.088980810120702,4.220849900059402,3.9880389370955527,8.827509325463325,7.529772428316065,4.194459914928302,0,,4.40,-5.08,4.06,86.16,122.35,901.84,140.59,1016.84,270.59,961.84,168.59,1038.84,168.59,996.84,196.59,1001.84,265.59
38.110,0,0.60,0.27,0.50,0.27,0.20,0.77,1.16,0.91,0.28,96.21,25.84,-3.74,95.22,1.1713228204613553,4.379612363572233,0.8220572180673478,5.051993956780061,7.973688745219261,23.54737996123731,2.4428995380876586,4.682282377686351,0,1.0137940894439819,5.256427825894207,4.107774254865944,7.551090018823743,3.973453683573753,5.788766308166087,3.724396847845055,0,3.5701516568660736,6.453512413520366,0.8729389940854162,0.030101965880021453,,5.75,-8.28,0.07,86.66,117.70,900.63,141.52,1015.63,271.52,960.63,169.52,1037.63,169.52,995.63,197.52,1000.63,266.52
38.388,0,0.97,1.37,1.15,2.17,0.33,0.44,2.01,1.77,2.18,94.93,27.65,-5.64,96.17,3.4994826401537287,1.7433393337531014,6.049113677069545,2.457436191542074,3.725586746023037,34.54889675695449,2.655449543311261,0,0,1.267694225870073,5.118531238753349,0.15474098431877792,4.854665360413492,0.008472029939293968,8.386044089179485,3.5543500290671366,3.873793860897422,6.682494814507663,6.5043344210041685,2.6924972587730736,2.7186688743531704,,5.76,-5.05,2.24,83.45,117.59,900.25,139.55,1015.25,269.55,960.25,167.55,1037.25,167.55,995.25,195.55,1000.25,264.55
38.544,0,1.65,0.84,0.23,0.24,1.72,0.81,1.82,1.16,1.40,95.14,21.83,-5.10,94.07,5.265879549486563,2.2358895865269006,2.3593717244965955,2.442239006981253,4.231249084197916,16.155175995081663,5.714851414319128,1.8512155178003011,3.9908240551594645,0,0.5182829727418721,0.5921869741287082,0.5366413621231914,3.505543909361586,4.5960532198846344,3.0124878023192285,5.952620167285204,6.473076654598117,4.876172841018997,3.125546493800357,0,,2.41,-10.85,3.83,83.32,120.84,899.08,140.09,1014.08,270.09,959.08,168.09,1036.08,168.09,994.08,196.09,999.08,265.09
38.840,0,1.43,1.90,0.25,0.49,1.35,1.27,0.01,0.37,2.14,95.15,20.55,-1.33,87.96,2.9736705068359153,1.2534086325438691,4.175898060998879,1.1957499000709504,8.70662796995137,24.84295590268448,2.6621232648845763,2.868711593300104,0.92018749169074,2.7793342960067093,0.47654396994039416,5.4012347927782685,0,2.1630157597828656,6.4285806418955325,4.428289272352122,0.759503529407084,6.952635937836021,7.8000575355393815,0,0.3129286968614906,,2.09,-7.00,2.27,84.42,120.84,900.00,138.72,1015.00,268.72,960.00,166.72,1037.00,166.72,995.00,194.72,1000.00,263.72
39.067,0,0.94,2.15,1.63,0.62,0.92,1.69,1.06,0.95,1.89,94.98,27.80,-1.23,92.15,2.4283248667372392,3.8815669488394633,5.687617481732741,5.086198562467471,8.114152630954049,46.906282391864806,4.417363598081283,0.04019418261945251,5.838659006403759,1.903367784768343,4.3372009308077395,4.897356515284628,3.9655883819796145,5.041997493784875,16.415228510741144,1.7664954973151907,0.8992969039827585,3.0027887281030416,6.19635914566461,2.7833144702017307,3.836115954676643,,3.40,-7.91,5.33,84.54,117.50,899.80,140.51,1014.80,270.51,959.80,168.51,1036.80,168.51,994.80,196.51,999.80,265.51
39.402,0,1.28,1.15,0.45,0.42,0.20,0.82,1.83,0.70,0.82,95.35,27.56,-5.83,91.53,3.3329688632860783,3.0738547013606876,0.2843105952255427,4.320240465290844,2.7665778234088796,40.12743316264823,4.080407386692241,0.10966543642804005,3.800268302904442,4.5705556062050166,1.8165907328948379,0.2552953823469579,3.639227880164981,0,4.222451802063733,2.2429607036989183,0,5.425237040966749,5.183156651458703,6.835706666344777,87.2260560458526,,1.63,-6.14,1.50,83.43,117.19,899.10,138.56,1014.10,268.56,959.10,166.56,1036.10,166.56,994.10,194.56,999.10,263.56
39.611,0,0.01,0.89,2.14,0.09,1.39,1.12,1.41,1.64,2.03,95.38,30.73,-3.48,95.17,2.486797813391313,0.49604646060615787,3.631836932837032,0.05835218196734804,7.785469586406834,16.33044417016208,3.6681514373281967,3.828631571419537,4.277310160687193,0.6215634038671851,4.607197414152324,0.8866402301937342,5.3338598613627255,0,11.963383698016404,0,1.7505818530917168,8.715827174950391,8.767320411498659,4.65488880360499,3.0501446791458875,,3.98,-4.42,3.82,83.85,122.96,899.21,140.09,1014.21,270.09,959.21,168.09,1036.21,168.09,994.21,196.09,999.21,265.09
39.827,0,2.06,0.07,0.18,0.05,1.12,1.86,1.86,0.92,0.75,95.59,26.68,-6.54,95.50,0.811753100184724,0.24459166964516044,5.726263607465662,5.529507090616971,8.659070761217736,15.538341756444424,5.304145806306042,4.936269980818033,3.579568093875423,1.9015622740797697,0,5.615673666121438,0.7864855458028615,0.11211770663969212,6.708302785083651,5.216190983820707,2.9951712545007467,0.42759400606155396,3.279466766086407,6.523780673975125,2.8704403631854802,,4.97,-4.86,3.05,85.99,120.58,901.66,139.96,1016.66,269.96,961.66,167.96,1038.66,167.96,996.66,195.96,1001.66,264.96
39.962,0,1.26,1.66,0.09,1.54,1.93,0.65,0.63,0.36,1.46,95.27,27.71,-3.52,89.09,5.2498363694921135,3.7461964123882354,4.198722210158594,0.20296583184972405,3.7739362763939424,16.142427801154554,0.3678886331152169,1.6446188340522347,3.337016186444089,2.963594379965216,4.886019067838788,0.9832994164898992,2.4008009573444724,2.9359295019786806,7.9406914942152795,3.350294134337455,5.534499345812947,7.4283137721940875,8.448553585470655,0.5763939283788204,4.102834481047466,,2.49,-4.36,4.10,86.62,118.35,899.19,139.77,1014.19,269.77,959.19,167.77,1036.19,167.77,994.19,195.77,999.19,264.77
40.261,0,1.84,2.05,1.52,0.35,16.27,2.14,0.13,1.50,1.65,81.98,31.61,14.08,91.68,0.47753858263138715,0.7088660383829848,3.393031256585382,0,17.867532201014967,41.22133618267253,0.8484921874478459,3.0295492523349825,0,3.487046205606312,0,0,0,3.86288189153187,10.721072192881255,4.230722266449593,0.37029232550412416,5.588808751665056,17.399642181325824,4.8341613376978785,0,,5.19,-4.18,1.77,83.09,122.60,898.21,141.74,1013.21,271.74,958.21,169.74,1035.21,169.74,993.21,197.74,998.21,266.74
40.391,0,1.05,1.33,1.02,1.88,20.88,0.77,0.12,0.62,1.13,78.12,36.01,17.46,69.93,3.793352639274672,4.840161502687261,5.403723265482113,2.766445697750896,18.531168199830205,29.47451189532876,4.508232278306968,4.702192152775824,0.06619371939450502,4.115398087650537,0.12250203173607588,1.953162236372009,2.499156736303121,1.0035842527635395,6.694798261839896,4.670357961775736,0.9988255761563778,1.9051653305068612,20.952599219329702,0,0,,0.51,-6.84,5.53,85.54,120.36,900.86,138.19,1015.86,268.19,960.86,166.19,1037.86,166.19,995.86,194.19,1000.86,263.19
40.669,0,0.06,0.19,0.04,1.51,28.51,1.68,1.42,1.62,2.05,71.49,34.10,23.28,94.89,2.5947987714223566,4.954725323151797,1.232758950837888,5.864646539762616,22.964519225788678,37.694510449655354,1.2986935062799603,0,0,4.181493796501309,1.572602219413966,5.208831900265068,6.489328590687364,0,12.741517224647104,2.7226519666053357,2.343335627578199,2.849866434931755,31.596163833252103,2.731002017389983,1.2178527424111962,,4.42,-7.71,3.06,85.54,121.64,900.29,139.10,1015.29,269.10,960.29,167.10,1037.29,167.10,995.29,195.10,1000.29,264.10
40.792,0,1.69,1.82,0.25,0.52,32.24,1.70,1.74,1.96,0.95,67.58,43.02,31.84,94.01,0.6577208082983272,0.49790484856348494,1.6519582104310393,0.4519994975719599,27.87529231668336,49.61545596411452,5.227013734355569,0.020402611847966767,4.570471970830113,2.6626650896295905,4.612449390348047,0.34986940305680037,1.7303541423752904,5.281398078557103,11.77052452016622,2.799132587541826,1.5793487024493515,6.485931980423629,32.99520917021789,1.7755194664932787,1.7913471325300634,,-0.69,-5.79,5.26,83.63,122.90,898.97,140.87,1013.97,270.87,958.97,168.87,1035.97,168.87,993.97,196.87,998.97,265.87
40.931,0,1.80,1.20,1.17,0.15,38.30,1.73,1.76,0.56,0.33,62.24,45.79,36.02,90.94,5.386656267652288,3.7219025489408524,4.575301307369955,4.3566584832035,34.75352069278142,35.387953721918166,0.9220048233168199,3.8512680068425835,1.3710972983390093,0.39995300536975265,1.1879482925869524,1.3318404650781304,5.81077961018309,0,14.809561220947653,2.0373146966006606,2.268816474825144,6.907177957240492,37.952809351004106,5.213543314952403,4.764719497645274,,4.06,-3.82,3.62,83.77,119.94,898.86,141.85,1013.86,271.85,958.86,169.85,1035.86,169.85,993.86,197.85,998.86,266.85
41.136,0,0.17,1.24,0.72,2.18,55.36,2.05,0.06,0.14,1.03,46.74,50.18,51.57,94.81,0,0.8509569899179041,4.9532107204478235,1.3289157184399665,45.47942624576981,42.65758562320843,1.6905971703352405,2.6919063181243836,0.9216796180699021,0.9870905305817725,3.1183009380474687,0.8906549080274999,3.4554835916496813,4.720193578004837,5.355636280123145,1.5926229429431258,2.3146257176995277,0.013191746547818184,57.252143549261504,0,1.1998421663884073,,4.44,-6.60,3.44,84.98,118.14,900.15,141.87,1015.15,271.87,960.15,169.87,1037.15,169.87,995.15,197.87,1000.15,266.87
41.271,0,1.30,2.08,1.01,0.32,58.14,1.94,0.51,1.39,1.75,44.83,52.07,52.96,92.11,5.271124688484706,2.4265173403779046,5.683518133554608,4.81084504143335,45.44490192665612,37.18907415587455,2.564833029988222,2.871735130622983,4.203791654435918,2.4940857408382,4.078559836372733,0,5.536728146485984,5.0277210215106605,10.706455805730075,3.4515730084991083,3.9588820156641304,0,59.17387001649606,3.54815238295123,0,,1.07,-8.18,3.71,85.01,121.01,901.28,139.01,1016.28,269.01,961.28,167.01,1038.28,167.01,996.28,195.01,1001.28,264.01
41.496,0,1.64,0.05,0.21,1.09,76.86,0.52,0.30,1.39,1.75,27.80,62.51,69.26,92.71,4.1544483547843996,2.850204883888364,6.3695509640034285,0,60.026233958412384,27.58986281370744,2.9037834269925953,3.889216820914298,2.464838491054252,0.5807637981511653,4.876523030921817,4.59492525854148,4.5440985965542495,0.8865179718285798,11.813625201061367,3.311551898792386,3.3629461908712983,5.253277276642621,71.33441726699846,5.294749545864761,76.20936198625714,,1.00,-3.47,4.90,86.94,117.22,900.58,139.95,1015.58,269.95,960.58,167.95,1037.58,167.95,995.58,195.95,1000.58,264.95
41.707,0,1.82,0.42,0.60,2.15,79.03,2.14,1.62,1.34,1.54,26.32,60.05,76.44,92.05,2.525778045910411,1.6486270089400934,6.1015072676679125,1.836285198060796,62.121819443629555,46.61259107384831,4.666082440526225,3.153503942769021,4.266027348348871,4.553612287584692,1.3815184221602976,5.306887774961069,3.2776076341979206,1.3319524329993873,15.668402174059302,2.505773695097305,0.1610105335712433,8.286610933486372,78.60606290452093,6.789935169974342,2.5250327980611473,,0.06,-4.06,5.23,85.86,122.45,899.01,138.14,1014.01,268.14,959.01,166.14,1036.01,166.14,994.01,194.14,999.01,263.14
41.963,0,0.11,1.96,0.76,1.31,89.68,1.55,0.71,0.34,0.82,16.07,68.56,81.76,95.73,4.057902732635848,2.915832836763002,4.124823415568098,1.0625996949616816,68.96538611012178,26.253813958726823,2.49396678104531,0,3.65528815286234,2.808255726452917,4.985895785037428,3.0207822408992797,4.176427305210382,0,10.593373765982687,3.9941281978739425,1.3500663181766868,2.1749680531211197,87.44156134005077,0,3.3607629616744816,,0.50,-6.46,3.43,83.42,117.35,901.72,140.55,1016.72,270.55,961.72,168.55,1038.72,168.55,996.72,196.55,1001.72,265.55
42.045,0,0.97,2.02,0.05,2.05,87.67,0.93,1.88,1.52,0.26,18.12,57.92,82.62,95.90,4.626417164634914,1.346372894383967,5.507384667103178,1.2485610403306788,65.11915661602383,34.513243607245386,4.431783618149348,3.7255923053063453,1.380559187848121,4.8246695817261935,4.649130958132446,3.209825669415295,4.111805344931781,4.771318014981225,7.331440690085291,4.1943036190606655,1.0567090241238475,4.426801943685859,82.3244142694106,0.9585540192201734,4.5884284728672355,,1.92,-4.16,4.39,84.55,119.99,898.92,139.09,1013.92,269.09,958.92,167.09,1035.92,167.09,993.92,195.09,998.92,264.09
42.263,0,0.38,1.36,0.12,1.92,77.48,1.86,1.16,1.15,0.02,27.17,65.39,71.45,89.66,2.9811760679353028,4.640171523205936,0,4.508973798416555,61.43311601624004,37.38980640377849,0.8765200738096608,0.6684429016523064,1.847178494092077,2.2815134118497373,7.028775846585631,0,2.4842147575691342,4.949963987786322,14.047039697039873,4.282473571319133,3.053259600419551,3.512690411414951,74.55923452760902,0.9527723784558475,3.1665846104733646,,-1.16,-5.57,5.20,86.48,118.70,900.95,139.32,1015.95,269.32,960.95,167.32,1037.95,167.32,995.95,195.32,1000.95,264.32
42.492,0,0.32,1.09,0.45,1.61,65.94,1.27,1.93,2.13,1.92,37.45,46.93,58.38,88.40,4.918970250389538,3.46731307527516,2.24424627401866,4.457829353017733,48.85196459856238,9.827522797510028,3.5706259928410873,4.9703792599961165,0,1.7534703480638565,3.681139442604035,5.006495896726847,4.933925034943968,1.849186908863485,9.898347011636943,4.357654407988303,1.8355766087770462,5.971443046815693,65.80981663899153,1.0189011052716523,3.680471217725426,,-0.52,-4.24,3.11,83.12,117.25,899.43,139.92,1014.43,269.92,959.43,167.92,1036.43,167.92,994.43,195.92,999.43,264.92
42.829,0,1.30,0.08,0.00,1.89,59.48,1.16,1.09,1.28,0.82,43.73,55.65,52.58,58.03,0.35462701302487387,3.5638698172522707,2.882655728464015,4.010947025427595,45.73727884365362,9.4009964838624,2.936057298397645,1.3251071565411987,0,0.6878559033945204,1.0986415310762823,0.11194370407611132,0,4.682583529511467,13.05332479659468,1.295015475382097,5.26734401891008,0.5522489231079817,57.58470515340451,2.2263979397248477,2.9376303933095187,,0.53,-0.52,5.44,85.24,118.09,899.94,139.00,1014.94,269.00,959.94,167.00,1036.94,167.00,994.94,195.00,999.94,264.00
42.998,0,0.70,1.38,1.35,1.94,42.45,2.04,1.79,0.76,1.09,58.77,46.67,39.83,90.55,4.687279401351698,0.38583941131364563,2.055837526805699,3.845327737974003,36.820937959403864,20.702232288196683,4.9101517596980555,4.784801250752062,2.434023377718404,1.9223706441000106,6.7572456216439605,3.1663290527649224,1.4370436230674386,2.980422062780708,10.675982542075218,5.225102198463865,2.4031399162486196,6.618432349991053,40.35416287872811,5.698652287712321,0,,-0.91,-0.84,4.37,86.18,120.79,900.46,141.10,1015.46,271.10,960.46,169.10,1037.46,169.10,995.46,197.10,1000.46,266.10
43.323,0,1.73,1.07,0.14,1.73,32.06,1.38,1.41,0.48,1.82,68.45,41.04,28.36,87.52,0.6981969775119801,5.1981218187371265,5.033120249197818,5.084454964539036,29.05294455808225,19.692581635899842,5.120115238195285,3.782909290175885,5.870019851019606,1.8496230723150076,3.3552645477466285,0,0.9882578048855066,2.6066396352741865,4.60703969636932,0,6.216517891269177,1.6750173061154783,35.230827279494676,6.107482640305534,0,,-2.54,2.24,3.67,87.00,121.00,898.67,140.71,1013.67,270.71,958.67,168.71,1035.67,168.71,993.67,196.71,998.67,265.71
43.631,0,0.82,0.17,0.40,1.35,13.45,1.29,0.40,2.10,1.91,84.93,31.27,10.79,91.38,2.9239621625933796,1.8039774816948921,4.92890115248505,5.390565560255199,11.711923426078638,23.735760516487062,5.611205716314726,1.9455348719283938,4.554601659998298,1.9375250989198687,4.376632701605558,3.0167553063947707,2.1209011073224247,0,7.973128189537675,0.4756069530639797,4.38552810670808,4.616823066957295,16.917919089098866,7.887962940847501,3.234557915478945,,-2.45,2.09,6.20,84.05,118.88,900.46,139.17,1015.46,269.17,960.46,167.17,1037.46,167.17,995.46,195.17,1000.46,264.17
43.876,0,1.98,2.05,1.16,0.74,11.00,1.95,1.75,0.30,1.97,86.90,29.47,3.86,87.01,5.414931386322714,4.426627056975849,5.540573371252977,1.7102112438250336,12.303596464310377,31.670728626661003,1.020687708351761,3.8165062166377903,4.406480575911701,3.10906472383067,2.687335636932403,1.3474496842827648,0.7652151589281857,1.411279027024284,16.23414893379435,0,0,1.8663614536635578,17.47003681873067,1.5455912889447063,0.017391057685017586,,-2.45,-2.10,5.05,86.44,119.44,898.98,140.49,1013.98,270.49,958.98,168.49,1035.98,168.49,993.98,196.49,998.98,265.49
44.028,0,0.55,0.17,2.17,0.92,0.89,1.64,0.75,1.27,1.66,95.11,22.18,-7.61,95.76,4.458582177022472,4.1665105618070815,5.489874020591378,4.113747255243361,4.9516889724880455,43.304224726743996,5.0436532735358925,1.6944663616269828,7.03149792086333,3.0943315458670257,1.7561364881694317,4.337916906923056,0.8004351533018053,1.9586669569835067,6.010400655847043,4.92015906191431,4.3109602886252105,5.37853181688115,4.168930361885577,1.7293413174338639,96.63754953211173,,-0.46,0.57,4.14,85.40,122.34,900.50,138.93,1015.50,268.93,960.50,166.93,1037.50,166.93,995.50,194.93,1000.50,263.93
44.356,0,0.04,0.26,1.22,1.42,0.51,1.51,0.12,0.10,1.92,95.61,29.90,-6.62,90.32,3.222277496918105,0.8539665880845861,3.906800597710535,4.367053977837786,3.7840547481458637,31.474941381253302,5.194344622432254,0.6698492378927767,2.2545016596559435,3.805568817202002,5.55400843732059,7.157028960995376,6.72435060236603,3.619999491926283,8.659557712115348,2.874613313241862,3.6200429862365127,3.334919567219913,7.359210769115016,1.8773035255726427,1.8738552569411695,,-4.64,3.53,5.63,85.92,122.07,898.11,139.53,1013.11,269.53,958.11,167.53,1035.11,167.53,993.11,195.53,998.11,264.53
44.630,0,1.06,0.53,1.12,1.72,0.72,0.03,0.03,1.79,0.61,95.22,18.96,-3.74,87.26,0,0,3.9525768532650543,3.178446401320398,8.465675256419928,21.879419222474098,0.7147926949895917,0,1.0516195863019675,4.761293016672134,7.801994777284563,2.0402513195294887,2.3899837690405548,2.8617929326649754,11.220177648756653,4.324509586216882,0.8011431163176894,1.553516457322985,5.826628656256944,2.10622091894038,3.870505060767755,,-2.54,1.56,1.52,86.55,118.77,899.51,141.34,1014.51,271.34,959.51,169.34,1036.51,169.34,994.51,197.34,999.51,266.34
44.724,0,1.66,0.96,2.09,1.80,1.00,0.12,0.95,0.62,1.69,95.02,25.68,-2.12,91.01,3.265322243561968,4.429140250664204,4.878072461322882,6.156186074148864,2.912204069434665,31.31533621624112,6.526918440777808,3.62928180122748,4.6684727114625275,1.2790322393551468,0,1.6677254580426961,0.15265876008197665,4.24382270575501,12.790689619444311,4.409990035835653,4.216562322340906,2.606428210157901,7.653747288626619,3.446009958628565,0.887741670710966,,-3.53,4.74,4.43,84.27,119.48,898.35,139.03,1013.35,269.03,958.35,167.03,1035.35,167.03,993.35,195.03,998.35,264.03
44.803,0,1.53,1.34,1.67,2.14,0.92,0.06,1.94,1.47,1.29,95.51,25.75,-7.77,92.11,0.665921114683151,5.321926255850121,2.5597219516383483,5.084615458957851,4.626706533106044,29.01546049118042,6.227156178676523,3.334945063851774,2.4077449957840145,0,6.874658667482436,3.1654525429476053,5.538909845519811,0.6298032977152617,10.007027424704283,4.449978598384186,3.0755059202201664,1.3241875963285565,4.156741068130359,3.6125774134416133,0.363620599033311,,-3.52,-0.34,6.00,83.17,121.53,901.16,138.64,1016.16,268.64,961.16,166.64,1038.16,166.64,996.16,194.64,1001.16,263.64
45.023,0,0.98,1.76,1.63,0.27,0.32,2.08,0.16,2.01,1.83,95.42,28.02,-6.61,93.93,3.2031481988960877,0.30201096448581666,1.5070031255949288,5.045239465208724,3.93806921098847,33.130122100468725,1.3913991509471089,4.807097999658436,0.3495831354521215,2.71971382599324,4.580327675677836,5.89932825602591,5.694866719655693,2.595251741614193,11.755196892563253,1.4339998065726833,4.313541786745191,10.00151067879051,6.949063646714203,0.654009313788265,0,,-2.30,0.90,2.20,86.96,119.10,901.13,141.96,1016.13,271.96,961.13,169.96,1038.13,169.96,996.13,197.96,1001.13,266.96
45.258,0,1.05,0.85,0.18,1.88,0.72,0.24,0.26,1.47,1.42,95.41,30.96,-1.72,82.14,1.9926828029146422,0,1.162646544999443,0.4351586984004827,5.834088613591157,25.69922324223444,3.7211927936645224,2.6455131010897457,3.994682233547792,1.9039497820660474,2.0105087994597852,2.425361499655992,0.9796744021587074,4.12856741216965,17.04157220643014,4.15780867095571,1.0445732395164669,0,8.396039549862035,2.0145770695526153,3.710808834526688,,-2.23,2.36,3.50,85.88,118.18,901.83,140.92,1016.83,270.92,961.83,168.92,1038.83,168.92,996.83,196.92,1001.83,265.92
45.475,0,1.16,0.49,0.89,0.51,0.63,1.39,1.47,1.40,1.13,95.39,24.97,-6.39,91.25,2.333867947300896,5.007542465906591,1.549468814954162,4.833025276716798,3.8581371364369987,34.50642594648525,3.7634828299982472,2.1372321013174953,0,1.738596501424909,3.7260668613016605,7.068376473616809,2.660267561674118,4.2649933526478705,9.959818071294576,2.2783733965456485,1.3917107312008739,7.297353171277791,6.996764854472131,2.1084088545758277,0,,-7.29,5.14,5.49,86.99,119.78,899.60,139.59,1014.60,269.59,959.60,167.59,1036.60,167.59,994.60,195.59,999.60,264.59
45.558,0,2.18,1.45,0.69,2.04,0.01,1.75,0.78,0.57,2.07,95.35,24.78,-4.53,90.72,5.326801674235613,3.724490067595616,2.521716521661729,5.346923200953752,2.0574147519003603,45.587962481658906,2.8323536799522118,0,1.8902594146784395,1.4850025098025799,1.548694226425141,0.6410389130469412,0.5708313784562051,3.779558918196708,6.231747611630708,3.2311322514805942,3.018464231863618,0,5.069624180821702,0,0,,-6.90,4.67,3.32,83.12,121.35,901.16,139.39,1016.16,269.39,961.16,167.39,1038.16,167.39,996.16,195.39,1001.16,264.39
45.649,0,0.42,0.88,1.70,1.94,0.50,0.45,1.65,0.36,1.41,95.60,29.05,-7.03,96.76,3.2614054767834024,2.320771351433359,4.254576819827781,1.8925026553403588,3.885211929380894,22.383444916456938,6.734569773054682,2.6601482678949835,5.090475658886135,4.192965935524553,2.498012837022543,0,3.0374383656308055,4.555516884159297,11.53413898197934,4.89509039752651,0.5716238478198647,6.392889984417707,2.705571013186127,2.665093878051266,2.8948025931604207,,-5.47,1.66,1.43,84.91,120.10,899.07,139.92,1014.07,269.92,959.07,167.92,1036.07,167.92,994.07,195.92,999.07,264.92
45.792,0,0.54,2.17,0.85,0.28,1.30,1.97,0.42,1.51,1.72,94.84,30.55,-6.92,91.51,0,0.6264013537671418,4.171942257494666,2.7448108756914733,8.698648139871658,23.61676150886342,1.6250840314663946,2.3847467414848507,2.818609231384471,0.8781848770007494,4.814361087977886,2.3875316500198096,5.056416402105242,4.502747751651332,13.966384462658315,1.0371780945826323,4.660654736682773,7.968621414620429,7.007706101033836,1.8431773271877319,85.53983104089275,,-4.38,6.07,2.47,83.99,121.78,900.20,139.53,1015.20,269.53,960.20,167.53,1037.20,167.53,995.20,195.53,1000.20,264.53
45.948,0,1.75,2.14,1.69,0.00,0.07,1.33,0.35,0.05,1.01,94.94,29.30,-4.91,94.43,4.916421832344495,0,4.523394191279076,0.4463253564108163,2.488921628808603,13.667483870871365,1.706146239442751,5.095803868696094,6.772614190820605,4.095405900646002,5.896644013468176,4.392577445367351,0.350622751750052,1.247181201959029,4.32326427359134,3.6120661901729183,3.265711330343038,6.9989427253603935,5.647733468906954,2.9229772896505892,75.88962964341044,,-4.28,6.18,5.26,86.68,122.14,901.99,141.90,1016.99,271.90,961.99,169.90,1038.99,169.90,996.99,197.90,1001.99,266.90
46.055,0,1.37,0.77,1.04,0.96,1.42,0.73,0.94,1.42,1.14,95.73,22.10,-1.62,91.60,0.5012915648333727,1.630153394024819,2.709920401819982,2.6802140862122177,3.677776859770529,10.331888704095036,3.1530915369512513,3.181465361546725,3.7654527192935348,3.0801118820533158,2.4377686958760023,3.123134645167738,5.838411576580256,2.121316122924909,5.758772954493761,1.9390930390171706,2.320782877970487,4.726786147803068,3.446989205409773,1.3688870260957628,4.989924988942221,,-6.02,5.41,2.16,85.48,119.60,901.06,140.82,1016.06,270.82,961.06,168.82,1038.06,168.82,996.06,196.82,1001.06,265.82
46.324,0,1.60,1.51,1.07,0.65,0.04,2.17,1.63,0.85,2.14,94.76,27.43,-0.41,88.80,5.715963459978811,5.138499143277295,5.77230052750092,4.728365293731913,7.4735262179374695,22.553090372122824,4.7909175069537016,3.996323933210224,0,0.21092378042638327,0,2.5618963767774403,2.749415825586766,5.143875897796825,6.799726509563625,1.3678042799560353,1.7812959235161543,8.521289901342243,7.041388107482344,3.0955368608701974,1.189223682275042,,-7.92,4.78,2.65,83.57,118.96,898.90,139.92,1013.90,269.92,958.90,167.92,1035.90,167.92,993.90,195.92,998.90,264.92
46.663,0,0.36,0.85,1.92,2.05,0.17,0.02,0.81,2.11,2.15,94.73,24.75,-0.55,93.17,3.7163076647603885,2.0028868860797955,0.9418352218065409,5.1354418766219165,4.348118769810535,41.02888942975551,5.02249683777336,2.2255017044954,5.379099930636585,2.2049596133455633,4.381464227568358,3.025856086751446,3.2053811056539416,0,10.723007780648768,2.668270570221357,0,5.4134667930193245,7.492623191098683,6.1281383144669235,3.3412309179548174,,-3.78,6.42,3.21,83.61,117.74,900.32,139.62,1015.32,269.62,960.32,167.62,1037.32,167.62,995.32,195.62,1000.32,264.62
46.945,0,0.67,1.76,0.79,0.91,0.75,0.69,0.59,1.29,1.79,95.31,19.61,-3.35,96.05,4.896634819675237,1.6863113664556293,2.4117035512020815,3.266085358709097,5.858680185871199,18.45716851297766,5.181644444540143,0.199474402386695,3.719400176545605,4.704182692319154,5.892494587227702,0.9935547143686563,0,0,10.204467476122081,0.6789265401382001,2.2346566040068865,4.750923621933907,8.084479682957753,0,0,,-3.25,6.19,1.88,84.15,120.82,900.65,139.20,1015.65,269.20,960.65,167.20,1037.65,167.20,995.65,195.20,1000.65,264.20
47.008,0,0.04,0.76,0.06,0.72,1.93,0.67,1.29,0.61,0.12,95.72,27.19,-4.19,94.39,4.920417393599637,4.4488374622305855,0.7573625604296104,4.076235115965828,4.882876808461733,42.20374563103542,2.036654969747178,1.4625591467693448,6.197704623220488,1.6664948597550393,0,2.9633422105107456,4.791731048841029,3.1907572372537105,13.585999677237123,0,1.821921361144632,6.976171940565109,8.50649587772321,2.767783810617402,3.0271434222813696,,-5.79,4.46,4.35,84.86,117.44,901.59,139.87,1016.59,269.87,961.59,167.87,1038.59,167.87,996.59,195.87,1001.59,264.87
47.157,0,0.33,1.24,0.97,0.42,1.85,0.98,2.14,0.46,0.34,95.25,18.01,-5.39,87.03,0.5487977764895184,4.303036445076577,0.6464179146010429,4.4409673143085096,3.584505046084523,47.3176257587038,6.0341797195142135,5.031650680210442,2.791881798300892,0,2.3266307045705616,5.1277002659626305,5.5783883119001985,2.8947199397720396,9.144538017380983,0.39080279186833655,1.2131082136183977,1.116602088790387,5.582738840803504,1.3994735656306148,0,,-4.19,4.28,5.01,83.04,122.32,899.27,141.47,1014.27,271.47,959.27,169.47,1036.27,169.47,994.27,197.47,999.27,266.47
47.375,0,0.30,1.64,1.11,0.33,1.06,2.08,1.88,2.19,1.84,95.46,29.05,-2.83,96.66,4.320125355068594,1.9504215235356241,4.243881820184178,4.572170084416866,3.978152441340499,11.58744467701763,2.262927929474972,0,1.3555171189364046,1.1924041752703487,0,0,4.703193796332926,0,4.211386760789901,4.479191250121221,1.0676925918087363,4.379529616329819,4.753360733208247,2.68908752896823,4.629729788051918,,-5.47,8.02,3.12,85.33,118.46,899.84,138.09,1014.84,268.09,959.84,166.09,1036.84,166.09,994.84,194.09,999.84,263.09
47.486,0,1.01,1.12,0.45,1.66,0.81,1.43,0.16,1.42,2.12,95.19,22.97,-0.03,87.51,2.3900793009530754,4.657241170015186,0.664183494639583,0,8.455243911901489,16.772209310438484,5.083940093708224,1.0033235679008068,0.9379053898155689,5.458164939358831,7.696139818523079,5.4130430445075035,0,3.024631231976673,4.99498021747917,1.0089925554767252,5.176957387942821,6.2930579404346645,7.301196470586583,1.2272578233387321,3.304322129348293,,-3.39,4.27,2.86,86.84,121.68,900.27,139.28,1015.27,269.28,960.27,167.28,1037.27,167.28,995.27,195.28,1000.27,264.28
47.662,0,0.79,1.73,1.10,0.41,1.70,0.02,1.15,1.54,0.65,95.77,28.38,-6.52,90.99,4.02294975489378,1.7967128789518028,3.5437727811885997,0.6793183011934163,6.5421078368928285,19.90955860214308,5.594770030560904,4.223583512082696,2.9658983980771154,2.306210192516446,2.263809639494866,0,0,1.028254854818806,12.899225295409561,4.3831584829930215,1.8928408678621054,0,6.902044354779646,0,0.15244754450395703,,-4.18,6.77,1.27,83.05,119.29,902.00,138.56,1017.00,268.56,962.00,166.56,1039.00,166.56,997.00,194.56,1002.00,263.56
47.756,0,1.84,0.33,0.33,1.70,0.68,1.99,0.41,2.04,0.20,94.73,23.08,-2.09,89.35,1.7508769570803269,1.5622758251382036,1.8823402499547228,2.780981980478391,6.121157158724964,9.251495981123298,2.8755806412780656,2.5025579017214477,0,2.1011600291356447,3.2528763078153133,0.5282719854731113,5.732732503674924,4.945849561905488,11.657414466571062,0.9215375979850067,3.880781508050859,9.917890815064311,5.214422813802957,0,0,,-5.62,7.76,-0.13,86.16,121.34,900.61,140.37,1015.61,270.37,960.61,168.37,1037.61,168.37,995.61,196.37,1000.61,265.37
47.949,0,0.38,0.84,1.67,1.05,2.04,0.07,1.18,2.09,0.04,95.56,17.36,-0.29,92.16,1.0916587129747497,2.167682510591112,3.156954346485436,3.300742945959792,3.6954977236082778,13.932297436520457,0.8473584133666008,1.1667354718595746,2.3555016238242388,3.3700657912716268,2.7714240406639874,6.460748935118318,5.068952947854996,3.4401536074094476,12.67079581517726,4.432489680093713,4.132180192973465,6.082698861602694,6.443727648020722,0,2.467022311175242,,-8.70,7.96,1.15,83.64,117.60,899.95,140.47,1014.95,270.47,959.95,168.47,1036.95,168.47,994.95,196.47,999.95,265.47
48.152,0,0.16,0.82,1.08,1.77,0.71,1.39,0.28,1.85,0.65,95.04,23.16,-4.17,90.06,1.8230705624725667,0,2.0750142366066577,2.5862829006649553,7.294967283383012,18.436801052186638,2.87968207790982,4.036120233591646,0.09651062567718327,0.8257431466691196,5.686989659909159,2.5981651942711323,3.6693719448521733,5.01491459339857,10.779502196777612,2.781584019130096,0.6567230471409857,2.885675312951207,4.313831794131548,3.1900799421127886,0,,-5.25,6.33,0.14,83.40,121.43,899.08,141.83,1014.08,271.83,959.08,169.83,1036.08,169.83,994.08,197.83,999.08,266.83
48.352,0,2.07,0.90,1.76,0.67,1.69,2.19,2.01,0.50,0.67,95.47,26.42,-2.30,94.96,3.302427757959813,4.525110174249858,5.971053947564215,5.628707671705634,4.171039194324985,10.292098394129425,6.636146424501203,4.645904217977077,0,1.5776481018029154,7.282846779562533,0.5226309783756733,1.4616955504752696,3.7206409281492236,12.277307102866471,0.21052345501258962,2.555058302823454,5.987221086863428,6.896893013389781,1.426529727410525,0,,-4.12,8.05,1.42,85.15,122.01,901.00,138.52,1016.00,268.52,961.00,166.52,1038.00,166.52,996.00,194.52,1001.00,263.52
48.497,0,1.65,0.11,1.92,0.02,0.04,1.71,1.17,1.61,0.50,95.66,17.42,-6.35,90.70,3.090250953338109,2.431348837749101,4.6670796497911216,5.253805401241406,5.0049803996831175,36.92334307311103,3.218758919206448,5.066643442250788,1.0800115535967052,3.051046771705151,1.3461253554560244,2.739920030813664,0.5861336477100849,4.450136563852429,11.894560941737145,3.676390511165373,3.602282356005162,8.950434883125126,6.181537795607,3.5225101951509714,0.463553864043206,,-6.60,4.22,3.50,86.35,121.42,899.37,140.47,1014.37,270.47,959.37,168.47,1036.37,168.47,994.37,196.47,999.37,265.47
48.756,0,1.31,0.94,1.90,0.31,2.16,1.12,1.53,1.72,0.09,94.64,18.63,-0.36,90.26,2.3676318873930726,5.549537524813786,0.6489449967024847,0.34813108775764734,7.5837995244702325,49.46393003500998,6.7255596437025815,2.3651161313056948,0.25621510366909206,1.632497550752014,0.553682719822973,5.402460420969874,0,0.3619496817234902,6.4740308554843065,0,2.275294623337686,3.8300301083363593,8.935470997993836,2.260299818823114,5.03567584999837,,-3.58,9.94,1.17,84.62,120.11,898.68,139.90,1013.68,269.90,958.68,167.90,1035.68,167.90,993.68,195.90,998.68,264.90
48.909,0,0.28,0.06,1.66,1.45,0.01,0.83,2.07,0.69,0.41,95.35,17.74,-4.79,93.47,3.6964413245301695,0.17823083451949095,1.6173366787377743,5.5519776238687335,6.753937640436925,50.96435670694336,6.460295904777013,3.462791806086898,0,1.9089900490641596,4.106852731201798,5.733553362311795,4.573800274170935,3.504096108190715,12.40272806443274,2.704807543763891,5.327657407615334,0.1550481067970395,7.182245159591548,3.5309584154747427,0.1390131893567741,,-4.02,8.16,-0.40,84.88,121.24,901.72,140.64,1016.72,270.64,961.72,168.64,1038.72,168.64,996.72,196.64,1001.72,265.64
49.077,0,0.93,0.42,0.11,1.36,0.87,0.58,1.77,0.03,1.44,95.16,21.23,-6.62,93.33,2.6936060030013325,2.4985464649274944,4.096644120318816,2.508872913140804,5.194555481942371,26.281928602140397,0.17978098907042295,3.67137464126572,5.200890694977716,5.188394534084946,4.188413415569812,3.7830343695823103,3.9071303084492683,3.6437584162317216,9.500206879787147,5.4348950980789965,2.1083557554520667,6.578958380501717,5.721558873867616,1.6096947630867362,2.7860120942350477,,-4.93,8.92,0.17,84.07,117.63,898.35,138.82,1013.35,268.82,958.35,166.82,1035.35,166.82,993.35,194.82,998.35,263.82
49.270,0,0.03,2.19,0.97,1.65,1.50,1.42,0.17,0.65,1.82,95.09,30.19,-5.47,57.06,4.485174089679495,1.397579263476655,4.722614518422633,3.3779911185987297,7.020517161916942,15.914366545621306,3.0119729458820075,4.217394558433443,1.8567768631037325,3.2726567337848245,5.104921310674399,1.8510685707442462,4.539854918606579,4.8276300168596205,12.610076450873166,2.0812057929392904,0.5445915097370744,6.881167472340167,5.624043493829667,0.08530994644388556,4.327535446034744,,-5.42,8.21,-0.60,83.56,117.69,898.88,141.46,1013.88,271.46,958.88,169.46,1035.88,169.46,993.88,197.46,998.88,266.46
49.606,0,1.81,1.05,1.23,0.89,0.10,1.23,1.47,0.52,0.95,95.60,18.90,-0.59,96.16,2.829527859748341,1.6663666011998428,2.177902231742628,5.109761802190914,3.545381087269634,15.57088832417503,4.89118165471591,2.187053836192936,0,2.4368451425619426,2.465607336256653,4.126267281360924,4.264909467659891,0,14.913845495469868,0.5364454667968674,3.7116761188954115,7.4514104956761,4.4492082954756915,5.894473303575069,3.6900831169914454,,-5.34,5.74,-0.90,86.22,117.38,898.25,138.97,1013.25,268.97,958.25,166.97,1035.25,166.97,993.25,194.97,998.25,263.97
49.852,0,1.94,0.97,0.60,0.49,1.04,1.11,1.00,1.14,0.72,95.60,18.10,-3.07,95.54,4.798802832025103,2.1908129390561952,0.4194366232305766,4.800567784225568,3.0171260170964525,13.811911407392472,1.2768860069103538,0,0.24527841899544,0,3.423300568945706,2.094870845321566,2.064873904455453,2.7022701642662286,6.895277506466954,3.5353564669704065,0,6.4082976267673075,7.287213879306801,0.07715277653187513,2.157708569895476,,-2.98,8.38,0.63,85.00,117.42,899.79,139.49,1014.79,269.49,959.79,167.49,1036.79,167.49,994.79,195.49,999.79,264.49
50.068,0,0.07,1.58,0.02,0.02,0.72,2.17,1.27,0.72,2.16,94.97,22.01,-7.57,89.88,3.101722342562862,0.3890939082251861,2.8319649855792526,5.304244514098391,6.46443339173682,33.73322470346466,0.7183865716215223,3.7157278425991533,3.0944493690039963,2.6694897169061007,3.432600793428719,4.73637107713148,1.4237272152677178,3.6471946004964413,13.991190175041556,1.2360725367767738,2.9740898618474603,5.288894331082702,7.635985091598704,2.1625649789348245,1.286373081151396,,-5.88,10.45,2.23,85.58,119.51,898.48,140.17,1013.48,270.17,958.48,168.17,1035.48,168.17,993.48,196.17,998.48,265.17
50.363,0,1.54,0.03,0.29,1.99,1.32,0.66,1.22,1.99,1.57,95.06,18.24,-3.81,66.59,1.5330345395021139,5.077189799025655,6.307383299972862,4.43805721797049,6.469875766215846,12.994077923707664,1.273414337122813,3.9133551007509233,6.918269168352708,4.888045052271337,4.415471483487636,4.888761517126113,5.937320725992322,1.8766814562119545,7.484486583229154,0.131257641185075,3.933547408785671,7.536327389534563,8.875870363311842,0,2.9973171148449183,,-6.59,11.35,1.61,84.95,118.40,899.70,141.54,1014.70,271.54,959.70,169.54,1036.70,169.54,994.70,197.54,999.70,266.54
50.552,0,1.49,0.78,0.99,1.82,0.84,2.17,0.08,0.48,1.86,94.91,29.13,-7.07,90.96,2.168187733478844,0.7848359452560545,4.496906276312656,1.9560356589965524,3.927571410969831,24.70380532927811,6.285118707083166,4.458618764840066,1.8406404140405357,3.0668492378108203,2.97466444876045,4.054510859772563,3.4669464882463217,1.4328025284502655,15.637125104218722,3.7913871851190923,1.0956324650906026,1.3247845498844981,6.933426192807965,0,2.9516606368124485,,-3.45,9.78,-1.43,84.72,117.45,900.48,138.30,1015.48,268.30,960.48,166.30,1037.48,166.30,995.48,194.30,1000.48,263.30
50.668,0,0.33,1.10,0.99,0.80,1.58,1.89,2.15,1.77,1.63,95.06,29.52,-4.49,88.10,3.6370371596608315,3.5979726432822643,2.8341002916684372,1.9448997162282469,7.316419054768048,37.382871304638684,3.827531312359497,1.436205224413425,4.210958972107619,3.8378280348703266,2.6310576489195228,6.21509394957684,0,4.641543692247942,4.013238742910326,2.1728905557841065,5.4879935956560075,4.896778032649308,4.657076210533269,0.9452721194829792,2.911078427452594,,-2.27,11.35,0.88,83.37,121.88,898.73,141.23,1013.73,271.23,958.73,169.23,1035.73,169.23,993.73,197.23,998.73,266.23
50.890,0,0.98,0.18,1.16,1.40,0.06,0.54,0.26,1.75,1.16,95.87,23.37,-5.39,93.23,0.38149454162456076,1.9031909480225293,1.2494472538586705,0,4.382761095403693,16.296107405330986,1.3531414169818161,0.6399277720227836,0,0,6.918989583849907,3.186643109191209,1.5186880859546363,0,6.862089884802699,0,4.68569634668529,3.0350513313896954,7.648548597418703,3.537772617302835,0.4116019250359386,,-4.31,10.49,0.20,86.86,122.84,898.87,140.33,1013.87,270.33,958.87,168.33,1035.87,168.33,993.87,196.33,998.87,265.33
51.174,0,1.23,0.19,0.24,1.16,1.34,0.04,1.77,0.52,1.95,95.11,23.90,-7.53,95.71,2.14039185192436,2.0264187938999383,1.0275723048532384,1.4318453819677233,7.263999731400982,35.88069392554462,2.6584318188950418,1.3220746690034866,0.6796571726445109,2.6853130663372577,3.669009681791067,1.1588352881371975,0.2865272769704461,0,11.081488175280391,1.6369922947790476,4.540130402427167,2.0581400939263403,5.088986999643967,0.5093074559699744,1.0948742462787777,,-3.62,6.25,-2.03,84.04,122.40,900.43,139.81,1015.43,269.81,960.43,167.81,1037.43,167.81,995.43,195.81,1000.43,264.81
51.358,0,0.40,0.47,1.45,0.58,2.01,1.31,2.11,0.32,2.04,95.36,26.24,-6.04,96.47,0.7099624545453116,0.5129108177730815,1.6539359303889798,3.307783342404291,9.222054360345936,24.174936211667955,0.8196408455027266,5.1107961146906025,1.817353093298152,1.9898240958712998,0.7623523883521557,1.564567823894322,4.3371945563703775,3.948208506191149,16.63994703276083,1.4788757599098608,1.4042789940722287,4.690309290308505,8.475129630635493,0,90.1473529972136,,-4.52,8.99,-2.66,85.57,121.73,898.24,140.25,1013.24,270.25,958.24,168.25,1035.24,168.25,993.24,196.25,998.24,265.25
51.418,0,1.49,1.42,1.94,1.10,1.03,1.96,0.82,1.26,0.92,95.45,25.07,-7.74,90.23,1.2053964075678962,0.5769888836191965,1.0207894797157495,0.9504159556236118,4.0033817949472,34.84631740907207,5.163887454057113,1.1854734208248559,6.420648142695427,0.9003630811721086,2.5267427447251976,6.02131390478462,4.008940359111875,1.4554992170631884,4.080481163002551,4.994010028145276,2.9027443476952612,3.0934386434964836,8.025649439753034,5.382489274023101,0.94738360773772,,-0.83,6.36,-1.22,84.20,122.85,900.07,138.43,1015.07,268.43,960.07,166.43,1037.07,166.43,995.07,194.43,1000.07,263.43
51.489,0,0.41,0.85,1.87,1.68,0.89,1.06,0.51,1.22,0.65,95.40,25.45,-1.00,95.38,3.634981065951288,4.021216122386977,4.379701599390246,2.794602095726878,7.301346822436899,33.60038758907467,1.8616798081202433,3.761513065826148,2.353821447119117,0.8930076618306337,3.8832764639519155,1.683300748001784,3.1043983614072204,4.198702970882877,5.851857467703521,4.249140365393832,1.717413750011474,1.631996747571975,7.5887162642180925,2.1516574907582253,1.4083886677399278,,-3.84,8.45,-0.01,84.45,118.11,901.85,140.06,1016.85,270.06,961.85,168.06,1038.85,168.06,996.85,196.06,1001.85,265.06
51.806,0,1.24,0.12,0.58,2.12,1.51,1.94,1.32,0.36,0.76,95.43,29.47,-5.51,89.98,4.692459091292694,2.284955177269876,2.869302534032613,5.930809117052704,7.4701583330798895,10.09005683613941,3.0362888247240334,0,0.4806356083136052,2.58834908304736,5.510130519513041,0.40032679471187294,0,2.48195072311908,13.043580260444433,2.18430484354496,4.8883020975627005,0,8.098826853847132,3.6117925050202757,0,,1.15,9.11,-0.97,83.61,121.07,901.23,139.67,1016.23,269.67,961.23,167.67,1038.23,167.67,996.23,195.67,1001.23,264.67
52.000,0,0.57,1.96,1.56,1.11,1.43,0.55,1.20,1.04,0.54,95.18,20.09,-6.28,93.18,5.222367135598324,2.31636480523739,3.31489010958001,2.6354396034125243,8.935739030241965,42.655708683654666,5.2315301894210275,4.014160188492387,3.1175098405219615,3.846952007282525,2.064925909973681,2.368239172268659,0.45637904992327094,4.548858363442124,12.903535051196814,0,2.3733329572714865,7.016702651511878,5.003165049888194,0.2494762595742941,1.1234836669173092,,-2.50,6.55,-0.30,84.20,120.37,898.68,141.70,1013.68,271.70,958.68,169.70,1035.68,169.70,993.68,197.70,998.68,266.70
52.213,0,0.87,2.14,1.16,1.96,0.29,1.50,2.00,1.86,0.92,95.42,21.56,-7.93,95.37,1.6263844299502672,3.6465239882934837,0,6.719068370889873,3.3461016667494548,34.10762523300946,3.007767703058198,5.388700908813625,0,2.4368483122996984,3.777004363015294,2.8255698347929865,1.5176591780036688,3.498420481942594,5.773328857924788,1.2124603530112656,5.041100070811808,5.119676101952791,7.047040716479533,0,81.38862977689132,,-3.62,5.57,0.95,86.40,120.63,901.59,141.02,1016.59,271.02,961.59,169.02,1038.59,169.02,996.59,197.02,1001.59,266.02
52.456,0,0.47,0.35,1.40,1.99,1.64,1.30,0.44,1.21,1.76,95.33,19.74,-6.59,92.14,5.0505454994365575,2.5634402341675013,5.797961689946241,2.0270415017195047,6.922950917566196,36.080401845276356,2.065248499950394,4.9554996542446315,5.861812420655042,0.2658286635577678,7.009699150454253,4.896661869017407,2.8476186068728566,4.663126191021874,11.25130068436265,3.3819262424018235,6.113631002604961,6.715280218515545,7.9100112798903135,1.9079972142353654,2.2312651954125613,,1.49,4.43,-0.28,85.93,120.49,901.19,140.53,1016.19,270.53,961.19,168.53,1038.19,168.53,996.19,196.53,1001.19,265.53
52.608,0,1.79,0.69,2.00,0.38,1.13,1.08,1.97,1.92,0.19,95.27,23.39,-2.41,88.61,1.5351774036511778,1.3834524756763131,2.7419137894781307,3.4143533637747168,4.612585823647678,22.840953202918172,1.833761819289066,0.6085138618014754,2.038983302889392,3.063488663043827,1.7585954549722373,0.06860237359069288,2.4532765075564384,0,10.14299902368337,2.2711724228132515,0.10366125823929906,5.892023310530931,5.538340673018247,3.849118819925934,0,,0.28,5.12,0.86,84.35,120.11,898.31,138.21,1013.31,268.21,958.31,166.21,1035.31,166.21,993.31,194.21,998.31,263.21
52.769,0,0.38,1.17,1.08,0.12,1.78,0.93,1.25,1.45,2.12,94.69,28.31,-7.57,92.83,0.7815861767856407,0.987045881547965,2.4995977395260707,0.9230790243763476,5.34219155035913,7.585201559588313,1.5588280975120141,3.00391149379313,2.0946660954505205,0,5.984967622440308,1.7862599513027817,3.9261670452542603,0,7.757215525750071,3.4786206007329747,5.328716926276684,2.571570670697838,7.747347605675459,0,3.437468578107655,,-2.57,6.30,-2.44,85.03,120.40,898.50,138.26,1013.50,268.26,958.50,166.26,1035.50,166.26,993.50,194.26,998.50,263.26
53.036,0,1.18,2.03,0.85,0.17,0.35,0.25,0.88,2.16,1.88,95.44,27.44,-4.04,90.57,1.66793787994422,0,2.8833192758169024,0.49026648035272924,4.438286738800816,40.12071200879291,0.9154408708680419,4.3469351634942,4.63787847594358,3.6410687655583023,2.06626488128677,1.1957465193700045,3.4728421051986516,4.236784089338034,8.564269883166999,4.953822824927046,5.1379000609740615,3.919032739009708,7.266862427243032,0,3.702785822795704,,1.29,2.88,0.02,84.78,118.57,899.17,138.58,1014.17,268.58,959.17,166.58,1036.17,166.58,994.17,194.58,999.17,263.58
53.184,0,1.23,0.89,1.55,0.61,1.18,1.04,1.93,1.12,1.92,95.39,27.42,-2.24,95.17,3.818768010865897,2.1598417214117944,1.3697186008468272,2.33063264220953,7.374015484591946,48.744154329411685,5.992352142347954,4.807087440788746,0.45893003861419857,4.2551182479597625,0.3947806223295629,0.8405122684780508,0,4.186758824214339,7.838252449035645,1.4837970339693127,0,3.28592577110976,8.044652772424744,3.917060513747856,0,,1.16,6.46,-3.06,85.34,121.22,899.53,138.15,1014.53,268.15,959.53,166.15,1036.53,166.15,994.53,194.15,999.53,263.15
53.482,0,0.70,0.93,1.87,0.70,0.23,1.87,1.55,2.17,1.26,95.54,20.67,-3.60,92.44,4.529190081008711,3.79684304127004,2.3765120010217653,5.545276210242882,7.502068898202851,35.36257894895971,4.850180440442637,5.464822540786118,1.5340578595642,4.99719541579485,3.284364726394415,3.8138853241689503,7.164571576751769,4.631853468632325,3.8625649488158524,1.9899397327983754,1.7938030655495822,4.422429182101041,4.390586106209084,0.8548236666247249,1.7115361411124468,,3.88,8.53,-1.74,84.19,122.26,899.33,140.50,1014.33,270.50,959.33,168.50,1036.33,168.50,994.33,196.50,999.33,265.50
53.543,0,0.72,1.08,1.59,0.47,0.72,1.24,0.36,0.48,1.12,95.45,29.10,-7.83,88.71,0.1615708290413025,5.063043122412637,2.8342189496010546,2.5628464148566126,6.104087429824285,17.677157944533974,1.9858623739564791,3.0148726051673296,3.247528847074136,0.7006459217146039,7.490197072271258,1.8457311249803752,4.568025948945433,0,6.163271726015955,3.516249200375751,0.9110700385645032,6.429819220211357,6.588961382103153,0,3.216166071826592,,1.56,2.91,-3.67,85.20,121.77,901.86,139.48,1016.86,269.48,961.86,167.48,1038.86,167.48,996.86,195.48,1001.86,264.48
53.682,0,1.73,1.42,1.30,2.06,1.27,2.07,0.55,2.03,0.58,94.93,22.34,-1.54,95.70,4.1417227045213805,1.904572692862712,2.3658885610289873,2.323859970988706,5.969440272329376,20.84947950998321,6.1098225870868195,0.05942792275920539,3.245290055638179,0,0,1.392321297666058,4.804802135098726,0,2.9995785906352106,0,0,4.209108748938888,5.6521354545746,4.172347810817882,2.268669392215088,,2.66,3.40,-1.66,86.10,122.72,901.03,141.63,1016.03,271.63,961.03,169.63,1038.03,169.63,996.03,197.63,1001.03,266.63
53.927,0,1.45,1.04,1.04,1.44,0.51,1.13,1.25,1.23,1.94,95.40,19.77,-2.87,92.00,0.3278142757853493,4.163790798955597,1.484765944569372,5.9965225023496895,6.57730342855677,44.4752691751346,5.805046379030682,1.24857981255278,3.3449565006885678,5.260572909768671,1.7153253117576241,2.9252552771940827,2.919711558613926,0,7.627777124177665,3.0080969101144,0,4.445354876108468,2.9019270269759003,0,5.02166355215013,,1.41,3.72,-4.69,84.29,121.75,899.41,139.84,1014.41,269.84,959.41,167.84,1036.41,167.84,994.41,195.84,999.41,264.84
54.195,0,0.88,0.91,1.12,0.13,0.94,0.55,0.49,1.29,1.96,95.44,30.93,-1.95,92.95,3.144160382002592,0,1.6032227927865463,3.9098022667691112,6.533878037296236,21.641932918224484,5.193630252359435,0.2014673598855734,4.6071632576640695,4.5950490827485915,5.686766388360411,2.007761334301904,2.0749979610554874,4.149864141317084,12.799680049754679,3.033047593599185,4.524618669878691,4.931087652686983,7.412385593373329,2.350720783928409,3.5442163785919547,,3.86,3.28,-2.14,86.15,122.09,901.01,140.84,1016.01,270.84,961.01,168.84,1038.01,168.84,996.01,196.84,1001.01,265.84
54.349,0,0.65,0.38,1.59,2.04,0.54,0.91,0.70,1.63,1.83,94.98,21.82,-1.26,89.93,2.0194030556688087,1.3453326158924028,4.369294244744815,3.0356671586167066,6.232113953502849,14.019336484372616,2.2183402057737114,4.762002270240337,2.8767122684512287,0.21470629943534725,1.0234650308266282,3.8122905679047108,3.700674433261156,2.6693074748385697,5.713093911111355,2.1571101976791396,1.1989459148608148,4.296536945272237,4.665224357945845,1.3833714509382844,1.7163907962385565,,3.84,1.79,-0.56,84.49,120.93,901.89,140.51,1016.89,270.51,961.89,168.51,1038.89,168.51,996.89,196.51,1001.89,265.51
54.423,0,0.34,1.78,2.19,0.21,2.01,1.32,1.74,0.73,0.15,95.23,29.59,-5.04,94.99,5.258176507172175,3.689828908792697,1.7006150839105247,5.788020720528438,5.868036809470505,51.744247888214886,4.563309657434002,4.7094744024239485,1.1797093553468585,0.7431408788822593,6.8381881238892674,0.7817162966821343,1.489051421172917,1.4761708809994163,13.589613889083267,2.2176463014120236,3.7823388068936765,6.536061899736524,6.128382840845734,0,0,,1.07,3.06,-4.41,84.02,119.18,901.84,139.01,1016.84,269.01,961.84,167.01,1038.84,167.01,996.84,195.01,1001.84,264.01
54.709,0,1.81,0.15,1.57,1.25,0.03,0.99,1.51,0.77,0.05,95.43,21.22,-6.16,90.53,2.4690010182326656,4.648810087586753,1.5405514690792188,2.2153073681052775,4.115417798366398,22.095236032735556,1.5999239181168377,1.7337868582271039,0,0,0.9491619570180774,5.635661273263395,2.296971498057246,4.9811995296645915,10.257531203888357,0.7538132195593787,2.0094703533686697,3.6483065928332508,5.511476823668927,4.9994097833987325,1.026762318564579,,1.22,5.16,-5.00,85.84,120.27,900.24,140.37,1015.24,270.37,960.24,168.37,1037.24,168.37,995.24,196.37,1000.24,265.37
54.915,0,1.14,1.27,2.04,1.64,0.76,1.21,2.02,0.03,1.53,94.74,18.05,-3.59,90.55,2.762603939124383,5.708659464702942,5.554245295375586,1.2529328610841186,5.0375799222989,35.135585049167275,6.087385808490216,2.439704981930554,1.8706851857714355,2.877537002153695,4.000309231225401,0,3.9325025849975646,1.0850506762228909,11.944178804643453,2.363517036694102,0,6.1705519813112915,3.318605244536884,1.2190103009343147,0,,5.57,3.18,-0.93,83.23,120.80,898.86,140.18,1013.86,270.18,958.86,168.18,1035.86,168.18,993.86,196.18,998.86,265.18
55.249,0,0.89,0.72,1.26,0.95,1.60,2.01,2.13,1.57,1.83,95.56,17.54,-0.57,91.62,5.167071411400102,5.6714852269971745,3.296635849280283,5.358179483385757,5.488124337038025,7.924156536348164,1.0721997583983467,4.449748734496534,3.849989007692784,2.073991743195802,2.2244308004155755,5.485451655462384,2.8671584422700107,3.9229149467870594,8.203234755005688,4.234084176509642,4.03799112373963,3.7464044205844402,6.004035679278895,0.16231196280568838,0.1661444236524403,,1.56,1.02,-3.02,84.54,121.71,901.29,139.76,1016.29,269.76,961.29,167.76,1038.29,167.76,996.29,195.76,1001.29,264.76
55.467,0,0.18,0.19,1.95,0.30,1.14,1.74,0.58,2.06,0.40,95.34,30.68,-7.42,91.83,2.6815049687121064,2.8356824443675577,1.9994612274179238,0,6.823829236654564,32.2320531620644,4.0622194831026714,5.767194731179625,2.4357778464909643,1.9413939342088997,1.0005586640909314,0.681722866371274,2.789905213750899,3.120520658576861,8.303665045443921,4.7166759576275945,4.139128903858364,5.304843415040523,5.1485307319182905,0,0,,1.89,0.10,-0.90,84.62,118.59,898.48,139.61,1013.48,269.61,958.48,167.61,1035.48,167.61,993.48,195.61,998.48,264.61
55.737,0,1.34,2.15,0.55,0.13,1.95,0.18,0.05,0.19,1.11,94.92,30.47,-4.46,95.49,5.097168746963144,1.673841625638306,5.3228482068842276,0.6491274854913351,7.527648069108836,40.60095849446952,2.449091971036978,4.147007597610354,3.0676348679699004,3.7023395535163584,1.9289479306899011,0,5.115696462336928,2.1097391431499273,7.449569661319256,0,6.668044409248978,0.6078281807713211,6.109370351755061,1.5538619486615062,2.840393617283553,,5.70,1.21,-4.15,86.36,119.28,901.06,141.36,1016.06,271.36,961.06,169.36,1038.06,169.36,996.06,197.36,1001.06,266.36
55.809,0,2.05,1.55,0.29,2.11,1.92,2.06,1.60,1.03,0.69,95.46,21.59,-4.42,91.75,1.23140721578151,3.872472526645288,1.305526220882311,2.221620969604701,6.815385041260161,41.33405573153868,0.3390360882505776,0.6083083959668873,1.2520019975490868,3.400199590809643,1.9315522033721209,0,1.0601710905320942,2.1016997311078014,13.019671532902866,3.3250164767634125,0,5.745393613353372,6.694067656951956,0.5227086530067027,4.504169292747974,,7.16,2.53,-3.73,86.57,119.14,900.65,141.59,1015.65,271.59,960.65,169.59,1037.65,169.59,995.65,197.59,1000.65,266.59
55.932,0,0.31,1.90,2.16,0.56,2.11,1.91,0.84,0.59,0.92,94.69,27.81,-4.92,94.00,0.3712397715682165,2.7186146273976193,2.3340828394517303,1.5980011888314039,5.146451873308979,44.29684172850102,4.682170308241621,2.728752361088991,5.434486993122846,1.3631584538519386,1.537586338352412,5.378831169102341,0.6799231418408453,0,12.423490924313665,1.4164175053732468,4.263575941324234,2.8062823484651744,5.457230338850058,1.9983563721179962,3.7987048749346286,,4.21,-2.26,-3.05,83.98,117.97,898.10,141.84,1013.10,271.84,958.10,169.84,1035.10,169.84,993.10,197.84,998.10,266.84
56.109,0,0.53,1.32,2.03,0.43,1.13,0.56,0.16,0.55,1.97,94.73,24.68,-3.46,94.12,4.178455551173538,0,1.3460642223618926,4.625411494057626,4.551934915930033,30.66117491107434,2.4695888104382906,0,5.124520598212257,5.197353131789714,7.260960001498461,0,5.531732103321701,2.4424231597036123,6.922351142019034,0,4.3323097275570035,0.013496597297489643,6.78978415608406,3.6158431272488087,2.8732065693475306,,7.93,3.68,-2.83,85.89,122.04,900.55,138.83,1015.55,268.83,960.55,166.83,1037.55,166.83,995.55,194.83,1000.55,263.83
56.392,0,0.75,1.40,0.65,1.62,0.86,1.40,2.03,0.64,0.98,95.19,23.97,-3.93,90.70,3.6653150563361123,1.0042024376569314,2.899606569749303,6.002024745969102,8.233771543144249,21.84547183662653,5.000907537993044,0,6.437562936684117,0,4.835856625344604,3.2050494947470725,6.200111728627235,2.2935672353301197,11.578266213331371,0.6114069174462928,2.146502475719899,8.424762152135372,5.332676972490735,1.1298225864302367,4.259256663266569,,6.58,1.71,-3.92,86.20,120.52,899.85,139.75,1014.85,269.75,959.85,167.75,1036.85,167.75,994.85,195.75,999.85,264.75
56.541,0,1.64,1.08,0.05,1.04,0.31,1.46,1.92,0.47,0.99,95.45,18.63,-1.69,88.47,5.1404749439377335,1.7787056729663164,5.237083302466199,1.1165063203126193,6.514609704683535,26.4613565383479,1.2234283419791607,0.3121206340938807,1.4219923492055386,2.286923440434039,5.354633965529501,0.5936654068063945,0,1.0484554100409151,4.812885354477912,4.420574622498825,1.5688260085880756,2.9314449233934283,4.58185268713627,4.7663117200136185,0,,7.55,3.23,-4.01,85.19,119.77,899.61,138.97,1014.61,268.97,959.61,166.97,1036.61,166.97,994.61,194.97,999.61,263.97
56.847,0,1.23,1.90,0.30,0.67,1.31,1.34,1.97,0.76,0.32,94.81,19.46,-4.12,96.11,0.2520053914934399,1.560019985726103,3.4890087297651915,1.6991129137016832,3.2389666222734377,28.13651012023911,3.3529103870503603,0.3732952109165488,4.65334364073351,3.507020490579307,1.5033763004466891,5.313930742442608,0.3113671923056245,4.023799689002335,9.962731275204568,2.7793163922335955,0,7.458542336709797,5.391033552237786,5.480669470736757,0,,6.58,2.61,-2.38,85.28,122.48,900.94,139.33,1015.94,269.33,960.94,167.33,1037.94,167.33,995.94,195.33,1000.94,264.33
57.054,0,1.15,0.16,0.66,1.51,1.12,0.09,1.28,1.83,0.18,95.76,26.66,-1.66,95.70,4.68458261734806,2.9152261974290012,3.2504029039666054,4.009621380250901,7.4555024656234306,38.46289206808433,1.2340948269702494,3.5183976594358684,5.9171960146632046,1.9721270847320556,0,1.1725662800017744,4.810908793006092,0,7.678675008825958,3.725775707196444,0,4.110057623591274,3.1999578261049466,1.9997288619633764,2.381520079448819,,8.43,-2.02,-2.22,85.59,117.69,901.55,138.66,1016.55,268.66,961.55,166.66,1038.55,166.66,996.55,194.66,1001.55,263.66
57.384,0,1.27,0.17,0.79,1.81,0.06,1.49,1.09,0.30,2.07,95.59,18.39,-5.90,94.48,1.489541835896671,3.7882902904413642,5.682068004636094,3.0019438925758006,2.700424212003127,43.09843686921522,4.187112267827615,0,1.7719581325072795,1.2187250044569375,3.002932967618108,0.24261756660416722,2.4629053585231304,0,12.69386581549421,2.6641774684004487,0,1.8746544867753983,5.206770631382242,7.2676561253611,77.7208660710603,,8.08,-0.07,-1.67,83.33,121.73,898.92,138.22,1013.92,268.22,958.92,166.22,1035.92,166.22,993.92,194.22,998.92,263.22
57.466,0,2.09,0.71,1.16,0.96,1.23,1.18,0.29,1.91,0.77,95.61,23.96,-2.78,87.65,0.5178952229348943,0,0.8357675478747115,3.3024878458026796,7.967216068683192,19.301705898717046,5.72785415565595,3.6995988606102763,0.5801693124230951,3.620823278911412,4.254888670518994,5.212119453120977,3.134348725900054,3.618343998240307,7.947262335512786,1.4215196074964478,3.2264513541013002,8.558397587854415,7.575112257367,0.9775189757347107,4.27115743746981,,4.46,-2.10,-2.69,86.70,117.16,900.61,140.31,1015.61,270.31,960.61,168.31,1037.61,168.31,995.61,196.31,1000.61,265.31
57.800,0,2.14,0.66,0.24,1.47,0.81,0.25,0.43,1.64,2.11,95.51,25.55,-3.86,96.67,3.7063749629678204,2.2594724389957266,2.6999661927996206,4.0617642200458794,6.990044316276908,36.08675287105143,0.42235257388092595,3.3329084567166865,1.5343680419027805,3.334927633553743,0.31939502572640777,3.587929680477828,0,0,9.497101660482585,0,0.1317004975862801,4.055854792706668,7.778159925248474,3.137013848638162,1.1886263403575867,,6.43,-2.94,-2.41,86.79,122.16,901.56,138.48,1016.56,268.48,961.56,166.48,1038.56,166.48,996.56,194.48,1001.56,263.48
57.921,0,0.69,0.40,1.99,1.89,0.83,2.01,1.17,0.16,1.23,94.75,17.66,-2.72,70.73,4.027874713907949,1.3348100337898359,2.7744823330640793,1.7308569570910186,4.196736688311212,34.040292396210134,6.104127926961519,5.038617051746696,0.4483076862525195,0.23578424584120494,5.681471801362932,3.014527118531987,0.6060657212510705,2.619399332180619,4.884575798269362,4.40510956228245,3.8561609969474375,0.5006647547706962,4.251730076768435,0.06459006550721824,0.5094487359747291,,5.45,0.59,-3.40,83.81,120.22,901.94,140.84,1016.94,270.84,961.94,168.84,1038.94,168.84,996.94,196.84,1001.94,265.84
58.207,0,12.54,1.70,0.44,1.33,1.15,1.58,2.07,0.51,0.20,85.85,24.69,-16.08,96.66,3.8458310501277446,2.217588710039854,7.246879056926133,1.204138331022114,7.0451474691042675,51.49320016987622,0.6419868079014122,0.9550630935281514,3.1282679410651326,4.240331920478493,5.878841443452984,1.6220234960783273,3.59640225302428,6.37141352955299,11.57422363070771,4.88072860179469,3.559784207958728,4.971742478199303,8.349674498452805,3.2907014512456954,2.517365490552038,,5.67,-6.79,-3.36,86.90,119.01,899.82,140.64,1014.82,270.64,959.82,168.64,1036.82,168.64,994.82,196.64,999.82,265.64
58.461,0,23.81,1.63,0.79,1.94,1.70,1.79,0.23,0.19,0.34,75.44,30.34,-28.20,96.79,0,0,12.207099195971342,2.9357841040287167,6.237212415891699,44.585910259746015,1.2391047709388658,5.2558579746633765,5.6064178897067904,3.956178008373827,0.2645356594584882,1.5148560691159219,0.41935280011966825,5.935239440724701,4.639141793791205,3.9158979238430036,0.10581435263156891,3.2750591300427914,5.602825040933676,2.684761162381619,4.870777049800381,,3.60,-1.27,-2.97,84.94,122.98,901.58,138.81,1016.58,268.81,961.58,166.81,1038.58,166.81,996.58,194.81,1001.58,263.81
58.537,0,36.04,1.31,2.13,0.90,1.56,1.53,0.57,1.32,1.72,64.37,44.23,-37.50,91.19,1.3058898056019101,2.0133036979939787,22.617665892495857,0,8.419246800667606,48.321124924346805,5.226423400174826,4.133027041479945,2.2561929842922837,1.0300316844880584,1.4387036603875458,6.437769909389317,5.5046439548023045,7.045072740540315,14.18108844520524,3.667715277494863,4.783158004749566,6.6831620638258755,5.363927160003223,3.7259254986420274,0.7440353266429156,,7.60,-3.42,-2.30,83.59,118.75,901.52,140.24,1016.52,270.24,961.52,168.24,1038.52,168.24,996.52,196.24,1001.52,265.24
58.708,0,39.23,1.34,0.38,1.17,2.15,1.75,1.93,0.36,2.04,61.48,35.40,-39.83,92.43,4.45415968853049,5.684378638816997,21.860938793431206,4.822609540745616,5.82258630739525,17.333030990324914,5.6013328290777284,3.1911223043501376,6.2560761836357415,1.4591535912267863,0,2.6497892034240067,4.519084102939814,7.280069220103764,18.17170361220837,2.250730219827965,4.46724215336144,2.2341529219411314,5.914891415461898,1.7974308852571994,2.86954826884903,,4.76,-5.44,-4.62,84.92,117.87,900.22,140.18,1015.22,270.18,960.22,168.18,1037.22,168.18,995.22,196.18,1000.22,265.18
59.032,0,66.05,1.00,1.03,1.56,0.59,2.16,0.48,1.63,1.71,37.26,58.50,-60.09,90.11,2.0695818728487936,0.7583525443915278,38.54279703618138,0.6325788484513759,2.949110438949429,47.35607866756618,5.67968309011776,1.1141654433123769,7.309218565234914,5.53402293363586,5.548291244544089,1.4190725213848054,5.341568537056446,15.057280179951784,16.290439588297158,2.1339636681135743,1.3558279448188841,7.954426864627749,7.078099448108114,3.5135412856470793,0.6907925452105701,,5.57,-4.33,-6.22,84.08,117.79,901.34,141.52,1016.34,271.52,961.34,169.52,1038.34,169.52,996.34,197.52,1001.34,266.52
59.124,0,66.43,0.02,1.46,1.20,0.05,1.26,1.55,1.94,1.35,37.58,55.68,-64.70,94.73,3.985027638631873,5.018786781770177,35.0081609478697,4.382902788082138,6.53189952773042,29.146928313188255,4.977181173721329,4.549791798815131,3.4766498145181686,2.2453438192792237,1.5619402220472693,1.1519942295271903,0.18489437084645033,12.803016045075351,14.254305909443648,4.911506620510481,0.3043105495162308,4.400473189074546,5.185904885018244,1.4385320371948183,2.8820340509992093,,5.93,-1.51,-5.07,83.67,120.21,899.77,140.49,1014.77,270.49,959.77,168.49,1036.77,168.49,994.77,196.49,999.77,265.49
59.365,0,78.39,1.44,0.08,0.95,2.12,1.37,1.53,0.49,0.83,26.58,54.14,-74.29,90.53,0.23895278794225305,4.954538815119304,42.0346841274679,1.4368836070317776,4.782621845644899,26.013107824139297,0.6337000851053745,1.2488744108937682,6.074915730860084,5.025272361095995,3.2533340170048177,6.09727320773527,4.2335080713965,17.604747635070694,9.354471149425954,4.5998103089211515,0,2.0172539791092277,9.778103980622255,1.919552057981491,2.179964909562841,,4.79,-3.53,-4.62,86.20,122.93,898.76,138.73,1013.76,268.73,958.76,166.73,1035.76,166.73,993.76,194.73,998.76,263.73
59.578,0,90.20,2.01,1.64,0.98,0.41,0.41,0.88,1.80,0.93,15.56,63.67,-82.57,94.88,3.124629012891092,2.922261612326838,48.95592201213245,3.963454042663798,4.5218158633355054,35.47941119875759,6.13835015532095,0.028160223737359047,1.6917435091454536,0,4.557258282322437,0,1.5202845339663327,20.07090058265211,12.650126212239265,4.033222320578061,2.080149727407843,5.016969989053905,6.854672548761592,0.5405402339529246,1.4266292173415422,,3.62,-8.91,-3.38,85.41,120.31,900.69,138.79,1015.69,268.79,960.69,166.79,1037.69,166.79,995.69,194.79,1000.69,263.79
59.774,0,67.61,1.75,0.77,2.05,1.98,0.88,2.09,1.86,1.58,35.71,52.94,-64.75,94.96,5.759779060459696,5.834717571479269,36.90706145829411,1.5468983809743078,4.924103945144452,30.189791950397193,4.957347225560807,0.8158267122134566,2.3807718690950423,0,0.31831893464550376,2.3763941184151918,5.471301751211286,15.707392073478111,17.473509736433627,4.610873885392211,4.333771473262459,0,5.135494959889911,2.7318036721553653,2.938373434357345,,7.78,-2.73,-5.66,85.95,122.36,898.16,140.23,1013.16,270.23,958.16,168.23,1035.16,168.23,993.16,196.23,998.16,265.23
59.935,0,64.68,1.44,0.54,0.18,0.70,1.55,0.95,0.71,2.17,38.62,54.10,-59.17,91.38,1.0022062361286954,5.067888094694354,33.39409020059631,5.029342479882762,2.9852971201296894,46.51697228802368,3.035986810782924,1.4400749821960925,0.46075221500359476,0.20422282343730336,6.434493699576706,2.7759718948509544,3.4475791845470667,12.516372361965034,13.46793898968026,4.897762360027992,2.6761761638335884,3.7682655467651784,6.201795263821259,3.3059420159552246,2.284519096137956,,6.80,-7.24,-3.12,84.18,118.99,899.16,138.54,1014.16,268.54,959.16,166.54,1036.16,166.54,994.16,194.54,999.16,263.54
60.216,0,48.17,0.50,2.16,1.11,0.98,1.24,0.88,1.81,1.33,53.91,41.07,-49.45,95.97,0.5568977707298473,2.455832711583935,29.147328491684714,2.4855900731962173,4.24409550011158,18.76587774278596,6.919550087861717,1.381958331335336,3.960111880907789,4.732562804333866,0.9276910554617643,5.546584410127252,1.3849032553844154,8.904811799097327,5.540329274851828,2.269727830872871,0.8402154487557709,0,5.479611129257828,1.4253544171806425,3.8610364256892353,,1.53,-9.39,-5.85,84.46,119.79,900.12,138.74,1015.12,268.74,960.12,166.74,1037.12,166.74,995.12,194.74,1000.12,263.74
60.387,0,36.33,0.92,2.12,1.34,1.73,1.35,1.65,0.18,0.74,64.57,36.46,-33.31,89.22,1.4759173821285367,3.233016028860584,21.115591909409282,4.487939785383642,8.25550873084925,50.29339831508696,1.6201299279928207,2.4807882457971573,1.477191230515018,4.2896166830882425,4.476881878450513,4.6794664757326245,2.4708443842828274,9.882262378464924,11.44491786107421,0.22089231294579825,4.932194216642529,1.2494090725667775,9.486415923358873,0,0,,6.49,-5.85,-3.07,84.73,118.26,900.87,139.26,1015.87,269.26,960.87,167.26,1037.87,167.26,995.87,195.26,1000.87,264.26
60.607,0,21.01,0.70,0.69,0.41,2.03,0.13,0.25,1.58,2.06,78.45,37.37,-20.26,89.98,2.8655899153044446,0.9049875352298842,16.235645462673833,2.642806983618066,4.398382133492269,11.682394492905587,0.6193178789224474,3.198111675642431,0.4304194734431803,4.5831979651935395,3.6483939634636045,4.340190620161593,0,4.66516806935844,5.612037097867578,4.718664856501855,1.4740269375033677,2.8687598793767393,6.425493153142743,0.6937269479967654,3.4074235945008695,,1.43,-8.18,-3.21,85.84,120.07,898.61,141.70,1013.61,271.70,958.61,169.70,1035.61,169.70,993.61,197.70,998.61,266.70
60.871,0,12.11,0.21,2.15,2.04,2.01,1.79,1.39,1.83,1.57,86.58,27.76,-11.74,87.59,0.17696556042879807,0.6220068215858192,8.424396164946925,4.076645193900913,8.982527799736708,34.419914544560015,3.5678675229661163,2.5590457616560163,3.1321925409138203,1.4702518997900187,1.552351602818817,4.8788807990495116,2.4881005212664604,5.852735706697672,9.815519326850772,1.8644524793047457,0.8387211635708809,1.9555534580722451,4.200764145553112,3.8589099885430187,2.5846418822184205,,5.88,-9.62,-3.93,83.97,119.36,901.22,141.35,1016.22,271.35,961.22,169.35,1038.22,169.35,996.22,197.35,1001.22,266.35
61.067,0,1.32,0.66,1.70,1.19,0.96,1.58,1.45,1.53,1.57,95.03,23.51,-3.62,95.63,1.7024258846044544,3.522819353500381,5.732894875314087,4.916951305493713,4.210852223504335,37.81495374068618,3.4144798517460004,2.1584287238493562,6.969239758327603,0.9551598170958462,4.25693176779896,0.023819655878469348,0,3.7061373203620316,11.629602716956288,0.06784105035476395,1.532549878116697,0,4.843195002265275,0.00541874160990119,1.5316866114735603,,5.54,-5.70,-5.51,83.06,120.22,899.19,139.77,1014.19,269.77,959.19,167.77,1036.19,167.77,994.19,195.77,999.19,264.77
61.207,0,0.66,0.56,0.86,1.84,0.55,1.91,0.97,0.33,1.58,95.48,30.64,-0.55,87.48,3.414404595862143,0.38631089071277547,2.7486711089359597,6.0600164241250605,5.898265264872461,40.01940567418933,2.6497628525132315,3.1670806274190544,0,5.117356590144336,1.3866208638064563,2.0594741178210825,2.9080729479901493,3.900215202579275,9.614451564978808,3.6700253517879173,1.0760919149033725,7.664105856325477,5.699252828285098,0.5869381409138441,5.435596775030717,,2.52,-10.61,-5.28,86.69,117.57,900.34,141.50,1015.34,271.50,960.34,169.50,1037.34,169.50,995.34,197.50,1000.34,266.50
61.503,0,1.72,1.92,1.26,1.62,0.13,0.32,0.54,1.35,1.09,95.15,19.83,-5.38,93.02,4.731015497338959,4.093203607178293,2.41250857015606,2.9626696289237593,5.685482865595259,15.249193723779172,3.0853434890042992,2.388020158968866,2.165943333413452,4.172023752946407,6.456722311209887,0,0.8310400159098208,2.876972843175754,10.20286414058879,3.0839885235810653,2.4400326660834253,2.1554321837611496,4.976418224605732,3.111488921334967,3.539564557839185,,4.53,-6.21,-5.57,83.42,119.28,899.16,141.51,1014.16,271.51,959.16,169.51,1036.16,169.51,994.16,197.51,999.16,266.51
61.784,0,0.77,0.41,1.66,0.69,0.46,1.36,1.08,0.92,1.62,95.64,18.06,-4.94,87.61,1.8555022157030177,4.7809462083270775,2.1450002134451642,4.233882179623469,2.8790306662954386,35.4245174061507,2.185851541557349,0.42144667718559514,1.6558828682173043,3.0523951436020433,3.2900681267492473,0,3.3440319523215294,5.120763636184856,9.567977238669991,0,0.9695419734343886,0.22530576353892684,4.2870830188132825,1.9195672606583685,0,,2.76,-4.39,-1.50,83.37,121.68,901.81,141.93,1016.81,271.93,961.81,169.93,1038.81,169.93,996.81,197.93,1001.81,266.93
61.917,0,0.97,0.82,1.63,1.64,0.04,1.06,0.15,1.96,1.56,94.79,25.57,-6.45,88.26,0,1.997900189901702,6.071574450773188,4.973413232816384,4.105179167864844,42.88299334002659,6.564683651644737,5.313538468144834,5.8596791652962565,2.6321422776393595,6.030181271955371,3.777112124254927,0.25879866164177656,3.4456478531565518,12.300653528291733,2.813220000960864,4.74098400818184,9.212651569396257,7.503841390227899,3.648809211095795,0,,3.73,-11.15,-2.36,83.85,119.45,899.98,141.52,1014.98,271.52,959.98,169.52,1036.98,169.52,994.98,197.52,999.98,266.52
62.214,0,0.66,0.05,0.86,1.84,1.08,0.93,1.64,1.23,0.69,95.26,29.64,-5.62,96.12,3.736579111739993,3.1219748862553387,2.0180682780221106,3.8832004846259953,7.845713696037419,16.751417327206582,5.311240255925805,1.725995019245893,0,5.2302136173285545,2.742034657392651,1.8779715336859226,2.8766374778933823,1.497163061015308,6.631769093386829,0.40051737940870247,0,7.525467481929809,4.849038046929054,5.775218014372513,5.176458542235196,,0.07,-10.32,-0.60,84.24,118.78,898.18,141.15,1013.18,271.15,958.18,169.15,1035.18,169.15,993.18,197.15,998.18,266.15
62.309,0,1.93,0.30,1.95,0.59,0.94,0.30,1.07,0.93,0.63,95.18,27.60,-7.59,92.27,0.9149647476477551,4.882008156017401,6.025295009301044,5.2090395701956,7.753987043453381,19.562398185953498,5.1095274579944086,3.7230929923430085,5.738318292656913,0.43159122893586765,7.057712024543434,6.372401935746893,5.083189469296485,5.359347130777314,15.49677936470136,3.887792603238486,0,7.623821961227804,3.2164233121741566,0.3571944662835449,1.789934883126989,,1.44,-5.94,-1.34,84.84,122.51,899.37,138.24,1014.37,268.24,959.37,166.24,1036.37,166.24,994.37,194.24,999.37,263.24
62.404,0,1.01,0.79,0.40,1.30,0.07,2.03,0.06,0.88,0.60,95.51,21.33,-4.01,88.37,1.5113689615391195,3.0285278098657726,3.29076107126195,2.347034182474017,4.250458421013318,21.83141939667985,0.852756339800544,3.1707408104836943,1.0252614603377879,5.7161818701773885,4.511951826978475,5.685419585090131,2.982918865978718,4.849341517845168,7.444606689531356,0.19735279023647312,0.803477153647691,9.4449840541929,7.608882815954275,0,3.661301396554336,,0.24,-4.81,-1.00,85.01,121.15,900.05,140.74,1015.05,270.74,960.05,168.74,1037.05,168.74,995.05,196.74,1000.05,265.74
62.568,0,0.18,0.81,2.04,2.12,1.96,1.49,0.24,0.94,0.20,95.04,24.92,-4.97,94.43,0.913538039033301,0.8843460747273637,4.158193832063116,1.4160720611643045,8.96988244287204,45.722029676660895,4.908809090149589,4.63316914299503,0,0.6966986278072,0.277817050460726,2.859637051122263,4.870269865728915,1.7666033254470674,8.742089768089354,1.5761246299324556,2.438505961559713,6.9716960857622325,8.374949325737543,0,0.7097708922810853,,1.95,-8.26,-2.68,85.00,121.29,900.80,139.92,1015.80,269.92,960.80,167.92,1037.80,167.92,995.80,195.92,1000.80,264.92
62.836,0,0.36,1.83,1.43,2.12,1.58,0.64,1.36,0.28,1.53,95.17,26.27,-1.76,91.79,0.12778072603978252,5.5556829800829295,5.234135002414696,6.519224907886237,8.342075504371897,25.23457292513922,6.499385165190324,0.6709541929140688,1.923884024610743,0,6.325881129596382,3.6222581129986793,0,3.615548922335729,11.385631203632801,0.11061843844130648,0.2944864444434643,5.787873148452491,7.367623028689995,0.7597694762516767,0.42919924040324986,,2.47,-7.69,-3.66,85.54,122.61,898.41,140.71,1013.41,270.71,958.41,168.71,1035.41,168.71,993.41,196.71,998.41,265.71
63.070,0,1.31,2.15,0.61,0.88,1.97,1.74,2.14,1.77,2.08,95.49,25.37,-0.10,94.57,1.9679833654360848,0.41096251311246323,1.796899885754101,2.799503557654098,6.788308138689026,23.973336970433593,0.4038391965441406,4.123742958344519,0,4.449495140984654,3.0982132866047323,2.2718788939528167,3.7917689695023,2.7859526907559484,16.240025712680072,3.921371796312742,0,1.5286354678682983,8.862628774503246,1.3148738506715745,3.321101563051343,,2.74,-10.62,-0.36,84.17,118.36,899.78,139.23,1014.78,269.23,959.78,167.23,1036.78,167.23,994.78,195.23,999.78,264.23
63.316,0,2.20,1.52,0.85,0.90,0.36,0.16,1.69,1.00,1.69,94.94,25.04,-1.75,96.59,2.211491222213954,5.258947744732723,5.094587268074974,5.802517405357213,6.186143367448822,40.95387741085142,2.6163199976552276,0.5715098146907986,2.915076822740957,1.9470259859971701,4.864007588010281,4.250421316130087,5.180816677864641,0,8.001967597194016,2.4752711914945396,3.2258912553079426,3.2550981659442186,5.502494675507769,2.472031482728198,0.2871662916149944,,1.49,-7.83,0.04,85.22,120.74,899.51,138.57,1014.51,268.57,959.51,166.57,1036.51,166.57,994.51,194.57,999.51,263.57
63.484,0,1.64,2.15,1.33,0.58,1.51,1.14,0.61,0.12,0.95,95.44,19.94,-4.45,94.68,0.904585230546072,0.8118790057487786,1.9823174908943475,5.424536267258227,5.512934840754606,10.47363300761208,3.0285280002746733,0,3.2335661072283983,2.8784286208637058,0,6.556151799857616,4.424009446520358,1.3896614237688483,9.728751596156508,2.7655694658868013,4.0918591297231615,0,3.9912543501099575,6.166607104241848,2.822694770526141,,-0.21,-9.03,-2.26,85.08,118.56,898.77,138.16,1013.77,268.16,958.77,166.16,1035.77,166.16,993.77,194.16,998.77,263.16
63.812,0,1.69,1.76,1.98,0.60,0.57,0.68,0.87,1.11,1.18,95.38,28.27,-3.85,95.66,1.8103973406227305,4.103378048888407,3.261000559446402,4.051332055469975,3.3043999040871856,33.59335159929469,2.4478041328024123,4.62253217164427,5.291841671336442,4.1607342763431365,4.297681545373052,2.6499996304046363,4.080646677408367,2.3932139517832547,12.647596824839711,1.257442266275175,1.0651905732229352,5.023336700629443,4.522601747773588,1.06052688206546,0.7749036534223706,,-0.86,-11.16,-4.35,86.97,121.90,898.54,141.72,1013.54,271.72,958.54,169.72,1035.54,169.72,993.54,197.72,998.54,266.72
63.991,0,1.35,1.89,1.17,1.25,1.43,2.10,1.57,1.44,0.97,95.38,21.31,-7.48,93.20,4.127607893850655,4.7142108421772715,0.29925607970915724,2.932985365018249,3.3055829672142867,41.674080135300756,6.57809966520872,2.5324096628278494,5.226476108189672,2.987625106330961,2.883672663476318,2.743441123049706,5.243609583936632,0.2710216842219233,9.981805210113524,2.8659486848302187,3.91504530236125,3.6176631981506944,6.361782142613084,0,1.0070813109632581,,-3.60,-6.08,-0.47,85.42,122.51,901.93,141.20,1016.93,271.20,961.93,169.20,1038.93,169.20,996.93,197.20,1001.93,266.20
64.074,0,2.09,0.38,1.58,1.67,1.83,1.34,1.33,1.70,1.80,94.65,22.31,-7.30,95.13,0.47586433064192546,4.105495904665441,6.2087103331228715,3.802228356469423,6.33284860518761,14.27319699479267,6.71344304732047,1.5579142552427947,2.9418294590432197,2.8859039746038615,1.3285593171603978,0,5.5761605920270085,0,14.764669155869633,2.185899659767747,5.205323052126914,9.269952691625804,5.847989562572912,0.9648838192224503,0,,-4.71,-10.64,-4.23,86.89,121.78,899.05,138.76,1014.05,268.76,959.05,166.76,1036.05,166.76,994.05,194.76,999.05,263.76
64.243,0,1.48,0.73,1.61,1.87,1.43,1.00,0.37,0.69,0.37,94.92,25.80,-5.05,88.50,2.974348149765283,0.176994761545211,2.121004070234485,4.378565502241254,8.57477038643323,36.46792023861781,1.5380093026440589,3.229493585564196,3.558012982364744,5.081706396620721,0.8724669171497226,6.753332148306072,3.7113894294016063,4.768550662631169,6.887608812078834,0.46728071352466927,2.224846693687141,9.349251766689122,3.6590874135214833,1.3157545619178563,1.9359522638842463,,-5.03,-6.83,-0.50,84.00,119.95,901.82,138.49,1016.82,268.49,961.82,166.49,1038.82,166.49,996.82,194.49,1001.82,263.49
64.473,0,0.74,2.06,1.40,0.57,0.22,1.18,0.25,0.55,1.61,94.66,28.45,-5.02,94.84,2.7068103459337722,1.455897032120265,2.127162286071107,2.2884250496607272,6.369381082649343,24.243845216929913,4.8247938337503005,0.8703266738727691,3.5610982866492122,1.8571488463319836,4.238474821206182,3.6770036849193275,0,0.03247753653675334,10.671221679039299,2.663372356998734,0,3.920405463781208,7.098005568929948,3.3126242954749614,2.7245180178433657,,0.31,-4.91,0.35,85.88,118.08,901.36,140.25,1016.36,270.25,961.36,168.25,1038.36,168.25,996.36,196.25,1001.36,265.25
64.624,0,1.76,2.12,2.10,2.09,1.65,2.10,1.78,1.28,2.03,95.48,30.07,-3.21,87.88,3.330720985196531,1.0349215691443532,4.280440260693431,3.0210931028053167,7.698072041445412,16.03322338266298,2.995247985702008,3.7584893472492693,6.105423893081024,2.586296320836991,0.9856428313069046,2.8576570011209697,2.9420068147592247,4.635791319310665,10.642381910029798,2.330176503127441,1.4058769005350769,0.8254501684568822,5.111276897280477,4.250536728417501,0,,-4.52,-8.28,-3.76,86.12,118.77,900.23,141.44,1015.23,271.44,960.23,169.44,1037.23,169.44,995.23,197.44,1000.23,266.44
64.781,0,0.26,1.40,2.07,0.27,1.04,0.38,0.64,0.30,2.15,95.55,29.64,-0.81,92.06,3.031644780319184,0.720169180771336,0.8013506072852761,3.8904066591337325,3.1357679167529566,13.270606213714927,6.6968828530516475,0.7223822153173387,1.1524824388325214,1.9341549419611694,0,3.850760088302195,3.0973987695761025,3.0181065249629317,15.661296675074846,0,0,4.992733513470739,5.175193663709797,1.1873506591655314,0,,-3.99,-8.32,-0.42,86.66,119.46,898.87,138.21,1013.87,268.21,958.87,166.21,1035.87,166.21,993.87,194.21,998.87,263.21
64.886,0,2.05,0.37,0.15,0.51,0.81,0.16,1.34,1.06,0.50,95.23,17.70,-6.03,93.58,4.060284844557755,2.5220531648723408,2.7433791083889085,4.099613460069522,8.015667971870862,30.596384655684233,2.8768577999202534,1.1371030290424824,3.263684257864952,3.5985144290700557,3.3817804707214236,2.9330820962786674,7.281015790533274,3.654427213864401,2.6595998113788664,0.6315952634299173,1.0214377590455115,2.690466689877212,8.691742166378535,2.5261595549527556,0,,-5.18,-5.20,-1.69,83.31,122.53,899.21,140.29,1014.21,270.29,959.21,168.29,1036.21,168.29,994.21,196.29,999.21,265.29
65.201,0,1.80,0.83,0.66,1.94,0.88,0.60,1.32,1.86,0.66,95.52,20.39,-3.93,93.18,4.903021322339773,3.297869677329436,2.0481366063375024,2.030652290247381,7.21222060276661,14.801092165522277,6.312297460436821,4.456320006623864,1.2795802995096892,1.8597335782833397,7.148143154103309,1.1352242631837726,2.9606339153833687,4.149683755356818,7.004174499325455,1.9591032796446233,3.127237943932414,1.2983693103305995,3.384308977178298,3.0379762940574437,1.078553959261626,,-2.50,-7.56,1.16,83.49,118.07,898.41,141.50,1013.41,271.50,958.41,169.50,1035.41,169.50,993.41,197.50,998.41,266.50
65.446,0,1.81,1.18,0.85,0.76,0.21,1.26,1.87,0.04,2.08,95.13,18.56,-7.31,91.70,1.0784517836151646,2.517014992213808,5.063572767577134,5.8484252049122,4.59563729877118,39.517386299557984,4.400445083808154,3.1147794080525637,4.85641281446442,0.016081082094460797,3.3883857638575137,5.8930597773287445,2.8742123236879706,4.802081514885649,12.371022426076234,5.064992228769697,2.412792144343257,0,5.808106637443416,0,97.2102335053496,,-4.62,-3.44,-3.00,85.07,120.42,899.28,141.81,1014.28,271.81,959.28,169.81,1036.28,169.81,994.28,197.81,999.28,266.81
65.725,0,0.97,0.83,1.14,1.85,1.14,2.19,0.35,1.47,1.43,95.19,26.34,-4.02,91.25,4.7855600162921474,4.927215498243458,0.7754115890432152,2.2333336816634985,3.7022436306299644,16.568935724440962,1.311547340732068,4.839281736519188,2.322829882847145,0.7140971140190961,1.0580767029896379,3.1021131828892976,1.9901443985290825,0,7.140542780570687,4.195878222393803,2.312809054274112,3.930967022664845,4.119896364412271,0,0,,-2.91,-6.29,0.11,86.42,121.00,899.15,140.07,1014.15,270.07,959.15,168.07,1036.15,168.07,994.15,196.07,999.15,265.07
65.856,0,0.78,0.13,1.37,1.44,1.40,0.24,1.85,2.01,1.52,95.55,18.72,-2.14,89.61,0.8486092924838884,0.4069810084300114,5.651995273036882,5.06585721428506,8.107039328953253,18.73024695320055,5.031253151036799,0.7648592861555517,3.676588232861832,0,6.817436882760376,1.0631712365429848,3.3445280101150274,0,5.7384793308191,3.366999087384902,2.6254131770692766,0,6.345742197679356,1.3978423434309661,0.4411031494382769,,-4.05,-7.27,0.07,86.36,118.36,901.79,141.49,1016.79,271.49,961.79,169.49,1038.79,169.49,996.79,197.49,1001.79,266.49
65.944,0,1.37,0.61,1.99,1.78,0.99,1.23,1.16,0.26,1.57,94.75,19.50,-1.91,96.75,3.8955520598869775,5.1303502136841415,2.9145780061138793,4.851246504243463,7.955007972577587,20.840851520188153,5.410219737328589,2.7744628267362716,0.4662555758841336,2.247925468143076,3.1937322565354407,3.076977526769042,0,4.57124341272749,11.819312194138766,3.5058457416668536,0.46768904151394963,1.9304477088153362,5.284657547874376,1.6837417006026953,0,,-5.36,-6.27,-2.02,84.50,121.94,898.51,141.29,1013.51,271.29,958.51,169.29,1035.51,169.29,993.51,197.29,998.51,266.29
66.144,0,0.81,0.10,1.63,1.84,1.66,2.10,1.63,0.80,1.54,94.97,24.74,-1.19,96.95,2.8492893613502384,1.1587748365476727,5.324856482399628,3.4873964109085502,5.562057680292055,36.869287678040564,5.971004036371596,2.3346451807767155,0,1.8152031610906123,1.397341885138303,6.8832765182014555,1.4396957899443805,0,4.482520379200578,4.5043095211125905,4.3313720296137035,8.333698954898864,4.8671068434696645,2.8717102573718876,3.930536154890433,,-3.78,-3.94,1.96,83.24,121.03,898.08,140.72,1013.08,270.72,958.08,168.72,1035.08,168.72,993.08,196.72,998.08,265.72
66.308,0,0.44,0.17,1.77,2.20,0.12,1.41,1.64,2.14,1.87,95.38,20.63,-2.79,87.31,4.702309950562194,0.28385665947571415,4.705721339141019,2.2239313725940884,2.6837636559456586,46.42280306480825,1.873608677019365,0,2.8733968986198306,1.5520733175054193,0,0,2.0385389970615506,2.1346004688646643,14.028056390341371,5.14118542958051,1.3574652918614447,1.2403911515139043,7.522916125077754,2.9403697524685413,4.3297481196932495,,-3.29,-5.64,-0.09,85.24,119.01,899.99,141.18,1014.99,271.18,959.99,169.18,1036.99,169.18,994.99,197.18,999.99,266.18
66.505,0,1.19,1.37,0.13,1.91,0.25,0.10,1.62,0.50,0.39,95.38,21.98,-4.20,95.84,4.164276237878949,1.8469440561719237,3.1884696607338263,5.363912165723741,2.501972305243835,14.47964728763327,3.5632886640494688,3.7151888247206806,0.8274099067784846,0.798141370732337,0.7510338630527258,0,1.2151854364201427,1.8956789921503514,12.052278940062969,4.765981844831258,4.544343244284391,3.319809311069548,2.2986150046903644,0,2.7381118121556938,,-4.51,-5.11,1.17,84.90,118.27,899.71,141.73,1014.71,271.73,959.71,169.73,1036.71,169.73,994.71,197.73,999.71,266.73
66.761,0,0.26,0.34,1.39,2.07,0.37,0.79,2.04,1.87,0.46,95.39,28.29,-7.18,89.17,5.227584009030833,5.050810344191268,3.1695381043571977,6.321366443242877,7.820185139477253,32.981784105766565,5.73201973864343,1.7516255670227112,2.9167027114890516,0.0677193865366279,7.1795832719653845,5.237200232455507,2.4818004607222974,4.873414276726544,7.327386658657343,4.05407473062165,1.6225099856965244,9.975831285584718,4.287049547918141,5.614592051599175,1.8245306457392871,,-3.37,-2.18,-0.78,83.01,121.34,901.00,138.67,1016.00,268.67,961.00,166.67,1038.00,166.67,996.00,194.67,1001.00,263.67
66.896,0,0.53,1.37,2.15,1.62,1.18,2.05,0.22,1.77,0.43,95.04,27.23,-3.87,87.47,2.8207145138736816,3.196242437278852,4.677635421729647,2.2815465826354924,8.082150221150368,29.151918455027044,4.462011038209312,3.3237754855304957,3.8534026364795864,2.3702298915944993,4.180879434105009,0.42897718003951013,5.628484107088298,4.850675659822301,9.310940102059394,0.9030616722349079,0,5.008003931026906,3.3264288209378723,2.010314850602299,3.7647382055874914,,-5.44,-3.46,-2.04,84.61,118.81,898.50,138.99,1013.50,268.99,958.50,166.99,1035.50,166.99,993.50,194.99,998.50,263.99
67.227,0,2.06,1.37,2.16,0.96,1.07,1.92,1.99,1.77,0.27,95.35,28.57,-1.33,95.30,1.9823242080165073,2.4193445261335,1.5247142666252333,2.2224727082904425,4.9396765740681445,19.132286611478776,2.935908422945067,3.183527730051428,0.5941574291791767,2.8734744121320546,6.584643236361444,5.730319913011044,0,0.016050593527034085,17.45345598347485,4.326627371576615,0,2.165701961144805,4.850313843293115,2.3622671489138156,0,,-7.83,-6.26,0.81,86.35,119.55,901.88,139.77,1016.88,269.77,961.88,167.77,1038.88,167.77,996.88,195.77,1001.88,264.77
67.323,0,2.19,0.04,0.76,1.14,1.16,0.81,1.18,1.51,1.63,94.56,17.50,-3.06,95.96,2.8240452950354666,0,5.504564768108539,3.554044131860137,8.524856145400554,27.32985479850322,5.860752109461464,1.84304100882262,3.40080689243041,5.208798353541642,2.0347000574693084,1.3300639789085835,1.079206029418856,5.192444478953258,11.038450871743262,0,0,6.358455609995872,6.008950782287866,4.54485317482613,0,,-4.49,-1.19,2.42,84.76,120.41,898.55,140.00,1013.55,270.00,958.55,168.00,1035.55,168.00,993.55,196.00,998.55,265.00
67.574,0,0.56,1.07,0.14,0.23,2.16,1.52,1.07,1.54,0.98,95.52,26.73,-2.30,94.54,0,0,2.231420803642832,4.341708811605349,4.962597742173821,16.12969635426998,1.0761167116463186,2.1897188120894135,2.4073075484484434,2.2998811825178564,3.5766071216203272,5.759432825725526,2.241241511888802,4.386483727199957,11.898730119671672,1.1369514635158704,5.982286625541747,4.524728870019317,6.702180507611484,3.7733378019183874,3.0159272365272045,,-5.82,-3.76,2.28,85.05,118.80,901.45,138.20,1016.45,268.20,961.45,166.20,1038.45,166.20,996.45,194.20,1001.45,263.20
67.654,0,0.28,0.03,2.09,1.70,0.81,2.06,1.51,1.25,0.49,94.62,19.87,-5.13,88.46,0,0.6299198761349545,3.951823954922147,4.811659364039079,5.017612249073572,43.50911219511181,1.745142001309432,0.9040823482908307,3.190291368868202,2.0590848631598058,0,3.504183830227703,1.7104722331278026,0.5778827501554042,8.854538891483099,1.5876293385075404,4.403739527799189,4.362636220641434,6.5608978524943815,3.5397182155866176,0,,-6.22,-1.50,3.33,86.80,121.90,900.98,141.03,1015.98,271.03,960.98,169.03,1037.98,169.03,995.98,197.03,1000.98,266.03
67.782,0,1.17,1.01,0.38,0.66,1.20,1.23,0.13,1.65,0.30,95.39,19.01,-6.62,95.97,0.16771722837351266,1.777450894191861,3.231504573794082,3.5161977989599107,7.824497885564342,50.14925155742094,0.5127028586575761,0.27395587302744406,3.0647169367875904,0.36643976215273133,0,5.099900671513751,1.5005781655199826,0.33675429217517383,9.327242625188083,2.790500052571297,5.1969804600812495,7.357436264399439,3.259623878272251,3.191145479446277,0,,-8.26,-0.51,-0.64,83.43,121.65,898.45,140.64,1013.45,270.64,958.45,168.64,1035.45,168.64,993.45,196.64,998.45,265.64
67.975,0,1.66,2.14,0.50,1.08,0.32,1.39,1.01,0.77,0.97,94.59,22.53,-7.18,92.76,3.3474597727786755,0.3990032450761647,1.0482948192395272,1.3554048927873374,7.950219080625102,16.46123176254332,3.6333426589611917,1.96005034500733,0,1.6264499770477414,4.9534752778708935,7.011909503955394,4.55986245861277,1.0919726354628803,8.185914124194532,2.8363847792986783,4.585357290692627,10.05877969507128,5.345536963744089,2.5138209122233093,2.971128503093496,,-6.10,-2.53,0.11,83.95,121.38,901.38,140.45,1016.38,270.45,961.38,168.45,1038.38,168.45,996.38,196.45,1001.38,265.45
68.169,0,2.13,0.88,1.76,0.42,1.02,0.52,2.12,0.50,0.85,94.97,30.52,-7.54,91.63,2.3946418615197764,4.6621533811790865,1.608454031916335,1.8549132353905589,7.871868840213865,33.12163788685575,2.5049043100094424,4.810074629280717,0,1.162486073747277,4.5198458433151245,0.08156844321638346,3.4696125802583992,3.66092452256009,5.760738166719676,0.4492166765639558,0,0.9655810697004199,4.401742502450944,0,2.410425795475021,,-8.90,1.27,1.92,83.04,122.96,898.73,140.15,1013.73,270.15,958.73,168.15,1035.73,168.15,993.73,196.15,998.73,265.15
68.286,0,1.91,0.75,0.81,0.33,1.30,1.86,1.67,0.00,1.21,95.03,23.13,-3.51,89.86,1.0775559795740994,4.442641129065305,3.406991949938238,2.581230824496597,7.197103280504234,12.457241342402995,0.9323953761719168,0,2.7628699878696352,4.736388123445213,2.8582848091609776,0.6772773852571845,1.1248138574883342,0.5976928048022092,12.766242640595884,0.3162503785267474,0,1.0206326534971595,8.689697890519165,1.6161767218727618,2.4236243781633675,,-6.86,-3.84,-0.77,83.42,118.68,901.82,141.62,1016.82,271.62,961.82,169.62,1038.82,169.62,996.82,197.62,1001.82,266.62
68.603,0,2.00,0.00,0.19,0.67,1.64,0.42,1.90,1.34,0.92,95.57,18.73,-3.10,88.26,5.63027892050799,2.056486764573492,4.8350554078537975,0.7102475688513374,4.222513796407729,43.079330121632665,3.3385341104352846,0,1.9664386718068272,3.343997519612312,3.0198888047598302,2.9072996319737285,5.495812939479947,0.975375215765089,12.010219740588218,3.67814610961359,2.1409876253455877,6.802398479543626,4.923623913843185,0.09755607997067273,0.25998570467345417,,-8.68,1.46,0.58,85.85,121.14,899.48,141.07,1014.48,271.07,959.48,169.07,1036.48,169.07,994.48,197.07,999.48,266.07
68.932,0,0.15,0.78,1.00,1.55,0.86,0.66,2.15,0.03,0.78,95.15,19.33,-2.73,55.30,4.680877930191345,3.722847283235751,4.4609981719823555,4.251542512727902,4.77422499677632,50.03316145436838,4.237839541630819,0.8576628822833299,1.8928331872448325,5.2521854309923945,1.4207322131842375,1.4494917991105467,0,3.6373166105058043,9.303497531078756,0.6982208824018015,4.409789496101439,9.88984799804166,5.480112435366027,1.6789298416115344,2.9281522741075605,,-4.63,3.05,1.61,84.37,119.49,901.22,141.97,1016.22,271.97,961.22,169.97,1038.22,169.97,996.22,197.97,1001.22,266.97
69.101,0,1.31,1.60,0.30,1.80,1.33,1.39,1.57,2.01,0.20,95.66,26.68,-5.51,96.63,1.6672571364184843,0.5099107777001337,3.745474140127189,6.086483994750306,5.283933895048685,33.116320001892745,5.770149381295778,0,0,1.6941992682777345,3.052753529045731,2.847140383441001,2.6120773614384234,0,13.28163813168183,0.19116322688292708,6.202811733353883,3.8888224260881543,4.918581731389277,1.5504625306930393,0.08290871931239963,,-6.13,-2.09,-0.44,85.03,122.90,899.04,141.02,1014.04,271.02,959.04,169.02,1036.04,169.02,994.04,197.02,999.04,266.02
69.295,0,2.17,2.04,2.05,2.17,1.39,0.10,1.04,2.00,0.46,95.28,17.70,-0.50,96.07,3.5125748349446804,1.9496300210710613,0.6785116830887272,5.566237193811684,5.2159137725364415,34.139740081038326,2.3839153275825087,1.8394027717225256,4.739923708839342,4.455115467589349,3.009955808054656,4.484329793136567,4.5293613080866635,0.8415895952936263,11.150908700805157,0.32150225282646705,2.7320955162867904,10.927383677102625,4.3870076948311185,0,1.6242936600465328,,-5.28,0.87,-0.35,86.50,121.03,900.28,139.16,1015.28,269.16,960.28,167.16,1037.28,167.16,995.28,195.16,1000.28,264.16
69.503,0,1.90,1.34,0.73,0.28,1.71,0.38,0.68,1.45,1.98,94.83,26.94,-2.20,92.23,2.9465356274321675,5.025259379483759,2.166695598321967,5.030975854936987,8.747559613385238,48.173424425534904,1.5120935869868846,3.0394063143245877,2.5213273530825973,2.741604652106762,3.0075888661667705,0.9301879715640098,4.84083457197994,1.807195756295696,10.290824344903232,0,1.9827737901359797,2.782670152373612,7.755934741604142,3.594792469870299,2.8790776098612696,,-3.99,-1.98,-0.24,85.81,117.31,901.32,138.62,1016.32,268.62,961.32,166.62,1038.32,166.62,996.32,194.62,1001.32,263.62
69.781,0,1.08,2.19,1.40,0.19,1.00,1.82,1.76,1.19,2.14,94.72,20.91,-4.49,94.23,4.962098115929402,2.339251312543638,3.1718411342054607,2.386642119875178,7.453619606890715,38.93401033896953,1.845737100066617,4.6349267407879235,4.96953672519885,4.339448137227446,3.3244449659250677,1.3918528140056878,2.9309687996283174,1.9431998546049,9.117731332965196,0.7527863166993485,0,1.2847687765024602,8.302771658296697,4.15777399786748,0,,-6.54,0.22,4.67,85.43,118.35,898.95,139.16,1013.95,269.16,958.95,167.16,1035.95,167.16,993.95,195.16,998.95,264.16
69.985,0,0.22,0.85,2.18,1.58,0.99,1.38,1.39,2.13,0.65,95.27,30.54,-4.36,90.07,1.3487285526702184,2.788680687989108,4.298636209201067,4.1335501535516235,3.6093289990909394,27.442526869941503,4.362462907261215,0.8679021455720068,3.6343980585224926,3.0966971749812364,3.556963350623846,0,2.9029636094346642,0,14.067976496815682,1.4944783792691307,2.480273691471666,7.565196730662137,8.882102327235042,1.5095610523130745,0.940985277062282,,-7.68,-0.80,3.65,86.33,117.66,901.94,138.71,1016.94,268.71,961.94,166.71,1038.94,166.71,996.94,194.71,1001.94,263.71
70.156,0,0.12,0.44,1.75,1.06,0.38,0.22,0.11,0.29,0.57,95.62,22.25,-6.11,91.26,2.1365936000971124,4.369838361046277,2.450204944568686,4.414636364271864,3.942756617693231,36.45850634947419,2.993627529591322,5.03749232692644,2.2055582941975445,3.4456786602921783,5.067445180378854,3.392673117108643,8.463379941880703,1.702240193178877,11.467347040493042,3.6937049487838522,1.2710387669503689,1.821796934120357,4.431714283293113,4.63243522378616,1.889392153127119,,-6.78,2.90,3.85,83.93,122.92,899.43,141.66,1014.43,271.66,959.43,169.66,1036.43,169.66,994.43,197.66,999.43,266.66
70.406,0,1.44,0.59,0.29,2.09,1.34,0.35,1.93,0.36,1.50,95.17,29.76,-4.60,88.09,0.6059046149766072,1.9271110717440028,6.277065120791085,1.347207228606567,4.315056046047248,42.59417333640158,4.676168053387665,1.7309044733457268,6.151424924843013,2.9496043147705495,3.196123348083347,1.254828464007005,1.7308307569473982,2.4073080434370784,9.541024400833994,5.343474940615707,0.5215852246619761,0,3.7936951000383123,3.7640941569115967,96.16324866423383,,-7.15,3.58,3.61,84.78,118.76,898.91,141.01,1013.91,271.01,958.91,169.01,1035.91,169.01,993.91,197.01,998.91,266.01
70.701,0,1.42,1.59,1.29,0.70,0.03,0.72,1.57,1.20,0.67,95.68,26.06,-5.68,91.58,1.5819974810723219,1.908029189379886,2.067073025526479,5.362264771349729,4.0106493238033725,40.916634040884674,5.551809796970337,1.6063607980683448,1.6986848888918757,5.275964158177375,4.6105148191563785,0,6.784853304270655,4.4161467732861635,4.567625851687044,3.2905458962824197,5.371592458337545,3.2623148495331407,5.992149318805896,0,2.986113578779623,,-3.98,4.01,2.58,84.48,121.13,900.83,140.79,1015.83,270.79,960.83,168.79,1037.83,168.79,995.83,196.79,1000.83,265.79
70.929,0,1.21,1.01,1.61,2.08,0.75,0.59,1.37,0.84,0.40,94.79,22.82,-1.69,64.91,1.0089058836270124,5.65558994426392,0,1.4387138522975147,7.644524933821522,20.97244787355885,1.0180143250850962,0,1.0885710227303207,2.398256980013102,1.0357440817169845,4.7919304254464805,0,3.9480756535753607,13.885859848130494,0.6400429813470692,0,9.685779245570302,5.032705985275097,6.039691125974059,0,,-6.45,5.49,3.59,85.25,118.75,900.23,141.72,1015.23,271.72,960.23,169.72,1037.23,169.72,995.23,197.72,1000.23,266.72
71.128,0,1.74,0.39,1.32,1.81,0.91,1.73,1.40,0.54,0.92,95.30,21.34,-4.44,88.73,4.370781990033574,5.029540225001983,4.695129380682483,3.17515498184599,6.540569476895034,23.628382268361747,4.671194953774102,2.321548890732229,3.664435822283849,5.493737410567701,5.957841977477074,2.1322532079648226,5.223689152859151,1.050304329302162,4.4292069649882615,2.2418765885243195,4.905505322851241,0,5.994816588182003,1.1781357384752482,2.7423071055673063,,-3.58,4.55,0.78,83.04,118.57,898.34,139.58,1013.34,269.58,958.34,167.58,1035.34,167.58,993.34,195.58,998.34,264.58
71.419,0,1.28,0.91,1.82,0.17,0.46,1.68,1.46,1.10,0.42,95.35,21.58,-3.27,87.09,3.0880781678250058,0.27906341764610243,3.7292254622653127,4.584835841516033,7.592475420795381,19.9994148327969,2.737991931429133,2.872401023693383,1.5366008386481553,3.1353187728114427,5.924447927623987,0.6146609967108816,5.956663792021573,0.15812578205019223,3.4041490069217977,1.856460399129428,1.9808641853742301,0.6327541461214423,7.648705103434622,5.090488597983494,0.6324911622796208,,-3.92,4.06,5.12,85.40,119.75,899.98,140.77,1014.98,270.77,959.98,168.77,1036.98,168.77,994.98,196.77,999.98,265.77
71.649,0,1.12,0.76,1.69,0.07,1.22,0.56,0.98,0.11,1.42,95.17,25.89,-4.42,94.20,4.459355064104312,2.831772424583323,2.588476351648569,0.41379901655949647,5.79444892980624,41.63607791950926,5.763029862078838,0.8006342632696035,3.724068327108398,2.7284801468253135,2.4480360285378993,4.877942817984149,2.555136603768915,4.538724394366145,10.10502475310117,4.344538598409854,2.2138549741357565,2.0989865995943546,8.141793332486413,4.396759677445516,2.843446108745411,,-5.83,2.46,1.85,83.23,120.61,898.25,138.88,1013.25,268.88,958.25,166.88,1035.25,166.88,993.25,194.88,998.25,263.88
71.833,0,0.56,1.42,0.57,1.91,1.50,0.15,0.13,0.91,1.19,94.91,27.78,-4.32,92.24,4.230582000399009,3.5777584147173913,3.0484193873545156,4.8594037438929085,5.438119673822075,44.47432140214369,3.571065160189755,0.2005488648824394,5.763867639936507,3.9529381467960776,0,1.7047133741434664,5.585025317966938,2.0948073067422954,8.08681927094236,1.9915498212259264,6.083112515509129,4.649371675681323,3.9539807633496826,2.8412990127690136,2.543167496100068,,-4.89,8.52,4.11,85.80,118.74,901.25,139.98,1016.25,269.98,961.25,167.98,1038.25,167.98,996.25,195.98,1001.25,264.98
72.041,0,0.34,1.23,0.96,1.62,1.94,1.82,1.53,0.35,0.08,95.59,30.87,-0.86,92.36,3.7237975374495464,0.4359022402480628,0.31452659729402477,3.4869285250786404,8.465748334657402,41.377364898100495,5.210982582531869,1.9112841446883975,3.2170029955450445,1.1221757131814956,1.974688361864537,2.8233861406333745,7.544895318802446,1.1238531899917872,11.100734257720143,0.5653988171534468,5.109587617684156,5.222002243157476,8.859124871958048,1.1377962860278785,1.3017342954408377,,-3.29,5.63,1.46,85.07,121.12,901.59,139.65,1016.59,269.65,961.59,167.65,1038.59,167.65,996.59,195.65,1001.59,264.65
72.256,0,1.44,1.04,1.82,1.96,0.18,1.12,9.79,0.46,2.11,87.83,25.82,-0.22,90.01,4.385789832217441,8.820687246145383,5.586362985912711,5.7905837909240425,6.949746680627577,15.96529136132449,0.9829607338644566,0.45667370347306147,0.786714889574796,5.309877664744854,2.4472596617415547,1.921609964221716,3.2428860194049776,1.2644051773473621,14.966735685232788,3.2794671616198574,0,9.685350423678756,2.4576402236381547,3.5537640461698174,4.304142479086295,,-2.56,7.89,4.49,83.15,120.66,899.53,140.03,1014.53,270.03,959.53,168.03,1036.53,168.03,994.53,196.03,999.53,265.03
72.489,0,1.02,0.79,1.88,2.07,1.45,0.97,34.66,0.53,1.15,66.05,36.15,12.32,94.09,11.705933889072156,20.187223890712097,2.1189500855607912,21.895364409230183,5.433876450010575,22.0347360833548,6.48083842182532,4.060825122408569,3.3478617898654193,0.09291602153331047,3.8755366997793317,5.355233876500279,5.437940463423729,5.036323358872906,29.10036104175045,11.994101104462287,0,3.478890450671315,6.9358544664224615,3.967710063094273,3.4738515622448176,,-2.50,3.11,5.71,85.40,122.34,901.32,138.41,1016.32,268.41,961.32,166.41,1038.32,166.41,996.32,194.41,1001.32,263.41
72.721,0,0.52,0.98,0.11,0.78,1.64,1.22,49.16,0.39,0.88,53.01,46.27,17.79,91.01,16.973304674137047,24.748577351690642,5.447396044381894,30.977966085459364,3.3617952884640543,49.4534445325844,2.0991605785675347,4.807922519836575,2.9455714060459286,4.563992883879692,0,0.16258472832851112,3.9110810458660126,4.85905716300942,29.1101213099505,17.61928258641217,5.395426040049642,3.620945460163057,7.275819331081585,3.590330428443849,0.34294750168919563,,-3.39,3.09,2.64,84.43,118.36,901.09,138.27,1016.09,268.27,961.09,166.27,1038.09,166.27,996.09,194.27,1001.09,263.27
73.030,0,0.12,0.03,1.08,1.99,0.58,2.12,60.60,0.37,0.10,42.31,50.00,22.64,95.19,19.175135916264423,29.59617484574777,4.593282854743302,39.280698770373455,2.786550424643792,30.55141489300877,4.0863697655498985,0.9148556560091676,6.970012482022867,2.0871081513725223,3.798532359302044,1.831437439424917,6.414374751504511,2.6214185909926893,36.708351160806515,20.562939003182272,4.747430622577667,3.141678554471582,3.6748809319688007,7.232463723281398,3.875588135328144,,0.96,5.13,3.96,86.52,119.10,900.29,138.97,1015.29,268.97,960.29,166.97,1037.29,166.97,995.29,194.97,1000.29,263.97
73.108,0,1.74,0.76,1.12,0.91,2.15,1.98,70.80,0.86,2.17,33.51,50.38,25.66,92.69,21.39555291450555,36.903453663844786,4.239314595535397,44.793764849267355,8.18640752273146,46.30371685232967,3.7889048144686965,0,0.35926113137975335,1.0724368846789005,0,1.5514464790467173,4.573122002184391,1.4991951548680662,36.140338769678905,24.07072184574763,5.259866933338344,2.094796990044415,9.065442562992684,1.4953732038848102,0,,-1.45,9.04,5.36,86.81,119.05,901.96,140.63,1016.96,270.63,961.96,168.63,1038.96,168.63,996.96,196.63,1001.96,265.63
73.267,0,0.09,1.19,0.15,1.36,0.58,0.13,79.15,1.34,0.24,26.10,55.37,30.06,91.16,25.37450282885097,43.49006771115214,0,50.250013996537035,5.989207441047765,48.46482975501567,2.56755187867675,3.3903453361615536,5.296174921095371,0.9479145850799977,5.136693499982357,2.3457831118721515,4.085095692425966,2.034907303582877,42.117252117995925,26.29181711425409,0,10.105386955663562,4.967768012690358,5.628081649076194,2.0416475103702396,,1.79,6.93,5.50,83.31,119.18,899.62,141.62,1014.62,271.62,959.62,169.62,1036.62,169.62,994.62,197.62,999.62,266.62
73.458,0,1.98,0.85,1.69,0.74,0.33,0.73,93.07,0.87,0.64,13.07,66.28,32.49,93.97,30.186683889226558,46.153604529781795,1.7051152560906484,55.61897583613086,2.3993655823823063,40.0376913594082,6.004143886826933,4.236554109659046,0,0.45438896410167207,2.572798954322934,2.966117884963751,1.029632565099746,5.345576169164851,42.73234518681286,29.652722228215577,6.273469767998904,8.129699093755335,8.285527520524338,2.1445234180428088,0.3260847113560885,,0.52,5.82,5.00,84.54,118.24,900.77,141.00,1015.77,271.00,960.77,169.00,1037.77,169.00,995.77,197.00,1000.77,266.00
73.560,0,1.07,1.74,0.94,1.44,0.93,1.87,89.46,0.47,1.99,16.00,66.22,32.14,75.13,27.47689189225862,48.97538956716437,3.0185558228427545,57.921562445935955,8.011602022582665,22.838323804549873,3.9406711644493044,0,4.822485510492697,3.942201596070081,2.4922024765983224,2.27813602774404,1.776642881333828,0,37.96544502700317,30.33244180546569,1.9458554545417428,0,8.384756217645482,2.124203184619546,0,,1.26,3.79,5.66,86.28,122.50,899.18,138.19,1014.18,268.19,959.18,166.19,1036.18,166.19,994.18,194.19,999.18,263.19
73.692,0,0.80,1.40,0.22,0.04,0.23,0.64,76.19,1.83,1.58,28.03,57.93,26.96,91.83,22.99169477015608,41.783187825106474,5.865729595050215,50.015250477806944,4.08794468737673,20.333556847646832,0.1769135349197315,0.964482756741345,3.6208877491299063,0.6631369644030931,1.747956370934844,5.608225075062364,0.07162687322124839,1.517078341897577,40.7975473127249,27.629530894773687,0,9.130198158789426,7.311213932973333,5.583103211596608,0.11606275825761259,,-0.80,4.71,3.45,85.52,121.18,899.07,140.78,1014.07,270.78,959.07,168.78,1036.07,168.78,994.07,196.78,999.07,265.78
73.932,0,1.21,1.46,1.32,0.94,2.10,0.65,69.95,1.50,1.84,34.45,52.68,22.09,88.98,22.312041198030634,37.97466208417366,4.740872113960796,43.3663587758626,8.6253099032538,27.81551789538935,2.7707001433242113,3.403342117574066,2.7013481850735843,0,0.5302691459655762,0,4.214226478245109,1.923630705298856,38.5373709053131,20.44643530903995,0,4.410258052870631,7.353912203940563,1.2240965287201107,0,,2.85,10.27,5.88,86.76,121.98,898.14,138.85,1013.14,268.85,958.14,166.85,1035.14,166.85,993.14,194.85,998.14,263.85
74.236,0,1.96,0.98,0.91,0.28,0.16,2.00,48.48,1.62,1.21,53.86,41.15,13.78,78.10,15.35753282090134,24.57401497263845,4.92304009933956,28.25521271304129,5.607984841950238,21.955668192822486,6.295420999522321,1.3168786528520284,3.669504932127893,5.524364733006806,0.43214815808460116,5.840557878371328,4.801497777923942,4.388375345058739,29.50852187124947,13.544587917564876,0,3.0823731855489314,3.2252652998268605,0,0.22313233581371605,,3.32,4.41,5.82,83.69,121.01,901.88,138.85,1016.88,268.85,961.88,166.85,1038.88,166.85,996.88,194.85,1001.88,263.85
74.553,0,2.03,1.42,1.70,1.15,2.15,1.28,26.75,1.07,2.07,73.09,33.59,6.03,96.69,11.838658278199278,13.628271875229963,0.9866141219483691,20.08926432001664,5.764310702909715,37.85282108001411,5.322272381396033,2.5860910749062898,1.728347519878298,3.841388818435371,3.25020495057106,0.5870351884514093,5.481250771321356,3.6318922836054117,24.700943167621137,9.339764284311228,3.3774221260100603,5.095227252691984,7.067672968669795,2.7995646209456027,5.5410074887331575,,2.09,9.12,2.08,84.29,120.07,898.25,141.12,1013.25,271.12,958.25,169.12,1035.25,169.12,993.25,197.12,998.25,266.12
74.820,0,2.04,2.14,0.86,0.73,1.17,0.73,7.94,0.57,1.12,90.06,26.82,-1.44,94.01,4.76335917548488,4.4252426096583894,6.390561625477858,5.567339135803788,7.692905522994697,38.42291968688369,3.886089694267139,5.241209265161306,1.6983414175920188,5.223995763678104,3.8245844333432615,3.7139710516203195,4.753699243068695,4.320465800305828,9.00562902658218,6.4485338923542495,1.649498287588358,8.371393507812172,8.209125110358,2.5118700528983027,0,,3.91,6.73,5.20,83.87,121.82,899.60,141.61,1014.60,271.61,959.60,169.61,1036.60,169.61,994.60,197.61,999.60,266.61
75.068,0,1.99,0.45,0.13,2.19,0.66,1.29,1.87,0.52,0.48,95.12,20.18,-7.65,92.26,0.5307278262916952,1.2928774117026478,4.3791762516833845,6.071098867878318,3.3151242131460457,44.4222129881382,5.290828071837313,3.2309369133412837,0,4.185325444340706,2.7340414943173528,0.16435666917823255,2.3511218461208045,3.698383117876947,13.632042024284601,1.6073821608442813,5.479961147997528,1.9066512798890471,6.249347143964842,0.8796328797470778,0,,1.39,10.43,2.07,83.04,119.78,899.42,140.17,1014.42,270.17,959.42,168.17,1036.42,168.17,994.42,196.17,999.42,265.17
75.287,0,1.26,0.98,1.65,2.20,2.12,0.96,0.89,1.74,1.73,95.11,18.58,-3.31,87.62,0.11825968532823028,0,3.0424440122954546,0.848193018753082,9.432108408142813,22.347160574048758,3.8962662053061647,1.058677077163011,0.6432817159220576,0.3671433214657007,8.145386824384332,4.992164813214913,3.3532791598699987,3.7349202966690065,7.5726677946932615,3.0048718971107156,3.3225798667408526,1.8228439395315945,4.525527393701486,0,0.9836036784108728,,1.99,8.28,2.38,86.24,119.90,899.42,139.37,1014.42,269.37,959.42,167.37,1036.42,167.37,994.42,195.37,999.42,264.37
75.415,0,1.64,0.59,1.01,0.41,0.04,1.83,2.04,1.48,0.14,95.25,18.00,-4.65,91.95,2.320191713576205,1.685372125101276,1.8775007688067853,5.773264227556065,3.8026933885877954,11.298779185395688,0.8162222378887236,1.1785847998224197,0,0,3.6925886389799416,0.5508471096400172,0,2.321027928441763,13.707216699868441,4.9170928353769705,0.21457516960799694,8.573272794950753,7.883190246042796,3.8424004572443664,1.8912915349937975,,3.22,5.56,6.30,85.51,121.39,901.88,139.30,1016.88,269.30,961.88,167.30,1038.88,167.30,996.88,195.30,1001.88,264.30
75.536,0,0.14,1.99,1.20,0.62,1.64,0.23,1.03,0.02,0.69,95.56,25.46,-7.89,87.95,3.257018901198171,5.3855918803950775,1.5739636209607126,4.203186865532771,5.643552180971019,37.17411412904039,2.9148989179171623,0,3.0460690543986857,2.828508276343346,1.6475315554998815,1.5429957930464298,0,1.8488271943852306,6.672487556263804,5.1071581133501605,3.0332414717413485,6.619418799877167,7.3185306370677425,4.424248372204602,1.2405601758509874,,1.44,11.32,5.76,84.33,121.94,901.91,141.25,1016.91,271.25,961.91,169.25,1038.91,169.25,996.91,197.25,1001.91,266.25
75.770,0,0.73,1.21,0.98,2.10,0.19,1.33,1.54,0.23,0.11,94.78,24.27,-1.46,91.07,4.890600895299576,3.3581465523457155,3.6845960794715213,6.614804849373177,3.375849484330974,21.471730277873576,2.7074765665922316,1.0264893488399687,0.7176031635608524,0.26065294409170736,0.7214858802035451,3.0633839648216963,7.2441439758986235,2.907779146367684,6.620523976627737,0,2.4854867751710117,7.5586522915400565,8.031049950872548,4.92416481138207,2.8339792750775814,,6.54,4.75,1.35,86.41,118.29,901.04,139.19,1016.04,269.19,961.04,167.19,1038.04,167.19,996.04,195.19,1001.04,264.19
75.930,0,1.77,0.01,1.59,1.14,1.64,1.33,2.07,1.59,0.86,95.08,23.54,-2.18,96.52,3.920929807545617,0.2402058073319493,2.3485536925680934,3.2091217822022733,5.65318359669298,47.29171228362247,5.317460831906646,1.341007563341409,0.02406812342815101,3.2011329649202525,5.328595192171633,4.34286202583462,1.7433669813908637,0.2876331103779375,11.77845459446311,0.4303603951074182,2.2019639406353235,9.06527682999149,7.8689592399075625,5.309196896152571,4.67831279989332,,4.20,9.58,4.34,83.40,118.21,899.68,141.41,1014.68,271.41,959.68,169.41,1036.68,169.41,994.68,197.41,999.68,266.41
76.018,0,0.68,0.21,0.24,0.22,1.98,0.16,0.47,1.73,1.23,95.39,29.39,-3.08,95.53,3.2108959268638864,1.605233180592768,1.3661118393437937,0.29331624546088264,6.8615819129860025,40.37951302016154,5.602071027224883,1.8499590834230184,2.279784735525027,0,1.6996836732141674,3.1905224877409637,5.336682422552258,0.9411155117210002,13.955759630277754,4.082603937634267,0,6.148460796568543,9.17984849626664,4.323930941754952,2.216067799832672,,2.01,6.53,6.19,84.44,121.22,899.15,141.36,1014.15,271.36,959.15,169.36,1036.15,169.36,994.15,197.36,999.15,266.36
76.108,0,1.32,1.68,0.55,1.53,0.53,1.88,1.03,1.88,0.81,95.05,24.96,-1.89,60.48,0.048935813023708974,0.3332573108142243,3.8416747424192725,1.2579917149152609,5.176920283101499,37.62037615291774,4.342008453374729,4.659047379475087,3.2891610637307167,2.5014054891094566,2.555997608229518,2.6648924336768687,4.828977517783642,2.7877268101461232,12.223741039000451,0,1.614770288579166,0,7.08829782275483,1.8774923514574766,1.3371874974109232,,6.70,7.92,4.19,86.09,121.61,898.24,140.39,1013.24,270.39,958.24,168.39,1035.24,168.39,993.24,196.39,998.24,265.39
76.185,0,1.40,1.82,0.06,1.71,1.17,1.90,1.25,1.97,1.45,95.11,26.10,-3.37,87.29,2.0815269355103374,3.982454564422369,5.675194484884851,2.638555591180921,3.7962874616868794,35.93965842574835,0.4839123666286467,4.929015287347138,3.6565616929437965,5.263456475511193,3.348615125287324,4.63109729369171,2.245133275631815,0,15.928422030527145,1.6288433861918747,3.226105574518442,1.274625914171338,4.923100516181439,6.833248454378918,0.60087980912067,,5.36,8.31,4.59,83.75,117.26,900.38,140.14,1015.38,270.14,960.38,168.14,1037.38,168.14,995.38,196.14,1000.38,265.14
76.393,0,1.50,0.67,0.37,1.12,1.58,1.64,0.62,0.06,0.94,95.66,18.87,-2.34,92.26,1.951050061010756,4.702419618354179,4.69907619648613,2.5907457161601632,8.388464392293244,14.339070669841021,1.6546589819714428,4.258685272857546,6.64400157216005,0.056990647837519504,0,0.6587770341429859,1.1574262068606913,1.6910939090512693,9.143222047183663,0.11668367836158744,4.014644322451204,6.9366669440642,6.2272489538230005,2.1840212950482965,60.88490320369601,,4.01,6.73,4.85,86.83,118.60,899.91,139.23,1014.91,269.23,959.91,167.23,1036.91,167.23,994.91,195.23,999.91,264.23
76.581,0,0.89,1.80,1.93,1.92,2.07,2.01,0.29,1.20,0.32,95.48,26.08,-0.69,90.50,1.8787258510617542,2.0529822846176105,4.216707336036489,0.4778081214521084,4.7962634288007395,30.22993209771812,6.82759416801855,4.864021848607809,1.0006243935786188,0.8734689092077317,1.0207481472752988,0,6.010316231288016,3.529756628535688,3.3297359097190204,3.3325742439879105,1.8555430849082768,0,9.49423623548355,2.809708245564252,74.35222164588049,,7.67,10.67,3.12,83.08,119.76,898.77,140.22,1013.77,270.22,958.77,168.22,1035.77,168.22,993.77,196.22,998.77,265.22
76.740,0,2.15,0.79,1.65,2.15,1.18,1.96,1.58,1.75,1.19,94.77,21.95,-7.69,90.70,3.9172125890199094,0.049666838999837815,5.828372227959335,1.6761865071766082,6.949878009380773,46.05135836265981,5.486495456565171,1.277452760115266,6.173167103435844,5.236973269041628,2.6342273424379528,3.768988383933902,6.426771457772702,0.1196087413839999,13.18775906957686,3.465639661885798,2.1154979201965034,2.447368227876723,3.848611102616415,1.9886033500079066,2.6829212405718863,,2.98,9.90,1.28,85.47,118.43,900.47,139.74,1015.47,269.74,960.47,167.74,1037.47,167.74,995.47,195.74,1000.47,264.74
76.852,0,0.92,1.14,0.74,1.87,1.46,0.33,0.83,0.05,0.08,95.66,24.05,-0.06,96.09,1.9296808640519156,5.0467030904488634,3.8111349915666506,4.563760166736319,6.11688116886653,14.980652259197086,5.025528298201971,1.4144883610121908,0.39905064459890127,3.262697722483426,0,5.801136807305738,5.51031962223351,2.9059126419108363,10.048177889753134,3.531446976508014,3.9672177149914205,4.788373452611268,4.1784620700869715,3.8563732688780874,96.36272287974134,,4.53,10.11,4.11,84.80,118.44,901.20,138.40,1016.20,268.40,961.20,166.40,1038.20,166.40,996.20,194.40,1001.20,263.40
76.947,0,2.03,1.03,2.15,0.92,1.97,0.05,1.02,1.55,0.70,94.77,28.53,-0.75,94.49,0,2.9655080758268015,2.290624216380529,3.832094393698499,7.43848701339215,24.170130864251405,3.0743070284370333,5.498136634938419,5.258905057562515,0.18738179331645366,0.880869812797755,2.4815312165301293,4.768458911217749,1.1364618161972615,13.171249605566263,1.777085406011902,0.0753272445872426,6.173878636211157,5.412754635065794,0.33095623226836324,0,,3.05,10.35,2.99,85.10,118.11,899.63,140.75,1014.63,270.75,959.63,168.75,1036.63,168.75,994.63,196.75,999.63,265.75
77.073,0,0.76,1.83,1.91,0.12,0.96,1.10,0.05,0.43,1.53,95.32,29.35,-1.44,59.27,4.109395039258525,3.0509901425335557,1.4807121672201902,2.1707928889803587,4.118922196263448,44.847401175647974,3.79356880558189,4.993616024423391,0.05842558387666941,3.4139438740722836,6.94783219601959,0,3.2538479268550873,2.2342799170687795,6.519926222618668,2.6057437612582,1.8057158668525517,5.363678393419832,4.642551238564774,5.238034886075184,0,,3.01,8.75,3.06,85.75,118.26,899.78,140.19,1014.78,270.19,959.78,168.19,1036.78,168.19,994.78,196.19,999.78,265.19
77.169,0,0.82,1.35,0.56,1.15,0.22,1.99,0.39,1.65,1.76,95.27,19.40,-4.73,85.85,4.309721052725799,2.5845104506472127,2.009740041694604,5.610567403929308,6.365959750884213,49.35258567938581,1.912011402635835,2.3485927802324293,0.32638639211654663,4.867377929072827,1.148490019608289,5.599082686007023,5.874344231095165,4.870529592605308,10.966930321920664,2.6142443461855875,1.8109349678270519,1.2321302397176623,7.953718530456536,4.439818534767255,1.033313210355118,,7.98,6.64,5.29,85.55,119.79,898.37,139.46,1013.37,269.46,958.37,167.46,1035.37,167.46,993.37,195.46,998.37,264.46
77.475,0,0.25,1.01,0.39,1.91,0.26,0.96,1.31,0.74,0.14,94.92,27.19,-6.10,88.06,3.77996347182896,0.21101187241729358,4.091080162939615,2.5433901997748762,5.681904816604219,34.86787978792563,3.8192672135308383,3.6919160429015756,1.2217301793862134,5.111912475209683,5.256607946008444,1.5929321700241417,2.692688267212361,3.0232083049882204,12.118008210528643,5.277277957336046,0.8308866326697171,0,5.191841845889575,0.2728211162611842,1.426466926932335,,4.86,4.73,3.45,83.38,121.77,900.30,138.77,1015.30,268.77,960.30,166.77,1037.30,166.77,995.30,194.77,1000.30,263.77
77.680,0,0.93,2.19,0.69,2.14,0.32,2.02,0.49,0.14,0.90,95.04,18.61,-4.16,89.36,4.214338291627355,5.16093735343311,0,3.0357052300963554,7.814072986124083,25.405715881846845,5.1200258255004885,5.07191108552739,4.025874776998535,2.7756919670850038,5.879236592911184,3.03255710657686,2.6115119294263422,0.09096621724776943,11.353666242994368,4.3993721350608395,0,6.936782216653228,3.0190881748031826,4.1616482343524694,1.0248817114625126,,3.01,4.01,3.66,85.47,120.64,900.06,141.70,1015.06,271.70,960.06,169.70,1037.06,169.70,995.06,197.70,1000.06,266.70
77.803,0,0.72,1.88,1.06,0.01,1.52,0.37,1.70,0.10,0.11,95.07,30.71,-0.63,94.00,0,0.6836291819810869,0.7575581239536406,1.116154645178467,3.782277583964169,32.90761486347765,1.3427098621381446,1.957158908136189,0.16770201409235597,1.307601019758731,0,4.363586615305394,2.51414737617597,4.687779619656503,6.074643342234195,0.986333916503936,6.583384161349386,5.946698211599141,5.295793728027493,2.714305512374267,4.647489228984341,,6.63,7.27,5.44,85.62,118.13,900.55,139.22,1015.55,269.22,960.55,167.22,1037.55,167.22,995.55,195.22,1000.55,264.22
78.006,0,1.05,0.08,1.03,1.76,1.98,0.14,1.93,1.48,0.35,95.44,22.91,-1.46,65.11,4.0016486825142055,0,5.566076038158499,5.265078054089099,4.160424622995778,24.644852394703776,0.8322420355398208,1.0633122876286505,4.612515072571114,2.360433386787772,0,4.569414010038599,3.4117548395879567,4.001384702371434,10.65011278020218,1.8677390817925335,4.104336525313556,9.777628406882286,7.574090017443523,3.179028619080782,0.7790996879339218,,6.08,8.58,2.49,84.95,119.56,900.79,139.98,1015.79,269.98,960.79,167.98,1037.79,167.98,995.79,195.98,1000.79,264.98
78.144,0,0.41,1.50,0.73,1.29,2.19,1.05,1.33,0.22,2.16,94.64,26.48,-7.66,93.79,5.17279463419225,0,5.796734193274752,3.935522096445784,9.049195888009853,15.217243135906756,2.8824509122176094,0.9589704322256147,5.464943694416434,0.9966821439750495,3.9070889465510845,0,4.220631861593574,0,10.190839766934515,4.105947972931899,4.529417021200061,2.4831814020872116,7.940118196583353,4.426082400139421,92.06807170016691,,7.63,4.76,3.69,85.98,120.48,899.15,141.45,1014.15,271.45,959.15,169.45,1036.15,169.45,994.15,197.45,999.15,266.45
78.293,0,1.16,0.92,2.20,1.99,0.89,0.37,1.31,0.84,1.84,94.81,25.35,-7.96,89.63,1.1457789650559427,0.8652866211254149,5.51963795484975,5.838361024893821,7.1913512594718485,40.17246700404212,6.144330484583042,5.541532735917717,2.7332560590002686,0.7168222507089377,3.579308764077723,4.503166458802298,0.9906639643013477,5.189091979563236,13.20420347981155,4.349605934144929,0,1.4923262572847307,4.388856845153496,1.7231795103289187,0.0658671255223453,,4.46,3.65,1.22,85.49,120.73,898.83,138.08,1013.83,268.08,958.83,166.08,1035.83,166.08,993.83,194.08,998.83,263.08
78.469,0,0.35,1.07,1.20,0.34,1.78,0.68,1.04,0.35,0.02,95.68,27.89,-1.32,91.81,3.8354193186294285,2.384147556638345,3.3643358296947556,0.8211881214380266,8.517467140676453,44.837927479762584,5.86929661592003,3.1271615794673564,0,0.1232885008677842,4.88468920905143,0,3.2663079416379333,4.510456227762624,12.316617933772505,2.47093569281511,1.248791147954762,0.24277582438662648,4.252591284113005,2.588678172091022,88.88326118700206,,3.03,5.48,4.47,83.63,121.84,898.80,140.52,1013.80,270.52,958.80,168.52,1035.80,168.52,993.80,196.52,998.80,265.52
78.790,0,1.81,2.15,0.87,0.54,0.60,0.55,1.46,0.03,0.61,95.27,24.87,-3.69,91.09,4.341986532639712,1.5276999508962037,1.795002651629038,1.8927507617510857,3.316296358280815,36.8504930883646,4.96825676811859,5.26412559537217,5.20524188876152,1.5473882818780842,3.964386756531894,1.0728395415935665,4.601966522634029,3.2468458373565228,14.238404753189535,2.774002354387194,4.459850803948939,0,4.283554554316215,4.970370861003175,2.9411292609293014,,5.42,3.32,4.27,86.03,121.71,899.51,139.68,1014.51,269.68,959.51,167.68,1036.51,167.68,994.51,195.68,999.51,264.68
79.123,0,0.54,1.37,0.97,2.07,0.90,0.93,1.75,0.99,2.01,95.50,26.71,-5.86,94.30,4.228869123207405,2.7159713426139205,3.837428647442721,4.2750523216277365,6.209373799613677,33.838335840031505,4.3475427581230175,1.5701670943945647,6.172284966334701,3.5255813274905083,3.6242239577695727,0,5.617132544517517,4.603198046302422,17.47603208085522,5.165989503925666,2.7857513362541795,0,8.193449157350697,0,0,,6.59,2.74,3.53,83.96,117.16,899.75,139.77,1014.75,269.77,959.75,167.77,1036.75,167.77,994.75,195.77,999.75,264.77
79.411,0,1.41,1.47,0.64,2.10,0.26,1.21,0.35,1.45,1.48,94.73,21.48,-6.66,89.33,4.977750436738133,3.6496700529474766,0.8232878266274928,1.4644051747210325,3.5711974728666247,34.238772496115416,6.045652403472923,3.4794884595833717,1.1639523184858263,5.314487564172596,1.463860547170043,3.868224004516378,2.6703156754374504,0,3.8337028785794978,1.850520849591121,3.894975616130978,0.8112295134924352,6.021910112407059,3.366964933462441,4.424687005346641,,3.30,2.09,0.38,85.49,119.33,899.28,139.84,1014.28,269.84,959.28,167.84,1036.28,167.84,994.28,195.84,999.28,264.84
79.566,0,0.44,1.17,1.53,1.37,1.68,1.01,1.15,0.12,0.16,95.05,17.86,-3.51,91.32,0.6587557604396714,1.8724728065310048,0.44920344640035204,2.0659283306915315,8.656430323226378,32.27159619098529,5.52469019072596,1.0484562806226316,0,2.9612661548890173,7.885320796631277,3.0958578523714095,0,3.739964565737173,8.43999471295625,1.266777329244651,1.5317735085263848,8.10894648032263,3.7512884613405912,2.334606345044449,2.1707276115193963,,6.41,1.73,2.76,83.10,117.62,899.89,138.09,1014.89,268.09,959.89,166.09,1036.89,166.09,994.89,194.09,999.89,263.09
79.755,0,0.38,1.52,1.37,0.32,0.20,1.72,1.06,1.73,0.61,95.46,21.45,-6.10,95.22,0.6872916711727157,1.2986742635490374,0.6264652942959219,4.96222503351979,7.056897678547539,8.980494669172913,4.965302747162059,3.650689163487405,0.9565929507371038,4.96923595059663,4.87468301737681,0,3.1534792869351804,0.49015955790877364,16.31845155443996,4.989966125986539,1.4392556580714881,1.051301614381373,2.299803480147384,2.63309664465487,2.410733750090003,,4.43,6.76,2.92,86.17,118.90,900.25,138.40,1015.25,268.40,960.25,166.40,1037.25,166.40,995.25,194.40,1000.25,263.40
80.067,0,2.18,1.00,0.93,0.90,0.19,1.27,0.77,0.47,1.56,94.59,22.54,-0.33,88.93,3.4805054289195687,1.3245796083007009,3.518418745719828,2.3715972809307275,8.079669134952127,38.6253474149853,0.8252995553426445,0,0,0,3.458320242818445,0,1.3728099279105663,3.6248544896673414,4.263022733032703,2.076263360762969,3.205120910424739,4.295377996750176,3.964870062060654,4.454627569299191,0,,6.06,0.70,0.04,84.19,119.86,899.17,139.80,1014.17,269.80,959.17,167.80,1036.17,167.80,994.17,195.80,999.17,264.80
80.351,0,0.49,0.08,0.30,0.21,0.85,0.74,1.83,0.12,0.91,95.59,25.51,-7.71,92.66,5.534267659648322,3.710048099444248,4.361530323200859,3.711899695759639,8.20019018500112,49.64981498196721,3.405422174790874,2.957713056411594,0.15850476431660354,0.05020813636481769,0.14290334098041058,2.376254826784134,4.716694580856711,1.113038066579029,10.40130575284362,1.1910993882035834,0.004388050641864538,2.6386233661323786,5.6843520341720435,4.312084762612358,0,,3.63,3.48,0.05,85.86,121.12,901.87,140.18,1016.87,270.18,961.87,168.18,1038.87,168.18,996.87,196.18,1001.87,265.18
80.534,0,1.16,0.21,1.09,1.00,1.34,0.74,1.61,1.71,0.27,95.35,22.90,-3.74,93.62,2.728001192272641,1.8753823386738078,0.5278897592797875,0.9272389816027138,6.085033327075653,8.621478037908673,5.321991359721869,1.858883950226009,0,1.0055623162351548,3.564183876849711,0,2.793509307783097,4.20055920464918,10.271987048089503,2.7163325168332086,3.2374506536871195,6.371887838933617,6.342034490038641,2.1468703381251544,2.5014961771667004,,6.69,3.70,1.12,84.35,122.72,901.83,138.12,1016.83,268.12,961.83,166.12,1038.83,166.12,996.83,194.12,1001.83,263.12
80.830,0,1.89,0.14,1.65,1.22,1.97,0.61,1.25,1.78,1.77,95.04,17.53,-4.64,67.79,2.045038817948662,4.821313694003038,5.407429751353339,5.409279023939744,8.674848722787573,19.68856974085793,3.0945414930349218,1.8304905319958928,3.3061077361926436,0.9449650522693993,0,0,0,0.7797446877323093,5.908109360281378,4.516817420185544,0,3.655923781916499,5.645712701240555,3.029541930416599,4.273217114852741,,2.59,2.93,-0.11,85.01,118.20,900.08,138.36,1015.08,268.36,960.08,166.36,1037.08,166.36,995.08,194.36,1000.08,263.36
81.148,0,1.33,1.65,0.69,2.12,1.20,1.56,1.48,0.90,0.06,94.93,24.87,-2.90,92.66,5.052533540423028,2.209657737589441,4.956620595781132,4.03047166925855,6.165940580293537,16.783186512533575,1.571498865634203,2.1896227067522704,2.3391030880156904,1.0902212189510467,3.676199500914663,0.7125078458338976,1.1601904635317624,1.7123163120634852,10.473568588551135,0,0,6.691632588393986,3.713608671277761,4.801813172409311,0,,7.43,1.80,-1.21,83.90,122.52,899.31,141.39,1014.31,271.39,959.31,169.39,1036.31,169.39,994.31,197.39,999.31,266.39
81.458,0,0.78,0.00,1.86,1.98,0.56,0.13,1.52,1.30,1.50,94.78,26.91,-2.90,95.84,4.477262201705016,1.8423789546126499,5.8707846803125,4.772021145066246,2.9258210076903923,45.457372734323144,2.2014826961793004,1.2894430149905385,5.380516065983102,1.335477684494108,2.470314759761095,4.7261428027413785,2.604656292591244,0.17897690191864957,10.525780110973866,2.3582246569311245,5.236890892498195,0,5.782833948326298,1.2046521827578545,4.303481716895476,,2.63,0.80,1.06,86.15,121.74,899.01,141.46,1014.01,271.46,959.01,169.46,1036.01,169.46,994.01,197.46,999.01,266.46
81.699,0,1.47,0.14,1.06,1.19,0.97,1.71,1.99,0.14,1.29,95.27,19.20,-5.75,89.19,0.3779052870301527,5.934838193259202,0.3545705078728498,1.2175478734355418,5.19373564759735,44.639604156371206,2.2499183065490795,4.491931473240257,3.8711458642501384,3.570398339219391,5.765153104439378,4.539555307012051,0,1.8780534525401889,13.056301882974804,2.346057284870185,0,0,5.86228414287325,3.6354905522894114,3.497736085904762,,1.31,1.39,-0.18,85.10,122.71,898.84,140.11,1013.84,270.11,958.84,168.11,1035.84,168.11,993.84,196.11,998.84,265.11
82.021,0,0.91,0.44,1.32,0.54,0.96,0.00,0.66,1.09,0.74,96.24,19.16,-0.77,91.63,2.1181880684476346,0.2755698205437511,5.531939203226939,0,7.931349665625021,20.320192344486713,3.1243299529422073,0.23176253052428386,0,4.960762305185199,3.058399444911629,6.224800831638277,2.134640035685152,0.6252733950689437,16.47459700740874,0.6795921992044898,5.035921259783208,3.2263544108718634,6.683901961194351,6.707250529434532,3.009953852975741,,1.87,2.68,1.47,85.91,119.34,898.75,141.45,1013.75,271.45,958.75,169.45,1035.75,169.45,993.75,197.45,998.75,266.45
82.100,0,0.00,0.72,0.63,1.44,0.93,3.12,1.62,1.97,0.26,94.19,26.91,-9.80,91.10,0.34422124968376,5.489862124365755,2.3969830611767247,1.8750848644878717,2.961372951748781,38.134318282827735,3.5561170129338278,4.670172561015933,4.754721243865788,6.081049035561099,2.2968911910429597,4.9321972138714045,2.106813637074083,2.110204033544287,11.287542851027101,5.377741979206912,6.2704516956582665,1.5875386642292142,5.564833106645383,3.1365135414525867,2.246130282757804,,4.49,1.99,-0.37,84.47,119.26,898.15,138.31,1013.15,268.31,958.15,166.31,1035.15,166.31,993.15,194.31,998.15,263.31
82.248,0,1.43,1.10,0.95,0.71,0.78,16.50,0.48,1.57,0.11,82.12,36.49,-14.20,89.74,2.09762682037428,1.182333807647228,0.6317151667270808,2.7551125519908966,4.012188183967956,45.94771617790684,5.672110938560218,0.44059560669586073,3.157728462247178,7.828221997280462,2.955112621653825,0,3.690281212795526,4.49908129086718,8.6085150870122,3.9526442435756324,1.2612520921975374,3.317820728290826,3.652451952449046,4.41118239518255,4.596301922108978,,1.79,-4.50,0.45,84.88,121.53,899.93,140.56,1014.93,270.56,959.93,168.56,1036.93,168.56,994.93,196.56,999.93,265.56
82.529,0,0.57,1.44,1.16,0.65,2.18,19.10,0.45,0.44,0.78,80.30,36.79,-22.65,92.57,1.2892712506512178,2.9024293821537865,0,1.2905170768592509,6.521095052687452,27.691514629404992,6.340742791770026,4.747746327798813,5.665385207859799,11.877520474835089,4.7764965374954045,4.562634149566293,0.5115986885502934,3.8521510114055126,11.62210541298613,1.6052107372274622,2.5425402158871293,1.2096981010399759,8.0906134754885,3.755403778515756,0,,1.41,-4.86,-0.50,83.06,118.47,900.43,139.80,1015.43,269.80,960.43,167.80,1037.43,167.80,995.43,195.80,1000.43,264.80
82.714,0,0.18,2.06,0.22,0.18,0.70,25.96,1.69,0.45,0.31,74.08,33.53,-26.95,95.64,4.175882704951801,4.912834057933651,4.48530706372112,0.13795241816900683,2.7246238879486917,33.11861818935722,2.131362432893366,0.8467605398409068,6.507809098111466,11.156339015799482,3.0025466359220445,0,6.507114515639842,3.003785572182387,5.380558586213738,0.046461481717415154,1.4439409323967993,2.4995425334200263,5.40589291408658,2.0695838849060237,1.7595256778877228,,1.23,-4.09,1.72,84.43,122.35,900.78,139.09,1015.78,269.09,960.78,167.09,1037.78,167.09,995.78,195.09,1000.78,264.09
82.897,0,1.31,0.99,0.61,1.86,1.81,41.61,1.57,0.07,1.25,59.18,41.33,-34.09,95.94,3.9251148441061376,0,5.946344240568578,1.0384608473069967,8.998553038234823,12.536008355673403,5.470577815361321,0,1.4831451324280351,17.368233775726388,3.112181441858411,2.195665421662852,4.495714250486344,2.6667311548255386,12.359974831491709,3.137817663718015,3.0317039149813354,9.024066301062703,9.391429363046772,1.3430890806484967,0,,3.53,-0.66,-0.74,83.74,119.41,900.68,139.36,1015.68,269.36,960.68,167.36,1037.68,167.36,995.68,195.36,1000.68,264.36
83.164,0,0.33,0.96,1.79,0.13,1.95,52.95,1.43,0.49,1.56,49.68,51.06,-46.66,91.46,1.6089018664415926,4.414951346442104,1.4488433462101966,4.108481311686337,6.558017002823762,18.60270152054727,3.492939663375728,0,2.8968630712479353,20.82690856868102,5.432664855848998,3.1521572321653366,1.60872859088704,2.871442252062261,12.48661279136315,4.493600927069783,0,6.670870358124375,7.3030588723206895,3.40898243826814,88.0276680844836,,2.81,0.02,-1.38,86.51,117.56,898.13,140.29,1013.13,270.29,958.13,168.29,1035.13,168.29,993.13,196.29,998.13,265.29
83.243,0,1.90,1.99,2.03,0.74,1.31,48.94,1.69,0.43,1.00,53.00,49.76,-44.35,95.91,5.5570271150814365,3.2272944583324716,4.364060628344305,1.9465392091963443,6.723017238751054,13.102688838727772,3.7488927295897154,0,0,23.63206748348373,5.335972148459405,0.5336003338452429,7.843011575751007,2.2275852095242588,16.75157592335716,0.9323801383050156,2.7941646478138864,3.7664994853548706,8.600429060067981,0.1868821862153709,4.180395165458322,,0.88,-4.22,1.56,83.08,120.62,899.85,140.31,1014.85,270.31,959.85,168.31,1036.85,168.31,994.85,196.31,999.85,265.31
83.558,0,1.75,1.41,2.06,1.39,2.18,65.29,1.83,1.25,0.07,38.26,59.46,-55.04,88.99,2.552536491751671,4.266620771959424,3.6715433639800175,1.5006961730867627,7.942870634719729,15.1793393031694,2.4942888838006185,1.929509602431208,0.9649494565092027,29.053713422908448,6.174734175670892,0.9545769216492772,5.7273434665985405,5.148358259676025,8.628739039599896,3.41250976677984,3.2655200669541955,8.200781993567944,5.642759990356863,3.722222519107163,0.7133033734280616,,0.42,-4.06,-1.23,84.53,122.62,900.54,141.91,1015.54,271.91,960.54,169.91,1037.54,169.91,995.54,197.91,1000.54,266.91
83.847,0,0.96,1.13,0.47,1.16,1.51,83.86,0.56,1.53,1.26,21.18,66.17,-75.07,89.13,2.613642867398448,1.5705464029917495,3.449217199990526,1.7629519504774365,4.683362838556059,45.84966897871345,0.6832479551667348,2.1713255731388927,5.692283422220498,34.762511807668076,4.316559772007167,4.232704312773421,5.524561312515289,5.116202141605317,13.044895594138652,0,5.1322246617637575,0.13099467661231756,6.881514112069272,5.0236691038589925,0,,1.71,-5.20,0.92,84.02,118.89,900.14,139.17,1015.14,269.17,960.14,167.17,1037.14,167.17,995.14,195.17,1000.14,264.17
84.026,0,1.13,2.17,0.39,1.85,1.28,82.47,1.58,1.24,0.19,23.06,60.94,-70.86,90.36,1.767014943738468,2.8082392007810997,0,6.155117595428601,8.139213664741256,28.430911973118782,4.271349734300747,4.272155237216502,2.4087033066898584,34.21045242539891,2.3692632322199643,0.8509062393568456,6.224670202005655,2.7895823867619036,9.524229324180633,3.7272845006594433,1.2777389734983444,3.1857092967256904,7.349149994584732,0.1207961174659431,1.4728861434850842,,0.33,-2.77,0.81,85.01,118.00,899.82,140.21,1014.82,270.21,959.82,168.21,1036.82,168.21,994.82,196.21,999.82,265.21
84.348,0,1.25,0.92,2.03,0.32,0.12,70.84,0.07,0.65,0.26,33.43,62.04,-63.97,95.29,0,4.5240066858241335,4.969934173049405,0.34546761331148446,7.223782213777303,34.78616380877793,2.965610042051412,1.1371788613125684,0,30.231024909897748,6.348728044889867,4.9809964234009385,2.944463306106627,3.245088013093919,10.373559988290072,0,0,4.272925473749638,4.152886526938528,1.205071672797203,0.3711342711467296,,-3.39,-3.04,-2.57,83.37,121.93,899.12,138.39,1014.12,268.39,959.12,166.39,1036.12,166.39,994.12,194.39,999.12,263.39
84.517,0,0.33,0.99,1.40,1.07,0.49,67.96,1.43,2.15,0.81,35.38,54.71,-56.76,88.07,0,2.553209275077097,0,3.2798264691885564,2.74578258688096,25.713072859682143,4.059669996937737,0,1.0570077707525343,28.356933331892982,0,4.617102446965873,3.851621807087213,3.0121528384275735,14.918785215225071,1.2279788885684684,3.8310108189471066,0.2911033434793353,3.9948693296080453,1.8516019226517528,0,,0.67,-7.73,0.68,83.72,120.11,901.06,141.27,1016.06,271.27,961.06,169.27,1038.06,169.27,996.06,197.27,1001.06,266.27
84.841,0,1.12,0.52,0.47,0.27,0.88,54.66,0.68,1.59,1.15,48.24,52.37,-49.42,96.53,2.5223672572756186,1.9007754883030428,2.8349666351312774,0.9541894850973041,7.771751523623243,31.35016721393913,1.4942021816037596,0,0,25.679119940114447,3.0211406615562737,1.399498351616785,4.7365752453915775,0.4690119574498386,10.18746494712308,0.42937750806566344,6.158616878092289,1.305352714844048,8.126168932346626,1.804410217097029,4.083255093544722,,-1.37,-4.86,-2.85,84.74,119.64,899.56,138.20,1014.56,268.20,959.56,166.20,1036.56,166.20,994.56,194.20,999.56,263.20
85.013,0,0.27,0.88,0.33,1.53,1.78,40.68,0.61,1.71,1.58,60.12,42.25,-38.49,93.58,4.4444720852747555,1.9482018671929837,3.5201268236758185,1.7398315156437456,3.5149404215719553,43.739983406383544,0.5675535486545416,3.3031231887079775,0,18.450983083530684,3.0030646305531263,0,4.443461271934211,1.1879897056985644,13.31153184344992,1.4403963249549268,0.40831730188801885,2.529072985984385,3.947458283388987,4.543256389675662,0.02428607828915119,,-1.89,-7.67,-3.49,84.03,119.84,900.59,139.77,1015.59,269.77,960.59,167.77,1037.59,167.77,995.59,195.77,1000.59,264.77
85.305,0,0.16,2.16,1.37,0.14,0.68,26.08,0.66,1.53,0.61,73.70,37.72,-26.87,88.56,1.4838109091203662,0.3727159016765653,0.48480633156374076,5.3581177462451155,8.349886776991188,31.516961446031928,2.014014365337789,3.2630499885976314,4.689648068509996,9.678430114475347,4.251511340495199,0.22536888322792947,5.747831986751407,3.7533154193125666,7.152776003517211,1.3427434715069833,0,2.519133960828185,7.988646360058338,3.195529111661017,85.97320662811399,,-4.37,-9.11,-1.19,83.24,117.63,900.42,139.32,1015.42,269.32,960.42,167.32,1037.42,167.32,995.42,195.32,1000.42,264.32
85.469,0,0.13,1.26,0.06,0.46,0.01,24.08,1.90,1.59,1.16,75.02,33.44,-25.63,92.28,1.3446764224441723,3.7979628478875385,4.443345067808405,0.5804126530978828,2.1777785727102312,40.88665584055707,1.8334288388490676,4.453199530374259,6.27008145977743,11.991621848720317,6.271135804709047,4.2926325080916286,5.430321212857962,4.399350992031396,9.641177982576192,3.7808641146542503,1.6378829600289464,0,4.700830067889765,5.110784841002896,0,,-2.64,-3.52,-0.41,84.95,117.17,898.24,138.03,1013.24,268.03,958.24,166.03,1035.24,166.03,993.24,194.03,998.24,263.03
85.574,0,1.74,2.10,1.26,0.04,1.46,16.13,0.56,1.42,0.14,82.89,26.76,-16.36,87.60,1.5429735088255256,0.9705373452510684,4.270908481306396,0.1310120870731768,5.79919919708278,36.950700097717345,1.8469742646673692,4.298986661210656,2.399190509924665,10.008022776556306,5.560083069372922,1.5638091492000967,1.5894537926651537,3.668118770038709,5.288660183157772,2.7742420754488557,0.34295431850478053,2.406636250205338,7.0764377564238385,6.6166737822350115,4.065154704730958,,-4.12,-4.02,-1.98,86.37,118.86,899.87,141.80,1014.87,271.80,959.87,169.80,1036.87,169.80,994.87,197.80,999.87,266.80
85.709,0,0.17,0.80,0.70,1.71,2.19,14.56,2.18,0.04,0.62,83.41,36.59,-15.03,91.05,0,4.666893693222664,0.17988764075562358,3.0367570175696166,9.334798176246695,34.74528354359791,0.7276985239004716,2.2721459694206714,3.3297725855372846,5.372203546225169,7.004129183012992,5.912528081331402,5.058128101285547,2.2623736681230366,12.722533595617861,0.49514424534980206,0,5.742635117843747,7.55563800115604,5.252025480847806,1.1131108361296356,,-5.23,-6.83,-0.53,84.96,118.63,900.11,138.23,1015.11,268.23,960.11,166.23,1037.11,166.23,995.11,194.23,1000.11,263.23
86.043,0,1.85,0.09,0.34,1.68,1.20,0.13,0.46,0.10,2.10,94.86,26.50,-4.21,94.20,0.2716509459679948,3.962195072020404,5.159260953841731,3.4713390041049568,7.192904419540428,24.0036334535107,4.541671676328406,0.5356219078414144,0.4657316766679287,0,2.854354777839035,2.472001179587096,4.789179132319987,1.6906091389991342,12.364932914301754,4.805966054000892,1.1836332716047764,0,3.1038774197595194,0,1.6180276146624237,,-3.18,-4.19,-3.30,84.12,121.58,900.35,139.15,1015.35,269.15,960.35,167.15,1037.35,167.15,995.35,195.15,1000.35,264.15
86.110,0,0.99,1.15,0.15,1.78,0.20,1.65,0.54,1.56,1.17,95.38,18.43,-3.94,87.38,0.1907124830456448,0,3.657483947360888,5.143980285553262,4.572739130714909,12.943295889999717,4.6243901690235365,1.0655237115733325,5.612714810529724,5.332079333830625,5.965305397287011,0,0,4.270295871868729,12.619323086999357,0.35779909853357816,1.5594744458794594,7.2815466318279505,7.705848775273189,2.6937069189734757,2.6865884664002806,,-5.15,-3.71,-0.70,85.70,119.89,899.21,141.26,1014.21,271.26,959.21,169.26,1036.21,169.26,994.21,197.26,999.21,266.26
86.231,0,0.00,2.19,2.08,0.17,0.97,1.23,1.29,0.08,0.28,95.11,21.08,-5.27,89.94,1.5413835097523405,4.539106420869939,0.26305862847249983,3.6200447150226682,7.96509136935696,17.79665468307212,3.9664910674327984,2.0487595562823118,1.608691813889891,3.333997359983623,2.593891535885632,0,3.1103318142704666,4.750595875838771,9.967521327678114,4.366008057356812,1.6531308027915657,6.0458173849619925,4.085334638711065,2.2820953293703496,88.97997336648405,,-2.46,-8.77,-2.98,83.16,120.09,899.93,138.31,1014.93,268.31,959.93,166.31,1036.93,166.31,994.93,194.31,999.93,263.31
86.434,0,1.68,1.51,0.26,1.53,1.27,1.28,1.35,0.51,1.09,95.53,29.81,-5.03,90.79,1.0279479102045297,5.478302045864984,1.5668855045968666,2.5224134462140504,2.980645703626797,43.37178632710129,3.8023344839457422,4.239432941749692,3.4031967928167433,2.130381495561451,6.166577441152185,0.8849108256399632,1.6852730875834823,0,9.854551930092274,1.0836369302961977,1.5298169311136007,3.227749267127365,5.632102430677041,1.0239396977704018,3.5582505385391414,,-5.14,-9.26,-3.95,84.58,118.19,900.95,141.96,1015.95,271.96,960.95,169.96,1037.95,169.96,995.95,197.96,1000.95,266.96
86.669,0,1.15,1.76,0.47,0.85,1.45,1.31,0.67,1.09,1.02,95.39,22.40,-7.24,95.29,0,3.1319692499935625,0.624000874692574,0.02246573414653552,8.652127861860208,45.44236205890775,4.288546737702563,2.081980328503996,0.48261033301241696,0,0,3.278679213486612,4.619872125796974,4.438012115824968,12.40592909982428,3.615038518719375,1.7978889090009034,5.075824981089681,3.3289075820939615,0.0220493720844388,0.034198204753920436,,-3.99,-4.92,-2.11,86.87,117.44,901.89,138.45,1016.89,268.45,961.89,166.45,1038.89,166.45,996.89,194.45,1001.89,263.45
86.858,0,1.88,0.92,1.45,0.69,0.05,1.17,0.09,1.82,0.70,94.90,26.45,-3.10,88.18,5.087710569687188,0,4.95499489159789,4.131141821090132,4.645476086176932,41.62209689291194,6.297416555974633,3.1285747736133636,0.8918112565297633,2.436350450012833,1.372531113680452,3.657128385733813,5.174572604242712,0.999033737173304,17.072281346544624,0.2007245446182786,2.621305374894291,4.327829069457948,4.151512613929808,0.23956139432266355,1.280370402149856,,-4.07,-9.91,-5.02,85.25,120.49,899.29,138.86,1014.29,268.86,959.29,166.86,1036.29,166.86,994.29,194.86,999.29,263.86
87.138,0,0.78,1.23,0.55,1.83,0.62,0.92,1.50,1.72,0.23,95.84,30.71,-1.35,94.61,4.072982794372365,5.45914178751409,4.467226495263167,3.710170705467463,4.337551957736723,7.665838446002454,3.045760949817486,1.950503553710878,3.859323553275317,5.24101419923827,4.884481561370194,1.162712843855843,0,3.6437704288493844,13.257600379195065,4.253866820260882,0.45755420671775937,9.18556676292792,2.775208084997721,0,0,,-2.92,-7.45,-2.29,86.28,119.00,900.95,141.69,1015.95,271.69,960.95,169.69,1037.95,169.69,995.95,197.69,1000.95,266.69
87.382,0,1.06,0.75,0.19,0.98,0.40,2.12,0.40,1.18,1.09,94.75,21.64,-1.48,89.35,0.9610271578188985,5.129070898657664,5.512578988652677,2.833496048618108,6.422447331892326,9.866561678703874,4.539756713365205,1.915326476227492,2.7001377798151225,0.13631813703104845,4.22725179232657,2.382829762995243,1.012026637326926,4.633128925934434,15.802218623384833,1.4457465444598347,3.091011602897197,6.8567178887315094,2.986768469242379,5.986076453700662,1.9647424479480833,,-3.85,-9.57,-5.00,83.37,119.77,901.76,141.34,1016.76,271.34,961.76,169.34,1038.76,169.34,996.76,197.34,1001.76,266.34
87.604,0,0.82,1.02,1.81,2.18,2.02,0.18,1.76,1.49,1.53,94.96,28.28,-3.92,95.84,0.08344424922484928,1.8833447953918947,4.7699153683055195,4.173709189603105,8.392738593202084,37.509485367685556,6.208858803124167,1.2230864393338563,0.9725295992102474,0.431565802246332,0.11711073853075504,0.8064897859003395,3.230481019243598,2.961768278591335,9.713136924672872,5.1762151282234115,0,3.5767880249768496,5.298479378260673,6.3420394896529615,0,,-8.10,-6.25,-5.18,84.56,118.99,899.06,138.46,1014.06,268.46,959.06,166.46,1036.06,166.46,994.06,194.46,999.06,263.46
87.847,0,2.02,0.83,2.00,0.30,1.13,0.98,0.72,2.03,0.96,95.15,24.48,-3.30,89.06,3.8122571565164254,3.0307483546668665,6.336577284224331,2.266487474711612,2.8990888200700287,32.691839278675616,4.086513957451098,3.886142855025828,4.734999739564955,0,5.056055889464915,0,1.3792047095485032,0.8181439976952971,13.185993749778717,0,3.0922874030657113,9.131448374129832,5.900750975776464,2.0354714076966047,1.4303441068623215,,-4.58,-6.40,-4.65,85.76,120.53,901.02,140.43,1016.02,270.43,961.02,168.43,1038.02,168.43,996.02,196.43,1001.02,265.43
88.171,0,0.88,1.48,1.81,1.22,1.51,0.51,0.52,0.79,0.33,94.97,22.83,-1.40,95.95,5.133733327775262,4.439712198427879,0.8850241243559869,4.910988965118304,7.872167410887778,28.2016481179744,4.669868665724062,4.3473050177842385,2.469599820440635,4.650746228713542,2.4523297855630517,4.703903855290264,1.0631146291270852,0,5.798770373947918,4.1920642201649025,5.04727344494313,7.9056129939854145,9.15756299365312,2.206850283779204,0,,-8.07,-6.98,-4.62,86.66,119.31,899.82,141.12,1014.82,271.12,959.82,169.12,1036.82,169.12,994.82,197.12,999.82,266.12
88.457,0,1.96,0.58,1.30,0.04,0.44,0.04,1.46,1.71,0.60,94.97,22.15,-0.23,88.10,0.01709797874558694,2.2812075888505206,1.1892769327573478,1.81866336918436,2.8794299335870894,37.529372497461736,4.910309051489458,0.7658141422830522,0.14631169149652123,3.2329124156199396,4.30070202704519,0.48415141296572983,4.215692065190524,3.1774422825872897,11.781160462740809,1.627202861313708,2.0536331622861326,4.570824556984007,3.8083321222942326,1.4242368685081601,3.29699190845713,,-7.35,-5.89,-5.19,86.03,121.46,899.80,141.96,1014.80,271.96,959.80,169.96,1036.80,169.96,994.80,197.96,999.80,266.96
88.517,0,0.92,1.55,1.16,0.38,0.12,0.24,1.82,1.80,0.36,95.39,26.76,-0.89,92.93,1.012830325504765,2.1393718405161053,2.9884943348309023,3.862810849994421,3.542824369370937,28.647658167872578,3.0010863119969144,1.121936465892941,6.213031029095873,1.5590256960317492,4.3840513145551085,1.2851808834820986,4.056596637703478,3.103612679699436,13.68470823103562,0.05642413073219377,3.5320253702811897,1.8993478696793318,7.512847930900753,3.1465941541828215,3.778128643753007,,-4.72,-8.27,-4.87,84.44,117.14,900.85,141.04,1015.85,271.04,960.85,169.04,1037.85,169.04,995.85,197.04,1000.85,266.04
88.586,0,0.45,1.20,0.50,0.14,1.78,1.70,1.85,0.87,1.14,95.27,21.67,-6.07,78.44,4.143312867251225,2.5353371316799893,4.4116268421523275,5.257146426578984,4.614994320976548,42.5505026425235,5.281034472514875,0,4.16752191609703,1.4142011389695108,0,2.5623760791495442,4.910790512803942,3.0386702677421273,12.523788194619119,4.742922157733702,0,6.272068435326219,9.401634316970593,0,2.169862057780847,,-5.71,-11.38,-3.65,86.29,120.99,900.04,140.95,1015.04,270.95,960.04,168.95,1037.04,168.95,995.04,196.95,1000.04,265.95
88.826,0,0.46,1.62,0.09,0.11,1.82,2.01,2.10,1.96,2.07,94.75,23.76,-1.50,96.88,2.2229050872055818,3.2932519239140676,2.1313494781451303,3.199329711990431,8.724143063635566,17.250887298956513,3.1194289651932197,0,1.9704878854099661,5.088313426561654,0,0.20097655430436134,3.2786948871798813,0.3877788728196174,11.104183690845966,1.8328063602605837,0.47640069341287017,1.0951730418018997,5.229465346499346,2.5746627831831574,3.7354919873178005,,-7.00,-7.56,-1.95,84.36,119.07,899.77,139.34,1014.77,269.34,959.77,167.34,1036.77,167.34,994.77,195.34,999.77,264.34
89.073,0,2.09,1.14,1.08,0.53,0.57,1.10,0.94,1.92,2.15,95.50,17.48,-7.74,96.97,2.9755795708531516,4.865029504126869,2.3975324843917045,5.0656298128981145,5.616155516556464,8.84802413219586,3.368981964304112,4.563704346027225,2.889216583687812,1.6701557027176022,2.776257086545229,0,4.881695549469441,2.0046333710663022,6.732705129366369,2.6365718059660868,1.3057387406006455,3.7008792739361525,4.434862492331304,2.9415268101729453,3.9809064518194646,,-3.99,-9.36,-4.52,84.00,117.56,898.20,138.67,1013.20,268.67,958.20,166.67,1035.20,166.67,993.20,194.67,998.20,263.67
89.354,0,0.83,1.95,0.50,1.18,0.36,0.15,2.14,0.77,1.26,94.59,27.46,-2.45,94.10,2.9131281020399187,0.40673470436595416,1.6247362114628778,3.546831791494042,3.5951576995803043,45.14654707722366,2.992388060456142,0.7494439787417653,0,0.9646214735135437,0,0.7312956561800092,6.597416406031698,0.7814121452439577,17.327160109467805,0.8926583863887938,0,3.8667567428201437,4.152792059914209,0.8558223531581461,0,,-5.79,-10.05,-4.84,85.50,121.02,901.28,139.40,1016.28,269.40,961.28,167.40,1038.28,167.40,996.28,195.40,1001.28,264.40
89.517,0,0.26,1.60,1.70,0.27,0.22,0.18,1.26,2.09,1.45,95.00,21.35,-7.90,91.38,5.129429687708616,2.3725605937186627,1.0398947027325631,3.6716323926858605,3.9808588053518905,47.60994367720559,3.403840807825327,0,0.6023735550697893,1.1926481554284694,7.826662114821374,0,2.492057750467211,3.2449005834013223,14.55389607237652,2.595041161561385,3.601071239449084,0,7.899794139727018,0.48704991093836725,0,,-7.20,-5.02,-2.84,85.77,117.28,900.94,140.13,1015.94,270.13,960.94,168.13,1037.94,168.13,995.94,196.13,1000.94,265.13
89.797,0,1.29,0.51,2.02,0.09,0.41,1.37,1.99,0.37,0.70,95.51,29.81,-2.46,95.94,5.589734526090323,3.7056224319152538,3.5663060602219776,3.6408364061638716,4.794490449265577,13.894771894440055,4.262824557069689,3.3367400668002665,0.38546554069034755,4.485395756680519,5.27600476378575,3.2391971827019006,5.8011054689995944,5.023726647878066,8.224684995021672,4.845711632315069,3.800240535289049,7.46150123141706,7.297910922779701,3.172118325950578,1.8079387354664505,,-7.67,-9.06,-5.92,85.89,117.63,900.57,139.22,1015.57,269.22,960.57,167.22,1037.57,167.22,995.57,195.22,1000.57,264.22
