time stamp,face id,anger,contempt,disgust,fear,joy,sadness,surprise,sentimentality,confusion,neutral,engagement,valence,attention,inner brow raise,brow raise,brow furrow,eye widen,cheek raise,lid tighten,nose wrinkle,upper lip raise,dimpler,lip corner depressor,chin raise,lip pucker,lip stretch,lip press,mouth open,jaw drop,lip suck,eye closure,smile,smirk,blink,blink rate,pitch,yaw,roll,brightness,interocular distance,topleft_x,topleft_y,bottomright_x,bottomright_y,outer_right_eye_X,outer_right_eye_Y,outer_left_eye_X,outer_left_eye_Y,nose_top_X,nose_top_Y,chin_top_X,chin_top_Y
0.073,0,0.13,0.19,0.02,0.14,0.02,0.14,0.06,0.26,0.19,99.62,0.33,0.00,98.67,0.26,0.69,0.03,1.14,0.18,0.19,0.04,0.00,0.00,1.62,0.12,0.12,0.00,0.00,0.13,0.09,0.00,0.02,0.00,0.01,0.00,,14.23,-0.46,2.90,53.96,79.77,301.65,245.61,431.75,387.28,405.47,277.29,325.70,277.20,365.71,300.89,368.93,387.28,
0.774,0,0.00,0.00,0.00,0.26,70.67,0.04,9.76,0.14,0.03,4.33,99.22,70.98,96.27,43.23,45.32,0.03,4.13,11.15,1.66,0.01,0.00,0.00,0.02,0.02,0.03,1.68,0.14,6.93,33.94,0.01,0.03,76.84,0.00,0.00,,12.47,5.75,-3.13,73.88,76.03,307.27,246.61,431.28,381.76,409.57,279.21,333.78,273.28,372.43,300.21,364.47,381.76,
0.853,0,0.00,0.00,0.00,0.09,99.56,0.05,3.38,0.10,0.02,0.00,99.98,89.16,97.93,51.00,29.95,0.01,2.74,47.18,1.51,0.01,0.00,0.00,0.02,0.02,0.01,0.70,0.10,8.02,15.81,0.00,0.01,99.20,7.06,0.00,,9.10,2.71,-1.14,73.01,73.47,312.41,249.94,428.14,375.33,408.19,278.98,334.81,275.43,371.43,301.48,367.83,375.33,
0.930,0,0.00,0.00,0.00,0.12,99.96,0.18,3.17,0.06,0.01,0.00,99.98,85.35,98.56,69.05,20.09,0.00,1.73,89.44,0.88,0.00,0.00,0.00,0.01,0.01,0.00,2.39,0.06,9.63,7.10,0.00,0.00,99.83,30.93,0.00,,10.47,0.86,-0.44,72.36,74.22,315.09,250.70,426.70,371.29,408.83,279.02,334.67,275.87,370.94,299.84,369.18,371.29,
1.008,0,0.00,0.00,0.00,0.11,99.97,0.20,2.34,0.03,0.00,0.00,99.98,85.30,98.78,69.32,16.06,0.00,1.36,94.07,0.36,0.00,0.00,0.00,0.00,0.01,0.00,4.24,0.03,12.94,3.67,0.00,0.00,99.94,36.61,0.00,,10.84,0.03,-0.07,71.89,74.90,315.77,250.82,425.75,369.09,408.82,279.41,334.02,275.60,370.29,299.13,369.44,369.09,
1.089,0,0.00,0.00,0.00,0.12,99.97,0.26,2.47,0.01,0.00,0.00,99.98,84.23,98.61,74.39,14.10,0.00,1.01,94.02,0.18,0.00,0.00,0.00,0.00,0.01,0.00,3.75,0.01,13.19,2.28,0.00,0.00,99.77,34.42,0.00,,8.36,-0.68,0.02,71.12,73.29,316.35,251.48,424.25,367.55,407.53,278.46,334.28,275.84,369.42,299.89,369.10,367.55,
1.167,0,0.00,0.00,0.00,0.17,99.96,0.31,3.63,0.01,0.00,0.00,99.98,82.90,98.59,80.68,18.57,0.00,0.73,88.28,0.11,0.00,0.00,0.00,0.00,0.01,0.00,6.60,0.01,10.13,1.31,0.00,0.00,99.79,37.65,0.00,,8.44,-0.76,-0.09,70.69,73.20,317.09,251.82,423.86,366.51,407.71,278.79,334.57,275.82,369.55,299.70,369.15,366.51,
1.243,0,0.00,0.00,0.00,0.17,99.93,0.13,3.91,0.01,0.00,0.00,99.98,85.24,98.67,69.62,31.52,0.00,0.63,77.50,0.08,0.00,0.00,0.00,0.00,0.01,0.00,2.45,0.01,10.06,1.37,0.00,0.00,99.79,32.57,0.00,,6.17,0.46,-0.51,70.14,72.92,316.78,251.83,423.09,365.92,407.25,278.23,334.39,275.37,369.75,300.43,368.17,365.92,
1.321,0,0.00,0.00,0.00,0.24,99.77,0.07,5.90,0.02,0.00,0.00,99.98,86.16,98.73,65.31,46.72,0.00,0.75,57.07,0.08,0.00,0.00,0.00,0.00,0.02,0.00,1.49,0.00,8.59,0.76,0.00,0.00,99.91,28.39,0.00,,4.12,0.24,-2.19,69.82,72.52,316.90,252.68,422.15,365.44,407.53,279.30,335.15,274.89,369.30,301.61,365.89,365.44,
1.402,0,0.00,0.00,0.00,0.34,99.16,0.05,8.68,0.02,0.00,0.00,99.98,85.97,98.72,66.17,56.19,0.00,0.68,34.52,0.04,0.00,0.00,0.00,0.00,0.02,0.00,1.61,0.01,9.09,0.47,0.00,0.00,99.87,27.34,0.00,,3.68,0.29,-2.35,69.78,73.20,317.61,253.27,421.91,364.75,408.20,279.95,335.16,275.05,369.56,301.95,365.90,364.75,
1.477,0,0.00,0.00,0.00,0.07,94.63,0.01,1.49,0.01,0.00,0.00,99.98,93.49,98.71,30.66,47.31,0.00,1.06,3.03,0.01,0.00,0.00,0.00,0.00,0.01,0.00,0.25,0.00,4.40,0.36,0.00,0.00,98.79,0.00,0.00,,3.18,0.31,-1.92,70.16,72.67,317.69,253.76,421.48,364.47,407.51,280.30,335.00,275.44,369.38,302.40,366.24,364.47,
1.543,0,0.00,0.00,0.00,0.14,88.80,0.01,2.74,0.02,0.01,0.00,99.94,84.63,98.63,38.13,53.92,0.00,1.89,0.42,0.01,0.00,0.00,0.00,0.02,0.01,0.00,0.07,0.00,3.09,0.38,0.00,0.00,92.96,0.00,0.00,,2.72,0.63,-1.82,70.17,71.84,318.37,253.64,421.82,363.98,407.53,280.00,335.85,275.20,370.07,302.31,366.91,363.98,
1.618,0,0.00,0.00,0.00,0.61,17.33,0.03,4.38,0.05,0.00,65.33,90.35,50.11,98.41,38.52,63.91,0.00,3.07,0.10,0.00,0.00,0.00,0.00,0.05,0.01,0.00,0.01,0.00,3.17,0.49,0.00,0.00,60.58,0.00,0.00,,3.55,1.38,-1.51,70.58,70.89,318.75,253.80,421.98,364.03,407.13,280.06,336.39,275.52,370.75,302.05,367.57,364.03,
1.696,0,0.02,0.01,0.01,4.48,0.10,0.15,7.11,0.13,0.00,85.78,20.68,0.00,98.39,39.64,72.73,0.00,5.25,0.03,0.00,0.00,0.00,0.00,0.13,0.00,0.00,0.00,0.00,3.88,0.71,0.00,0.00,12.81,0.00,0.00,,3.02,1.45,-1.60,70.94,71.80,318.97,254.55,421.57,363.89,407.56,280.71,335.91,276.08,370.71,302.72,367.34,363.89,
1.776,0,0.03,0.03,0.01,5.28,0.03,0.16,5.70,0.45,0.00,88.60,22.37,0.00,98.68,33.41,74.35,0.00,4.32,0.02,0.00,0.00,0.00,0.00,0.45,0.00,0.00,0.00,0.00,3.50,0.58,0.00,0.00,1.69,0.00,0.00,,1.54,0.45,-1.75,70.87,70.20,319.33,254.74,421.76,363.76,407.07,280.92,337.06,275.76,370.42,303.39,367.51,363.76,
1.852,0,0.03,0.03,0.02,4.41,0.02,0.12,4.28,1.68,0.00,91.19,24.46,0.00,98.72,24.91,75.85,0.00,4.18,0.02,0.00,0.00,0.00,0.00,1.68,0.00,0.00,0.00,0.00,3.45,0.50,0.00,0.00,0.15,0.00,0.00,,1.97,0.26,-1.88,70.93,70.78,319.23,254.76,421.69,363.90,407.37,280.95,336.77,275.88,370.23,303.25,367.25,363.90,
1.934,0,0.03,0.03,0.02,4.03,0.02,0.14,3.91,4.45,0.00,91.95,23.75,0.00,98.62,24.76,74.36,0.00,3.49,0.02,0.00,0.00,0.00,0.00,4.45,0.00,0.00,0.00,0.00,2.66,0.56,0.00,0.00,0.02,0.01,0.00,,2.11,0.67,-1.82,71.02,71.25,319.19,254.71,421.72,363.77,407.55,281.12,336.50,275.80,370.45,303.19,367.30,363.77,
2.010,0,0.03,0.03,0.02,2.88,0.02,0.17,2.61,9.36,0.00,94.24,23.41,0.00,98.77,20.88,69.22,0.00,2.53,0.02,0.00,0.00,0.00,0.00,9.36,0.00,0.00,0.00,0.00,2.17,0.53,0.00,0.00,0.01,0.02,0.00,,2.24,-0.06,-1.79,71.04,71.28,319.04,254.68,421.65,363.90,407.46,281.04,336.37,275.87,369.93,303.13,367.21,363.90,
2.089,0,0.03,0.03,0.02,3.18,0.02,0.26,2.96,14.12,0.00,93.65,29.85,0.00,98.69,24.87,68.58,0.00,2.35,0.01,0.00,0.00,0.00,0.00,14.12,0.00,0.00,0.00,0.00,2.02,0.45,0.00,0.00,0.00,0.02,0.00,,1.79,0.40,-1.52,70.91,71.31,318.81,254.47,421.70,363.85,407.23,280.87,336.11,275.71,370.09,303.24,367.43,363.85,
2.166,0,0.02,0.03,0.01,4.92,0.02,0.74,5.12,26.60,0.00,89.75,61.67,-2.39,98.78,34.55,72.65,0.00,2.42,0.02,0.00,0.00,0.00,0.00,26.60,0.00,0.00,0.00,0.00,1.73,0.33,0.00,0.00,0.00,0.02,0.00,,3.64,0.01,-1.43,70.58,71.88,318.80,253.87,422.17,364.11,407.73,280.34,336.00,275.65,370.09,302.14,367.71,364.11,
2.242,0,0.03,0.04,0.01,3.06,0.02,1.32,2.89,30.81,0.01,93.88,65.60,-5.41,98.55,30.81,63.48,0.00,1.10,0.02,0.00,0.01,0.00,0.00,37.88,0.01,0.00,0.00,0.00,1.20,0.22,0.00,0.00,0.00,0.02,0.00,,4.30,0.90,-1.46,70.29,70.08,318.63,253.22,422.83,364.61,407.04,279.98,337.13,275.06,370.84,301.61,368.01,364.61,
2.320,0,0.03,0.04,0.02,2.99,0.02,1.96,2.83,29.01,0.01,94.01,82.30,-8.30,98.77,29.01,65.00,0.00,0.96,0.02,0.00,0.01,0.00,0.00,47.46,0.01,0.00,0.00,0.00,0.83,0.16,0.00,0.00,0.00,0.02,0.00,,5.26,0.08,-1.19,70.61,71.09,318.24,253.48,422.35,364.85,407.01,280.15,336.05,275.70,369.93,301.44,367.82,364.85,
2.400,0,0.03,0.04,0.02,2.87,0.02,2.20,2.70,25.40,0.01,94.25,90.17,-9.55,98.73,25.40,67.43,0.00,1.00,0.02,0.00,0.01,0.00,0.00,53.49,0.02,0.00,0.00,0.00,0.60,0.11,0.00,0.00,0.00,0.01,0.00,,5.70,0.21,-1.09,70.74,71.16,318.34,253.50,422.36,364.83,407.05,280.13,336.01,275.84,370.05,301.25,367.99,364.83,
2.481,0,0.04,0.04,0.02,1.78,0.02,3.21,1.49,17.97,0.01,93.59,93.06,-11.78,98.65,17.97,60.73,0.00,0.69,0.02,0.00,0.01,0.00,0.00,64.91,0.03,0.00,0.00,0.00,0.39,0.06,0.00,0.00,0.00,0.01,0.00,,5.14,0.55,-1.07,70.78,71.62,318.12,253.38,422.32,364.69,407.14,280.17,335.67,275.60,370.12,301.45,367.87,364.69,
2.557,0,0.04,0.04,0.02,1.77,0.02,5.08,1.48,15.92,0.00,89.83,97.48,-15.21,98.50,15.92,62.61,0.00,0.73,0.01,0.00,0.00,0.00,0.00,76.24,0.05,0.00,0.00,0.00,0.26,0.04,0.00,0.00,0.00,0.01,0.00,,6.93,1.08,-1.32,70.91,70.75,317.88,253.26,422.46,365.22,406.74,280.70,336.18,275.48,370.37,300.79,367.59,365.22,
2.634,0,0.03,0.04,0.02,1.82,0.02,9.61,1.54,18.89,0.00,80.78,98.67,-19.26,98.62,18.89,60.86,0.00,0.44,0.01,0.00,0.00,0.00,0.00,86.03,0.07,0.00,0.00,0.00,0.20,0.03,0.00,0.00,0.00,0.01,0.00,,6.33,0.66,-1.35,70.86,70.50,317.98,253.34,422.38,365.10,406.65,280.56,336.33,275.48,370.15,301.02,367.57,365.10,
2.715,0,0.03,0.05,0.02,1.77,0.02,14.49,1.49,24.11,0.01,71.03,98.27,-21.33,98.64,24.11,55.07,0.00,0.23,0.01,0.00,0.01,0.00,0.00,88.55,0.07,0.00,0.00,0.00,0.12,0.02,0.00,0.00,0.00,0.01,0.00,,6.07,0.56,-1.58,70.78,70.85,318.02,253.30,422.42,365.04,406.99,280.53,336.32,275.34,370.15,301.08,367.34,365.04,
2.789,0,0.03,0.06,0.01,1.79,0.02,21.47,1.51,29.71,0.01,57.05,97.89,-23.52,98.55,29.71,49.91,0.00,0.15,0.01,0.00,0.01,0.00,0.00,91.19,0.06,0.00,0.00,0.00,0.08,0.01,0.00,0.00,0.00,0.02,0.00,,6.90,0.91,-1.27,70.96,70.71,318.02,253.27,422.45,365.08,406.76,280.60,336.23,275.51,370.34,300.75,367.71,365.08,
2.871,0,0.03,0.06,0.01,1.75,0.02,26.43,1.47,32.20,0.01,48.57,97.69,-24.79,98.54,32.20,46.71,0.00,0.11,0.02,0.00,0.01,0.00,0.00,93.21,0.07,0.00,0.00,0.00,0.08,0.01,0.00,0.00,0.00,0.02,0.00,,6.50,0.96,-1.23,70.87,70.10,317.86,253.22,422.46,365.26,406.35,280.42,336.42,275.46,370.29,300.92,367.69,365.26,
2.946,0,0.04,0.07,0.01,1.48,0.02,31.43,1.20,34.39,0.01,43.57,96.12,-25.45,98.55,34.39,39.57,0.00,0.09,0.02,0.00,0.01,0.00,0.00,93.70,0.05,0.00,0.00,0.00,0.10,0.02,0.00,0.00,0.00,0.02,0.00,,5.99,0.89,-1.56,70.71,70.52,317.92,253.35,422.30,365.16,406.70,280.40,336.36,275.44,370.22,301.15,367.27,365.16,
3.025,0,0.04,0.08,0.01,1.56,0.02,30.97,1.27,39.45,0.01,44.03,93.87,-24.47,98.40,39.45,35.91,0.00,0.11,0.29,0.00,0.01,0.00,0.00,87.84,0.05,0.00,0.00,0.00,0.21,0.03,0.00,0.00,0.01,0.14,0.00,,5.40,1.39,-1.84,70.43,70.80,317.90,253.47,422.17,365.13,406.92,280.41,336.30,275.41,370.44,301.46,366.90,365.13,
3.105,0,0.03,0.10,0.01,2.16,0.05,30.12,1.91,53.50,0.02,44.88,92.85,-16.64,98.61,53.50,31.80,0.00,0.08,12.20,0.02,0.01,0.01,0.00,71.75,0.04,0.00,0.00,0.00,0.42,0.06,0.00,0.00,0.04,1.61,0.00,,4.34,0.71,-1.84,70.01,71.76,318.38,253.62,422.36,364.71,407.76,280.44,336.18,275.40,370.39,301.90,367.17,364.71,
3.184,0,0.03,0.88,0.01,2.25,2.58,11.92,2.05,25.08,0.12,76.15,74.14,7.71,98.69,64.74,22.25,0.00,0.06,81.36,0.12,0.01,0.00,0.00,25.08,0.02,0.00,0.07,0.00,0.92,0.10,0.00,0.00,0.81,20.17,0.00,,3.34,0.40,-1.85,69.47,73.13,318.28,253.50,421.96,363.97,408.24,280.21,335.28,275.15,369.97,302.04,366.83,363.97,
3.258,0,0.02,51.78,0.00,1.13,37.83,4.77,1.69,3.98,1.51,23.22,68.96,40.37,98.58,72.94,9.26,0.00,0.05,99.29,1.51,0.03,0.00,1.33,3.98,0.02,0.00,5.14,0.00,2.15,0.17,0.00,0.01,19.79,75.65,0.00,,5.03,0.81,-1.51,69.51,72.87,318.44,253.59,421.54,363.52,407.78,280.37,335.08,275.45,370.06,301.21,367.12,363.52,
3.336,0,0.00,0.06,0.00,0.19,99.94,0.40,1.16,0.68,0.68,0.00,99.90,84.78,98.61,70.30,2.86,0.00,0.02,99.94,14.73,0.23,0.00,0.00,0.68,0.02,0.00,63.54,0.02,4.77,0.19,0.00,0.01,89.64,52.47,0.00,,5.59,0.68,-1.21,69.82,71.95,317.93,254.04,421.07,364.16,406.65,280.75,334.86,276.07,369.48,301.45,366.99,364.16,
3.416,0,0.01,0.02,0.00,0.19,99.98,0.26,0.97,0.06,0.06,0.00,99.98,85.36,98.53,68.06,0.78,0.00,0.02,99.96,53.67,0.45,0.00,0.00,0.06,0.01,0.00,91.37,0.02,10.40,0.16,0.00,0.01,99.67,48.86,0.00,,4.64,0.97,-0.20,70.17,71.95,317.49,254.72,421.29,365.39,406.01,280.96,334.15,277.30,369.48,302.82,368.00,365.39,
3.494,0,0.05,0.02,0.00,0.19,99.98,0.20,0.74,0.01,0.01,0.00,99.98,86.69,98.67,61.93,0.35,0.00,0.02,99.97,81.42,0.44,0.00,0.00,0.01,0.01,0.00,96.04,0.00,18.95,0.21,0.00,0.01,99.99,49.19,0.00,,5.23,0.47,-0.90,69.68,72.11,317.67,254.13,422.02,365.46,406.91,281.08,334.95,276.42,369.68,302.24,367.67,365.46,
3.573,0,0.09,0.02,0.00,0.17,99.98,0.15,0.58,0.01,0.00,0.00,99.98,87.78,98.73,56.19,0.25,0.00,0.02,99.99,92.70,0.72,0.00,0.00,0.00,0.01,0.00,94.39,0.00,24.74,0.20,0.00,0.01,100.00,49.11,0.00,,4.33,-0.22,-0.42,69.62,72.46,317.34,254.32,422.38,366.29,406.87,281.04,334.53,276.94,369.28,303.10,368.20,366.29,
3.649,0,0.13,0.02,0.00,0.13,99.98,0.10,0.38,0.00,0.00,0.00,99.98,89.81,98.51,46.07,0.18,0.00,0.05,99.99,95.42,1.00,0.00,0.00,0.00,0.00,0.00,93.46,0.00,27.35,0.12,0.00,0.00,100.00,49.14,0.00,,3.57,-1.05,-0.45,69.39,73.77,317.07,254.43,421.86,365.94,407.17,280.96,333.51,277.02,368.39,303.39,367.72,365.94,
3.714,0,0.20,0.02,0.00,0.08,99.98,0.04,0.19,0.00,0.00,0.00,99.98,93.20,98.75,28.72,0.19,0.00,0.11,100.00,98.14,1.68,0.00,0.00,0.00,0.00,0.00,96.60,0.00,28.94,0.08,0.00,0.00,100.00,49.38,0.00,,5.10,0.14,-0.45,70.01,72.81,316.69,254.64,420.79,365.67,405.94,281.16,333.24,277.27,368.36,302.69,367.04,365.67,
3.790,0,0.24,0.02,0.00,0.05,99.98,0.02,0.11,0.00,0.00,0.00,99.98,94.79,98.40,16.96,0.15,0.00,0.12,100.00,99.19,3.81,0.00,0.00,0.00,0.00,0.00,97.58,0.00,28.41,0.05,0.00,0.01,100.00,49.41,0.00,,6.29,1.40,-0.89,70.20,73.07,316.52,254.50,420.10,365.21,405.88,281.01,332.91,277.10,368.69,301.85,366.13,365.21,
3.855,0,0.24,0.02,0.00,0.04,99.98,0.02,0.09,0.01,0.00,0.00,99.98,95.63,98.43,11.32,0.12,0.00,0.12,100.00,99.58,4.64,0.00,0.00,0.00,0.01,0.00,98.72,0.00,24.25,0.05,0.00,0.00,100.00,49.50,0.00,,5.38,1.29,-0.71,69.93,71.99,317.02,254.31,420.32,364.64,405.59,280.57,333.70,276.73,368.97,301.89,366.72,364.64,
3.933,0,0.23,0.02,0.00,0.04,99.98,0.02,0.09,0.01,0.00,0.00,99.98,94.27,98.62,11.56,0.16,0.00,0.07,100.00,99.77,7.74,0.00,0.00,0.00,0.01,0.00,98.21,0.00,25.71,0.06,0.00,0.01,100.00,49.39,0.00,,4.47,0.66,-1.31,70.06,72.59,317.20,254.76,419.69,363.93,405.98,281.27,333.55,276.52,368.41,302.32,365.80,363.93,
4.008,0,0.25,0.02,0.00,0.05,99.98,0.02,0.11,0.00,0.00,0.00,99.98,94.62,98.42,15.01,0.32,0.00,0.07,99.99,99.61,5.17,0.00,0.00,0.00,0.00,0.00,95.62,0.00,30.32,0.05,0.00,2.66,100.00,49.23,0.00,,6.98,1.35,-2.04,71.01,71.69,317.64,255.56,418.49,363.57,405.56,281.52,333.98,277.47,368.46,301.38,364.66,363.57,
4.087,0,0.25,0.02,0.00,0.06,99.98,0.03,0.13,0.00,0.00,0.00,99.98,95.54,98.51,19.57,0.56,0.00,0.13,99.93,98.15,0.74,0.00,0.00,0.00,0.00,0.00,93.16,0.00,32.23,0.06,0.00,40.71,100.00,48.97,0.00,,8.75,1.03,-2.61,71.50,71.46,318.54,256.30,418.13,362.86,406.01,282.51,334.68,278.12,368.58,300.89,364.30,362.86,
4.167,0,0.17,0.02,0.00,0.06,99.98,0.03,0.13,0.00,0.01,0.00,99.98,95.56,98.60,20.19,0.92,0.00,0.13,99.81,86.15,0.38,0.00,0.00,0.00,0.00,0.01,87.92,0.00,35.01,0.09,0.00,36.75,100.00,48.52,0.00,,7.91,0.71,-1.21,71.23,73.52,319.23,256.29,418.30,361.99,406.76,282.17,333.35,278.13,368.76,300.98,366.20,361.99,
4.243,0,0.07,0.02,0.00,0.05,99.98,0.03,0.11,0.00,0.01,0.00,99.98,96.29,98.14,16.28,0.66,0.00,0.17,99.88,63.03,0.62,0.02,0.00,0.00,0.00,0.01,86.73,0.00,31.38,0.13,0.00,38.27,100.00,48.01,0.00,,8.18,2.16,-1.32,71.61,73.44,319.20,257.01,417.67,361.95,406.41,283.07,333.11,278.60,369.28,301.37,365.77,361.95,
4.322,0,0.04,0.02,0.00,0.05,99.98,0.02,0.11,0.00,0.02,0.00,99.98,96.36,97.95,15.23,0.29,0.00,0.11,99.93,46.54,0.98,0.04,0.00,0.00,0.00,0.02,88.66,0.00,32.31,0.22,0.00,11.39,100.00,46.83,0.00,,5.79,2.68,-1.57,71.51,72.55,319.30,257.87,417.15,362.05,405.91,282.89,333.44,279.42,369.37,302.83,365.33,362.05,
4.401,0,0.06,0.01,0.00,0.04,99.98,0.02,0.10,0.00,0.03,0.00,99.98,96.78,98.48,12.84,0.20,0.00,0.05,99.93,54.69,1.17,0.03,0.00,0.00,0.00,0.03,88.86,0.00,31.21,0.34,0.00,9.98,100.00,46.24,0.00,,5.22,1.16,-1.73,71.38,72.91,319.85,257.74,417.02,360.96,406.40,282.77,333.59,278.99,368.72,302.59,365.31,360.96,
4.479,0,0.09,0.01,0.00,0.04,99.98,0.02,0.09,0.00,0.03,0.00,99.98,97.11,98.51,11.92,0.19,0.00,0.04,99.95,70.08,0.86,0.02,0.00,0.00,0.00,0.03,91.03,0.00,29.08,0.56,0.00,6.05,100.00,45.84,0.00,,5.19,1.03,-1.46,71.37,72.62,320.36,257.78,416.88,360.39,406.28,282.75,333.77,278.69,368.81,302.33,365.81,360.39,
4.560,0,0.08,0.01,0.00,0.03,99.98,0.02,0.09,0.01,0.02,0.00,99.98,97.61,98.61,10.38,0.26,0.00,0.03,99.96,70.23,0.43,0.02,0.00,0.00,0.01,0.02,92.61,0.00,21.74,0.81,0.00,2.86,100.00,44.96,0.00,,4.71,0.69,-1.30,71.34,71.92,320.28,257.81,416.08,359.68,405.41,282.24,333.57,278.71,368.16,302.18,365.56,359.68,
4.635,0,0.06,0.01,0.00,0.03,99.98,0.02,0.08,0.01,0.01,0.00,99.98,97.94,98.79,8.70,0.34,0.00,0.02,99.94,63.95,0.50,0.02,0.00,0.01,0.01,0.01,94.73,0.00,14.46,0.73,0.00,6.55,100.00,45.94,0.00,,4.28,0.00,-0.72,70.95,72.03,320.87,257.37,416.64,359.01,405.73,281.68,333.77,278.44,368.32,301.90,366.76,359.01,
4.714,0,0.04,0.01,0.00,0.03,99.98,0.02,0.08,0.03,0.01,0.00,99.98,97.99,98.72,7.96,0.40,0.00,0.02,99.94,57.86,0.74,0.02,0.00,0.01,0.03,0.01,95.91,0.01,10.26,0.62,0.00,6.57,100.00,46.61,0.00,,4.35,-0.27,-0.68,70.90,71.98,320.87,257.43,416.50,358.94,405.62,281.67,333.70,278.52,368.09,301.86,366.73,358.94,
4.791,0,0.03,0.02,0.00,0.03,99.98,0.02,0.08,0.06,0.02,0.00,99.98,97.77,98.70,9.06,0.41,0.00,0.01,99.93,47.40,0.67,0.01,0.00,0.02,0.06,0.01,96.54,0.01,8.59,0.52,0.00,7.46,100.00,46.90,0.00,,4.45,-0.37,-0.82,70.81,71.61,320.91,257.50,416.45,358.96,405.49,281.83,333.96,278.46,368.04,301.85,366.58,358.96,
4.867,0,0.02,0.02,0.00,0.03,99.98,0.02,0.09,0.10,0.05,0.00,99.98,97.22,98.68,11.82,0.42,0.00,0.01,99.93,38.98,0.57,0.01,0.00,0.05,0.10,0.00,96.57,0.01,6.44,0.47,0.00,8.60,100.00,47.58,0.00,,4.57,-0.44,-0.79,70.76,71.91,320.90,257.50,416.47,358.99,405.64,281.79,333.80,278.54,367.99,301.82,366.61,358.99,
4.945,0,0.02,0.02,0.00,0.03,99.98,0.02,0.09,0.08,0.07,0.00,99.98,97.30,98.65,11.71,0.51,0.00,0.02,99.94,36.30,0.41,0.01,0.00,0.07,0.08,0.00,95.48,0.01,7.27,0.44,0.00,8.48,100.00,47.30,0.00,,4.86,-0.56,-0.77,70.70,72.10,320.86,257.45,416.52,359.11,405.73,281.69,333.70,278.62,367.93,301.71,366.62,359.11,
5.027,0,0.02,0.02,0.00,0.03,99.98,0.02,0.10,0.11,0.11,0.00,99.98,96.98,98.61,13.28,0.51,0.00,0.02,99.94,37.07,0.38,0.00,0.00,0.11,0.06,0.00,94.31,0.00,5.97,0.35,0.00,8.70,100.00,47.26,0.00,,4.26,-0.68,-0.79,70.62,72.26,320.93,257.52,416.41,358.84,405.81,281.75,333.62,278.54,367.84,301.91,366.58,358.84,
5.102,0,0.02,0.02,0.00,0.03,99.98,0.02,0.10,0.14,0.14,0.00,99.98,96.93,98.65,13.38,0.59,0.00,0.03,99.93,39.83,0.41,0.00,0.00,0.14,0.06,0.00,92.15,0.00,5.14,0.24,0.00,9.09,100.00,47.25,0.00,,4.47,-0.56,-0.84,70.58,72.08,320.86,257.48,416.48,359.03,405.74,281.74,333.73,278.53,367.92,301.85,366.54,359.03,
5.169,0,0.02,0.02,0.00,0.03,99.98,0.02,0.10,0.11,0.11,0.00,99.98,97.16,98.67,12.40,0.66,0.00,0.03,99.92,41.97,0.41,0.00,0.00,0.11,0.04,0.00,89.71,0.00,5.47,0.27,0.00,9.96,100.00,47.07,0.00,,4.40,-0.45,-0.77,70.65,72.54,320.82,257.45,416.48,358.92,405.92,281.79,333.45,278.52,367.95,301.88,366.58,358.92,
5.245,0,0.02,0.02,0.00,0.03,99.98,0.02,0.10,0.08,0.08,0.00,99.98,97.07,98.68,12.93,0.60,0.00,0.02,99.90,46.37,0.36,0.00,0.00,0.08,0.03,0.00,85.50,0.00,6.46,0.31,0.00,9.94,100.00,46.76,0.00,,4.66,-0.44,-1.18,70.72,72.70,320.82,257.51,416.35,358.93,406.16,282.01,333.55,278.40,367.92,301.78,366.05,358.93,
5.328,0,0.03,0.01,0.00,0.02,99.98,0.02,0.09,0.06,0.06,0.00,99.98,97.42,98.59,11.54,0.56,0.00,0.02,99.83,48.50,0.27,0.00,0.00,0.06,0.02,0.00,73.21,0.00,6.37,0.34,0.00,15.51,100.00,45.63,0.00,,5.05,-0.76,-1.50,70.92,73.56,320.81,257.49,416.50,359.00,406.84,282.34,333.40,278.32,367.80,301.70,365.72,359.00,
5.401,0,0.02,0.01,0.00,0.02,99.98,0.02,0.10,0.05,0.05,0.00,99.98,97.33,98.63,12.22,0.56,0.00,0.01,99.62,45.11,0.14,0.00,0.00,0.05,0.01,0.00,60.60,0.00,6.01,0.33,0.00,20.90,100.00,44.36,0.00,,4.55,-0.60,-1.53,71.12,73.31,320.72,257.58,416.32,358.91,406.59,282.29,333.39,278.39,367.76,301.92,365.57,358.91,
5.485,0,0.02,0.01,0.00,0.01,99.98,0.02,0.10,0.05,0.05,0.00,99.98,97.24,98.43,12.73,0.56,0.00,0.01,99.05,37.90,0.10,0.00,0.00,0.05,0.01,0.00,39.36,0.01,6.18,0.35,0.00,50.38,100.00,42.87,0.00,,3.47,-1.31,-2.08,71.03,72.91,320.54,257.50,416.27,358.79,406.58,282.43,333.81,277.96,367.27,302.27,364.83,358.79,
5.558,0,0.01,0.01,0.00,0.01,99.98,0.02,0.10,0.07,0.07,0.00,99.98,96.92,98.41,14.22,0.65,0.00,0.01,98.16,27.23,0.09,0.00,0.00,0.07,0.01,0.00,26.75,0.01,6.75,0.39,0.00,73.68,100.00,43.02,0.00,,3.68,-1.37,-2.50,70.94,71.92,320.52,257.49,416.14,358.81,406.20,282.63,334.45,277.64,367.20,302.12,364.35,358.81,
5.637,0,0.01,0.01,0.00,0.01,99.98,0.02,0.11,0.10,0.10,0.00,99.98,96.78,98.42,14.81,0.71,0.00,0.01,97.82,20.55,0.10,0.00,0.00,0.10,0.02,0.01,24.62,0.01,6.52,0.46,0.00,64.91,100.00,44.35,0.00,,3.94,-1.35,-2.47,70.92,72.45,320.46,257.30,416.31,358.83,406.52,282.54,334.23,277.57,367.25,301.95,364.40,358.83,
5.714,0,0.01,0.01,0.00,0.01,99.98,0.02,0.10,0.15,0.15,0.00,99.98,97.27,98.34,12.38,0.73,0.00,0.00,97.76,18.96,0.13,0.00,0.00,0.15,0.03,0.01,16.17,0.01,5.58,0.49,0.00,59.99,99.99,44.67,0.00,,4.04,-1.59,-2.31,71.04,72.90,320.55,257.32,416.38,358.79,406.76,282.54,334.01,277.68,367.18,301.92,364.63,358.79,
5.779,0,0.01,0.01,0.00,0.01,99.97,0.02,0.09,0.29,0.29,0.00,99.98,97.44,98.45,11.34,0.74,0.00,0.00,93.45,16.91,0.14,0.00,0.00,0.29,0.03,0.01,8.31,0.01,4.74,0.51,0.00,63.57,99.98,42.96,0.00,,4.70,-1.25,-1.76,71.48,72.63,320.74,257.24,416.50,358.89,406.46,282.30,333.97,277.72,367.51,301.58,365.42,358.89,
5.848,0,0.01,0.00,0.00,0.01,99.64,0.01,0.09,1.27,1.27,0.00,99.98,97.52,98.59,9.26,0.73,0.00,0.00,49.23,10.83,0.25,0.01,0.00,1.27,0.03,0.02,1.41,0.00,4.67,0.42,0.00,63.42,99.89,24.61,0.00,,5.21,-0.78,-1.41,71.84,72.95,320.59,256.92,417.01,359.13,406.60,282.38,333.81,277.60,367.94,301.40,365.99,359.13,
5.927,0,0.01,0.00,0.00,0.01,96.80,0.01,0.09,4.06,4.06,0.00,99.98,95.93,98.22,11.91,0.58,0.00,0.00,11.39,8.39,0.59,0.03,0.00,4.06,0.02,0.03,0.13,0.00,6.04,0.32,0.00,83.97,99.38,0.00,0.00,,6.06,-1.96,-2.04,71.42,73.61,320.67,256.21,417.44,358.97,407.55,282.16,334.13,276.77,367.52,300.50,365.48,358.97,
5.996,0,0.01,0.00,0.00,0.01,94.59,0.02,0.10,12.72,5.08,0.00,99.97,91.97,98.60,14.16,0.48,0.00,0.00,6.57,5.08,1.20,0.06,0.00,12.72,0.02,0.03,0.01,0.00,4.84,0.21,0.00,76.67,96.92,0.00,0.00,,6.05,-0.71,-1.21,71.91,73.32,320.08,256.16,417.68,359.52,406.74,282.41,333.61,277.03,368.04,300.89,366.29,359.52,
6.064,0,0.01,0.00,0.00,0.01,77.88,0.08,0.11,30.79,3.44,0.00,99.74,71.01,98.47,15.72,0.47,0.00,0.00,4.15,3.44,1.08,0.04,0.00,30.79,0.01,0.02,0.00,0.00,2.84,0.11,0.00,47.68,83.79,0.00,0.00,,4.39,1.17,-1.01,72.26,72.61,319.38,256.48,417.48,360.22,405.79,282.55,333.37,277.28,368.68,302.09,366.13,360.22,
6.133,0,0.01,0.00,0.00,0.02,50.63,0.19,0.12,36.95,4.02,24.37,98.54,56.92,98.23,18.83,0.58,0.00,0.00,3.86,4.02,0.61,0.03,0.00,36.95,0.01,0.02,0.00,0.00,2.14,0.09,0.00,23.28,72.89,0.00,0.00,,3.21,1.90,-1.17,72.23,71.63,319.41,256.67,417.52,360.61,405.41,282.19,333.95,277.39,369.14,302.71,366.04,360.61,
6.217,0,0.07,0.05,0.01,0.12,0.20,7.28,0.10,16.44,5.15,85.43,41.96,0.00,98.33,14.22,0.89,0.01,0.00,5.43,5.15,0.80,0.05,0.00,75.08,0.02,0.02,0.00,0.00,1.29,0.04,0.00,19.95,16.44,0.00,0.00,,3.47,1.63,-0.74,72.49,72.18,319.27,256.47,417.63,360.62,405.46,281.92,333.42,277.53,368.95,302.53,366.47,360.62,
6.284,0,0.11,0.12,0.02,0.15,0.06,13.32,0.09,9.70,6.05,73.37,52.86,-9.01,98.33,9.70,1.29,0.01,0.00,4.33,6.05,1.09,0.08,0.00,85.05,0.02,0.01,0.00,0.00,0.83,0.02,0.00,3.25,5.51,0.00,0.00,,3.18,1.63,-1.20,72.61,72.77,319.21,256.41,417.64,360.57,405.98,282.07,333.37,277.23,368.95,302.61,365.92,360.57,
6.357,0,0.16,0.14,0.02,0.15,0.05,14.22,0.08,8.59,13.76,71.55,53.26,-11.26,98.33,8.59,1.23,0.02,0.00,4.71,13.76,1.53,0.11,0.00,86.37,0.02,0.01,0.00,0.00,0.52,0.01,0.00,2.03,3.75,0.00,0.00,,3.21,1.62,-1.54,72.57,72.58,319.17,256.13,417.84,360.53,406.13,282.24,333.76,276.67,369.04,302.45,365.63,360.53,
6.431,0,0.24,0.15,0.02,0.14,0.05,14.35,0.07,7.81,24.21,71.30,55.97,-11.02,98.26,5.30,0.85,0.02,0.00,7.81,24.21,2.48,0.11,0.00,88.51,0.03,0.01,0.00,0.00,0.23,0.01,0.00,0.45,3.09,0.00,0.00,,2.39,1.84,-0.67,72.20,73.02,318.85,255.45,418.51,360.78,406.08,281.20,333.20,276.63,369.30,302.53,366.76,360.78,
6.498,0,0.22,0.16,0.02,0.14,0.04,15.62,0.07,4.56,19.97,68.77,54.58,-13.51,98.40,4.56,0.83,0.02,0.00,4.52,19.97,1.78,0.08,0.00,91.06,0.04,0.01,0.00,0.00,0.13,0.01,0.00,0.05,2.57,0.00,0.00,,2.65,1.40,-0.94,71.77,73.25,318.94,254.96,418.86,360.65,406.57,280.89,333.48,276.09,369.28,302.05,366.66,360.65,
6.565,0,0.21,0.15,0.02,0.14,0.04,15.80,0.07,5.28,20.12,68.39,56.34,-13.07,98.61,5.28,0.83,0.02,0.00,4.30,20.12,1.87,0.14,0.00,91.23,0.06,0.01,0.00,0.00,0.13,0.01,0.00,0.02,3.28,0.00,0.00,,5.13,0.69,-1.82,71.16,74.56,318.79,253.94,418.98,360.24,407.71,280.63,333.36,275.06,368.90,300.21,365.59,360.24,
6.643,0,0.15,0.15,0.02,0.14,0.04,16.41,0.07,5.08,10.98,67.19,57.68,-13.34,98.59,5.08,1.01,0.02,0.01,4.35,10.98,1.62,0.08,0.00,92.10,0.09,0.01,0.00,0.00,0.10,0.01,0.00,0.03,3.15,0.00,0.00,,5.41,0.75,-2.36,70.89,73.13,318.45,253.56,418.51,359.98,406.85,280.37,333.97,274.34,368.56,299.64,364.64,359.98,
6.712,0,0.13,0.15,0.02,0.16,0.04,18.17,0.08,7.98,7.00,63.66,63.25,-14.71,98.61,7.98,1.36,0.02,0.01,2.54,7.00,0.94,0.02,0.00,92.11,0.10,0.00,0.00,0.00,0.11,0.01,0.00,0.04,2.99,0.00,0.00,,4.97,0.69,-2.31,70.83,72.64,318.31,253.50,418.53,360.11,406.50,280.23,334.10,274.27,368.46,299.82,364.66,360.11,
6.779,0,0.12,0.15,0.02,0.17,0.04,19.60,0.09,10.02,6.73,60.79,66.73,-15.43,98.57,10.02,1.30,0.02,0.01,2.68,6.73,1.06,0.02,0.00,91.97,0.10,0.00,0.00,0.00,0.11,0.01,0.00,0.11,2.73,0.00,0.00,,5.53,0.84,-2.33,70.80,73.08,318.45,253.57,418.49,359.97,406.79,280.42,333.96,274.36,368.59,299.60,364.66,359.97,
6.848,0,0.12,0.15,0.02,0.18,0.04,22.18,0.10,12.59,7.11,55.64,72.38,-16.14,98.60,12.59,1.10,0.02,0.00,2.98,7.11,1.30,0.03,0.00,92.73,0.12,0.00,0.00,0.00,0.10,0.01,0.00,0.06,2.83,0.00,0.00,,5.59,0.72,-2.40,70.84,72.93,318.42,253.60,418.41,359.96,406.69,280.51,334.02,274.34,368.47,299.59,364.53,359.96,
6.916,0,0.12,0.15,0.02,0.19,0.04,23.48,0.10,14.22,8.75,53.05,74.74,-15.47,98.56,14.22,1.13,0.02,0.00,4.24,8.75,1.05,0.03,0.00,92.61,0.10,0.00,0.00,0.00,0.12,0.01,0.00,0.19,3.09,0.00,0.00,,5.40,0.86,-2.50,70.62,74.16,319.18,253.69,418.45,359.19,407.80,280.27,333.88,274.40,368.96,299.42,364.76,359.19,
6.983,0,0.13,0.15,0.02,0.17,0.05,21.63,0.09,11.49,9.21,56.74,70.64,-14.27,98.42,11.49,1.05,0.02,0.00,5.43,9.21,1.13,0.03,0.00,92.78,0.12,0.00,0.00,0.00,0.13,0.01,0.00,0.06,3.20,0.00,0.00,,4.00,1.34,-1.84,70.93,73.93,318.93,253.99,418.32,359.35,407.13,280.23,333.40,274.83,369.02,300.33,365.35,359.35,
7.048,0,0.13,0.14,0.02,0.16,0.05,19.28,0.09,10.20,9.19,61.44,66.60,-12.69,98.66,10.20,1.16,0.02,0.00,5.51,9.19,1.24,0.05,0.00,91.72,0.10,0.00,0.01,0.00,0.22,0.01,0.00,0.15,4.01,0.00,0.00,,5.47,0.50,-2.05,70.73,73.78,319.33,253.81,418.50,359.25,407.48,280.10,333.89,274.78,368.83,299.47,365.38,359.25,
7.119,0,0.14,0.14,0.02,0.15,0.06,17.03,0.08,7.87,9.75,65.94,60.06,-10.64,98.63,7.87,1.36,0.01,0.00,7.25,9.75,0.85,0.06,0.00,90.54,0.07,0.00,0.01,0.00,0.29,0.01,0.00,0.18,4.12,0.00,0.00,,3.99,0.63,-1.96,70.79,73.35,319.30,254.35,418.17,359.22,407.01,280.45,333.87,275.02,368.72,300.42,365.33,359.22,
7.187,0,0.12,0.13,0.02,0.14,0.06,14.90,0.08,7.16,6.32,70.20,55.57,-9.17,98.77,7.16,1.60,0.01,0.01,6.33,6.32,0.68,0.04,0.00,88.96,0.05,0.00,0.00,0.00,0.50,0.01,0.00,0.27,5.08,0.00,0.00,,4.96,-0.08,-2.15,70.50,73.49,319.88,254.49,418.60,359.44,407.71,280.55,334.41,275.28,368.82,300.11,365.60,359.44,
7.263,0,0.10,0.12,0.02,0.15,0.06,14.20,0.09,9.09,4.30,71.60,56.32,-8.76,98.78,9.09,2.20,0.01,0.01,4.42,4.30,0.55,0.03,0.00,87.41,0.03,0.00,0.00,0.00,0.79,0.02,0.00,0.13,6.07,0.00,0.00,,5.18,0.04,-2.13,70.51,73.01,319.91,254.60,418.52,359.51,407.43,280.63,334.60,275.40,368.87,300.09,365.62,359.51,
7.331,0,0.10,0.10,0.02,0.15,0.07,13.98,0.09,9.93,4.21,72.04,57.32,-7.16,98.67,9.93,2.51,0.01,0.01,4.94,4.21,0.44,0.05,0.00,87.08,0.02,0.00,0.01,0.00,1.00,0.02,0.00,0.04,7.27,0.00,0.00,,2.99,0.46,-1.41,70.87,73.34,319.39,255.00,418.18,359.63,406.78,280.65,333.59,275.88,368.64,301.41,365.99,359.63,
7.411,0,0.09,0.09,0.02,0.17,0.09,13.87,0.11,13.17,3.63,72.26,59.27,-5.07,98.74,13.17,2.81,0.01,0.01,6.46,3.63,0.62,0.04,0.00,84.83,0.02,0.00,0.01,0.00,1.33,0.02,0.00,0.12,8.53,0.00,0.00,,4.24,-0.19,-1.85,70.33,73.12,319.75,254.29,418.55,359.33,407.28,279.98,334.32,275.23,368.66,300.21,365.86,359.33,
7.478,0,0.08,0.10,0.01,0.21,0.08,18.08,0.14,18.29,2.49,63.84,71.30,-8.36,98.56,18.29,3.82,0.01,0.01,5.35,2.49,0.64,0.02,0.00,86.37,0.02,0.00,0.00,0.00,1.42,0.02,0.00,6.80,7.60,0.00,0.00,,5.25,-0.88,-2.11,70.62,73.00,319.84,254.39,418.61,359.51,407.43,280.46,334.62,275.24,368.34,299.90,365.63,359.51,
7.545,0,0.07,0.10,0.01,0.26,0.07,24.65,0.18,24.04,2.48,50.70,83.41,-11.08,98.61,24.04,4.25,0.00,0.01,4.15,2.48,0.70,0.02,0.00,89.39,0.04,0.01,0.00,0.00,1.68,0.02,0.00,5.83,7.80,0.00,0.00,,5.78,-0.68,-2.16,70.95,72.63,319.83,254.44,418.58,359.65,407.24,280.58,334.80,275.31,368.44,299.75,365.57,359.65,
7.621,0,0.06,0.10,0.01,0.40,0.07,40.06,0.31,36.58,2.45,34.94,94.43,-15.72,98.79,36.58,4.91,0.00,0.01,4.86,2.45,1.33,0.08,0.00,91.96,0.06,0.01,0.00,0.00,1.16,0.02,0.00,1.96,6.99,0.00,0.00,,6.01,0.00,-2.09,71.17,73.02,319.43,254.18,418.64,359.77,407.21,280.63,334.40,275.10,368.66,299.63,365.48,359.77,
7.698,0,0.06,0.11,0.01,0.44,0.05,41.81,0.33,36.13,2.28,33.19,94.88,-18.86,98.76,36.13,6.95,0.00,0.01,3.12,2.28,1.16,0.08,0.00,93.53,0.08,0.01,0.00,0.00,0.63,0.01,0.00,0.08,5.27,0.00,0.00,,2.81,0.12,-1.42,71.92,72.46,318.73,254.67,418.47,360.04,406.09,281.35,333.89,275.18,368.27,301.59,365.83,360.04,
7.764,0,0.06,0.12,0.01,0.45,0.04,40.53,0.31,31.68,2.62,34.47,94.03,-21.73,98.70,31.68,9.79,0.00,0.02,1.30,2.62,0.54,0.05,0.00,95.96,0.09,0.00,0.00,0.00,0.35,0.01,0.00,0.00,3.09,0.00,0.00,,2.81,-0.36,-1.63,71.55,72.11,318.59,253.88,418.85,360.08,406.16,280.40,334.29,274.53,368.12,301.02,365.72,360.08,
7.834,0,0.06,0.12,0.01,0.58,0.03,42.20,0.39,32.11,1.56,32.80,94.84,-24.32,98.65,32.11,14.80,0.00,0.03,0.66,1.56,0.19,0.03,0.00,97.46,0.10,0.00,0.00,0.00,0.24,0.01,0.00,0.00,1.49,0.00,0.00,,5.15,0.54,-1.46,71.48,73.08,318.32,253.39,418.71,360.06,406.38,279.89,333.49,274.66,368.43,299.73,365.68,360.06,
7.901,0,0.06,0.10,0.02,0.64,0.03,34.20,0.43,26.61,0.51,40.80,92.48,-23.77,98.59,26.61,22.75,0.00,0.06,0.43,0.51,0.09,0.01,0.00,97.96,0.12,0.00,0.00,0.00,0.19,0.01,0.00,0.00,1.07,0.00,0.00,,5.59,0.75,-1.35,71.54,73.14,318.22,253.34,418.70,360.15,406.30,279.87,333.33,274.75,368.48,299.56,365.75,360.15,
7.967,0,0.05,0.09,0.01,0.95,0.03,39.89,0.71,33.10,0.30,35.11,95.57,-25.89,98.55,33.10,28.11,0.00,0.09,0.51,0.30,0.08,0.01,0.00,98.46,0.11,0.00,0.00,0.00,0.16,0.01,0.00,0.00,0.64,0.00,0.00,,5.36,0.92,-1.56,71.76,72.95,318.10,253.45,418.57,360.15,406.17,280.23,333.43,274.59,368.46,299.76,365.39,360.15,
8.045,0,0.05,0.10,0.01,0.78,0.03,40.63,0.55,31.24,0.40,34.37,95.16,-25.98,98.78,31.24,23.93,0.00,0.06,0.81,0.22,0.40,0.04,0.00,99.16,0.27,0.00,0.00,0.00,0.06,0.01,0.00,0.00,0.43,0.00,0.00,,7.10,0.02,-0.52,73.05,72.30,317.56,252.00,419.13,359.95,405.28,279.18,333.17,273.87,367.90,298.14,366.58,359.95,
8.112,0,0.06,0.12,0.02,0.50,0.03,35.58,0.32,24.23,1.67,39.42,91.89,-24.90,98.70,24.23,18.22,0.00,0.03,1.59,0.52,1.67,0.04,0.00,99.31,0.59,0.00,0.00,0.00,0.03,0.00,0.00,0.03,0.28,0.00,0.00,,9.18,0.37,-1.05,73.72,71.64,317.78,251.43,419.75,360.17,405.62,279.31,334.24,273.24,368.55,296.94,366.43,360.17,
8.190,0,0.07,0.13,0.02,0.39,0.03,34.16,0.23,20.45,1.25,40.84,89.44,-23.92,98.58,20.45,13.85,0.00,0.01,1.89,1.25,1.07,0.02,0.00,99.47,1.13,0.00,0.00,0.00,0.02,0.00,0.00,0.03,0.17,0.00,0.00,,9.60,0.79,-0.70,73.83,72.17,317.75,250.54,419.67,359.03,405.63,278.61,333.73,272.46,368.72,295.90,366.76,359.03,
8.260,0,0.08,0.14,0.02,0.32,0.03,30.56,0.18,15.09,1.71,44.44,84.90,-23.78,98.44,15.09,13.77,0.00,0.01,1.76,1.71,1.28,0.04,0.00,99.74,4.65,0.00,0.00,0.00,0.01,0.00,0.00,0.03,0.14,0.00,0.00,,10.61,1.27,-0.80,73.21,72.31,316.93,250.37,419.02,359.31,405.04,278.36,332.96,272.56,368.27,295.40,365.93,359.31,
8.325,0,0.09,0.14,0.02,0.28,0.03,27.73,0.15,11.91,2.34,47.27,82.09,-23.01,98.64,11.91,12.51,0.00,0.01,1.80,2.34,1.56,0.02,0.00,99.77,4.04,0.00,0.00,0.00,0.01,0.00,0.00,6.50,0.16,0.00,0.00,,8.78,0.57,-2.37,71.53,72.68,316.33,251.71,418.33,360.73,405.44,279.63,333.05,273.13,367.30,297.37,363.50,360.73,
8.396,0,0.09,0.15,0.02,0.25,0.03,26.11,0.13,9.63,0.92,48.89,80.38,-22.27,98.53,9.63,11.14,0.00,0.01,1.35,0.84,0.92,0.00,0.00,99.75,3.60,0.00,0.00,0.01,0.00,0.00,0.00,24.27,0.18,0.08,0.00,,8.21,0.99,-1.26,71.94,73.66,315.65,254.67,417.20,362.84,404.46,282.03,331.00,276.54,366.58,300.39,363.80,362.84,
8.469,0,0.10,0.17,0.03,0.20,0.03,26.77,0.10,7.90,0.95,48.23,76.03,-21.36,98.08,7.90,6.03,0.00,0.01,2.72,0.31,0.95,0.03,0.00,99.80,4.50,0.00,0.00,0.21,0.00,0.00,0.00,80.24,0.33,0.45,0.00,,-5.26,-2.33,-4.20,68.98,72.99,314.79,267.85,414.73,372.85,404.01,294.46,331.48,286.20,363.15,317.76,358.79,372.85,
8.535,0,0.10,0.21,0.02,0.19,0.03,28.63,0.09,9.83,0.93,46.37,78.58,-21.86,97.87,9.83,2.66,0.00,0.01,1.92,0.10,0.93,0.08,0.00,99.68,2.50,0.00,0.01,1.06,0.00,0.00,0.00,93.82,0.32,1.72,0.00,,-2.72,-2.86,-2.94,68.15,73.12,314.52,267.75,415.66,374.47,403.78,294.10,330.97,287.41,363.09,317.30,360.51,374.47,
8.603,0,0.10,0.25,0.02,0.20,0.03,31.85,0.10,13.23,0.75,43.15,82.38,-23.11,98.14,13.23,1.58,0.00,0.01,0.88,0.04,0.75,0.12,0.00,99.30,3.16,0.00,0.05,1.68,0.00,0.00,0.00,98.19,0.40,2.97,0.00,,-4.96,-2.16,-2.84,67.75,75.16,313.13,273.72,413.98,379.67,403.30,299.42,328.38,293.47,361.92,324.02,358.97,379.67,
8.681,0,0.11,0.24,0.02,0.20,0.03,31.86,0.10,13.61,0.64,43.14,82.09,-23.08,97.75,13.61,0.77,0.00,0.00,1.29,0.02,0.64,0.41,0.49,98.67,3.21,0.00,0.22,3.60,0.01,0.00,0.00,97.13,0.50,2.75,0.00,,-7.57,-3.15,-2.63,66.91,74.45,311.84,277.42,412.58,382.78,401.44,303.30,327.30,296.46,359.99,328.60,357.89,382.78,
8.749,0,0.10,0.23,0.02,0.21,0.03,31.87,0.11,15.63,0.58,43.13,82.96,-21.70,96.33,15.63,0.62,0.00,0.00,1.83,0.03,0.58,0.87,1.22,97.40,2.01,0.00,0.32,1.38,0.02,0.00,0.00,93.04,0.80,2.28,0.00,,-8.26,-5.66,-3.39,66.57,74.06,311.49,277.63,412.90,384.02,401.68,303.47,327.95,296.51,358.55,329.36,356.96,384.02,
8.816,0,0.11,0.20,0.02,0.18,0.03,23.75,0.09,11.04,0.82,52.51,71.23,-18.18,96.51,11.04,0.49,0.01,0.00,3.73,0.05,0.82,2.25,5.01,93.58,2.40,0.00,0.90,2.36,0.05,0.01,0.00,92.50,1.42,1.62,0.00,,-10.79,-5.40,-3.51,66.77,75.41,310.48,277.25,412.97,384.07,401.93,303.80,326.97,295.63,358.18,330.48,356.27,384.07,
8.884,0,0.12,0.19,0.02,0.15,0.04,13.50,0.08,7.60,0.90,73.01,46.94,-13.57,96.01,7.60,0.21,0.01,0.00,4.34,0.09,0.90,2.11,9.29,84.20,1.16,0.00,1.37,5.60,0.08,0.01,0.01,96.75,2.13,1.26,0.00,,-11.80,-6.10,-3.21,66.95,73.65,310.55,278.13,412.39,384.28,400.60,304.11,327.35,296.39,357.58,331.42,356.47,384.28,
8.961,0,0.12,0.19,0.02,0.15,0.05,10.36,0.08,7.70,1.01,79.29,37.16,-11.12,96.75,7.70,0.16,0.03,0.00,4.91,0.25,1.01,1.42,9.98,79.09,1.58,0.00,3.06,9.76,0.15,0.02,0.04,87.57,3.49,2.60,0.00,,-11.37,-5.03,-2.42,68.48,75.07,310.83,278.18,412.04,383.36,400.88,304.01,326.16,296.77,358.07,331.00,357.28,383.36,
9.120,0,0.12,0.19,0.02,0.13,0.06,8.68,0.07,6.60,1.12,82.65,32.55,-9.30,97.66,6.40,0.26,0.04,0.00,3.70,0.17,1.12,0.01,0.00,77.86,4.16,0.00,5.25,15.26,0.22,0.03,0.18,68.65,6.60,4.41,1.00,,-2.21,-3.35,-3.80,70.21,74.00,311.33,267.66,411.04,372.79,400.80,294.30,327.20,286.70,358.93,316.29,355.56,372.79,
9.279,0,0.53,0.90,0.14,0.14,0.17,37.63,0.08,13.33,2.17,37.37,77.46,-38.06,98.36,7.65,0.99,0.04,0.01,13.33,0.02,2.17,0.01,0.00,92.17,63.98,0.00,12.37,95.37,0.05,0.01,0.09,32.45,10.62,22.34,0.00,,4.31,-1.54,-3.93,72.72,76.88,313.79,258.14,412.82,362.51,404.43,286.64,328.11,277.37,362.07,304.09,357.37,362.51,
9.343,0,0.68,0.45,0.27,0.15,0.09,54.27,0.08,8.56,1.07,20.73,72.46,-49.38,98.59,7.41,1.35,0.01,0.01,6.90,0.02,1.07,0.00,0.00,97.97,83.77,0.00,11.17,95.61,0.01,0.00,0.06,30.72,8.56,14.35,0.00,,3.09,-0.75,-4.19,74.10,74.98,313.77,255.98,411.42,359.07,402.87,283.49,328.39,274.87,361.88,301.76,356.52,359.07,
9.426,0,0.53,0.17,0.42,0.13,0.06,59.93,0.07,6.12,0.62,15.07,71.37,-47.71,98.30,4.67,0.61,0.01,0.01,5.08,0.04,0.62,0.00,0.00,99.61,93.81,0.00,4.48,63.63,0.00,0.00,0.03,3.84,6.12,3.05,0.00,,11.10,-1.72,-3.97,74.76,73.60,315.52,249.58,412.48,353.11,403.46,277.57,330.29,269.52,362.72,292.03,358.26,353.11,
9.492,0,0.20,0.15,0.29,0.14,0.05,59.03,0.08,7.33,0.44,15.97,75.07,-34.07,98.63,7.33,0.64,0.00,0.01,3.89,0.10,0.44,0.00,0.00,99.72,82.59,0.00,1.56,2.74,0.00,0.00,0.01,3.45,4.56,1.22,0.00,,13.71,-0.62,-2.64,75.47,72.76,316.87,249.15,411.83,350.60,402.66,276.44,330.21,269.65,363.65,289.85,360.18,350.60,
9.625,0,0.13,0.14,0.04,0.15,0.05,36.07,0.08,9.45,2.18,38.93,77.87,-20.87,98.70,9.45,0.36,0.00,0.00,4.81,2.18,0.29,0.00,0.00,99.54,24.70,0.00,0.09,0.04,0.00,0.00,0.01,0.85,3.90,0.00,0.00,,14.14,-0.36,-3.21,75.20,72.29,317.16,247.33,411.97,348.91,402.95,274.30,330.95,267.94,364.05,287.78,359.80,348.91,
9.764,0,0.12,0.16,0.02,0.18,0.03,34.19,0.10,13.78,5.40,40.81,83.43,-21.43,98.11,13.78,0.27,0.00,0.00,0.88,5.40,0.22,0.00,0.00,99.67,9.10,0.00,0.02,0.11,0.00,0.00,0.01,0.08,2.75,0.00,0.00,,14.95,-2.25,-2.74,73.18,71.55,318.03,247.23,411.96,348.04,402.78,273.71,331.46,268.08,363.38,286.95,360.74,348.04,
9.831,0,0.12,0.16,0.02,0.17,0.04,28.98,0.09,10.66,4.34,46.02,79.23,-19.11,97.72,10.66,0.52,0.00,0.00,1.76,4.34,0.16,0.00,0.00,99.34,4.16,0.00,0.03,0.12,0.00,0.01,0.00,0.29,2.69,0.00,0.00,,11.61,-3.21,-3.73,71.96,73.53,317.11,247.42,412.07,347.84,404.02,274.13,330.69,268.71,362.42,288.93,359.07,347.84,
9.916,0,0.11,0.16,0.02,0.14,0.04,22.45,0.07,4.84,1.05,55.10,68.88,-17.28,98.13,4.84,1.27,0.00,0.00,2.12,1.05,0.14,0.00,0.00,98.38,2.23,0.00,0.02,0.13,0.01,0.01,0.00,0.01,2.29,0.00,0.00,,10.00,-2.19,-3.64,72.59,72.10,316.64,251.01,411.56,351.72,402.67,277.40,330.80,271.69,362.55,293.05,358.82,351.72,
9.983,0,0.11,0.15,0.02,0.15,0.03,20.22,0.08,4.72,0.68,59.57,66.40,-17.23,98.01,4.72,3.23,0.00,0.01,0.98,0.68,0.08,0.00,0.00,97.09,1.02,0.00,0.02,0.02,0.03,0.03,0.00,0.01,2.10,0.00,0.00,,6.21,-2.52,-3.00,71.87,72.48,316.97,251.26,412.45,352.53,403.14,277.15,330.88,271.43,362.93,294.88,360.10,352.53,
10.062,0,0.10,0.14,0.02,0.18,0.03,16.98,0.09,2.96,0.38,66.04,72.11,-16.92,97.93,2.96,8.74,0.00,0.04,0.53,0.38,0.03,0.00,0.00,96.42,0.29,0.00,0.01,0.00,0.09,0.05,0.00,0.00,1.82,0.00,0.00,,7.68,-2.71,-2.93,72.01,73.04,316.59,250.94,413.06,353.41,403.52,277.12,330.68,271.71,362.92,294.49,360.26,353.41,
10.266,0,0.10,0.13,0.02,0.19,0.03,13.71,0.09,1.67,0.14,72.57,69.61,-16.25,97.57,1.67,10.54,0.00,0.18,0.16,0.14,0.02,0.00,0.00,93.11,0.17,0.00,0.00,0.00,0.32,0.06,0.00,0.00,1.28,0.00,0.00,6.00,9.33,-3.54,-3.19,72.36,72.28,316.97,249.78,414.08,353.50,403.91,276.92,331.96,270.02,363.18,292.90,360.71,353.50,
10.332,0,0.12,0.17,0.02,0.14,0.03,15.36,0.07,1.08,0.17,69.27,55.88,-17.02,97.27,1.08,2.99,0.00,0.04,0.15,0.17,0.02,0.00,0.00,93.28,0.18,0.00,0.00,0.00,0.29,0.04,0.00,0.00,0.54,0.00,0.00,6.00,11.32,-4.13,-3.05,72.31,72.63,317.25,249.18,414.52,353.38,404.41,276.40,332.07,269.88,363.18,291.60,361.18,353.38,
10.400,0,0.12,0.17,0.02,0.15,0.02,14.85,0.07,1.06,0.13,70.30,56.71,-17.15,97.55,1.06,3.97,0.00,0.05,0.09,0.13,0.03,0.00,0.00,92.73,0.14,0.00,0.00,0.00,0.22,0.03,0.00,0.00,0.28,0.00,0.00,6.00,10.49,-3.58,-2.87,72.55,71.25,317.01,249.13,414.51,353.62,403.44,276.10,332.47,269.82,363.40,291.98,361.35,353.62,
10.480,0,0.11,0.17,0.02,0.16,0.02,14.39,0.07,1.16,0.07,71.21,58.63,-17.25,97.84,1.16,5.38,0.00,0.05,0.04,0.07,0.03,0.00,0.00,92.30,0.12,0.00,0.00,0.00,0.21,0.03,0.00,0.00,0.10,0.00,0.00,6.00,11.29,-2.94,-2.65,73.02,70.09,315.96,248.90,414.57,354.63,402.18,276.50,332.42,269.73,363.30,291.94,361.19,354.63,
10.558,0,0.11,0.16,0.02,0.18,0.02,14.84,0.08,1.11,0.03,70.32,67.49,-17.88,98.25,1.11,8.49,0.00,0.05,0.03,0.03,0.02,0.00,0.00,93.94,0.15,0.00,0.00,0.00,0.10,0.02,0.00,0.00,0.04,0.00,0.00,6.00,12.26,-1.87,-2.72,73.10,70.37,315.77,248.37,414.51,354.32,402.23,276.20,332.19,269.30,363.76,291.13,361.00,354.32,
10.697,0,0.08,0.09,0.02,0.38,0.02,5.20,0.22,3.15,0.06,89.60,74.15,-12.51,98.67,3.15,29.37,0.00,0.22,0.08,0.06,0.01,0.00,0.00,77.07,0.01,0.00,0.00,0.00,0.67,0.05,0.00,0.00,0.02,0.00,0.00,6.00,14.87,-0.45,-2.92,72.11,70.99,311.97,243.42,419.24,359.69,403.12,273.29,332.46,266.52,365.03,288.71,361.25,359.69,
10.867,0,0.22,0.03,0.24,9.11,0.02,0.23,2.11,7.19,0.37,81.79,98.61,0.00,98.62,7.19,74.29,0.00,5.19,0.02,0.37,0.00,0.00,0.00,28.40,0.00,0.00,0.00,0.00,72.11,1.29,0.00,0.00,0.00,0.00,0.00,6.00,17.84,-0.66,-2.43,72.70,67.58,311.27,243.98,418.83,361.98,400.60,272.73,333.16,268.36,364.36,287.94,361.38,361.98,
10.947,0,0.48,0.02,0.59,29.07,0.02,0.06,20.00,6.07,0.08,45.93,99.95,0.00,98.31,7.19,87.34,0.00,15.68,0.01,0.08,0.00,0.00,0.00,6.07,0.00,0.00,0.00,0.00,99.81,36.51,0.00,0.00,0.00,0.00,0.00,6.00,18.42,-1.67,-2.84,72.51,66.57,310.86,243.78,418.92,362.48,400.10,273.06,333.72,268.06,363.70,287.63,360.84,362.48,
11.014,0,3.28,0.02,0.64,81.18,0.02,0.03,97.20,0.83,0.00,0.00,99.97,0.00,98.30,2.73,96.12,0.00,70.83,0.00,0.00,0.00,0.00,0.00,0.83,0.00,0.00,0.00,0.00,100.00,95.42,0.00,0.00,0.00,0.00,0.00,6.00,17.93,1.72,-3.24,71.92,64.54,310.99,242.82,419.70,361.82,399.56,273.19,335.38,266.40,365.95,287.29,361.11,361.82,
11.087,0,5.10,0.02,0.64,88.66,0.02,0.03,98.74,0.12,0.00,0.00,99.98,0.00,98.00,3.06,97.60,0.00,84.20,0.00,0.00,0.00,0.00,0.00,0.12,0.00,0.00,0.00,0.00,100.00,99.86,0.00,0.00,0.00,0.00,0.00,6.00,19.33,-2.55,-2.83,71.91,65.11,310.36,243.25,419.37,363.30,399.30,272.91,334.39,267.80,363.25,287.01,360.91,363.30,
11.218,0,8.23,0.02,0.65,93.45,0.02,0.03,99.33,0.14,0.01,0.00,99.98,0.00,98.17,2.19,99.30,0.00,98.55,0.01,0.00,0.00,0.02,0.00,0.14,0.00,0.01,0.00,0.00,100.00,99.98,0.00,0.00,0.00,0.00,0.00,6.00,18.07,-2.10,-2.01,71.86,65.33,309.91,242.77,420.34,363.58,399.20,273.48,334.19,267.11,363.70,287.79,361.99,363.58,
11.356,0,8.21,0.02,0.63,93.81,0.02,0.03,99.38,0.18,0.02,0.00,99.98,0.00,98.33,3.23,99.49,0.00,99.02,0.00,0.00,0.00,0.00,0.00,0.18,0.00,0.02,0.00,0.00,100.00,99.98,0.00,0.00,0.00,0.00,0.00,6.00,18.91,-1.62,-1.08,71.88,65.89,309.38,242.90,420.25,364.65,398.80,272.70,333.06,268.29,363.58,287.70,362.60,364.65,
11.432,0,8.32,0.02,0.64,93.63,0.02,0.03,99.35,0.18,0.05,0.00,99.98,0.00,98.29,2.39,99.42,0.00,99.02,0.00,0.00,0.00,0.00,0.00,0.18,0.00,0.05,0.00,0.00,100.00,99.98,0.00,0.00,0.00,0.00,0.00,6.00,17.96,-1.73,-1.57,71.88,67.58,309.13,242.76,420.46,364.89,399.91,272.52,332.47,268.09,363.49,288.19,362.01,364.89,
11.510,0,8.20,0.02,0.64,93.68,0.02,0.03,99.36,0.24,0.09,0.00,99.98,0.00,98.75,3.05,99.25,0.00,98.82,0.01,0.00,0.00,0.00,0.00,0.24,0.00,0.09,0.00,0.00,100.00,99.98,0.00,0.00,0.00,0.00,0.00,6.00,19.63,-0.16,-1.50,71.86,65.59,308.95,242.97,420.05,365.07,398.50,273.22,333.09,268.26,364.05,287.54,361.90,365.07,
11.661,0,8.21,0.02,0.64,93.53,0.02,0.03,99.34,0.49,0.17,0.00,99.98,0.00,98.71,2.54,99.28,0.00,98.62,0.01,0.00,0.00,0.01,0.00,0.49,0.00,0.17,0.00,0.00,100.00,99.96,0.00,0.00,0.00,0.00,0.00,6.00,19.04,-0.30,-1.27,71.92,66.00,308.93,243.11,420.02,365.08,398.58,273.10,332.75,268.45,363.94,287.96,362.09,365.08,
11.727,0,8.17,0.02,0.63,93.72,0.02,0.03,99.37,0.51,0.22,0.00,99.98,0.00,98.70,3.33,99.22,0.00,98.80,0.01,0.00,0.00,0.01,0.00,0.51,0.00,0.22,0.00,0.00,100.00,99.94,0.00,0.00,0.00,0.00,0.00,6.00,17.82,-0.35,-2.12,71.89,65.47,309.20,243.48,420.33,365.04,398.95,274.31,333.79,267.90,364.25,288.96,361.55,365.04,
11.869,0,8.27,0.02,0.64,93.55,0.02,0.03,99.34,0.49,0.25,0.00,99.98,0.00,98.73,2.35,99.32,0.00,98.78,0.01,0.00,0.01,0.02,0.00,0.49,0.00,0.25,0.00,0.00,100.00,99.92,0.00,0.00,0.00,0.00,0.00,6.00,17.74,-0.25,-2.18,71.77,65.44,309.26,243.53,420.33,364.94,398.98,274.49,333.88,267.82,364.34,289.03,361.52,364.94,
11.935,0,8.25,0.02,0.63,93.81,0.02,0.03,99.37,0.64,0.25,0.00,99.98,0.00,98.74,3.23,99.37,0.00,99.13,0.01,0.00,0.00,0.01,0.00,0.64,0.00,0.25,0.00,0.00,100.00,99.91,0.00,0.00,0.00,0.00,0.00,6.00,17.40,0.17,-1.59,71.75,66.29,309.30,243.79,420.29,364.99,399.15,274.36,333.14,268.34,364.52,289.44,362.09,364.99,
12.009,0,8.13,0.02,0.63,93.82,0.02,0.03,99.38,0.78,0.18,0.00,99.98,0.00,98.52,3.42,99.56,0.00,98.86,0.01,0.00,0.00,0.00,0.00,0.78,0.00,0.18,0.00,0.00,100.00,99.92,0.00,0.00,0.00,0.00,0.00,6.00,17.58,-1.00,-0.26,71.55,67.86,309.43,243.41,420.85,365.46,399.73,272.64,331.96,269.28,364.17,289.12,363.73,365.46,
12.109,0,8.14,0.02,0.64,93.61,0.02,0.03,99.35,0.70,0.10,0.00,99.98,0.00,98.74,2.75,99.50,0.00,98.55,0.01,0.00,0.00,0.00,0.00,0.70,0.00,0.10,0.00,0.00,100.00,99.92,0.00,0.00,0.00,0.00,0.00,6.00,17.87,0.20,-0.54,71.54,67.32,309.19,243.55,421.04,365.95,399.54,273.47,332.35,269.14,364.80,289.32,363.45,365.95,
12.186,0,8.12,0.02,0.64,93.51,0.02,0.03,99.34,0.49,0.05,0.00,99.98,0.00,98.45,2.59,99.38,0.00,98.38,0.01,0.00,0.00,0.00,0.00,0.49,0.00,0.05,0.00,0.00,100.00,99.95,0.00,0.00,0.00,0.00,0.00,6.00,16.97,-1.24,-0.62,71.54,68.30,309.56,243.53,421.56,365.92,400.55,273.37,332.38,269.06,364.47,289.78,363.75,365.92,
12.252,0,8.18,0.02,0.64,93.51,0.02,0.03,99.34,0.38,0.03,0.00,99.98,0.00,98.30,2.47,99.34,0.00,98.51,0.01,0.00,0.00,0.00,0.00,0.38,0.00,0.03,0.00,0.00,100.00,99.96,0.00,0.00,0.00,0.00,0.00,6.00,17.15,-1.72,-0.68,71.53,68.30,309.70,243.57,421.60,365.84,400.67,273.54,332.52,269.02,364.30,289.68,363.77,365.84,
12.329,0,8.16,0.02,0.64,93.55,0.02,0.03,99.34,0.33,0.02,0.00,99.98,0.00,98.40,2.70,99.29,0.00,98.52,0.01,0.00,0.00,0.00,0.00,0.33,0.00,0.02,0.00,0.00,100.00,99.96,0.00,0.00,0.00,0.00,0.00,6.00,17.31,-1.40,-0.61,71.65,68.97,309.57,243.64,421.53,365.89,400.87,273.69,332.05,269.17,364.36,289.72,363.73,365.89,
12.397,0,8.07,0.02,0.63,93.70,0.02,0.03,99.36,0.28,0.02,0.00,99.98,0.00,98.31,3.42,99.32,0.00,98.53,0.01,0.00,0.00,0.00,0.00,0.28,0.00,0.02,0.00,0.00,100.00,99.96,0.00,0.00,0.00,0.00,0.00,6.00,17.89,-1.70,-0.58,71.65,68.84,309.48,243.58,421.52,365.97,400.73,273.86,332.05,269.16,364.14,289.42,363.72,365.97,
12.478,0,7.92,0.02,0.62,93.80,0.02,0.03,99.38,0.27,0.01,0.00,99.98,0.00,98.62,4.21,99.30,0.00,98.31,0.01,0.00,0.00,0.00,0.00,0.27,0.00,0.01,0.00,0.00,100.00,99.96,0.00,0.00,0.00,0.00,0.00,6.00,16.80,-0.65,-0.69,72.03,68.93,308.72,243.60,421.55,366.49,400.43,274.36,331.72,268.89,364.35,290.32,363.25,366.49,
12.546,0,7.77,0.02,0.61,93.95,0.02,0.03,99.40,0.27,0.01,0.00,99.98,0.00,98.77,5.15,99.30,0.00,98.17,0.01,0.00,0.00,0.00,0.00,0.27,0.00,0.01,0.00,0.00,100.00,99.96,0.00,0.00,0.00,0.00,0.00,6.00,17.29,0.07,-0.70,71.99,68.19,308.52,243.54,421.66,366.98,400.00,274.33,332.03,268.97,364.71,290.16,363.23,366.98,
12.612,0,7.70,0.02,0.61,93.91,0.02,0.03,99.39,0.35,0.02,0.00,99.98,0.00,98.77,5.41,99.12,0.00,97.94,0.01,0.00,0.00,0.00,0.00,0.35,0.00,0.02,0.00,0.00,100.00,99.96,0.00,0.00,0.00,0.00,0.00,6.00,17.58,0.08,-0.54,72.04,68.50,308.57,243.61,421.59,366.94,400.08,274.32,331.77,269.18,364.70,290.04,363.39,366.94,
12.842,0,7.02,0.02,0.58,94.37,0.02,0.04,99.46,0.98,0.03,0.00,99.98,0.00,98.70,9.13,99.12,0.00,96.92,0.01,0.00,0.00,0.01,0.00,0.98,0.00,0.03,0.00,0.00,100.00,99.95,0.00,0.00,0.00,0.00,0.00,6.00,17.32,0.34,-0.89,71.84,68.44,308.61,243.62,421.60,366.94,400.25,274.35,332.02,269.02,364.88,290.16,363.04,366.94,
12.915,0,5.98,0.02,0.51,95.32,0.02,0.06,99.58,1.66,0.04,0.00,99.98,0.00,98.73,16.39,99.29,0.00,95.60,0.01,0.00,0.00,0.01,0.00,1.66,0.00,0.04,0.00,0.00,100.00,99.95,0.00,0.00,0.00,0.00,0.00,6.00,17.74,0.22,-0.84,71.83,68.49,308.60,243.71,421.57,367.05,400.24,274.49,331.95,269.18,364.80,290.04,363.08,367.05,
13.082,0,5.47,0.02,0.51,94.95,0.02,0.06,99.55,2.11,0.03,0.00,99.98,0.00,98.64,16.98,99.17,0.00,93.24,0.02,0.01,0.00,0.02,0.00,2.11,0.00,0.03,0.00,0.00,100.00,99.95,0.00,0.01,0.00,0.00,0.00,6.00,17.17,0.58,-1.08,71.94,68.25,308.51,243.73,421.46,367.04,400.13,274.40,332.09,269.05,364.90,290.32,362.74,367.04,
13.150,0,4.14,0.02,0.49,93.83,0.02,0.07,99.44,2.35,0.04,0.00,99.98,0.00,98.76,19.47,98.71,0.00,86.21,0.02,0.02,0.00,0.02,0.00,2.35,0.00,0.04,0.00,0.00,100.00,99.94,0.00,0.02,0.00,0.00,0.00,6.00,17.95,0.12,-1.03,71.88,67.97,308.72,243.87,421.33,366.98,400.01,274.49,332.24,269.28,364.69,289.93,362.83,366.98,
13.298,0,2.73,0.02,0.51,88.68,0.02,0.06,98.86,1.60,0.11,0.00,99.98,0.00,98.73,16.84,97.72,0.00,72.67,0.05,0.11,0.01,0.03,0.00,1.60,0.00,0.04,0.00,0.00,100.00,99.93,0.00,0.02,0.00,0.00,0.00,6.00,17.38,-0.23,-0.93,71.94,68.95,309.25,244.04,421.38,366.33,400.75,274.61,332.01,269.28,364.78,290.19,363.19,366.33,
13.376,0,2.73,0.02,0.54,86.49,0.02,0.05,98.56,1.04,0.11,0.00,99.98,0.00,98.75,13.33,97.27,0.00,70.91,0.03,0.11,0.00,0.01,0.00,1.04,0.00,0.05,0.00,0.00,100.00,99.94,0.00,0.03,0.00,0.00,0.00,6.00,18.63,-0.16,-0.26,72.09,67.77,309.09,244.34,421.72,367.52,399.91,274.83,332.30,270.17,364.88,290.09,364.01,367.52,
13.524,0,3.38,0.02,0.59,86.32,0.02,0.04,98.49,0.66,0.08,0.00,99.98,0.00,98.71,8.10,97.52,0.01,74.70,0.02,0.08,0.00,0.01,0.00,0.66,0.00,0.06,0.00,0.00,100.00,99.93,0.00,0.03,0.00,0.00,0.00,6.00,18.69,-0.33,-0.60,72.09,67.60,309.29,244.52,421.52,367.44,400.00,274.78,332.55,270.27,364.81,290.05,363.66,367.44,
13.618,0,3.92,0.02,0.61,87.12,0.02,0.03,98.57,0.46,0.06,0.00,99.98,0.00,98.72,5.44,98.29,0.01,78.01,0.02,0.04,0.00,0.01,0.00,0.46,0.00,0.06,0.00,0.00,100.00,99.94,0.00,0.03,0.00,0.00,0.00,6.00,19.06,-0.26,-0.58,72.01,67.11,309.32,244.51,421.49,367.52,399.75,274.68,332.78,270.35,364.85,289.82,363.70,367.52,
13.673,0,3.22,0.02,0.62,84.17,0.02,0.03,98.17,0.26,0.07,0.00,99.98,0.00,98.76,4.94,98.46,0.01,72.28,0.02,0.07,0.00,0.01,0.00,0.26,0.00,0.06,0.00,0.00,100.00,99.95,0.00,0.05,0.00,0.00,0.00,6.00,19.17,0.10,-0.35,72.01,67.09,309.22,244.37,421.67,367.65,399.66,274.65,332.70,270.32,365.07,289.76,363.98,367.65,
13.824,0,2.22,0.02,0.61,78.50,0.02,0.03,97.34,0.24,0.12,0.00,99.98,0.00,98.77,5.71,98.50,0.00,62.20,0.03,0.12,0.00,0.01,0.00,0.24,0.00,0.05,0.00,0.00,100.00,99.96,0.00,0.09,0.00,0.00,0.00,6.00,19.03,-0.06,-0.39,71.96,67.55,309.44,244.45,421.67,367.44,400.03,274.64,332.61,270.37,365.09,289.83,364.03,367.44,
13.899,0,1.39,0.02,0.59,70.62,0.02,0.04,95.99,0.22,0.16,0.00,99.98,0.00,98.74,7.84,98.37,0.01,50.09,0.03,0.16,0.00,0.01,0.00,0.22,0.00,0.03,0.00,0.00,100.00,99.95,0.00,0.09,0.00,0.00,0.00,6.00,19.48,-0.19,-0.36,71.94,67.36,309.42,244.48,421.60,367.51,399.87,274.68,332.64,270.48,364.98,289.60,364.02,367.51,
14.111,0,0.88,0.02,0.55,63.54,0.02,0.04,94.62,0.19,0.19,0.00,99.98,0.00,98.72,11.91,97.98,0.01,38.97,0.03,0.19,0.00,0.01,0.00,0.19,0.00,0.03,0.00,0.00,100.00,99.95,0.00,0.15,0.00,0.00,0.00,6.00,19.37,-0.28,-0.40,71.97,67.59,309.37,244.39,421.66,367.47,400.01,274.72,332.56,270.34,364.94,289.62,363.98,367.47,
14.184,0,0.62,0.02,0.53,56.35,0.02,0.05,92.86,0.18,0.18,0.00,99.98,0.00,98.77,14.43,97.12,0.01,30.09,0.03,0.26,0.00,0.01,0.00,0.18,0.00,0.02,0.00,0.00,100.00,99.94,0.00,0.30,0.00,0.00,0.00,6.00,19.34,-0.06,-0.33,72.04,67.47,309.49,244.43,421.71,367.41,399.99,274.76,332.66,270.36,365.14,289.66,364.15,367.41,
14.341,0,0.35,0.02,0.50,42.89,0.02,0.06,88.28,0.23,0.23,0.00,99.97,0.00,98.70,18.04,96.41,0.03,14.13,0.35,1.63,0.03,0.09,0.00,0.23,0.00,0.03,0.00,0.00,100.00,99.89,0.00,6.23,0.00,0.00,0.00,6.00,19.55,-0.35,-0.91,72.11,66.97,310.11,244.89,421.45,367.30,400.24,274.62,333.38,270.74,365.20,289.60,363.73,367.30,
14.416,0,0.33,0.02,0.47,33.55,0.02,0.07,83.32,0.29,0.29,0.00,99.97,0.00,98.49,21.96,93.48,0.08,3.35,0.30,11.75,0.05,0.07,0.00,0.29,0.00,0.05,0.00,0.00,100.00,99.82,0.00,22.82,0.00,0.00,0.00,6.00,18.42,-1.10,-1.71,72.57,69.05,310.43,245.04,421.19,366.24,401.73,275.25,332.87,270.11,364.83,290.08,362.83,366.24,
14.571,0,0.30,0.02,0.44,36.91,0.02,0.09,85.68,0.30,0.30,0.00,99.97,0.00,98.48,25.59,93.98,0.05,3.59,0.04,10.30,0.01,0.00,0.00,0.30,0.00,0.05,0.00,0.00,100.00,99.77,0.00,0.01,0.00,0.00,0.00,6.00,17.20,-1.14,-0.90,72.26,69.71,310.48,245.04,421.40,365.96,401.78,275.10,332.24,270.18,364.89,290.78,363.80,365.96,
14.650,0,0.40,0.02,0.52,43.77,0.02,0.05,88.33,0.35,0.35,0.00,99.97,0.00,98.17,15.51,96.23,0.05,17.27,0.02,1.12,0.01,0.00,0.00,0.35,0.00,0.03,0.00,0.00,100.00,99.59,0.00,0.00,0.00,0.00,0.00,6.00,15.54,-2.08,-1.37,72.00,69.03,310.79,244.85,421.72,365.69,402.00,274.71,333.16,269.55,364.73,291.30,363.62,365.69,
14.717,0,3.73,0.02,0.58,88.41,0.02,0.04,98.73,0.37,0.04,0.00,99.98,0.00,98.06,8.37,98.75,0.03,78.18,0.01,0.04,0.00,0.00,0.00,0.37,0.00,0.02,0.00,0.00,100.00,99.26,0.00,0.00,0.00,0.00,1.00,12.00,15.23,-2.38,-1.57,71.86,69.18,311.10,244.96,421.16,364.86,402.06,274.47,333.06,269.47,364.44,291.18,363.27,364.86,
14.856,0,6.97,0.02,0.62,93.03,0.02,0.03,99.27,0.48,0.01,0.00,99.98,0.00,98.39,4.72,99.28,0.01,94.78,0.00,0.01,0.00,0.00,0.00,0.48,0.00,0.01,0.00,0.00,100.00,99.05,0.00,0.00,0.00,0.00,0.00,12.00,14.90,-1.44,-1.13,71.97,68.68,310.93,244.75,421.18,364.65,401.48,274.36,332.99,269.24,364.87,291.24,363.69,364.65,
14.931,0,7.76,0.02,0.63,93.61,0.02,0.03,99.32,0.63,0.00,0.00,99.98,0.00,98.21,3.90,99.47,0.00,97.64,0.00,0.00,0.00,0.00,0.00,0.63,0.00,0.00,0.00,0.00,100.00,98.45,0.00,0.00,0.00,0.00,0.00,12.00,14.90,-1.98,-1.46,71.91,68.61,311.13,244.82,421.18,364.62,401.73,274.34,333.31,269.23,364.70,291.20,363.45,364.62,
15.006,0,7.91,0.02,0.63,93.63,0.02,0.03,99.30,0.66,0.00,0.00,99.98,0.00,98.45,3.59,99.41,0.00,98.04,0.00,0.00,0.00,0.00,0.00,0.66,0.00,0.00,0.00,0.00,100.00,98.05,0.00,0.00,0.00,0.00,0.00,12.00,14.36,-1.25,-1.48,71.97,68.75,311.12,244.87,421.20,364.57,401.80,274.38,333.25,269.16,365.10,291.53,363.43,364.57,
15.229,0,8.18,0.02,0.64,93.56,0.02,0.03,99.21,1.12,0.00,0.00,99.98,0.00,98.29,2.63,99.34,0.00,98.60,0.00,0.00,0.00,0.00,0.00,1.12,0.00,0.00,0.00,0.00,100.00,95.43,0.00,0.00,0.00,0.00,0.00,12.00,14.49,-1.74,-1.14,72.03,68.31,311.50,244.94,421.08,364.06,401.53,274.34,333.41,269.22,364.95,291.34,363.93,364.06,
15.307,0,8.27,0.02,0.65,93.24,0.02,0.03,99.09,0.87,0.00,0.00,99.98,0.00,97.95,1.43,99.27,0.00,98.34,0.00,0.00,0.00,0.00,0.00,0.87,0.00,0.00,0.00,0.00,100.00,93.50,0.00,0.00,0.00,0.00,0.00,12.00,14.49,-2.66,-0.96,71.98,68.01,311.70,245.02,421.02,363.99,401.38,274.02,333.52,269.45,364.52,291.27,364.18,363.99,
15.373,0,7.97,0.02,0.64,93.24,0.02,0.03,99.02,0.63,0.00,0.00,99.98,0.00,97.96,2.24,99.33,0.00,97.65,0.00,0.00,0.00,0.00,0.00,0.63,0.00,0.00,0.00,0.00,100.00,91.55,0.00,0.00,0.00,0.00,0.00,12.00,13.91,-2.64,-1.31,71.94,68.31,312.30,245.33,421.22,363.48,402.08,274.81,334.00,269.18,364.94,291.68,364.20,363.48,
15.512,0,7.39,0.02,0.63,93.02,0.02,0.03,98.85,0.47,0.00,0.00,99.98,0.00,98.09,3.37,99.26,0.00,95.87,0.00,0.00,0.00,0.00,0.00,0.47,0.00,0.00,0.00,0.00,100.00,88.38,0.00,0.00,0.00,0.00,0.00,12.00,13.91,-2.31,-1.16,71.82,68.74,312.52,245.28,421.34,363.25,402.39,274.70,333.88,269.19,365.27,291.60,364.52,363.25,
15.579,0,6.58,0.02,0.62,92.45,0.02,0.03,98.48,0.45,0.00,0.00,99.98,0.00,97.73,4.60,99.02,0.00,92.94,0.00,0.00,0.00,0.00,0.00,0.45,0.00,0.00,0.00,0.00,100.00,83.59,0.00,0.00,0.00,0.00,0.00,12.00,14.70,-3.20,-1.27,71.78,69.20,312.70,245.55,421.16,363.44,402.73,274.60,333.70,269.74,364.77,291.34,364.37,363.44,
15.655,0,5.66,0.02,0.63,90.11,0.02,0.03,97.47,0.41,0.00,0.00,99.98,0.00,97.56,3.20,98.10,0.00,87.47,0.00,0.00,0.00,0.00,0.00,0.41,0.00,0.00,0.00,0.00,100.00,78.86,0.00,0.00,0.00,0.00,0.00,12.00,13.24,-3.55,-0.78,71.30,66.34,314.73,245.39,421.23,361.01,402.05,273.56,335.87,269.01,365.71,290.98,366.02,361.01,
15.722,0,5.49,0.02,0.62,90.49,0.02,0.03,97.57,0.37,0.00,0.00,99.98,0.00,97.60,4.84,97.98,0.00,87.30,0.00,0.00,0.00,0.00,0.00,0.37,0.00,0.00,0.00,0.00,100.00,78.47,0.00,0.00,0.00,0.00,0.00,12.00,12.68,-3.47,-1.50,71.76,69.73,313.47,246.22,419.99,361.50,402.92,274.77,333.38,269.59,364.42,292.08,363.89,361.50,
15.791,0,3.77,0.02,0.58,87.58,0.02,0.04,95.75,0.39,0.02,0.00,99.97,0.00,98.19,8.99,96.36,0.00,77.71,0.01,0.02,0.00,0.00,0.00,0.39,0.00,0.00,0.00,0.00,100.00,71.72,0.00,0.00,0.00,0.00,0.00,12.00,14.48,-2.05,-0.96,71.78,67.11,313.06,246.43,419.16,361.70,400.66,274.73,333.71,270.12,364.62,291.35,363.97,361.70,
15.949,0,1.66,0.02,0.35,92.34,0.02,0.16,96.33,0.48,0.04,0.00,99.97,0.00,98.24,39.47,94.10,0.00,67.59,0.01,0.04,0.00,0.00,0.00,0.48,0.00,0.00,0.00,0.00,100.00,57.25,0.00,0.00,0.00,0.00,0.00,12.00,14.81,-1.88,-0.94,71.77,66.95,312.93,246.66,418.92,361.97,400.39,274.75,333.57,270.49,364.52,291.39,363.81,361.97,
16.093,0,0.92,0.02,0.31,87.47,0.02,0.24,90.25,0.65,0.06,0.00,99.96,0.00,98.69,46.24,89.46,0.02,52.15,0.00,0.06,0.00,0.00,0.00,0.65,0.00,0.00,0.00,0.00,99.99,45.55,0.00,0.00,0.00,0.00,0.00,12.00,13.81,-0.38,-1.28,71.70,67.94,312.91,246.79,417.87,360.81,400.54,274.41,332.72,270.30,364.80,291.55,362.92,360.81,
16.183,0,0.58,0.02,0.31,81.02,0.02,0.23,80.70,0.92,0.05,0.00,99.96,0.00,98.75,45.48,90.37,0.04,39.72,0.01,0.05,0.00,0.00,0.00,0.92,0.00,0.00,0.00,0.00,99.99,38.76,0.00,0.00,0.00,0.00,0.00,12.00,14.82,-0.14,-1.41,71.59,69.14,312.51,246.77,416.95,360.44,400.57,274.08,331.53,270.55,364.26,290.87,362.08,360.44,
16.258,0,0.35,0.02,0.30,73.44,0.02,0.26,69.88,1.39,0.09,1.56,99.96,0.00,98.64,47.77,90.81,0.09,26.55,0.00,0.04,0.00,0.00,0.00,1.39,0.00,0.00,0.00,0.00,99.99,35.06,0.00,0.00,0.00,0.00,0.00,12.00,14.45,-0.56,-1.84,71.38,69.28,312.76,246.89,416.28,359.44,400.67,273.92,331.48,270.46,363.84,290.76,361.40,359.44,
16.324,0,0.32,0.02,0.31,69.87,0.02,0.24,66.47,1.03,0.08,5.13,99.96,0.00,98.76,46.45,90.35,0.08,23.65,0.00,0.03,0.00,0.00,0.00,1.03,0.00,0.00,0.00,0.00,99.99,35.97,0.00,0.00,0.00,0.00,0.00,12.00,14.67,0.10,-2.02,70.91,68.14,313.86,246.89,416.57,358.66,400.85,274.05,332.83,269.95,364.92,290.32,361.97,358.66,
16.390,0,0.24,0.02,0.31,61.20,0.02,0.24,61.36,0.77,0.09,13.64,99.95,0.00,98.67,46.37,88.69,0.09,15.46,0.00,0.04,0.00,0.00,0.00,0.77,0.00,0.00,0.00,0.00,100.00,40.59,0.00,0.00,0.00,0.00,0.00,12.00,16.09,0.48,-1.65,70.53,66.97,314.33,246.50,416.58,358.05,400.29,273.52,333.43,269.81,365.35,289.14,362.66,358.05,
16.525,0,0.26,0.02,0.34,50.42,0.02,0.20,55.31,0.76,0.08,19.69,99.93,0.00,98.56,40.54,84.43,0.08,12.89,0.00,0.03,0.00,0.00,0.00,0.76,0.00,0.00,0.00,0.00,100.00,47.25,0.00,0.00,0.00,0.00,0.00,12.00,15.95,0.88,-2.00,70.82,68.00,314.41,247.38,415.99,358.02,400.75,274.19,332.85,270.65,365.32,289.82,362.00,358.02,
16.611,0,0.20,0.03,0.29,35.07,0.02,0.40,46.57,0.54,0.15,28.43,99.77,0.00,97.85,50.27,68.74,0.10,2.03,0.00,0.15,0.00,0.00,0.00,0.54,0.00,0.00,0.00,0.00,100.00,55.66,0.00,6.63,0.00,0.00,0.00,12.00,17.03,2.92,-2.35,71.38,68.48,314.94,248.63,415.38,358.02,401.11,275.78,332.76,271.39,366.41,290.18,361.61,358.02,
16.812,0,0.22,0.05,0.27,25.61,0.02,0.66,38.64,0.36,0.18,36.36,99.32,0.00,97.44,55.44,52.07,0.07,0.37,0.00,0.18,0.00,0.00,0.00,0.36,0.00,0.00,0.00,0.00,99.99,61.02,0.00,0.00,0.00,0.00,0.00,12.00,14.62,3.81,-1.49,71.20,68.88,316.96,248.97,416.14,356.49,402.27,275.11,333.48,271.62,368.26,291.03,363.90,356.49,
16.883,0,0.23,0.03,0.32,32.44,0.02,0.30,42.12,0.69,0.08,32.88,99.78,0.00,97.45,43.84,69.49,0.08,3.84,0.00,0.03,0.00,0.00,0.00,0.69,0.00,0.00,0.00,0.00,99.99,55.21,0.00,0.00,0.00,0.01,0.00,12.00,15.29,3.77,-1.31,71.03,69.06,317.91,249.08,416.84,356.30,403.09,275.28,334.12,271.81,369.06,290.77,364.91,356.30,
16.958,0,0.20,0.03,0.30,39.92,0.02,0.34,50.45,1.31,0.06,24.55,99.86,0.00,97.23,48.03,74.69,0.06,4.15,0.00,0.02,0.00,0.00,0.00,1.31,0.00,0.00,0.00,0.00,99.99,53.56,0.00,0.00,0.00,0.01,0.00,12.00,15.14,4.22,-0.97,70.85,68.76,318.40,248.73,418.11,356.59,403.62,275.40,334.97,271.48,370.16,290.85,366.18,356.59,
17.025,0,0.22,0.03,0.33,32.15,0.02,0.30,31.92,2.13,0.08,42.85,99.81,0.00,97.75,42.97,71.27,0.08,2.76,0.01,0.05,0.00,0.00,0.00,2.13,0.00,0.00,0.00,0.00,99.99,44.83,0.00,0.00,0.00,0.00,0.00,12.00,16.35,3.13,-1.33,70.07,68.06,318.92,247.73,419.41,356.94,404.36,274.60,336.42,270.75,370.47,289.62,366.71,356.94,
17.198,0,0.32,0.04,0.43,15.82,0.02,0.20,7.50,5.19,0.21,68.37,99.59,0.00,97.20,26.60,61.86,0.07,1.12,0.02,0.21,0.02,0.01,0.00,5.19,0.00,0.00,0.00,0.00,99.97,30.11,0.00,0.00,0.00,0.00,0.00,12.00,16.08,4.26,-1.81,69.63,68.88,319.18,247.65,420.17,357.17,405.52,275.13,336.81,270.37,371.64,289.91,366.70,357.17,
17.342,0,0.59,0.07,0.56,4.98,0.02,0.19,1.39,10.48,1.01,90.04,97.61,0.00,97.11,11.39,39.56,0.14,0.44,0.03,1.01,0.03,0.02,0.00,10.48,0.00,0.00,0.00,0.00,99.97,26.37,0.00,0.00,0.00,0.00,0.00,12.00,15.42,4.43,-1.05,69.43,68.43,319.38,247.30,421.05,357.45,405.44,274.61,337.14,270.35,372.23,290.11,368.06,357.45,
17.408,0,0.65,0.09,0.53,4.34,0.02,0.28,1.15,12.38,1.60,91.31,95.71,0.00,97.37,14.69,31.99,0.26,0.32,0.04,1.60,0.05,0.04,0.00,12.38,0.00,0.00,0.00,0.00,99.98,26.08,0.00,0.01,0.00,0.00,0.00,12.00,15.68,3.93,-0.66,69.28,69.17,319.63,247.24,422.10,358.15,406.26,274.83,337.23,270.62,372.61,290.30,369.10,358.15,
17.555,0,0.94,0.12,0.59,2.33,0.02,0.31,0.43,9.44,3.12,95.34,87.93,0.00,97.08,9.44,18.08,0.47,0.19,0.03,3.12,0.40,0.06,0.00,14.02,0.00,0.00,0.00,0.00,99.96,21.71,0.00,0.00,0.00,0.00,0.00,12.00,14.16,4.48,-0.98,69.18,69.14,319.33,247.49,422.52,359.19,406.48,274.89,337.46,270.79,372.98,291.47,368.84,359.19,
17.632,0,1.28,0.18,0.70,1.14,0.02,2.01,0.09,3.32,3.86,95.99,68.39,-4.90,96.74,3.32,3.89,0.64,0.05,0.09,3.86,2.30,0.30,0.00,50.63,0.07,0.00,0.00,0.00,99.05,3.50,0.00,0.00,0.00,0.00,0.00,12.00,13.58,5.05,0.20,69.62,69.84,319.68,247.96,422.09,358.20,406.17,275.17,336.42,271.38,373.22,291.92,370.05,358.20,
17.775,0,1.19,0.20,99.80,0.09,0.04,18.56,0.06,9.72,98.73,0.00,99.98,-80.55,97.15,0.56,0.17,1.68,0.01,9.72,3.98,99.54,99.01,0.00,98.73,75.60,0.00,0.00,7.10,63.98,0.38,0.00,0.00,0.00,0.00,0.00,12.00,14.07,4.35,1.00,69.56,69.28,321.10,248.39,422.06,356.73,406.15,275.47,336.98,271.72,373.47,291.58,371.59,356.73,
17.920,0,1.34,0.20,98.80,0.03,0.04,30.50,0.06,7.24,90.56,0.00,99.96,-96.68,96.54,0.21,0.00,2.31,0.01,7.24,0.27,90.56,97.69,0.00,100.00,100.00,0.01,0.01,99.02,0.16,0.01,0.00,0.00,0.00,0.00,0.00,12.00,13.82,5.36,0.47,68.60,68.70,322.87,249.25,422.01,355.72,407.00,275.76,338.41,272.05,374.90,291.74,371.91,355.72,
17.995,0,1.39,0.20,98.64,0.03,0.04,31.62,0.06,10.70,87.41,0.00,99.95,-95.09,96.32,0.19,0.00,1.55,0.01,10.70,0.11,87.41,98.26,0.00,100.00,100.00,0.02,0.01,99.72,0.07,0.01,0.00,0.00,0.00,0.00,0.00,12.00,12.33,5.67,1.03,68.68,68.88,323.89,250.32,421.80,355.12,407.22,276.02,338.40,273.08,375.46,292.86,372.92,355.12,
18.073,0,1.60,0.20,97.47,0.04,0.04,34.48,0.06,8.18,76.11,0.00,99.87,-96.24,97.28,0.16,0.01,0.84,0.03,8.18,0.01,76.11,97.01,0.00,100.00,100.00,0.08,0.05,99.85,0.00,0.00,0.00,0.00,0.01,0.00,0.00,12.00,11.27,4.12,0.20,68.22,67.96,324.72,251.08,421.06,354.37,407.25,276.21,339.36,273.12,374.66,293.32,372.06,354.37,
18.217,0,1.78,0.19,96.37,0.04,0.03,36.33,0.06,6.44,68.56,0.00,99.76,-94.24,97.39,0.09,0.02,0.31,0.03,6.44,0.00,68.56,97.06,0.00,100.00,100.00,0.24,0.09,99.88,0.00,0.00,0.00,0.00,0.01,0.00,0.00,12.00,10.48,3.90,0.55,68.13,68.89,324.93,251.48,420.85,354.00,407.54,276.34,338.71,273.58,374.54,293.84,372.42,354.00,
18.284,0,1.78,0.19,96.35,0.04,0.03,36.11,0.06,5.56,68.11,0.00,99.75,-94.31,97.07,0.11,0.02,0.10,0.03,5.56,0.00,68.11,97.41,0.00,100.00,100.00,0.14,0.08,99.81,0.00,0.00,0.00,0.00,0.02,0.00,0.00,12.00,9.38,4.49,-0.23,67.96,68.50,324.92,251.62,420.02,353.23,407.31,276.39,338.90,273.03,374.48,294.03,371.19,353.23,
18.431,0,1.49,0.19,97.87,0.03,0.03,31.70,0.06,4.65,79.14,0.00,99.90,-97.85,97.35,0.09,0.03,0.04,0.03,4.65,0.00,79.14,97.47,0.00,100.00,100.00,0.10,0.07,99.71,0.00,0.00,0.00,0.00,0.02,0.00,0.00,12.00,8.39,3.98,0.34,68.48,68.56,324.43,252.17,419.26,353.46,406.45,276.18,337.93,273.91,373.55,294.79,371.15,353.46,
18.504,0,1.59,0.19,97.27,0.04,0.03,33.49,0.06,5.07,74.55,0.00,99.85,-97.44,97.33,0.13,0.05,0.02,0.06,5.07,0.00,74.55,96.98,0.00,100.00,100.00,0.10,0.05,99.74,0.00,0.00,0.00,0.00,0.01,0.00,0.00,12.00,7.46,4.02,0.46,68.54,68.84,324.40,252.17,419.25,353.27,406.51,276.13,337.71,273.84,373.55,295.15,371.26,353.27,
18.570,0,1.78,0.19,96.18,0.04,0.03,36.11,0.06,5.10,67.61,0.00,99.74,-94.25,97.28,0.14,0.10,0.02,0.10,5.10,0.00,67.61,96.96,0.00,100.00,100.00,0.15,0.03,99.74,0.00,0.00,0.00,0.00,0.01,0.00,0.00,12.00,7.34,4.12,0.49,68.51,68.41,324.46,252.11,419.33,353.29,406.35,275.97,337.97,273.77,373.67,295.13,371.37,353.29,
18.739,0,1.74,0.19,96.79,0.04,0.03,35.04,0.06,3.66,69.89,0.00,99.79,-95.88,97.22,0.28,0.15,0.02,0.19,3.66,0.00,69.89,98.36,0.00,100.00,100.00,0.38,0.02,99.28,0.00,0.00,0.00,0.00,0.01,0.00,0.00,12.00,7.15,4.22,0.31,68.52,68.60,324.60,252.20,419.39,353.31,406.63,276.02,338.07,273.80,373.83,295.26,371.28,353.31,
18.806,0,1.79,0.19,96.40,0.04,0.03,35.79,0.06,3.58,67.91,0.00,99.75,-95.02,97.27,0.31,0.16,0.02,0.23,3.58,0.00,67.91,97.96,0.00,100.00,100.00,0.54,0.01,99.32,0.00,0.00,0.00,0.00,0.01,0.00,0.00,12.00,8.01,4.14,0.21,68.52,68.22,324.49,252.13,419.39,353.53,406.44,276.13,338.26,273.75,373.73,294.92,371.12,353.53,
18.952,0,2.35,0.19,90.62,0.06,0.03,43.20,0.06,3.81,49.51,0.00,98.92,-86.52,97.33,0.36,0.19,0.02,0.26,3.81,0.00,49.51,95.97,0.00,100.00,100.00,0.56,0.01,99.47,0.00,0.00,0.00,0.00,0.00,0.00,0.00,12.00,8.00,4.02,0.32,68.43,68.75,324.53,252.13,419.34,353.29,406.64,276.16,337.94,273.79,373.67,294.89,371.22,353.29,
19.018,0,2.63,0.19,86.87,0.06,0.03,46.54,0.06,5.08,42.34,0.00,98.09,-82.70,97.37,0.44,0.23,0.01,0.24,5.08,0.00,42.34,95.60,0.00,100.00,100.00,0.52,0.02,99.60,0.01,0.00,0.00,0.00,0.01,0.00,0.00,12.00,8.99,3.93,0.40,68.46,69.48,324.62,252.12,419.30,353.06,407.00,276.38,337.56,273.89,373.66,294.48,371.32,353.06,
19.089,0,3.09,0.19,79.22,0.08,0.04,51.94,0.06,8.98,31.85,0.00,95.67,-76.15,97.47,0.50,0.26,0.01,0.17,8.98,0.00,31.85,95.08,0.00,100.00,100.00,0.38,0.05,99.82,0.01,0.00,0.00,0.00,0.01,0.00,0.00,12.00,12.41,3.73,1.20,68.35,69.67,324.96,251.71,420.03,353.25,407.21,276.41,337.57,274.30,374.05,293.00,372.71,353.25,
19.227,0,2.01,0.19,11.19,0.11,0.19,65.96,0.06,36.86,13.49,9.04,97.06,-54.96,97.30,0.48,0.22,0.01,0.14,36.86,0.00,13.49,45.26,0.00,100.00,100.00,0.29,0.40,100.00,0.01,0.00,0.00,0.00,0.02,0.01,0.00,6.00,12.75,4.07,1.25,68.30,69.83,324.71,251.36,420.21,353.31,407.22,276.42,337.43,273.99,374.20,292.74,372.74,353.31,
19.306,0,1.73,0.19,6.57,0.11,0.36,68.73,0.06,47.52,12.70,6.27,98.73,-49.68,96.94,0.64,0.15,0.01,0.12,47.52,0.00,12.70,34.46,0.00,100.00,100.00,0.15,5.35,99.99,0.01,0.00,0.01,0.00,0.08,0.14,0.00,6.00,13.64,4.72,0.79,67.99,68.66,325.32,251.28,420.45,352.97,407.28,276.80,338.70,273.44,374.98,292.17,372.69,352.97,
19.372,0,1.32,0.22,2.06,0.18,0.83,72.67,0.06,61.99,9.76,2.33,99.60,-41.44,96.77,0.73,0.11,0.01,0.12,61.99,0.01,9.76,13.44,0.00,100.00,100.00,0.07,35.43,100.00,0.01,0.00,0.06,0.00,0.32,1.32,0.00,6.00,13.80,5.00,1.26,68.29,69.64,324.29,250.89,420.76,353.93,407.15,276.66,337.58,273.62,374.78,292.31,372.84,353.93,
19.524,0,1.01,0.19,98.49,0.05,5.91,44.97,0.06,91.73,92.36,0.00,99.97,-54.15,97.54,0.65,0.03,0.02,0.03,91.73,0.05,92.36,93.55,0.00,100.00,100.00,0.04,55.89,100.00,0.01,0.00,0.54,0.00,3.29,2.00,0.00,6.00,14.53,3.61,0.37,67.95,71.14,325.16,250.97,419.92,351.81,408.39,277.28,337.38,272.85,374.09,291.45,371.84,351.81,
19.597,0,0.86,0.11,99.04,0.03,8.87,38.18,0.06,91.08,99.16,0.00,99.98,-49.57,97.50,0.20,0.00,0.06,0.01,91.08,0.46,99.16,98.64,0.00,100.00,100.00,0.07,27.35,100.00,0.01,0.00,0.94,0.01,7.55,0.00,0.00,6.00,12.33,3.68,-1.14,66.80,72.02,323.84,249.47,420.53,352.82,409.30,275.82,337.44,271.09,373.88,291.52,369.81,352.82,
19.683,0,1.00,0.13,99.18,0.02,4.12,36.91,0.06,80.57,99.87,0.00,99.98,-56.67,97.62,0.06,0.00,0.11,0.00,80.57,2.37,99.87,99.83,0.00,100.00,100.00,0.25,9.44,100.00,0.01,0.00,0.75,0.01,5.55,0.00,0.00,6.00,12.12,3.43,0.08,67.53,70.77,324.51,250.22,419.85,351.81,408.02,275.95,337.36,272.02,373.64,291.79,371.18,351.81,
19.817,0,1.09,0.13,99.20,0.02,2.64,35.70,0.06,72.80,99.98,0.00,99.98,-60.42,97.89,0.02,0.00,0.64,0.00,72.80,4.14,99.98,99.99,0.00,100.00,100.00,3.24,1.97,99.95,0.01,0.00,0.53,0.01,5.39,0.00,0.00,6.00,10.87,2.81,0.18,67.26,70.16,324.71,250.29,419.47,351.39,407.59,275.18,337.50,272.10,373.19,292.02,371.18,351.39,
19.963,0,1.31,0.16,99.25,0.02,2.34,39.57,0.06,74.18,99.99,0.00,99.98,-61.89,97.54,0.01,0.00,2.66,0.01,74.18,5.34,99.99,99.99,0.00,100.00,100.00,37.35,0.54,99.96,0.01,0.00,0.18,0.01,3.56,0.00,0.00,6.00,8.42,3.61,-0.16,66.71,70.98,325.32,250.38,419.48,350.50,408.49,274.83,337.58,271.76,373.98,292.74,371.13,350.50,
20.046,0,1.75,0.21,99.29,0.03,1.66,45.79,0.06,71.91,99.99,0.00,99.98,-65.18,97.64,0.01,0.00,7.37,0.00,71.91,7.00,99.99,99.99,0.00,100.00,100.00,85.41,0.44,99.96,0.02,0.00,0.07,0.02,1.60,0.00,0.00,6.00,6.99,3.38,0.17,67.05,69.19,325.51,251.26,418.85,350.58,407.20,274.91,338.05,272.51,373.58,293.73,371.29,350.58,
20.120,0,1.86,0.23,99.31,0.03,0.85,46.14,0.06,61.24,99.99,0.00,99.98,-70.83,97.36,0.01,0.00,9.56,0.00,61.24,5.85,99.99,99.99,0.00,100.00,100.00,95.90,0.26,99.88,0.02,0.00,0.04,0.01,0.94,0.00,0.00,6.00,8.13,3.95,0.08,67.56,67.48,325.44,252.03,418.01,350.82,405.92,275.60,338.48,273.11,373.40,293.74,370.78,350.82,
20.185,0,1.98,0.24,99.31,0.03,0.65,47.97,0.06,56.48,99.99,0.00,99.98,-72.97,96.72,0.01,0.00,12.28,0.00,56.48,5.07,99.99,99.99,0.00,100.00,100.00,97.37,0.40,99.71,0.02,0.00,0.02,0.01,0.98,0.00,0.00,6.00,9.50,5.08,1.57,67.76,67.16,327.53,252.68,418.68,349.84,406.37,275.40,339.21,274.52,375.31,293.26,373.74,349.84,
20.255,0,1.77,0.24,99.31,0.03,0.80,47.05,0.06,60.31,99.98,0.00,99.98,-71.41,97.04,0.02,0.00,10.47,0.00,60.31,3.45,99.98,99.99,0.00,100.00,100.00,94.81,0.35,99.93,0.01,0.00,0.02,0.00,0.81,0.00,0.00,6.00,7.91,4.55,0.27,66.68,69.61,325.67,251.30,420.04,352.03,408.03,274.88,338.44,273.12,374.91,293.87,372.10,352.03,
20.321,0,1.36,0.21,99.31,0.03,0.41,39.30,0.06,49.03,99.86,0.00,99.98,-76.86,97.23,0.04,0.00,5.70,0.00,49.03,0.73,99.86,99.96,0.00,100.00,100.00,88.71,0.37,99.94,0.01,0.00,0.02,0.00,0.57,0.00,0.00,6.00,8.21,4.21,-0.06,67.26,68.41,326.89,252.63,419.49,351.42,407.93,276.17,339.56,273.78,375.04,294.32,372.09,351.42,
20.477,0,1.59,0.20,97.57,0.04,0.06,36.37,0.06,14.45,77.48,0.00,99.88,-92.94,96.91,0.13,0.01,2.11,0.00,14.45,0.05,77.48,96.70,0.00,100.00,100.00,59.72,0.42,98.76,0.01,0.00,0.01,0.00,0.38,0.00,0.00,6.00,5.97,4.78,-0.10,66.88,66.94,328.73,252.84,419.51,349.50,408.13,275.59,341.22,273.34,376.23,294.49,373.01,349.50,
20.555,0,1.33,0.19,98.41,0.03,0.05,32.52,0.06,13.10,84.36,0.00,99.93,-93.66,96.12,0.43,0.03,0.80,0.00,13.10,0.02,84.36,98.50,0.00,100.00,100.00,35.11,0.29,96.06,0.01,0.00,0.00,0.00,0.29,0.00,0.00,6.00,9.13,5.95,-0.16,66.04,70.53,326.37,250.47,421.78,352.41,409.93,274.84,339.44,272.37,376.97,293.10,372.86,352.41,
20.622,0,1.28,0.19,95.95,0.04,0.03,36.05,0.06,5.88,70.16,0.00,99.79,-91.59,97.19,0.82,0.15,0.22,0.01,5.88,0.01,70.16,93.54,0.00,100.00,100.00,7.38,0.31,84.47,0.01,0.00,0.00,0.00,0.21,0.00,0.00,6.00,6.78,4.29,0.14,67.01,70.40,325.81,251.35,421.02,352.40,409.04,275.93,338.71,272.71,375.35,294.79,372.50,352.40,
20.777,0,0.28,0.19,0.89,0.13,0.02,61.95,0.06,1.09,3.32,13.05,69.05,-44.31,96.74,1.09,0.53,0.04,0.01,0.44,0.03,3.32,2.87,0.00,100.00,99.99,0.40,0.09,0.76,0.01,0.00,0.00,0.00,0.10,0.00,0.00,6.00,5.91,5.04,0.36,67.41,69.15,326.08,252.45,420.70,353.23,408.28,275.90,339.15,274.04,375.69,295.86,372.74,353.23,
20.848,0,0.28,0.19,0.88,0.13,0.02,61.29,0.06,0.74,3.25,13.71,68.93,-44.13,97.20,0.74,0.80,0.03,0.00,0.51,0.03,3.25,2.83,0.00,100.00,99.45,0.03,0.08,1.10,0.01,0.01,0.00,0.00,0.09,0.00,0.00,6.00,6.48,4.27,0.02,67.72,69.25,326.15,253.16,419.94,353.19,408.17,276.45,338.95,274.60,374.94,295.99,372.02,353.19,
21.058,0,0.20,0.18,0.20,0.14,0.02,45.24,0.06,0.84,1.00,29.76,66.55,-34.67,96.97,0.84,1.89,0.02,0.00,0.21,0.06,1.00,0.27,0.00,100.00,62.81,0.00,0.03,0.14,0.01,0.01,0.00,0.00,0.05,0.00,0.00,6.00,7.20,4.67,-0.51,67.52,70.27,324.28,252.25,420.69,355.26,408.40,276.62,338.18,273.93,374.66,296.02,370.87,355.26,
21.136,0,0.14,0.16,0.06,0.16,0.02,28.54,0.08,1.63,0.74,46.46,73.73,-26.09,96.82,1.63,6.18,0.01,0.03,0.17,0.03,0.74,0.15,0.00,99.99,24.93,0.00,0.01,0.20,0.01,0.01,0.00,0.00,0.04,0.01,0.00,6.00,7.14,4.92,-0.40,67.76,69.76,324.35,252.60,420.48,355.39,408.01,276.69,338.30,274.33,374.71,296.25,370.94,355.39,
21.203,0,0.14,0.15,0.07,0.18,0.02,30.75,0.09,2.32,0.74,44.25,77.73,-27.81,97.36,2.32,8.89,0.01,0.01,0.13,0.03,0.74,0.08,0.00,99.99,31.49,0.00,0.01,0.41,0.01,0.00,0.00,0.02,0.04,0.01,0.00,6.00,8.39,3.96,-0.74,67.82,70.61,324.05,252.76,420.12,355.48,408.30,277.38,337.76,274.38,373.88,295.94,370.20,355.48,
21.358,0,0.11,0.16,0.08,0.15,0.03,25.70,0.08,2.79,9.91,49.30,79.10,-29.72,97.76,2.79,6.45,0.01,0.00,0.70,0.09,9.91,1.05,0.00,99.98,22.53,0.00,0.00,0.01,0.02,0.00,0.00,3.95,0.03,0.00,0.00,6.00,10.56,3.11,-0.75,68.67,71.10,322.34,253.80,419.13,357.06,407.18,279.81,336.22,275.34,372.06,296.54,368.81,357.06,
21.434,0,0.12,0.17,0.08,0.14,0.02,27.29,0.08,3.46,8.85,47.71,77.66,-29.43,98.03,3.46,4.14,0.01,0.00,0.54,0.30,8.85,0.59,0.00,99.99,22.38,0.00,0.00,0.02,0.03,0.00,0.00,1.87,0.03,0.00,0.00,6.00,9.78,2.46,-1.32,68.37,71.81,321.81,253.99,418.49,357.46,407.30,279.35,335.59,275.59,371.15,296.93,367.56,357.46,
21.654,0,0.18,0.18,0.30,0.14,0.03,44.79,0.07,2.87,7.20,30.21,75.28,-37.93,98.20,2.87,3.40,0.01,0.00,0.75,0.74,7.20,1.66,0.00,99.99,63.54,0.00,0.01,0.22,0.05,0.01,0.00,0.10,0.04,0.00,0.00,6.00,5.35,2.01,-2.53,69.20,72.44,317.37,258.59,413.23,360.43,403.40,284.15,331.17,278.67,366.11,302.80,361.32,360.43,
21.723,0,0.27,0.18,1.10,0.14,0.03,64.07,0.08,5.60,8.53,10.93,77.22,-49.33,98.05,5.60,2.09,0.04,0.01,1.01,0.12,8.53,3.54,0.00,100.00,99.62,0.00,0.10,8.96,0.02,0.01,0.00,0.01,0.04,0.03,0.00,6.00,2.92,-2.40,-2.88,66.92,74.40,316.36,258.15,414.19,361.19,404.69,283.90,330.45,279.08,363.52,304.10,360.69,361.19,
21.791,0,0.76,0.19,1.86,0.13,0.03,63.25,0.08,5.82,12.04,11.75,81.81,-66.29,98.02,5.82,1.57,0.04,0.03,0.89,0.03,12.04,10.60,0.00,100.00,99.93,0.00,0.18,75.05,0.01,0.01,0.00,0.00,0.04,0.04,0.00,6.00,1.23,-2.48,-3.29,66.99,72.55,314.90,261.45,412.80,364.87,402.47,287.25,330.16,281.47,362.11,308.00,358.92,364.87,
21.869,0,1.61,0.19,6.96,0.14,0.03,65.38,0.08,7.36,10.99,9.62,80.51,-70.86,98.12,7.36,1.62,0.03,0.06,1.58,0.01,10.99,39.65,0.00,100.00,99.98,0.00,0.72,97.00,0.01,0.01,0.01,0.00,0.05,0.14,0.00,6.00,-2.22,-2.24,-3.46,65.95,72.65,313.00,265.84,410.56,368.46,400.53,291.38,328.15,285.14,360.19,313.48,356.66,368.46,
22.008,0,1.61,0.23,20.65,0.16,0.08,66.66,0.09,19.94,23.93,8.34,92.12,-69.36,96.68,9.21,1.11,0.03,0.24,19.94,0.00,23.93,52.32,0.00,100.00,100.00,0.01,20.59,99.95,0.01,0.01,0.07,0.01,0.16,1.92,0.00,6.00,-2.71,-5.15,-2.43,64.25,73.98,312.38,267.71,410.38,370.59,400.35,292.61,326.52,287.92,357.98,315.73,357.26,370.59,
22.149,0,0.95,8.08,83.62,0.15,0.79,49.22,0.06,60.68,71.75,0.00,99.82,-70.49,96.87,1.71,0.22,0.04,0.04,60.68,0.05,71.75,61.77,4.09,100.00,100.00,0.00,98.05,99.99,0.01,0.01,0.20,0.35,0.52,36.35,0.00,6.00,-3.37,-4.84,-2.39,63.62,75.38,311.67,269.17,409.51,371.66,400.26,294.25,325.06,289.12,357.31,317.34,356.45,371.66,
22.296,0,0.56,0.64,97.08,0.06,2.14,26.50,0.06,53.71,97.73,0.00,99.98,-60.32,96.32,0.16,0.02,0.05,0.00,53.71,0.24,97.73,81.14,0.00,100.00,100.00,0.00,99.69,99.99,0.06,0.00,10.67,0.97,13.12,20.56,0.00,6.00,-3.31,-5.67,-2.79,63.77,73.90,312.19,270.48,408.86,371.78,399.64,295.51,325.95,289.95,356.84,318.01,355.98,371.78,
22.369,0,0.60,0.23,98.41,0.05,3.63,24.02,0.06,55.69,98.84,0.00,99.98,-54.97,96.66,0.06,0.01,0.06,0.00,55.69,0.46,98.84,95.02,0.00,100.00,100.00,0.01,99.57,99.99,0.09,0.00,11.35,3.25,16.99,13.60,0.00,6.00,-5.45,-5.18,-2.66,63.98,73.49,312.38,271.51,408.35,371.79,399.19,295.98,325.89,290.72,356.98,319.48,356.00,371.79,
22.524,0,0.24,0.01,96.50,0.02,60.61,11.17,0.06,62.56,98.95,0.00,99.98,-17.70,96.13,0.02,0.00,0.16,0.00,62.56,1.08,98.95,98.39,0.00,100.00,100.00,0.01,99.60,100.00,0.26,0.00,29.56,11.02,46.74,0.00,0.00,6.00,-4.06,-5.94,-2.41,63.86,73.00,314.03,272.88,408.20,371.40,399.56,297.09,326.74,291.93,357.30,319.46,357.05,371.40,
22.781,0,0.36,0.01,97.54,0.02,51.46,14.87,0.06,70.61,99.81,0.00,99.98,-22.52,95.53,0.02,0.00,0.50,0.00,70.61,4.43,99.81,99.73,0.00,100.00,100.00,0.03,98.40,99.99,0.36,0.00,26.42,11.85,39.32,2.39,0.00,6.00,-2.52,-6.69,-1.97,64.25,72.18,314.35,273.39,408.16,372.02,399.03,297.48,327.02,292.45,357.02,319.23,357.72,372.02,
22.849,0,0.62,0.02,98.26,0.04,25.81,21.04,0.06,70.80,99.97,0.00,99.98,-33.99,95.61,0.02,0.00,2.43,0.00,70.80,8.39,99.97,99.93,0.00,100.00,100.00,0.23,97.42,99.98,0.34,0.00,20.85,11.85,29.24,0.00,0.00,6.00,-2.96,-6.60,-1.48,64.47,71.28,314.30,273.39,408.94,373.09,398.68,296.94,327.52,292.97,357.46,319.84,358.66,373.09,
22.990,0,1.50,0.07,98.81,0.06,5.48,34.29,0.06,62.10,99.99,0.00,99.98,-51.32,96.50,0.02,0.00,10.69,0.00,62.10,13.86,99.99,99.99,0.00,100.00,100.00,0.84,95.49,99.94,0.27,0.00,19.67,19.33,17.61,0.00,0.00,6.00,-5.57,-5.41,-1.36,64.84,70.09,314.07,273.87,408.13,372.59,397.49,296.57,327.47,293.43,357.68,321.00,358.35,372.59,
23.057,0,12.64,0.34,99.12,0.21,1.45,78.70,0.06,55.53,99.99,0.00,99.98,-64.56,96.41,0.02,0.00,49.04,0.00,55.53,28.67,99.99,99.99,0.00,100.00,100.00,5.67,87.41,99.90,0.37,0.00,13.04,11.68,8.69,0.00,0.00,6.00,-5.77,-5.55,-1.54,64.95,70.66,313.85,273.70,408.28,372.72,397.84,296.64,327.26,293.21,357.55,321.08,358.09,372.72,
23.135,0,7.01,0.28,99.17,0.15,0.58,65.61,0.06,43.16,99.97,0.00,99.98,-72.59,96.83,0.03,0.00,35.56,0.00,43.16,22.57,99.97,99.96,0.00,100.00,100.00,3.29,83.02,99.88,0.32,0.00,11.23,9.50,6.63,0.00,0.00,6.00,-5.01,-4.91,-1.46,65.04,70.93,313.98,273.80,408.11,372.59,397.91,296.80,327.06,293.31,357.87,320.77,358.17,372.59,
23.211,0,3.48,0.28,99.17,0.12,0.10,52.55,0.06,17.10,99.31,0.00,99.98,-87.34,96.44,0.04,0.00,27.21,0.00,17.10,8.83,99.31,98.97,0.00,100.00,100.00,2.22,76.32,99.82,0.18,0.00,8.43,12.51,4.20,0.00,0.00,6.00,-4.90,-5.50,-1.86,65.04,69.83,313.72,273.24,408.79,373.24,397.76,296.51,328.03,292.73,357.82,320.62,357.98,373.24,
23.410,0,1.76,0.27,98.81,0.07,0.03,41.24,0.06,3.95,96.82,0.00,99.98,-96.98,94.86,0.09,0.01,16.69,0.00,3.95,0.29,96.82,92.22,0.00,100.00,100.00,1.14,45.38,97.00,0.08,0.00,4.85,4.39,1.05,0.00,0.00,6.00,-6.64,-7.42,-1.74,65.85,72.84,311.28,272.33,409.28,375.12,398.28,296.72,325.61,291.72,355.57,321.73,356.95,375.12,
23.478,0,1.19,0.23,97.18,0.06,0.03,34.93,0.06,2.89,93.68,0.00,99.97,-97.78,94.72,0.14,0.02,9.57,0.01,2.89,0.08,93.68,77.66,0.00,100.00,100.00,0.68,43.11,99.15,0.05,0.00,6.31,2.59,0.78,0.05,0.00,6.00,-6.54,-7.56,-2.05,65.83,71.89,310.06,271.08,409.66,375.70,397.51,296.19,325.85,290.40,355.15,321.22,356.21,375.70,
23.560,0,0.49,0.20,75.21,0.04,0.03,28.49,0.06,1.67,90.16,0.00,99.96,-98.89,93.36,0.13,0.02,1.55,0.01,1.67,0.05,90.16,32.27,0.00,100.00,100.00,0.20,29.60,99.78,0.01,0.00,5.97,2.93,0.30,0.31,0.00,6.00,-5.57,-8.79,-1.89,65.77,68.89,309.50,270.45,409.68,376.07,395.58,295.79,326.95,289.83,354.39,320.48,356.24,376.07,
23.713,0,1.01,0.20,98.85,0.04,0.04,26.38,0.06,6.57,97.82,0.00,99.98,-96.73,92.40,0.14,0.04,0.89,0.02,6.57,0.04,97.82,91.40,0.00,100.00,100.00,0.27,26.22,99.17,0.01,0.00,11.65,2.26,0.22,0.43,0.00,6.00,-5.36,-9.51,-3.67,66.38,68.86,308.07,270.67,407.70,375.89,394.75,296.58,326.29,289.22,352.37,320.24,352.61,375.89,
23.795,0,0.97,0.20,98.47,0.03,0.03,26.17,0.06,4.12,96.72,0.00,99.98,-97.87,93.98,0.07,0.04,0.85,0.01,4.12,0.03,96.72,86.76,0.00,100.00,100.00,0.34,18.68,99.61,0.01,0.00,12.61,4.59,0.21,0.52,0.00,6.00,-4.62,-8.26,-3.02,66.43,69.95,307.89,270.20,407.24,375.10,394.69,295.75,325.05,289.20,352.64,319.43,352.95,375.10,
23.879,0,1.01,0.20,98.75,0.03,0.03,25.59,0.06,2.78,97.68,0.00,99.98,-98.51,93.62,0.03,0.03,0.85,0.01,2.78,0.04,97.68,89.90,0.00,100.00,100.00,0.62,23.59,99.86,0.02,0.00,13.32,5.33,0.19,0.43,0.00,6.00,-5.26,-8.57,-2.71,66.62,70.11,307.95,270.01,407.26,374.72,394.66,295.42,324.84,289.05,352.47,319.46,353.31,374.72,
23.946,0,1.11,0.20,99.14,0.04,0.03,25.87,0.06,5.26,97.86,0.00,99.98,-97.35,95.51,0.03,0.03,0.69,0.01,5.26,0.04,97.86,97.18,0.00,100.00,100.00,0.92,27.34,99.85,0.02,0.00,19.63,2.75,0.21,0.38,0.00,6.00,-5.26,-6.72,-2.95,66.96,71.44,308.51,270.87,406.67,374.08,395.51,295.62,324.26,290.26,353.44,319.84,353.00,374.08,
24.104,0,1.12,0.20,99.30,0.03,0.07,27.92,0.06,18.53,99.68,0.00,99.98,-91.25,98.65,0.03,0.01,0.74,0.01,18.53,0.04,99.68,99.66,0.00,100.00,100.00,4.08,23.08,99.98,0.03,0.00,14.48,3.88,0.22,0.15,0.00,6.00,-2.54,-0.55,-2.19,67.47,71.47,310.56,269.93,407.60,372.13,396.56,294.06,325.20,290.12,358.40,317.51,355.47,372.13,
24.182,0,1.12,0.19,99.32,0.03,0.11,29.44,0.06,26.83,99.86,0.00,99.98,-87.48,98.16,0.07,0.01,0.56,0.01,26.83,0.09,99.86,99.92,0.00,100.00,100.00,7.61,12.78,99.96,0.03,0.00,8.00,3.15,0.18,0.03,0.00,6.00,1.97,-2.11,-2.71,67.29,71.25,312.25,268.84,408.69,370.63,398.13,293.61,327.00,289.53,358.94,314.49,356.27,370.63,
24.322,0,1.11,0.19,99.32,0.03,2.10,41.09,0.06,78.95,99.89,0.00,99.98,-63.58,97.94,0.15,0.05,0.33,0.02,78.95,0.30,99.89,99.93,0.00,100.00,100.00,25.72,2.80,99.52,0.02,0.00,1.88,0.00,0.17,0.00,0.00,6.00,-0.03,2.70,-0.65,66.00,71.54,316.55,266.61,412.21,367.71,401.06,289.75,329.55,287.65,365.48,312.64,362.54,367.71,
24.398,0,1.10,0.19,99.31,0.03,1.49,39.70,0.06,72.77,99.82,0.00,99.98,-66.41,98.59,0.45,0.42,0.24,0.03,72.77,0.45,99.82,99.97,0.00,100.00,100.00,48.57,0.85,99.59,0.02,0.00,0.61,0.00,0.18,0.00,0.00,6.00,-2.51,0.75,-0.98,64.64,69.95,317.89,265.13,414.40,367.15,402.20,288.18,332.29,285.77,366.15,312.45,363.95,367.15,
24.464,0,0.96,0.16,99.19,0.04,0.35,36.59,0.09,47.09,97.88,0.00,99.98,-78.25,97.96,4.76,6.39,0.16,0.21,47.09,0.13,97.88,99.90,0.00,100.00,100.00,70.48,0.37,99.85,0.03,0.01,0.19,0.00,0.13,0.09,0.00,6.00,-3.11,2.64,-0.42,64.56,69.90,318.93,264.71,415.11,366.25,402.72,287.74,332.87,285.12,368.05,312.11,365.47,366.25,
24.614,0,0.10,0.07,0.38,1.75,0.02,81.77,1.48,37.62,30.32,0.00,97.80,-54.28,98.55,37.62,40.53,0.09,1.13,0.35,0.02,1.26,0.06,0.00,100.00,100.00,30.32,0.48,11.47,0.05,0.03,0.06,0.00,0.10,0.27,0.00,6.00,-7.49,0.92,-0.62,64.94,69.52,318.87,263.27,416.80,366.42,403.48,285.64,333.98,283.76,367.91,313.14,366.04,366.42,
24.785,0,0.01,0.02,0.08,45.31,0.02,95.09,64.06,96.48,3.38,0.00,99.97,-61.26,98.60,96.48,94.22,0.08,3.11,0.16,0.01,0.42,0.02,0.01,100.00,83.37,3.38,0.19,0.80,0.07,0.06,0.02,0.00,0.05,0.43,0.00,0.00,-7.68,0.74,-1.08,65.30,69.75,318.83,262.83,417.47,366.78,404.15,285.69,334.45,283.02,368.15,313.13,365.86,366.78,
24.851,0,0.02,0.02,0.11,47.16,0.02,94.96,65.50,92.88,0.58,0.00,99.97,-62.63,98.77,92.88,95.12,0.07,7.33,0.13,0.01,0.58,0.04,0.02,100.00,91.66,0.31,0.08,1.54,0.04,0.07,0.01,0.00,0.02,0.26,0.00,0.00,-5.40,-0.08,-1.18,64.96,70.92,317.42,260.92,419.44,368.86,405.10,284.78,334.23,282.04,367.98,312.05,365.96,368.86,
24.946,0,0.02,0.02,0.09,55.39,0.02,94.59,73.14,93.85,0.55,0.00,99.97,-61.94,98.59,93.85,96.51,0.07,13.61,0.11,0.01,0.55,0.05,0.01,100.00,86.50,0.02,0.02,2.71,0.04,0.07,0.00,0.00,0.01,0.12,0.00,0.00,-2.97,0.77,-0.75,65.77,69.84,317.60,260.76,419.69,368.70,404.47,285.99,334.78,281.55,368.65,310.99,366.70,368.70,
25.024,0,0.02,0.02,0.09,62.05,0.02,94.59,78.36,94.00,0.37,0.00,99.98,-61.61,98.49,94.00,96.67,0.09,20.15,0.10,0.01,0.37,0.03,0.01,99.97,86.12,0.00,0.01,1.81,0.03,0.07,0.00,0.00,0.00,0.10,0.00,0.00,-2.75,1.13,-0.62,65.85,69.96,317.46,260.70,419.76,368.82,404.42,286.05,334.60,281.57,368.80,310.96,366.81,368.82,
25.091,0,0.06,0.02,0.10,78.56,0.02,94.02,89.16,91.01,0.35,0.00,99.98,-61.26,98.24,91.01,96.88,0.10,42.62,0.08,0.01,0.35,0.03,0.01,99.97,87.78,0.00,0.01,1.58,0.04,0.06,0.00,0.00,0.00,0.08,0.00,0.00,-2.74,1.90,-1.06,65.94,70.14,317.71,260.91,419.71,368.71,404.83,286.37,334.85,281.53,369.35,311.03,366.45,368.71,
25.160,0,0.05,0.02,0.07,80.53,0.02,93.77,90.44,93.18,0.30,0.00,99.98,-60.18,98.27,93.18,97.11,0.13,43.60,0.07,0.01,0.30,0.03,0.01,99.98,80.15,0.00,0.01,2.31,0.04,0.04,0.00,0.00,0.00,0.07,0.00,0.00,-3.00,1.79,-0.85,65.92,69.92,317.84,261.02,419.70,368.72,404.68,286.15,334.89,281.77,369.35,311.17,366.74,368.72,
25.452,0,0.02,0.02,0.05,45.63,0.02,87.04,62.35,82.54,0.28,0.00,99.97,-52.95,98.46,82.54,96.03,0.11,13.50,0.04,0.01,0.28,0.01,0.00,99.97,61.38,0.00,0.00,0.26,0.05,0.03,0.00,0.00,0.00,0.05,0.00,0.00,-5.44,1.20,-0.09,65.90,71.18,317.90,261.17,419.74,368.29,404.98,285.80,333.90,282.04,369.04,312.24,367.57,368.29,
25.520,0,0.01,0.02,0.04,42.53,0.02,86.58,59.36,83.68,0.24,0.00,99.97,-51.97,98.17,83.68,95.75,0.08,9.63,0.04,0.01,0.24,0.01,0.00,99.97,56.15,0.00,0.00,0.18,0.05,0.03,0.00,0.00,0.00,0.04,0.00,0.00,-5.41,2.08,-0.06,66.05,71.69,317.88,261.10,419.81,368.27,405.25,285.72,333.65,282.06,369.56,312.21,367.64,368.27,
25.588,0,0.01,0.02,0.03,43.80,0.02,85.61,60.98,85.17,0.18,0.00,99.97,-50.51,97.95,85.17,96.31,0.06,9.22,0.04,0.01,0.18,0.01,0.00,99.97,48.57,0.00,0.00,0.09,0.05,0.02,0.00,0.00,0.00,0.06,0.00,0.00,-5.87,2.66,-0.14,66.09,71.86,318.21,261.28,419.84,368.23,405.56,285.44,333.77,282.31,370.08,312.42,367.74,368.23,
25.668,0,0.01,0.02,0.03,42.02,0.02,83.61,59.01,84.06,0.15,0.00,99.97,-48.98,97.71,84.06,96.55,0.04,8.12,0.03,0.01,0.15,0.01,0.00,99.97,43.15,0.00,0.00,0.06,0.04,0.01,0.00,0.00,0.00,0.06,0.00,0.00,-5.49,3.24,-0.05,66.20,71.90,318.27,261.29,419.78,368.21,405.53,285.24,333.69,282.49,370.40,312.22,367.85,368.21,
25.803,0,0.01,0.02,0.01,40.89,0.02,75.85,57.63,82.42,0.09,0.00,99.98,-43.55,97.25,82.42,97.14,0.04,7.81,0.03,0.02,0.09,0.01,0.00,99.96,21.24,0.00,0.00,0.02,0.05,0.01,0.00,0.00,0.00,0.10,0.00,0.00,-5.08,4.18,-0.13,66.43,72.18,318.37,261.25,419.89,368.17,405.81,285.39,333.69,282.44,371.06,312.05,367.88,368.17,
25.869,0,0.01,0.02,0.01,36.57,0.02,70.38,52.13,78.57,0.10,4.62,99.97,-41.19,97.33,78.57,96.36,0.05,7.10,0.03,0.03,0.10,0.01,0.00,99.96,14.77,0.00,0.00,0.03,0.05,0.01,0.00,0.00,0.00,0.08,0.00,0.00,-4.81,4.02,0.03,66.44,72.02,318.33,261.13,419.99,368.28,405.68,285.17,333.71,282.49,370.99,311.88,368.09,368.28,
26.028,0,0.01,0.02,0.01,39.23,0.02,72.56,55.49,81.85,0.14,2.44,99.97,-41.30,97.14,81.85,95.63,0.07,7.80,0.05,0.04,0.14,0.01,0.00,99.95,11.86,0.00,0.00,0.07,0.07,0.01,0.00,0.00,0.00,0.09,0.00,0.00,-4.45,4.37,-0.02,66.45,72.09,318.35,261.16,419.96,368.30,405.73,285.23,333.70,282.56,371.19,311.76,368.04,368.30,
26.110,0,0.01,0.02,0.01,41.75,0.02,75.50,58.37,84.28,0.11,0.00,99.97,-42.18,97.30,84.28,94.63,0.08,9.19,0.05,0.05,0.11,0.01,0.01,99.93,13.36,0.00,0.00,0.06,0.10,0.02,0.00,0.00,0.00,0.15,0.00,0.00,-4.24,4.08,0.02,66.55,72.14,318.30,261.13,419.97,368.25,405.71,285.47,333.64,282.47,371.00,311.68,368.06,368.25,
26.187,0,0.01,0.02,0.01,50.10,0.02,77.15,67.05,86.78,0.08,0.00,99.97,-42.63,97.22,86.78,95.43,0.08,14.82,0.05,0.05,0.07,0.01,0.01,99.91,12.94,0.00,0.00,0.05,0.16,0.02,0.00,0.00,0.00,0.21,0.00,0.00,-4.34,4.22,-0.08,66.51,72.40,318.37,261.23,419.87,368.19,405.89,285.45,333.55,282.55,371.08,311.74,367.93,368.19,
26.407,0,0.01,0.02,0.01,61.63,0.02,76.54,77.28,88.94,0.07,0.00,99.98,-41.83,97.51,88.94,97.09,0.07,23.32,0.04,0.05,0.06,0.01,0.01,99.89,7.36,0.00,0.00,0.02,0.30,0.03,0.00,0.00,0.00,0.20,0.00,0.00,-4.62,3.66,0.15,66.56,71.28,318.27,261.10,419.93,368.32,405.18,285.17,333.95,282.46,370.70,311.78,368.17,368.32,
26.478,0,0.01,0.02,0.01,59.47,0.02,76.41,75.80,90.19,0.06,0.00,99.98,-41.42,97.51,90.19,97.56,0.06,19.61,0.05,0.06,0.06,0.01,0.00,99.87,4.39,0.00,0.00,0.02,0.35,0.04,0.00,0.00,0.00,0.23,0.00,0.00,-3.95,3.67,0.05,66.77,71.34,318.20,261.10,419.96,368.44,405.24,285.47,333.96,282.44,370.69,311.58,368.04,368.44,
26.625,0,0.01,0.02,0.01,62.98,0.02,75.64,78.46,90.07,0.06,0.00,99.98,-40.96,97.67,90.07,97.62,0.03,23.27,0.04,0.06,0.04,0.00,0.00,99.79,2.73,0.00,0.00,0.00,0.53,0.05,0.00,0.00,0.00,0.18,0.00,0.00,-4.31,3.33,0.24,66.92,71.10,317.96,260.97,419.93,368.43,404.88,285.41,333.85,282.29,370.35,311.69,368.11,368.43,
26.782,0,0.01,0.02,0.01,61.19,0.02,76.74,77.23,90.88,0.16,0.00,99.98,-41.52,98.11,90.88,97.54,0.03,20.85,0.03,0.03,0.16,0.02,0.00,99.84,4.00,0.00,0.00,0.05,0.47,0.04,0.00,0.00,0.00,0.10,0.00,0.00,-3.94,2.27,0.23,66.81,70.60,318.18,260.29,419.53,367.33,404.57,284.29,334.01,281.69,369.65,310.53,367.99,367.33,
26.859,0,0.02,0.02,0.01,70.02,0.02,77.49,83.70,90.80,0.08,0.00,99.98,-42.15,97.94,90.80,98.18,0.02,30.25,0.03,0.03,0.08,0.01,0.00,99.88,6.91,0.00,0.00,0.07,0.32,0.03,0.00,0.00,0.00,0.09,0.00,0.00,-3.94,2.69,0.36,67.07,70.73,317.84,260.15,419.64,367.50,404.43,284.52,333.77,281.53,369.77,310.63,368.02,367.50,
26.944,0,0.04,0.02,0.01,83.05,0.02,77.90,91.74,89.74,0.03,0.00,99.98,-42.93,97.93,89.74,98.97,0.02,49.03,0.02,0.01,0.03,0.01,0.00,99.88,11.46,0.00,0.00,0.09,0.23,0.03,0.00,0.00,0.00,0.08,0.00,0.00,-3.76,2.71,0.30,67.23,70.79,317.79,260.07,419.63,367.45,404.46,284.59,333.74,281.42,369.75,310.51,367.92,367.45,
27.078,0,0.11,0.02,0.01,93.97,0.02,75.30,97.35,87.60,0.05,0.00,99.98,-41.96,97.93,87.60,99.58,0.01,79.30,0.01,0.01,0.05,0.00,0.00,99.91,9.33,0.00,0.00,0.05,0.15,0.02,0.00,0.00,0.00,0.07,0.00,0.00,-3.77,2.73,0.34,67.38,70.20,317.90,260.11,419.58,367.52,404.18,284.26,334.03,281.55,369.78,310.46,368.00,367.52,
27.157,0,0.16,0.02,0.01,95.32,0.02,71.46,97.94,84.14,0.04,0.00,99.98,-40.67,97.94,84.14,99.77,0.01,88.73,0.01,0.00,0.04,0.00,0.00,99.94,7.14,0.00,0.00,0.05,0.10,0.01,0.00,0.00,0.00,0.06,0.00,0.00,-3.74,2.69,0.26,67.39,70.23,317.86,260.11,419.66,367.63,404.25,284.41,334.09,281.50,369.78,310.52,367.94,367.63,
27.229,0,0.18,0.02,0.01,95.27,0.02,69.47,97.88,81.83,0.03,0.00,99.98,-40.25,97.89,81.83,99.79,0.01,90.36,0.01,0.00,0.03,0.01,0.00,99.93,7.67,0.00,0.00,0.04,0.09,0.01,0.00,0.00,0.00,0.05,0.00,0.00,-3.43,2.81,0.23,67.50,70.10,317.75,260.10,419.56,367.65,404.10,284.51,334.06,281.46,369.75,310.39,367.80,367.65,
27.305,0,0.18,0.02,0.01,95.09,0.02,68.86,97.79,81.32,0.03,0.00,99.98,-40.06,97.99,81.32,99.74,0.01,89.86,0.02,0.00,0.03,0.01,0.00,99.91,7.34,0.00,0.00,0.07,0.08,0.01,0.00,0.00,0.00,0.04,0.00,0.00,-3.33,2.58,0.13,67.55,70.08,317.78,260.07,419.60,367.64,404.17,284.59,334.16,281.38,369.66,310.33,367.73,367.64,
27.447,0,0.17,0.02,0.01,94.61,0.02,67.67,97.53,80.09,0.04,0.00,99.98,-39.76,97.87,80.09,99.59,0.01,88.53,0.01,0.00,0.04,0.00,0.00,99.91,7.24,0.00,0.00,0.08,0.08,0.01,0.00,0.00,0.00,0.04,0.00,0.00,-3.41,2.86,0.19,67.56,69.89,317.87,260.03,419.75,367.73,404.17,284.40,334.34,281.41,369.93,310.35,367.92,367.73,
27.587,0,0.09,0.02,0.01,91.35,0.02,72.77,95.98,84.18,0.06,0.00,99.98,-41.37,98.11,84.18,99.18,0.01,72.79,0.02,0.01,0.06,0.01,0.00,99.91,10.17,0.00,0.00,0.06,0.08,0.01,0.00,0.00,0.00,0.05,0.00,0.00,-3.44,2.25,0.18,67.48,70.44,317.95,260.13,419.64,367.57,404.45,284.45,334.07,281.53,369.59,310.36,367.87,367.57,
27.665,0,0.04,0.02,0.01,79.80,0.02,73.03,89.49,83.74,0.07,0.00,99.98,-41.57,98.33,83.74,98.57,0.01,49.07,0.02,0.01,0.07,0.01,0.00,99.91,11.43,0.00,0.00,0.07,0.07,0.02,0.00,0.00,0.00,0.06,0.00,0.00,-4.40,1.62,0.04,66.93,70.72,318.19,260.37,419.48,367.37,404.72,284.27,334.04,281.68,369.28,310.76,367.75,367.37,
27.747,0,0.01,0.02,0.01,52.94,0.02,75.74,69.93,86.89,0.11,0.00,99.98,-41.98,98.52,86.89,96.95,0.01,16.40,0.03,0.01,0.11,0.01,0.00,99.90,10.05,0.00,0.00,0.06,0.10,0.02,0.00,0.00,0.00,0.05,0.00,0.00,-4.94,1.00,-0.28,66.58,71.59,318.44,260.13,419.68,366.90,405.55,284.21,334.03,281.20,369.17,310.70,367.59,366.90,
27.887,0,0.01,0.02,0.01,41.01,0.02,77.66,58.39,87.79,0.17,0.00,99.97,-42.72,98.66,87.79,95.36,0.02,4.97,0.02,0.01,0.17,0.02,0.00,99.93,12.20,0.00,0.00,0.05,0.08,0.01,0.00,0.00,0.00,0.05,0.00,0.00,-5.12,0.52,-0.03,66.52,71.14,318.76,260.36,419.55,366.72,405.30,284.00,334.21,281.53,368.98,310.76,367.96,366.72,
28.037,0,0.01,0.02,0.01,35.24,0.02,80.54,51.53,87.08,0.18,0.00,99.97,-44.60,98.54,87.08,92.82,0.02,1.56,0.03,0.01,0.18,0.02,0.00,99.94,21.10,0.00,0.00,0.03,0.06,0.01,0.00,0.00,0.00,0.04,0.00,0.00,-5.29,0.93,0.24,66.61,70.60,318.88,260.32,419.62,366.58,404.98,283.90,334.41,281.52,369.29,310.77,368.36,366.58,
28.194,0,0.01,0.02,0.01,33.89,0.02,72.94,49.47,83.38,0.09,2.06,99.97,-40.62,98.15,83.38,93.82,0.03,2.28,0.04,0.04,0.09,0.01,0.00,99.93,7.66,0.00,0.00,0.01,0.07,0.02,0.00,0.00,0.00,0.03,0.00,0.00,-1.97,2.14,0.14,68.39,70.12,318.33,259.44,420.09,366.95,404.71,284.43,334.69,280.75,369.94,309.15,368.25,366.95,
28.259,0,0.01,0.02,0.01,29.43,0.02,67.29,42.92,75.71,0.09,7.71,99.97,-39.90,98.55,75.71,94.31,0.03,3.12,0.03,0.02,0.09,0.01,0.00,99.97,12.08,0.00,0.00,0.03,0.03,0.01,0.00,0.00,0.00,0.02,0.00,0.00,-0.45,0.92,0.93,68.99,69.44,318.21,258.32,420.79,367.12,404.26,283.02,334.87,280.48,369.50,307.82,369.36,367.12,
28.417,0,0.01,0.02,0.01,22.09,0.02,50.52,31.45,61.12,0.08,24.48,99.97,-36.27,98.57,61.12,95.61,0.02,4.56,0.03,0.03,0.08,0.00,0.00,99.95,10.89,0.00,0.00,0.04,0.01,0.01,0.00,0.00,0.00,0.01,0.00,0.00,0.63,0.84,-0.07,69.56,69.80,316.99,256.08,420.80,366.54,404.36,281.50,334.64,278.15,368.90,305.74,367.68,366.54,
28.574,0,0.01,0.02,0.01,21.14,0.02,44.47,29.86,56.70,0.07,30.53,99.98,-35.16,98.75,56.70,97.76,0.03,5.03,0.08,0.04,0.07,0.01,0.00,99.91,10.54,0.00,0.00,0.12,0.03,0.02,0.00,0.00,0.00,0.02,0.00,0.00,0.58,-0.16,1.16,69.57,70.33,317.34,255.22,420.99,365.37,404.27,279.98,333.97,277.99,368.55,304.83,369.25,365.37,
28.660,0,0.01,0.02,0.01,25.64,0.02,50.38,36.45,61.97,0.04,24.62,99.98,-36.45,98.66,61.97,97.68,0.02,6.98,0.08,0.02,0.04,0.01,0.00,99.86,10.59,0.00,0.00,0.59,0.06,0.02,0.00,0.00,0.00,0.05,0.00,0.00,1.92,0.49,1.20,69.83,71.72,316.82,254.70,420.73,365.01,404.55,279.98,332.86,277.70,368.52,303.92,368.92,365.01,
28.727,0,0.01,0.02,0.01,36.51,0.02,62.41,51.60,74.55,0.02,12.59,99.98,-38.70,98.50,74.55,97.70,0.02,9.26,0.07,0.01,0.02,0.00,0.00,99.79,6.74,0.00,0.00,1.83,0.07,0.03,0.00,0.00,0.00,0.19,0.00,0.00,4.66,1.09,0.52,69.53,71.99,316.81,253.72,421.13,364.72,405.22,280.14,333.32,276.60,369.09,302.08,368.38,364.72,
28.880,0,0.01,0.02,0.01,31.80,0.02,58.50,45.36,72.13,0.03,16.50,99.97,-36.86,98.74,72.13,95.90,0.02,7.45,0.04,0.01,0.03,0.02,0.02,99.29,3.60,0.00,0.00,0.04,0.23,0.05,0.00,0.00,0.00,0.26,0.00,0.00,4.30,0.19,0.08,68.95,71.24,316.77,253.20,421.45,364.80,405.23,279.65,334.08,275.89,368.74,301.83,368.02,364.80,
28.948,0,0.01,0.02,0.01,28.79,0.02,59.60,41.19,73.67,0.03,15.40,99.96,-36.47,98.76,73.67,92.00,0.02,5.72,0.05,0.01,0.03,0.01,0.02,98.20,1.92,0.00,0.00,0.12,0.50,0.06,0.00,0.00,0.01,0.17,0.00,0.00,4.71,0.12,0.49,69.43,71.60,315.76,253.54,420.98,365.65,404.45,280.13,332.94,276.55,367.95,302.26,367.74,365.65,
29.017,0,0.01,0.02,0.01,27.32,0.02,56.23,38.92,71.74,0.04,18.77,99.95,-35.61,98.73,71.74,91.29,0.02,6.08,0.06,0.01,0.04,0.00,0.03,97.21,1.36,0.00,0.00,0.37,0.56,0.08,0.00,0.00,0.01,0.14,0.00,0.00,3.47,-0.22,0.28,69.37,72.38,315.17,253.53,420.13,365.30,404.25,279.64,331.94,276.47,367.03,302.62,366.76,365.30,
29.264,0,0.01,0.02,0.01,29.03,0.02,42.75,41.57,70.52,0.06,32.25,99.94,-32.74,98.54,70.52,95.83,0.01,5.38,0.10,0.01,0.06,0.00,0.00,89.02,2.73,0.00,0.00,0.04,0.65,0.09,0.00,0.00,0.00,0.08,0.00,0.00,4.51,-0.93,-0.67,70.22,72.38,310.10,252.18,414.63,363.78,399.48,278.63,327.20,274.75,361.38,300.63,360.40,363.78,
29.331,0,0.01,0.02,0.01,18.81,0.02,34.18,26.14,54.28,0.10,40.82,99.96,-32.05,97.86,54.28,96.27,0.01,4.46,0.10,0.02,0.10,0.00,0.00,94.28,7.94,0.00,0.00,0.11,0.44,0.06,0.00,0.00,0.00,0.04,0.00,0.00,3.36,-2.88,0.15,69.08,72.62,309.87,252.35,413.86,363.00,398.69,278.34,326.14,275.03,359.71,301.00,360.76,363.00,
29.402,0,0.01,0.02,0.01,18.76,0.02,35.63,26.02,53.73,0.11,39.37,99.97,-32.32,98.50,53.73,96.33,0.01,4.83,0.05,0.02,0.11,0.01,0.00,96.59,6.13,0.00,0.00,0.04,0.38,0.03,0.00,0.00,0.00,0.02,0.00,0.00,3.84,-1.08,-0.50,67.18,72.42,306.79,255.37,409.28,364.89,395.12,280.46,322.74,277.96,356.96,303.14,356.25,364.89,
29.476,0,0.01,0.02,0.01,16.87,0.02,35.86,23.16,51.01,0.08,39.14,99.97,-32.69,97.98,51.01,96.07,0.01,4.11,0.03,0.01,0.08,0.01,0.00,98.43,7.76,0.00,0.00,0.01,0.32,0.02,0.00,0.00,0.00,0.02,0.00,0.00,2.42,-2.58,0.39,66.15,71.04,307.02,256.39,408.64,364.86,393.76,280.10,322.72,279.50,355.88,304.32,357.02,364.86,
29.637,0,0.03,0.02,0.09,5.51,0.03,13.05,7.31,25.13,10.94,73.89,99.94,-29.96,98.65,25.13,88.21,0.02,5.65,3.02,0.03,10.94,21.47,0.00,97.05,4.66,0.00,0.00,3.41,0.14,0.04,0.00,0.02,0.00,0.01,0.00,0.00,4.91,0.54,-0.24,68.86,65.57,304.17,259.58,405.40,366.68,387.98,287.82,322.89,279.87,354.65,306.43,353.48,366.68,
29.780,0,0.03,0.03,0.04,2.71,0.03,11.21,3.33,20.93,15.57,77.59,99.76,-30.00,94.76,20.93,73.10,0.16,5.12,1.13,0.52,15.57,0.34,0.00,95.42,1.38,0.00,0.06,0.10,0.05,0.04,0.00,0.00,0.01,0.18,0.00,0.00,3.91,7.52,7.49,58.72,61.88,299.66,259.13,402.25,365.97,378.63,286.60,316.94,281.89,353.92,307.24,357.28,365.97,
29.862,0,0.03,0.04,0.02,3.09,0.03,11.79,2.99,26.12,3.13,76.42,99.03,-22.85,92.77,26.12,65.52,0.94,4.78,0.72,0.21,3.13,0.09,0.02,85.33,1.24,0.03,0.15,1.14,0.03,0.06,0.00,0.01,0.01,0.37,0.00,0.00,7.04,9.24,10.67,56.72,53.12,298.45,256.81,399.96,364.93,371.66,281.21,318.54,281.22,352.37,302.88,357.40,364.93,
30.010,0,0.07,0.09,0.01,8.65,0.02,1.60,5.59,7.99,18.97,82.70,7.28,-9.97,97.61,48.07,53.67,18.97,10.11,0.07,0.16,0.10,0.00,0.09,7.99,0.18,0.34,0.82,0.05,0.00,0.30,0.00,0.00,0.06,0.66,0.00,0.00,5.47,3.44,4.98,55.26,61.37,297.87,258.09,397.57,364.08,376.51,282.62,315.16,281.04,348.78,304.01,351.49,364.08,
30.155,0,0.07,0.22,0.01,9.20,0.02,12.20,5.83,4.12,17.64,75.61,44.93,-16.64,97.91,86.68,13.25,17.64,12.97,0.11,0.09,0.00,0.00,0.26,4.12,0.01,0.07,4.37,0.04,0.01,0.34,0.00,0.00,0.05,0.13,0.00,0.00,-1.33,-2.78,2.38,55.91,68.96,298.39,258.71,396.73,363.21,381.37,280.22,312.42,281.58,345.46,306.55,348.89,363.21,
30.303,0,0.02,0.12,0.01,6.25,0.02,6.42,6.51,1.81,2.37,86.97,51.75,-8.51,98.68,92.39,22.39,2.37,0.99,0.05,0.01,0.00,0.00,0.11,1.81,0.06,0.00,2.31,0.40,0.01,0.30,0.00,0.00,0.05,0.07,0.00,0.00,-0.61,0.44,3.69,59.89,68.03,297.46,258.31,396.01,363.12,379.34,279.23,311.38,282.04,346.35,305.92,349.48,363.12,
30.369,0,0.02,0.11,0.01,4.50,0.02,3.64,4.69,0.71,0.45,90.62,31.52,-4.84,98.62,82.97,23.99,0.45,0.52,0.05,0.01,0.00,0.00,0.06,0.71,0.04,0.00,1.04,0.31,0.03,0.24,0.00,0.00,0.06,0.05,0.00,0.00,-0.58,-0.65,3.54,61.15,68.58,297.42,258.04,396.32,363.10,379.85,279.33,311.30,281.69,345.89,305.84,349.47,363.10,
30.509,0,0.03,0.09,0.01,3.06,0.02,1.39,2.93,1.00,0.38,93.89,9.64,-0.84,98.40,63.65,32.00,0.38,0.18,0.08,0.01,0.02,0.00,0.11,1.00,0.08,0.00,0.39,1.84,0.03,0.13,0.00,0.00,0.05,0.04,0.00,0.00,-0.76,-1.41,3.59,63.64,68.21,298.01,257.66,397.16,363.18,380.36,278.68,312.20,281.44,346.20,305.67,350.19,363.18,
30.575,0,0.03,0.09,0.01,2.55,0.02,1.49,2.35,3.35,0.13,94.89,9.22,-0.91,98.78,61.51,28.89,0.13,0.14,0.05,0.01,0.02,0.00,0.15,3.35,0.15,0.00,0.18,1.11,0.05,0.04,0.00,0.00,0.03,0.04,0.00,0.00,-1.22,-0.03,3.66,65.13,68.64,298.16,257.63,397.33,363.00,380.67,278.63,312.08,281.44,347.10,305.79,350.48,363.00,
30.719,0,0.03,0.09,0.01,3.10,0.02,2.53,3.01,12.95,0.10,93.81,20.59,-4.57,98.76,63.58,32.85,0.06,0.18,0.06,0.01,0.10,0.01,0.23,12.95,0.58,0.00,0.15,0.19,0.04,0.01,0.00,0.00,0.02,0.05,0.00,0.00,-1.63,-0.12,2.83,67.61,69.06,298.50,257.72,397.32,362.80,381.49,278.75,312.46,281.09,347.25,305.85,349.78,362.80,
30.791,0,0.02,0.07,0.01,3.48,0.02,3.44,3.47,23.29,0.06,93.04,31.83,-7.47,98.61,60.57,39.22,0.06,0.42,0.05,0.01,0.05,0.01,0.19,23.29,0.81,0.00,0.07,0.18,0.03,0.01,0.00,0.00,0.01,0.04,0.00,0.00,-1.98,0.70,2.34,68.83,69.24,299.46,256.48,398.56,361.75,382.94,278.05,313.71,279.46,348.82,304.87,350.38,361.75,
30.860,0,0.03,0.07,0.01,3.21,0.02,8.23,3.15,46.20,0.05,83.54,65.48,-14.10,98.31,55.11,42.36,0.05,0.28,0.03,0.00,0.02,0.00,0.11,46.20,0.86,0.00,0.04,0.13,0.02,0.01,0.00,0.00,0.01,0.02,0.00,0.00,-2.31,1.68,2.22,69.11,68.67,299.58,256.43,398.70,361.78,382.84,277.98,314.19,279.26,349.49,304.93,350.38,361.78,
30.926,0,0.03,0.07,0.01,3.20,0.02,33.77,3.13,58.33,0.07,41.23,96.12,-24.78,97.33,58.33,39.11,0.07,0.18,0.02,0.00,0.02,0.00,0.08,74.96,1.07,0.00,0.02,0.08,0.02,0.01,0.00,0.00,0.00,0.02,0.00,0.00,-3.48,4.02,2.17,69.69,69.08,300.78,256.69,399.20,361.04,383.90,278.00,314.83,279.31,351.64,305.26,351.25,361.04,
30.993,0,0.02,0.08,0.01,3.82,0.02,50.80,3.91,69.23,0.08,24.20,98.63,-28.09,97.35,69.23,33.86,0.08,0.07,0.02,0.00,0.01,0.00,0.05,77.36,0.98,0.00,0.01,0.04,0.02,0.01,0.00,0.00,0.00,0.01,0.00,0.00,-2.15,3.98,1.75,70.29,68.43,302.42,256.33,400.19,360.23,385.11,277.71,316.69,278.81,352.94,304.08,352.10,360.23,
31.132,0,0.02,0.10,0.01,3.96,0.02,76.28,4.09,76.94,0.08,0.00,99.74,-34.20,95.63,76.94,27.34,0.08,0.01,0.01,0.00,0.01,0.00,0.01,90.28,0.53,0.00,0.00,0.01,0.02,0.01,0.00,0.00,0.00,0.02,0.00,0.00,0.02,6.57,0.81,70.17,70.79,306.41,256.32,405.64,361.04,391.46,280.63,320.72,277.97,359.23,304.10,355.89,361.04,
31.272,0,0.01,0.04,0.01,11.46,0.02,59.05,15.11,78.69,0.09,15.95,99.62,-32.36,97.24,78.69,59.86,0.09,0.01,0.00,0.00,0.00,0.00,0.00,84.09,0.03,0.00,0.00,0.00,0.03,0.01,0.00,0.00,0.00,0.02,0.00,0.00,0.02,4.20,0.42,68.19,72.92,307.67,258.94,406.85,363.62,394.02,283.10,321.14,280.74,359.19,306.67,356.62,363.62,
31.503,0,0.01,0.03,0.01,26.62,0.02,7.52,39.13,25.18,0.14,35.87,86.53,-15.00,97.18,91.31,77.99,0.14,0.02,0.01,0.00,0.01,0.00,0.00,25.18,0.00,0.00,0.00,0.00,0.25,0.08,0.00,0.00,0.00,0.01,0.00,0.00,-2.49,4.31,-0.42,66.87,73.25,307.66,263.27,407.76,368.68,395.09,287.86,321.92,284.34,359.76,312.40,356.11,368.68,
31.585,0,0.01,0.02,0.00,37.82,0.02,8.64,55.05,24.97,0.20,19.95,91.57,-16.51,96.79,98.05,86.72,0.20,0.01,0.01,0.01,0.00,0.00,0.00,24.97,0.00,0.00,0.00,0.00,0.24,0.08,0.00,0.00,0.00,0.00,0.00,0.00,-3.54,4.98,0.07,66.62,70.63,307.56,262.49,409.39,369.95,394.24,287.02,323.68,283.77,360.80,312.86,357.49,369.95,
31.735,0,0.01,0.02,0.00,44.14,0.02,3.34,62.90,7.32,0.19,12.10,74.04,-10.66,97.68,99.05,93.40,0.19,0.03,0.02,0.01,0.00,0.00,0.00,7.32,0.00,0.00,0.00,0.00,0.48,0.19,0.00,0.00,0.00,0.00,0.00,0.00,-3.92,3.30,-0.20,66.06,70.38,307.61,262.11,410.46,370.50,394.81,287.44,324.57,283.07,360.43,313.13,357.73,370.50,
31.803,0,0.00,0.02,0.00,47.74,0.02,2.80,66.91,5.02,0.34,8.09,70.41,-9.97,98.13,99.10,97.32,0.34,0.07,0.01,0.01,0.00,0.00,0.00,5.02,0.01,0.00,0.00,0.00,0.87,0.41,0.00,0.00,0.00,0.00,0.00,0.00,-4.57,2.21,-0.33,65.72,71.73,307.36,261.26,411.91,371.21,396.16,287.29,324.61,282.27,360.44,313.36,358.13,371.21,
31.938,0,0.00,0.02,0.00,49.60,0.02,2.33,68.84,2.17,0.28,6.16,65.47,-8.92,98.49,98.97,99.13,0.28,0.27,0.02,0.00,0.00,0.00,0.00,2.17,0.01,0.00,0.00,0.00,1.46,0.66,0.00,0.00,0.00,0.00,0.00,0.00,-4.49,1.11,-1.33,65.44,71.61,306.59,260.88,412.43,372.13,396.46,288.21,325.18,281.28,359.74,313.58,356.89,372.13,
32.162,0,0.01,0.02,0.01,53.08,0.03,1.83,68.45,0.11,0.07,6.55,81.68,-5.90,98.38,95.83,99.96,0.07,0.58,3.20,0.00,0.00,0.00,0.01,0.11,0.00,0.00,0.01,0.09,11.97,2.21,0.00,1.46,0.03,0.27,0.00,0.00,-0.32,1.47,-1.95,65.07,71.96,305.73,262.00,412.34,374.65,396.46,290.38,324.91,282.76,359.50,313.43,355.73,374.65,
32.229,0,0.01,0.13,0.01,50.02,0.05,1.31,61.16,0.06,0.05,13.84,89.96,-0.17,98.15,86.98,99.98,0.05,0.71,10.54,0.03,0.00,0.00,4.53,0.02,0.00,0.00,0.19,0.06,20.64,3.23,0.00,0.00,0.28,19.84,0.00,0.00,-0.96,2.14,-0.92,64.60,73.16,306.17,262.54,412.32,374.27,396.76,290.52,323.92,283.64,360.05,314.03,357.06,374.27,
32.306,0,0.01,0.00,0.01,37.96,19.31,0.34,62.06,0.03,0.01,12.94,99.84,37.78,98.10,85.72,99.99,0.01,1.13,31.62,0.01,0.00,0.00,0.00,0.00,0.00,0.00,0.25,0.03,73.11,4.97,0.00,0.00,45.78,6.22,0.00,0.00,-4.02,2.27,-0.54,64.03,72.19,305.67,262.99,412.33,375.12,395.84,290.14,323.90,284.08,359.86,315.93,357.26,375.12,
32.522,0,0.00,0.00,0.00,18.84,97.28,0.06,71.80,0.04,0.00,0.00,99.96,81.31,98.42,88.18,99.99,0.00,8.02,20.89,0.00,0.00,0.00,0.00,0.00,0.00,0.00,0.66,0.04,90.32,6.25,0.00,0.00,96.06,14.20,0.00,0.00,-4.88,-1.35,-0.86,63.25,72.38,303.74,263.77,410.81,376.39,394.42,290.96,322.31,284.74,356.07,317.17,355.10,376.39,
32.589,0,0.00,0.00,0.00,23.95,97.43,0.08,78.80,0.06,0.00,0.00,99.97,80.32,98.66,92.80,99.97,0.00,12.56,21.59,0.00,0.00,0.00,0.00,0.00,0.00,0.00,1.01,0.06,88.85,6.17,0.00,0.00,96.23,27.72,0.00,0.00,-5.56,0.51,-0.96,63.52,70.97,302.98,264.26,409.91,376.82,392.90,291.17,322.20,285.03,356.31,317.92,354.24,376.82,
32.659,0,0.00,0.00,0.00,21.41,95.16,0.08,77.20,0.26,0.01,0.00,99.95,79.80,98.39,94.47,99.97,0.01,9.68,13.26,0.00,0.00,0.00,0.00,0.00,0.00,0.00,1.05,0.26,81.82,5.16,0.00,0.00,94.58,26.48,0.00,0.00,-6.25,-1.45,-0.95,63.86,71.68,301.18,264.01,409.29,377.78,392.08,291.04,320.66,284.96,353.99,318.48,352.98,377.78,
32.801,0,0.00,0.00,0.00,21.40,96.48,0.09,77.06,0.24,0.01,0.00,99.96,79.57,98.67,96.15,99.95,0.01,7.79,18.22,0.00,0.00,0.00,0.00,0.00,0.01,0.00,1.70,0.24,83.10,5.18,0.00,0.00,95.02,27.62,0.00,0.00,-3.06,-0.45,0.47,64.79,67.97,302.29,263.53,409.34,377.30,390.08,288.95,322.19,285.75,355.10,316.21,355.17,377.30,
32.936,0,0.00,0.00,0.00,25.96,95.46,0.12,81.00,0.06,0.02,0.00,99.93,78.73,98.64,99.26,99.94,0.02,10.60,19.59,0.01,0.00,0.00,0.00,0.00,0.01,0.00,2.55,0.06,79.29,5.00,0.00,0.00,91.97,11.88,0.00,0.00,-2.14,-0.58,-0.21,65.92,70.47,300.12,262.64,406.78,375.75,389.33,288.76,318.98,284.61,352.67,314.76,352.05,375.75,
33.015,0,0.00,0.00,0.00,23.29,94.58,0.12,78.29,0.08,0.02,0.00,99.93,77.23,98.50,99.60,99.93,0.02,6.23,16.50,0.01,0.00,0.00,0.00,0.00,0.01,0.00,2.80,0.08,79.92,5.02,0.00,0.00,91.86,7.86,0.00,0.00,-6.63,-1.06,-0.30,65.67,68.27,300.61,262.79,405.48,373.85,387.88,287.23,319.68,284.01,352.03,315.83,351.57,373.85,
33.090,0,0.00,0.00,0.00,19.48,79.43,0.15,74.15,0.25,0.04,0.00,99.68,63.72,98.65,99.80,99.93,0.04,2.26,8.68,0.01,0.00,0.00,0.00,0.00,0.01,0.00,3.32,0.25,59.92,3.31,0.00,0.00,82.32,0.00,0.00,0.00,-4.85,-0.54,0.57,65.73,69.20,300.69,262.22,405.33,372.59,387.83,287.48,318.73,283.65,352.23,314.42,352.47,372.59,
33.295,0,0.00,0.00,0.00,19.40,79.51,0.15,73.17,0.90,0.04,0.00,99.69,63.74,98.43,99.44,99.90,0.04,0.32,8.37,0.01,0.01,0.00,0.00,0.01,0.02,0.00,8.98,0.90,60.75,4.41,0.00,0.00,82.52,0.00,0.00,0.00,-3.74,-1.32,0.31,65.68,70.38,301.20,262.04,405.55,371.87,388.91,288.10,318.70,283.24,352.16,313.64,352.52,371.87,
33.360,0,0.00,0.00,0.00,15.10,73.84,0.15,71.22,0.83,0.03,1.16,99.58,61.01,98.66,99.19,99.93,0.03,0.36,6.45,0.00,0.01,0.00,0.00,0.01,0.01,0.00,14.86,0.83,38.84,2.26,0.00,0.00,80.64,3.44,0.00,0.00,-2.65,0.49,-0.51,65.86,67.45,302.38,262.84,405.28,371.98,388.30,288.06,320.99,283.79,353.67,313.33,352.19,371.98,
33.433,0,0.00,0.00,0.00,16.78,63.68,0.15,71.36,0.06,0.02,3.64,99.42,57.34,98.49,98.39,99.97,0.02,0.61,2.03,0.00,0.00,0.00,0.00,0.01,0.00,0.00,3.80,0.06,49.93,2.94,0.00,0.00,78.63,0.23,0.00,0.00,-2.75,1.12,-0.88,65.34,68.92,303.92,262.52,405.89,370.55,390.32,287.57,321.54,283.30,355.11,312.61,352.86,370.55,
33.568,0,0.00,0.00,0.00,16.42,37.95,0.19,70.85,0.01,0.01,4.15,97.55,47.63,98.30,97.59,99.98,0.01,0.99,1.26,0.00,0.00,0.00,0.00,0.01,0.00,0.00,1.59,0.01,35.59,2.76,0.00,0.00,69.58,0.00,0.00,0.00,-3.97,1.70,-1.27,65.22,68.45,304.72,263.43,405.00,369.58,390.24,287.85,321.92,283.67,355.40,313.16,352.43,369.58,
33.703,0,0.00,0.00,0.00,10.08,97.41,0.14,70.34,0.02,0.01,0.00,99.90,79.36,98.51,97.38,99.95,0.01,0.34,34.17,0.00,0.00,0.00,0.00,0.00,0.00,0.00,3.02,0.02,41.90,3.06,0.00,0.00,89.76,19.24,0.00,0.00,-3.03,1.03,-0.83,64.85,68.89,305.74,263.55,405.66,369.31,391.09,287.91,322.30,284.08,355.85,312.74,353.70,369.31,
33.776,0,0.00,0.00,0.00,10.57,99.95,0.18,69.67,0.06,0.00,0.00,99.97,79.27,98.77,97.77,99.86,0.00,0.23,88.45,0.01,0.00,0.00,0.00,0.00,0.00,0.00,22.72,0.06,45.33,2.09,0.00,0.00,98.27,46.22,0.00,0.00,-3.31,-0.07,-0.67,64.15,68.25,305.92,263.25,405.74,368.74,390.80,287.89,322.69,283.56,355.38,312.48,354.00,368.74,
33.858,0,0.00,0.00,0.00,24.94,99.98,0.19,68.43,0.04,0.00,0.00,99.98,79.27,98.42,97.74,99.38,0.00,0.11,99.57,0.29,0.03,0.00,0.00,0.00,0.00,0.00,83.47,0.04,60.23,1.33,0.00,0.00,99.83,49.91,0.00,0.00,-3.94,-1.36,-0.83,63.63,67.77,305.96,263.14,405.80,368.62,390.70,287.77,323.08,283.24,354.74,312.58,353.86,368.62,
33.934,0,0.00,0.00,0.00,29.35,99.98,0.19,67.25,0.01,0.00,0.00,99.98,79.30,98.44,97.57,98.86,0.00,0.09,99.93,0.93,0.06,0.00,0.00,0.00,0.00,0.00,88.14,0.01,69.80,0.75,0.00,0.00,100.00,49.91,0.00,0.00,-3.49,-1.27,-0.19,63.48,68.46,305.94,263.20,405.49,368.35,390.57,287.45,322.22,283.75,354.58,312.34,354.36,368.35,
34.008,0,0.00,0.00,0.00,32.44,99.98,0.20,64.70,0.00,0.00,0.00,99.98,79.33,98.40,97.40,96.51,0.00,0.06,99.98,6.70,0.08,0.00,0.00,0.00,0.00,0.00,96.41,0.00,75.81,0.56,0.00,0.00,100.00,49.98,0.00,0.00,-3.20,-1.42,-0.31,63.27,68.35,305.80,263.31,405.28,368.54,390.42,287.44,322.16,283.92,354.34,312.32,354.06,368.54,
34.150,0,0.00,0.00,0.00,31.14,99.98,0.22,58.13,0.00,0.00,0.00,99.98,79.33,98.32,97.33,90.11,0.00,0.04,99.99,22.71,0.11,0.00,0.00,0.00,0.00,0.00,96.54,0.00,83.58,0.40,0.00,0.00,100.00,49.98,0.00,0.00,-2.71,-1.65,-0.48,63.06,68.58,305.35,263.40,405.14,369.09,390.33,287.63,321.84,284.11,353.91,312.37,353.57,369.09,
34.218,0,0.00,0.00,0.00,33.31,99.98,0.22,56.62,0.00,0.00,0.00,99.98,79.38,98.49,97.12,88.91,0.00,0.04,99.99,19.82,0.10,0.00,0.00,0.00,0.00,0.00,97.45,0.00,90.26,0.32,0.00,0.00,100.00,49.98,0.00,0.00,-2.46,-1.09,-0.29,63.02,68.54,305.30,263.39,405.16,369.13,390.19,287.68,321.73,284.18,354.19,312.31,353.77,369.13,
34.377,0,0.00,0.00,0.00,33.08,99.98,0.23,54.13,0.00,0.00,0.00,99.98,79.42,98.40,96.93,86.68,0.00,0.03,99.99,24.68,0.11,0.00,0.00,0.00,0.00,0.00,98.05,0.00,93.41,0.33,0.00,0.00,100.00,49.98,0.00,0.00,-2.22,-1.41,-0.38,63.06,68.24,306.00,263.55,405.29,368.71,390.50,287.77,322.35,284.21,354.45,312.09,354.08,368.71,
34.513,0,0.02,0.00,0.00,35.32,99.98,0.24,57.12,0.00,0.00,0.00,99.98,79.11,98.67,98.41,87.79,0.00,0.02,99.99,60.61,0.08,0.00,0.00,0.00,0.00,0.00,97.88,0.00,94.21,0.67,0.00,0.00,100.00,49.97,0.00,0.00,-3.62,-0.45,-1.17,63.43,67.63,306.39,264.56,404.39,368.36,390.32,288.33,322.80,284.56,354.75,313.00,353.04,368.36,
34.666,0,0.04,0.00,0.00,35.17,99.98,0.26,56.29,0.00,0.00,0.00,99.98,78.86,98.68,99.37,85.72,0.00,0.01,99.99,80.01,0.21,0.00,0.00,0.00,0.00,0.00,98.21,0.00,95.63,0.97,0.00,0.00,100.00,49.96,0.00,0.00,-3.81,0.45,-1.37,63.66,67.86,307.16,264.89,404.42,367.75,390.94,288.68,323.20,284.60,355.65,313.05,353.25,367.75,
34.813,0,0.04,0.00,0.00,29.83,99.98,0.29,50.36,0.01,0.00,0.00,99.98,78.91,98.37,99.48,79.59,0.00,0.01,99.97,78.67,0.02,0.00,0.00,0.00,0.00,0.00,96.94,0.01,94.16,1.27,0.00,0.00,100.00,49.95,0.00,0.00,-2.11,1.50,-1.88,63.80,68.21,308.07,264.53,404.92,367.02,392.05,288.89,324.01,284.03,356.95,311.89,353.43,367.02,
34.884,0,0.02,0.00,0.00,32.58,99.98,0.27,56.07,0.01,0.00,0.00,99.98,78.86,98.16,99.74,84.33,0.00,0.01,99.95,68.67,0.02,0.00,0.00,0.00,0.00,0.00,95.98,0.01,92.86,1.78,0.00,0.00,100.00,49.95,0.00,0.00,-2.47,2.13,-2.19,63.82,67.57,308.06,264.58,404.91,367.21,391.86,288.77,324.47,283.96,357.29,312.08,353.13,367.21,
34.966,0,0.01,0.00,0.00,33.94,99.98,0.24,62.99,0.01,0.00,0.00,99.98,78.83,98.19,99.90,91.08,0.00,0.01,99.81,41.34,0.01,0.00,0.00,0.00,0.00,0.00,87.80,0.01,89.84,1.78,0.00,0.00,100.00,49.95,0.00,0.00,-2.96,2.03,-1.79,63.96,67.40,308.21,264.59,404.93,366.99,391.66,288.55,324.40,284.06,357.29,312.20,353.64,366.99,
35.034,0,0.00,0.00,0.00,31.95,99.98,0.23,64.98,0.01,0.01,0.00,99.98,78.82,98.15,99.93,93.08,0.01,0.01,99.50,34.48,0.00,0.00,0.00,0.00,0.00,0.00,84.94,0.01,83.87,1.82,0.00,0.00,100.00,49.95,0.00,0.00,-3.90,2.14,-2.19,63.86,67.79,308.06,264.55,404.86,366.94,391.95,288.53,324.33,283.78,357.27,312.55,353.10,366.94,
35.216,0,0.00,0.00,0.00,25.78,99.98,0.23,65.63,0.04,0.04,0.00,99.98,78.79,98.48,99.98,94.22,0.04,0.01,98.18,20.94,0.01,0.00,0.00,0.00,0.00,0.00,69.30,0.02,77.20,1.31,0.00,0.00,100.00,49.90,0.00,0.00,-4.78,1.15,-1.94,63.75,67.21,308.23,264.84,404.59,366.81,391.50,288.25,324.42,284.10,356.67,312.92,353.31,366.81,
35.304,0,0.00,0.00,0.00,27.42,99.98,0.25,60.97,0.11,0.11,0.00,99.98,78.75,98.56,100.00,89.11,0.11,0.00,98.61,35.49,0.01,0.00,0.00,0.00,0.01,0.00,80.78,0.02,82.16,1.59,0.00,0.00,100.00,49.56,0.00,0.00,-3.67,0.87,-1.46,63.73,67.09,308.76,264.81,404.55,366.38,391.46,287.74,324.45,284.51,356.74,312.19,354.06,366.38,
35.371,0,0.01,0.00,0.00,27.07,99.98,0.27,57.06,0.59,0.59,0.00,99.98,78.49,98.52,100.00,85.50,0.59,0.00,98.99,42.72,0.01,0.00,0.00,0.00,0.01,0.00,84.24,0.01,84.34,1.32,0.00,0.00,100.00,49.59,0.00,0.00,-3.34,1.00,-0.97,63.56,67.62,309.28,264.38,405.04,365.88,392.00,287.15,324.44,284.39,357.30,311.63,355.06,365.88,
35.438,0,0.01,0.00,0.00,30.53,99.98,0.29,57.27,2.52,1.32,0.00,99.98,77.47,98.67,100.00,85.71,2.52,0.00,98.97,44.92,0.02,0.00,0.00,0.00,0.01,0.00,85.58,0.02,88.99,1.32,0.00,0.00,100.00,49.64,0.00,0.00,-2.51,-0.46,-1.55,63.31,67.35,309.23,263.89,405.86,366.40,392.54,287.52,325.29,283.66,356.93,311.24,354.81,366.40,
35.573,0,0.06,0.01,0.00,39.37,99.98,0.76,48.47,20.63,0.96,0.00,99.98,67.86,98.68,100.00,77.57,20.63,0.00,99.43,69.03,0.02,0.00,0.00,0.00,0.03,0.00,90.27,0.03,94.79,0.96,0.00,0.00,100.00,49.69,0.00,0.00,-2.05,0.41,-1.05,63.34,68.89,309.20,263.69,405.42,365.68,392.85,286.94,324.02,283.90,357.13,310.70,355.06,365.68,
35.641,0,0.11,0.01,0.00,40.46,99.98,0.99,45.00,25.39,0.85,0.00,99.98,65.34,98.71,100.00,74.34,25.39,0.00,99.50,81.47,0.03,0.00,0.00,0.00,0.03,0.00,91.81,0.04,95.08,0.85,0.00,0.00,100.00,49.69,0.00,0.00,-2.06,0.32,-1.16,63.30,68.86,309.14,263.56,405.59,365.75,392.93,287.03,324.16,283.67,357.15,310.67,355.01,365.75,
35.721,0,0.26,0.01,0.00,43.36,99.98,1.79,39.21,36.54,0.92,0.00,99.98,59.44,98.60,100.00,68.56,36.54,0.00,99.53,88.99,0.04,0.00,0.00,0.00,0.03,0.00,90.12,0.02,96.95,0.92,0.00,0.00,100.00,49.50,0.00,0.00,-1.97,0.71,-0.98,63.31,68.73,309.21,263.66,405.42,365.66,392.72,286.87,324.06,283.91,357.30,310.64,355.16,365.66,
35.797,0,0.30,0.01,0.00,45.43,99.98,1.98,40.03,39.15,0.93,0.00,99.98,58.05,98.53,100.00,69.37,39.15,0.00,99.50,90.22,0.04,0.00,0.00,0.00,0.02,0.00,88.07,0.01,97.66,0.93,0.00,0.00,100.00,49.40,0.00,0.00,-1.69,0.99,-0.80,63.46,69.07,309.10,263.65,405.45,365.76,392.77,286.88,323.75,284.05,357.40,310.59,355.30,365.76,
35.871,0,0.45,0.01,0.00,48.48,99.98,2.92,37.58,47.07,0.70,0.00,99.98,53.86,98.52,100.00,67.13,47.07,0.00,99.57,91.76,0.04,0.00,0.00,0.00,0.02,0.00,86.60,0.01,97.96,0.70,0.00,0.00,100.00,49.31,0.00,0.00,-2.14,1.00,-0.69,63.46,68.92,309.24,263.64,405.68,365.73,392.82,286.93,323.96,283.97,357.59,310.78,355.60,365.73,
36.006,0,0.66,0.02,0.00,50.67,99.98,4.30,34.23,54.79,0.55,0.00,99.98,49.77,98.47,99.99,63.79,54.79,0.00,99.47,93.10,0.05,0.00,0.00,0.00,0.02,0.00,85.59,0.01,98.30,0.55,0.00,0.00,100.00,49.03,0.00,0.00,-1.88,1.16,-1.00,63.57,68.41,309.39,263.54,405.81,365.72,392.85,286.96,324.51,283.71,357.83,310.58,355.44,365.72,
36.075,0,0.63,0.02,0.00,48.80,99.98,4.27,32.35,53.87,0.59,0.00,99.98,50.26,98.36,99.99,61.72,53.87,0.00,99.46,91.45,0.04,0.00,0.00,0.00,0.01,0.00,86.52,0.01,98.59,0.59,0.00,0.00,100.00,48.92,0.00,0.00,-1.67,1.53,-0.91,63.63,68.49,309.38,263.55,405.76,365.63,392.81,287.10,324.40,283.72,358.00,310.51,355.51,365.63,
36.224,0,0.29,0.01,0.00,56.52,99.98,2.69,47.56,49.26,0.62,0.00,99.98,52.71,98.52,99.99,77.04,49.26,0.00,98.06,81.97,0.02,0.00,0.00,0.00,0.01,0.00,80.10,0.01,99.00,0.62,0.00,0.02,100.00,48.80,0.00,0.00,-0.68,1.02,-1.08,63.61,68.13,309.77,263.85,405.66,365.68,392.86,287.22,324.80,284.09,357.87,310.21,355.48,365.68,
36.394,0,0.01,0.00,0.00,41.95,99.98,0.57,65.33,20.75,0.51,0.00,99.98,67.81,98.53,99.99,94.70,20.75,0.00,98.04,32.18,0.01,0.00,0.00,0.00,0.02,0.00,50.89,0.02,97.69,0.51,0.00,0.00,100.00,49.41,0.00,0.00,-1.41,0.98,-1.22,64.06,68.84,310.06,263.70,405.70,364.96,393.46,287.28,324.71,283.64,358.02,310.20,355.47,364.96,
36.475,0,0.00,0.00,0.00,31.48,99.98,0.29,67.44,6.69,0.54,0.00,99.98,75.26,98.51,99.98,96.96,6.69,0.00,96.83,4.05,0.00,0.00,0.00,0.00,0.02,0.00,41.84,0.04,96.07,0.54,0.00,0.00,100.00,49.48,0.00,0.00,-2.96,1.03,-0.80,64.18,69.49,310.10,263.50,405.89,364.69,393.70,286.68,324.28,283.59,358.15,310.64,356.01,364.69,
36.608,0,0.00,0.00,0.00,26.69,99.96,0.20,67.99,0.36,0.36,0.00,99.98,78.61,98.76,99.95,97.18,0.36,0.01,90.12,2.32,0.00,0.00,0.00,0.00,0.02,0.00,40.29,0.07,93.57,0.94,0.00,0.00,100.00,48.97,0.00,0.00,-3.60,-0.12,-0.99,64.50,68.24,310.35,263.11,406.13,364.29,393.40,286.40,325.25,282.85,357.77,310.45,356.07,364.29,
36.675,0,0.00,0.00,0.00,24.33,99.97,0.20,68.55,0.22,0.22,0.00,99.98,78.69,98.77,99.87,97.68,0.22,0.05,91.26,0.94,0.01,0.00,0.00,0.00,0.03,0.00,33.05,0.13,91.57,1.09,0.00,0.00,100.00,47.68,0.00,0.00,-4.00,0.05,-1.17,64.38,67.42,311.04,263.09,407.12,364.60,393.90,286.55,326.59,282.63,358.72,310.72,356.75,364.60,
36.759,0,0.00,0.00,0.00,17.83,99.95,0.18,69.74,0.08,0.05,0.00,99.98,78.79,98.67,99.84,99.02,0.05,0.07,82.93,0.62,0.01,0.00,0.00,0.00,0.03,0.00,16.05,0.08,81.25,1.11,0.00,0.00,99.99,46.00,0.00,0.00,-3.92,-0.46,-1.53,64.68,67.38,310.78,263.27,407.84,365.68,394.26,287.63,327.07,282.53,358.69,311.34,356.60,365.68,
36.899,0,0.00,0.00,0.00,14.32,95.93,0.08,70.20,0.23,0.02,0.00,99.98,78.79,98.41,99.74,99.62,0.02,0.06,5.89,0.09,0.00,0.00,0.00,0.00,0.05,0.00,3.92,0.23,75.42,1.14,0.00,0.00,99.94,39.03,0.00,0.00,-2.08,1.37,-1.04,65.55,68.08,311.50,264.52,407.63,366.47,394.66,287.73,326.66,284.65,359.91,311.50,357.38,366.47,
36.972,0,0.00,0.00,0.00,13.69,95.84,0.08,70.28,0.16,0.02,0.00,99.98,78.86,98.63,99.50,99.81,0.02,0.06,5.72,0.02,0.00,0.00,0.00,0.01,0.05,0.00,1.25,0.16,74.46,1.28,0.00,0.00,99.81,28.08,0.00,0.00,-1.87,0.61,-1.24,65.62,69.05,311.94,265.00,407.54,366.24,395.45,288.35,326.48,284.97,359.68,311.64,357.29,366.24,
37.108,0,0.00,0.00,0.00,11.16,94.25,0.08,69.80,0.11,0.02,0.00,99.98,78.43,97.74,99.15,99.67,0.02,0.06,1.28,0.00,0.00,0.00,0.00,0.04,0.11,0.00,0.82,0.09,62.59,1.23,0.00,0.00,99.02,4.44,0.00,0.00,-0.60,3.17,-1.19,67.11,68.55,313.59,265.16,408.36,365.58,396.39,288.12,327.89,285.51,362.31,310.96,358.65,365.58,
37.262,0,0.00,0.00,0.00,18.18,10.14,0.37,69.96,1.10,0.01,5.04,85.58,30.75,97.16,99.65,99.66,0.01,0.30,1.27,0.00,0.00,0.00,0.00,1.10,0.14,0.00,0.36,0.14,15.84,0.68,0.00,0.00,54.44,3.28,0.00,0.00,0.03,4.33,-1.38,68.63,66.12,315.60,264.60,409.85,364.72,396.94,288.00,330.93,284.23,364.64,309.96,360.31,364.72,
37.352,0,0.00,0.00,0.00,25.13,1.52,0.73,69.62,2.45,0.02,5.38,74.84,11.42,96.05,99.76,99.62,0.02,0.19,1.06,0.00,0.00,0.00,0.00,2.45,0.24,0.00,0.22,0.28,7.14,0.33,0.00,0.00,36.76,12.43,0.00,0.00,2.12,6.04,-1.17,69.39,66.37,316.12,264.19,410.09,364.09,397.33,287.83,331.06,284.05,365.92,308.70,360.93,364.09,
37.575,0,0.00,0.01,0.00,47.39,0.04,2.79,69.40,7.23,0.05,5.60,74.95,-6.88,95.96,99.74,99.39,0.05,0.29,0.09,0.01,0.01,0.03,0.00,7.23,0.56,0.00,0.01,0.02,1.29,0.23,0.00,0.00,3.42,0.48,0.00,0.00,-1.16,6.17,-2.18,64.08,65.51,319.85,265.91,413.10,364.53,400.71,289.82,335.41,284.48,369.37,311.29,363.31,364.53,
37.640,0,0.00,0.02,0.00,50.04,0.03,3.93,70.06,12.36,0.10,4.94,81.65,-11.58,96.51,99.55,99.33,0.10,1.14,0.16,0.00,0.01,0.03,0.00,12.36,0.49,0.00,0.00,0.04,0.91,0.38,0.00,0.00,0.82,0.00,0.00,0.00,-2.95,5.39,-2.62,63.36,62.98,321.50,265.59,414.24,363.48,400.93,289.68,338.28,283.32,370.27,311.37,364.39,363.48,
37.713,0,0.00,0.02,0.00,49.49,0.03,5.15,69.25,17.78,0.17,5.75,86.95,-13.42,97.78,99.08,99.16,0.17,0.58,0.52,0.01,0.04,0.05,0.00,17.78,0.45,0.00,0.00,0.03,1.63,0.67,0.00,0.00,0.64,0.03,0.00,0.00,-0.30,3.06,-0.49,61.90,63.51,321.34,265.89,413.99,364.16,400.10,288.85,336.69,285.27,368.82,310.58,366.20,364.16,
37.865,0,0.01,0.02,0.01,52.42,0.03,10.73,69.91,32.00,0.81,5.09,95.41,-19.63,98.53,98.76,99.09,0.81,0.39,0.44,0.01,0.02,0.02,0.00,32.00,0.69,0.00,0.01,1.67,6.81,1.98,0.00,0.00,0.15,0.90,0.00,0.00,-2.94,0.96,-1.62,62.33,63.73,318.24,268.02,411.13,365.99,397.73,291.91,334.25,286.25,364.82,313.73,362.06,365.99,
38.005,0,0.01,0.02,0.01,53.84,0.02,11.46,69.75,32.60,1.39,5.25,95.73,-20.30,98.78,98.99,99.43,1.39,0.30,0.09,0.00,0.02,0.05,0.00,32.60,1.50,0.00,0.04,0.47,8.08,1.33,0.00,0.00,0.13,3.21,0.00,0.00,-1.94,-0.03,-2.77,62.27,61.95,317.35,273.59,409.71,371.64,396.21,297.20,334.51,291.60,363.23,318.65,359.87,371.64,
38.145,0,0.01,0.03,0.01,56.38,0.02,31.00,67.29,55.12,2.03,7.71,99.25,-29.71,98.59,97.50,98.97,2.03,0.22,0.08,0.00,0.02,0.00,0.00,55.12,5.66,0.00,0.08,3.71,15.85,0.62,0.00,0.00,0.19,4.97,0.00,0.00,-5.08,-0.77,-2.31,63.04,62.04,319.10,273.94,409.56,369.52,396.87,296.51,335.03,291.52,363.64,319.13,361.08,369.52,
38.281,0,0.01,0.03,0.01,60.37,0.03,20.07,67.00,45.78,1.17,8.00,98.45,-24.50,98.50,97.14,99.21,1.17,0.30,0.45,0.00,0.02,0.01,0.00,45.78,4.20,0.00,0.02,0.02,25.38,0.35,0.00,0.00,0.25,4.03,0.00,0.00,-4.67,-1.09,-0.92,63.98,63.83,319.37,273.96,409.28,368.73,397.18,295.93,333.46,292.27,363.39,318.75,362.35,368.73,
38.373,0,0.01,0.02,0.01,56.20,0.02,15.45,68.20,40.50,0.81,6.80,97.70,-22.21,98.61,97.84,99.50,0.81,0.50,0.23,0.00,0.02,0.01,0.00,40.50,1.67,0.00,0.01,0.01,15.15,0.47,0.00,0.00,0.21,2.05,0.00,0.00,-3.28,-0.68,0.47,64.42,61.82,320.88,273.74,409.42,367.62,396.35,294.09,334.54,292.94,364.39,317.41,364.56,367.62,
38.445,0,0.01,0.02,0.01,58.40,0.02,14.60,69.49,38.97,0.75,5.51,97.44,-21.59,98.72,98.83,99.63,0.75,0.66,0.19,0.01,0.01,0.01,0.00,38.97,0.37,0.00,0.00,0.01,17.57,0.64,0.00,0.00,0.21,0.81,0.00,0.00,-3.60,0.29,0.94,64.44,62.39,321.45,273.14,410.04,366.55,396.99,294.06,334.63,292.21,365.43,316.95,365.62,366.55,
38.514,0,0.01,0.02,0.01,58.33,0.02,25.44,69.70,51.86,0.46,5.30,99.06,-25.95,98.26,99.14,99.47,0.46,0.59,0.17,0.01,0.01,0.01,0.00,51.86,0.36,0.00,0.00,0.01,17.66,0.79,0.00,0.00,0.20,0.67,0.00,0.00,-0.57,-1.83,0.69,65.00,63.23,321.51,273.06,410.38,367.10,397.76,294.39,334.55,292.49,364.57,315.97,365.53,367.10,
38.591,0,0.01,0.02,0.01,56.51,0.02,37.97,69.36,62.42,0.64,5.64,99.59,-29.77,97.93,99.28,99.09,0.64,0.48,0.11,0.02,0.01,0.00,0.00,62.42,0.39,0.00,0.00,0.01,14.30,0.77,0.00,0.00,0.18,0.31,0.00,0.00,0.66,-2.72,1.02,65.30,63.36,321.57,273.46,410.33,367.42,397.67,294.85,334.33,293.15,364.11,315.91,365.85,367.42,
38.670,0,0.01,0.02,0.01,59.33,0.02,36.84,69.55,61.41,0.64,5.45,99.56,-29.45,97.86,99.34,99.02,0.64,0.42,0.15,0.04,0.01,0.01,0.00,61.41,0.40,0.00,0.00,0.01,20.18,1.03,0.00,0.00,0.15,0.25,0.00,0.00,3.23,-2.88,0.52,65.31,62.48,321.19,274.12,409.38,368.28,396.82,295.07,334.35,294.07,363.42,315.44,364.70,368.28,
38.744,0,0.01,0.02,0.01,59.00,0.02,46.03,69.31,68.54,0.62,5.69,99.75,-31.92,98.36,99.37,99.10,0.62,0.42,0.16,0.04,0.01,0.01,0.00,68.54,0.39,0.00,0.00,0.00,19.33,0.66,0.00,0.00,0.13,0.29,0.00,0.00,2.52,-1.54,-0.11,65.66,61.97,321.36,275.36,408.48,368.31,396.47,296.28,334.52,294.70,363.75,316.41,363.75,368.31,
38.890,0,0.01,0.02,0.01,60.39,0.02,69.75,69.34,87.30,0.77,5.25,99.94,-38.48,98.50,99.26,99.43,0.77,0.51,0.10,0.02,0.00,0.00,0.00,87.30,0.21,0.00,0.00,0.00,21.37,0.39,0.00,0.00,0.08,0.28,0.00,0.00,1.19,-1.08,0.41,66.14,60.95,321.65,276.78,407.43,368.14,395.34,296.78,334.40,296.11,363.60,317.64,363.90,368.14,
38.964,0,0.01,0.02,0.01,56.81,0.02,78.47,69.01,96.23,0.44,0.00,99.97,-41.41,98.57,99.09,99.51,0.44,0.48,0.09,0.01,0.00,0.01,0.00,96.23,0.49,0.00,0.00,0.00,14.60,0.13,0.00,0.00,0.06,0.40,0.00,0.00,2.03,-0.83,0.81,66.53,61.43,322.50,277.40,406.97,367.14,395.58,296.94,334.15,297.05,363.88,317.38,364.46,367.14,
39.116,0,0.01,0.02,0.01,54.83,0.02,80.14,68.76,98.12,0.16,0.00,99.98,-42.05,98.70,99.13,99.37,0.16,0.42,0.05,0.00,0.00,0.00,0.00,98.12,0.99,0.00,0.00,0.01,11.24,0.02,0.00,0.00,0.05,0.37,0.00,0.00,3.44,-0.35,1.50,66.77,61.42,322.57,278.17,405.83,366.63,394.71,297.19,333.29,298.22,363.56,317.16,364.60,366.63,
39.279,0,0.01,0.02,0.01,48.56,0.02,81.38,66.61,98.19,0.08,0.00,99.98,-42.66,98.73,98.19,98.09,0.08,0.28,0.03,0.00,0.00,0.03,0.00,99.50,2.64,0.00,0.00,0.00,2.72,0.00,0.00,0.00,0.04,0.48,0.00,0.00,2.10,0.24,1.62,67.93,59.31,322.87,279.39,404.88,366.62,393.27,297.90,333.97,298.87,363.53,318.19,364.37,366.62,
39.347,0,0.01,0.02,0.01,49.43,0.02,81.26,67.56,98.60,0.09,0.00,99.98,-42.53,98.60,98.60,98.40,0.09,0.61,0.03,0.00,0.00,0.01,0.00,99.40,1.75,0.00,0.00,0.00,2.59,0.00,0.00,0.00,0.04,0.49,0.00,0.00,-1.25,-0.74,1.50,68.08,59.32,321.79,279.48,404.26,366.89,392.49,298.19,333.18,298.27,362.22,319.54,363.40,366.89,
39.421,0,0.01,0.02,0.00,48.84,0.02,81.32,67.64,98.86,0.08,0.00,99.98,-42.41,97.78,98.86,97.85,0.08,1.00,0.02,0.00,0.00,0.00,0.00,99.33,1.07,0.00,0.00,0.00,1.14,0.00,0.00,0.00,0.04,0.81,0.00,0.00,-0.48,-3.07,0.73,67.98,60.58,320.83,278.79,404.39,367.47,393.08,298.14,332.51,297.56,360.70,319.14,362.23,367.47,
39.495,0,0.01,0.02,0.00,49.81,0.02,80.88,68.62,98.77,0.14,0.00,99.98,-42.30,98.14,98.99,98.35,0.14,1.43,0.01,0.00,0.00,0.00,0.00,98.77,1.09,0.00,0.00,0.00,1.05,0.00,0.00,0.00,0.03,0.85,0.00,0.00,2.45,-2.16,0.15,68.22,60.46,320.45,278.15,404.29,367.38,393.05,298.01,332.60,297.19,360.92,317.69,361.47,367.38,
39.721,0,0.01,0.02,0.00,51.88,0.02,80.56,70.37,98.49,0.16,0.00,99.98,-42.17,98.58,99.15,98.74,0.16,2.87,0.01,0.00,0.00,0.00,0.00,98.49,0.71,0.00,0.00,0.00,1.36,0.00,0.00,0.00,0.02,0.70,0.00,0.00,0.56,-0.81,1.59,67.91,59.31,321.34,278.01,404.78,366.68,392.48,296.59,333.18,297.66,362.22,317.97,363.51,366.68,
39.800,0,0.01,0.02,0.00,47.87,0.02,81.49,66.42,98.43,0.20,0.00,99.98,-42.35,98.69,99.33,96.14,0.20,0.91,0.01,0.00,0.00,0.00,0.00,98.43,1.25,0.00,0.00,0.00,1.24,0.00,0.00,0.00,0.01,0.39,0.00,0.00,1.30,-0.37,1.36,67.77,59.77,321.40,278.28,404.39,366.36,392.64,296.91,332.89,298.02,362.26,317.80,363.15,366.36,
39.871,0,0.01,0.02,0.00,46.31,0.02,80.95,64.70,98.02,0.20,0.00,99.98,-41.97,98.46,98.84,95.01,0.20,0.69,0.02,0.00,0.00,0.00,0.00,98.02,0.71,0.00,0.00,0.00,1.24,0.00,0.00,0.00,0.01,0.45,0.00,0.00,2.79,-1.22,1.19,66.87,60.29,321.81,278.42,404.31,365.83,393.16,297.10,332.89,298.48,362.03,317.28,363.15,365.83,
39.946,0,0.01,0.02,0.00,45.31,0.02,80.97,63.65,98.11,0.20,0.00,99.98,-42.01,98.70,98.11,94.81,0.20,0.52,0.03,0.00,0.00,0.00,0.00,98.54,0.84,0.00,0.00,0.00,1.10,0.00,0.00,0.00,0.01,0.54,0.00,0.00,1.16,-0.35,0.86,66.76,59.83,321.83,279.63,403.85,366.47,392.86,298.30,333.03,299.06,362.24,318.74,362.63,366.47,
40.086,0,0.01,0.02,0.01,42.70,0.02,79.41,60.71,95.51,0.14,0.00,99.97,-41.51,98.72,95.51,94.44,0.14,0.49,0.05,0.00,0.00,0.00,0.00,98.69,1.21,0.00,0.00,0.01,0.90,0.00,0.00,0.00,0.01,0.68,0.00,0.00,0.51,-0.29,1.50,67.66,60.29,321.18,280.12,403.46,367.11,392.26,298.39,331.99,299.99,361.72,319.56,362.72,367.11,
40.153,0,0.01,0.02,0.01,46.07,0.02,78.75,64.72,95.84,0.11,0.00,99.97,-41.68,97.84,95.84,97.76,0.11,0.97,0.04,0.00,0.00,0.00,0.00,98.43,2.11,0.00,0.00,0.00,0.74,0.00,0.00,0.00,0.01,0.85,0.00,0.00,-0.64,-2.92,2.05,68.13,59.53,320.63,279.76,403.75,368.00,391.53,298.02,332.01,299.28,360.33,319.98,363.03,368.00,
40.391,0,0.01,0.02,0.01,47.67,0.02,83.18,67.05,98.25,0.05,0.00,99.98,-44.32,98.06,98.25,98.37,0.05,0.43,0.02,0.00,0.00,0.00,0.00,99.38,9.90,0.00,0.00,0.03,0.09,0.00,0.00,0.00,0.02,0.35,0.00,0.00,13.93,-2.39,0.74,72.94,61.27,319.37,270.60,401.64,358.78,391.31,290.79,330.05,291.51,358.90,305.84,360.14,358.78,
40.465,0,0.01,0.02,0.03,41.20,0.02,92.86,59.59,98.70,0.03,0.00,99.98,-54.56,98.04,98.70,90.60,0.03,0.02,0.03,0.00,0.00,0.00,0.00,99.66,53.69,0.00,0.00,0.08,0.02,0.00,0.00,0.00,0.02,0.14,0.00,0.00,14.27,-2.44,-0.76,74.84,59.20,319.99,269.96,400.84,356.40,390.87,290.32,331.67,290.31,358.90,304.51,358.69,356.40,
40.612,0,0.01,0.03,0.03,27.66,0.02,94.07,40.93,97.77,0.02,0.00,99.98,-53.67,98.43,97.77,73.41,0.02,0.00,0.18,0.00,0.01,0.11,0.00,99.61,51.26,0.00,0.00,0.04,0.00,0.00,0.00,0.02,0.04,0.05,0.00,0.00,27.62,-1.30,-0.12,75.40,59.35,323.61,263.74,402.03,349.18,393.05,285.14,333.70,284.79,361.82,292.70,361.70,349.18,
40.761,0,0.03,0.14,0.02,4.48,0.02,96.74,4.79,95.14,0.06,0.00,99.97,-49.82,98.33,95.14,13.09,0.02,0.00,0.12,0.03,0.06,0.57,0.00,99.79,36.66,0.00,0.00,0.00,0.00,0.00,0.00,0.05,0.04,0.00,0.00,0.00,31.65,-1.63,0.49,77.79,57.60,326.16,264.78,399.76,345.02,392.04,285.03,334.44,285.67,361.82,290.59,362.41,345.02,
40.826,0,0.04,0.16,0.02,2.85,0.02,96.00,2.73,87.76,0.12,0.00,99.95,-48.26,98.56,87.76,6.50,0.02,0.00,0.20,0.09,0.12,0.26,0.00,99.76,37.36,0.00,0.00,0.01,0.00,0.00,0.01,0.04,0.05,0.00,0.00,0.00,32.52,-0.88,0.07,78.79,56.86,328.71,265.53,397.90,340.39,392.18,284.99,335.32,285.47,362.52,289.65,362.40,340.39,
40.977,0,0.07,0.18,0.04,0.74,0.03,84.04,0.51,51.00,0.38,0.00,99.00,-40.49,98.65,51.00,2.28,0.03,0.00,0.59,0.38,0.17,0.10,0.00,99.50,41.75,0.00,0.00,0.07,0.00,0.03,0.03,0.07,0.15,0.00,0.00,0.00,31.94,-0.56,-0.44,78.34,53.42,331.35,266.43,396.83,337.09,391.42,284.88,338.00,285.23,363.51,289.49,362.84,337.09,
41.065,0,0.19,0.19,0.15,0.17,0.03,53.67,0.08,9.19,1.11,21.33,77.57,-35.19,98.68,9.19,0.46,0.03,0.00,0.51,1.11,0.20,0.24,0.00,99.59,59.92,0.00,0.00,0.24,0.00,0.04,0.04,0.13,0.15,0.16,0.00,0.00,30.01,-0.43,-0.53,77.30,54.39,332.43,266.84,396.13,334.69,392.15,284.70,337.76,285.32,363.76,290.05,362.93,334.69,
41.147,0,0.21,0.21,0.17,0.15,0.03,49.01,0.07,4.34,2.52,25.99,70.22,-34.02,98.67,4.34,0.33,0.04,0.00,0.99,2.52,0.11,0.27,0.00,99.67,61.15,0.00,0.00,0.39,0.00,0.09,0.03,0.04,0.28,0.93,0.00,0.00,30.55,-0.47,-0.71,75.42,54.86,333.99,265.58,397.42,333.14,393.89,283.71,339.03,283.80,365.16,288.54,364.19,333.14,
41.368,0,0.23,0.21,0.09,0.20,0.03,52.88,0.10,13.87,12.59,22.12,83.67,-32.72,98.78,13.87,0.49,0.06,0.00,0.59,12.59,0.08,0.42,0.00,99.79,46.63,0.00,0.00,0.08,0.00,0.29,0.01,0.10,0.55,1.15,0.00,0.00,28.46,0.05,-0.04,73.51,56.03,333.27,264.63,397.56,333.42,393.91,282.95,337.88,282.31,365.07,288.39,364.45,333.42,
41.434,0,0.18,0.19,0.06,0.31,0.03,63.99,0.17,27.00,12.98,11.01,93.65,-34.12,98.63,27.00,0.27,0.07,0.00,0.49,12.98,0.07,0.29,0.00,99.81,39.15,0.00,0.00,0.07,0.00,0.37,0.01,0.09,0.50,0.42,0.00,0.00,30.60,-0.61,0.30,73.86,57.89,332.18,265.33,396.02,333.76,393.39,284.10,335.52,282.85,363.42,288.30,363.39,333.76,
41.587,0,0.19,0.20,0.14,0.35,0.03,78.82,0.21,31.14,9.21,0.00,95.39,-41.61,98.77,31.14,0.20,0.10,0.00,1.26,9.21,0.05,0.74,0.00,99.90,68.69,0.00,0.00,1.08,0.00,0.45,0.00,0.03,0.63,0.75,0.00,0.00,22.25,0.06,-0.59,74.72,55.82,333.22,267.81,396.18,334.43,393.31,285.72,337.51,284.14,364.38,292.86,363.26,334.43,
41.724,0,0.20,0.26,0.16,0.43,0.03,84.49,0.26,37.17,0.48,0.00,97.11,-52.11,94.08,37.17,0.14,0.21,0.00,0.31,0.48,0.45,0.03,0.15,99.90,74.71,0.00,0.02,30.35,0.00,0.19,0.01,3.32,0.33,2.93,0.00,0.00,-0.22,8.17,-2.78,74.38,53.42,330.06,278.49,393.09,343.29,389.78,295.27,336.43,292.44,364.82,309.01,358.51,343.29,
41.873,0,0.04,0.25,0.01,1.21,0.03,84.44,0.96,67.53,0.12,0.00,99.73,-34.79,98.26,67.53,0.87,0.12,0.00,0.58,0.01,0.02,0.12,1.66,99.51,1.81,0.00,0.05,0.46,0.00,0.26,0.00,0.00,0.52,2.95,0.00,0.00,-14.65,1.83,-1.13,70.34,56.00,328.88,286.94,392.20,351.08,389.45,302.44,333.50,300.06,361.03,320.83,358.67,351.08,
41.950,0,0.04,0.20,0.01,1.43,0.03,84.60,1.18,70.65,0.09,0.00,99.77,-34.77,98.68,70.65,2.64,0.09,0.00,0.48,0.01,0.01,0.05,0.62,98.05,0.61,0.00,0.02,0.13,0.00,0.46,0.00,0.00,0.43,1.47,0.00,0.00,-18.97,0.42,-2.22,67.55,54.15,326.86,289.66,393.94,358.09,388.79,305.65,334.74,302.34,360.30,326.75,357.66,358.09,
42.131,0,0.03,0.11,0.01,1.76,0.03,43.64,1.66,57.62,0.05,31.36,96.90,-25.12,97.15,57.62,21.84,0.05,0.11,0.17,0.01,0.00,0.08,0.00,78.56,0.01,0.00,0.00,0.00,0.02,2.45,0.00,0.00,0.35,0.41,0.00,0.00,-27.75,-4.35,-1.99,63.34,54.91,326.82,296.38,396.10,366.40,390.15,312.52,335.43,307.92,359.27,337.22,358.80,366.40,
42.274,0,0.01,0.03,0.01,15.23,0.02,25.33,22.56,61.68,0.04,49.67,97.52,-23.98,97.92,77.33,70.79,0.04,0.24,0.17,0.00,0.00,0.02,0.13,61.68,0.03,0.00,0.01,0.12,0.49,2.04,0.00,0.00,0.24,0.71,0.00,0.00,-21.64,-2.75,-1.72,60.69,58.15,324.94,292.86,403.69,373.54,394.65,309.96,336.53,308.13,362.73,337.31,361.76,373.54,
42.341,0,0.01,0.03,0.01,24.89,0.03,26.51,37.22,55.81,0.12,37.78,98.31,-24.54,98.19,88.11,77.82,0.12,0.24,0.39,0.00,0.01,0.06,1.65,55.81,0.09,0.01,0.01,0.74,1.33,1.29,0.00,0.00,0.24,2.06,0.00,0.00,-13.72,-2.04,-2.01,60.11,59.17,323.55,292.30,407.33,379.67,396.42,311.43,337.31,308.72,364.17,336.94,362.60,379.67,
42.415,0,0.01,0.04,0.01,41.95,0.03,23.95,57.51,49.74,0.38,17.49,98.56,-26.09,97.86,96.22,90.17,0.38,0.24,0.70,0.01,0.05,0.24,34.31,49.74,0.72,0.01,0.07,7.29,5.70,0.64,0.00,0.00,0.15,7.10,0.00,0.00,-12.11,-2.88,-1.22,60.27,60.25,324.62,294.60,408.12,381.87,397.57,313.70,337.36,311.25,364.64,338.56,364.18,381.87,
42.558,0,0.01,0.40,0.01,45.24,0.03,14.27,52.44,35.89,1.15,22.56,95.68,-21.57,98.25,96.01,85.83,1.15,0.17,0.55,0.02,0.03,0.10,35.41,35.89,1.00,0.02,0.15,6.22,19.04,0.33,0.00,0.01,0.17,27.02,0.00,0.00,-12.53,-1.87,-1.27,59.97,60.84,326.91,296.03,410.38,383.13,400.15,315.16,339.36,312.66,367.39,340.12,366.40,383.13,
42.636,0,0.02,1.68,0.01,44.10,0.02,22.59,43.67,38.23,6.39,30.90,96.62,-27.06,98.29,96.83,76.74,6.39,0.19,0.33,0.06,0.05,0.08,11.11,38.23,1.77,0.03,0.17,11.33,23.47,0.13,0.01,0.00,0.14,37.15,0.00,0.00,-13.97,-1.74,-1.01,59.72,61.48,327.43,295.55,412.30,384.16,401.58,314.77,340.16,312.15,368.65,340.88,367.85,384.16,
42.782,0,0.03,1.55,0.02,50.13,0.02,22.74,40.90,33.90,11.10,24.87,95.17,-25.77,98.44,96.39,74.18,11.10,0.34,0.34,0.08,0.06,0.11,2.19,33.90,1.99,0.03,0.04,0.56,34.05,0.26,0.01,0.00,0.12,34.67,0.00,0.00,-12.05,-1.29,-0.49,60.97,61.53,328.00,295.05,413.45,384.38,402.21,314.59,340.74,312.11,369.71,340.03,369.22,384.38,
42.849,0,0.03,1.03,0.02,46.21,0.02,31.52,37.21,42.43,7.63,28.79,97.60,-27.57,97.67,97.01,69.28,7.63,0.89,0.22,0.05,0.04,0.04,1.56,42.43,4.06,0.02,0.02,1.15,36.77,0.26,0.01,0.00,0.08,30.39,0.00,0.00,-11.67,-3.33,-0.44,61.37,60.60,328.28,295.18,414.05,385.04,402.18,314.75,341.63,312.29,369.18,340.21,369.69,385.04,
42.918,0,0.03,0.38,0.03,58.16,0.02,19.48,44.44,34.49,5.96,16.84,98.80,-23.90,97.48,96.62,76.57,5.96,0.84,0.15,0.06,0.03,0.02,1.26,34.49,3.79,0.02,0.01,1.73,51.63,0.61,0.01,0.00,0.06,23.05,0.00,0.00,-11.30,-3.72,-0.71,61.31,60.63,328.23,294.36,415.57,385.93,403.04,314.63,342.49,311.50,369.73,340.06,370.16,385.93,
43.084,0,0.04,0.31,0.04,66.56,0.02,13.65,50.20,27.85,5.07,8.44,99.56,-20.73,97.50,98.00,80.41,5.07,0.59,0.27,0.09,0.19,0.04,0.56,27.85,2.23,0.02,0.03,0.08,62.67,1.19,0.01,0.00,0.05,22.13,0.00,0.00,-12.21,-3.69,-0.62,61.12,60.89,327.71,293.38,416.05,386.23,403.13,313.09,342.28,310.93,369.71,339.97,370.21,386.23,
43.171,0,0.04,0.10,0.07,78.05,0.02,8.75,59.29,22.50,3.59,0.00,99.89,-17.70,97.33,98.47,88.43,3.59,0.34,0.28,0.38,0.22,0.09,0.07,22.50,0.33,0.01,0.02,0.07,80.06,1.79,0.00,0.00,0.06,14.22,0.00,0.00,-11.46,-4.01,-0.88,61.42,61.51,327.06,292.85,416.57,386.77,403.49,313.61,342.07,310.30,369.48,339.75,369.88,386.77,
43.322,0,0.05,0.09,0.08,81.84,0.02,4.59,62.74,7.49,5.49,0.00,99.94,-13.76,97.79,99.33,89.15,5.49,0.39,0.21,0.37,0.13,0.11,0.07,7.49,0.25,0.02,0.01,0.03,86.62,3.63,0.00,0.00,0.08,12.68,0.00,0.00,-9.31,-3.06,-1.09,61.48,62.16,325.99,292.49,416.42,387.34,403.27,314.41,341.27,309.98,369.33,339.09,369.08,387.34,
43.463,0,0.06,0.04,0.09,86.84,0.02,3.50,72.38,1.41,7.94,0.00,99.96,-13.12,97.62,99.80,94.29,7.94,1.51,0.12,0.16,0.07,0.03,0.08,1.41,0.11,0.03,0.00,0.00,90.81,7.52,0.00,0.00,0.12,4.60,0.00,0.00,-10.52,-3.42,-1.20,61.19,61.93,325.38,292.52,416.32,387.98,402.86,314.14,341.07,310.03,368.81,339.81,368.61,387.98,
43.619,0,0.07,0.03,0.10,88.77,0.02,3.57,74.43,0.90,9.55,0.00,99.97,-13.89,97.59,99.67,95.18,9.55,3.21,0.19,0.16,0.28,0.06,0.00,0.90,0.09,0.09,0.00,0.00,93.21,7.58,0.00,0.00,0.12,3.76,0.00,0.00,-8.40,-3.48,-0.73,61.59,62.10,324.05,291.95,415.97,388.82,401.91,313.63,339.91,310.19,367.91,339.03,368.21,388.82,
43.769,0,0.07,0.03,0.10,87.59,0.02,3.87,71.32,0.85,10.83,0.00,99.96,-14.68,98.01,99.74,93.87,10.83,1.31,0.11,0.37,0.19,0.08,0.00,0.85,0.11,0.17,0.00,0.00,91.59,6.95,0.00,0.00,0.07,2.97,0.00,0.00,-8.85,-2.52,-0.47,61.72,62.32,324.50,291.03,416.05,387.12,402.13,312.98,339.94,309.04,368.63,338.06,368.74,387.12,
43.912,0,0.07,0.03,0.10,86.18,0.02,4.06,67.25,1.42,10.35,0.00,99.96,-14.62,98.02,99.62,90.93,10.35,0.82,0.21,0.40,0.37,0.11,0.00,1.42,0.14,0.28,0.00,0.01,92.30,5.90,0.00,0.00,0.07,2.91,0.00,0.00,-10.08,-2.49,-0.47,61.71,61.82,324.88,291.15,416.43,387.46,402.29,312.27,340.54,309.31,369.04,338.64,369.14,387.46,
43.982,0,0.08,0.04,0.10,88.38,0.02,4.91,68.29,3.48,13.39,0.00,99.97,-17.01,97.74,99.52,93.69,13.39,1.02,0.17,0.20,0.25,0.08,0.00,3.48,0.18,0.26,0.00,0.00,93.22,4.18,0.00,0.00,0.08,4.51,0.00,0.00,-10.11,-3.18,0.18,62.03,60.64,325.36,291.07,416.59,386.98,401.71,312.08,341.13,309.26,369.03,338.40,370.07,386.98,
44.120,0,0.05,0.08,0.07,85.28,0.02,5.25,67.04,7.29,10.64,0.00,99.92,-16.59,97.60,99.34,93.89,10.64,1.10,0.27,0.22,0.13,0.06,0.00,7.29,0.21,0.11,0.00,0.01,83.02,2.71,0.00,0.00,0.09,10.85,0.00,0.00,-8.85,-3.48,-0.26,62.62,60.15,325.76,292.01,415.20,386.29,401.18,312.63,341.08,310.00,368.43,337.98,369.18,386.29,
44.208,0,0.03,0.12,0.05,80.55,0.02,4.91,67.59,9.41,6.60,0.00,99.78,-15.11,97.80,99.68,94.99,6.60,0.88,0.20,0.23,0.10,0.03,0.10,9.41,0.24,0.10,0.00,0.01,69.61,2.10,0.00,0.00,0.09,16.07,0.00,0.00,-9.22,-3.03,-1.01,63.23,61.20,325.37,291.91,414.62,385.62,401.53,313.38,340.47,309.28,368.16,337.88,367.98,385.62,
44.297,0,0.02,0.09,0.03,72.66,0.02,5.63,66.73,14.59,3.37,2.34,99.15,-15.04,98.02,99.79,94.40,3.37,0.72,0.17,0.45,0.06,0.02,0.15,14.59,0.22,0.06,0.00,0.01,52.83,1.78,0.00,0.00,0.11,14.69,0.00,0.00,-8.29,-2.49,-0.83,63.31,60.47,325.57,290.73,414.47,384.26,401.10,312.00,340.75,308.24,368.46,336.21,368.20,384.26,
44.365,0,0.02,0.08,0.02,71.32,0.02,5.62,66.62,15.10,2.83,3.68,98.93,-14.89,98.23,99.74,94.56,2.83,0.82,0.17,0.42,0.06,0.02,0.04,15.10,0.20,0.04,0.00,0.00,49.88,1.47,0.00,0.00,0.10,12.94,0.00,0.00,-7.62,-1.92,-0.30,63.50,60.56,325.56,289.85,414.45,383.40,400.90,310.97,340.43,307.69,368.69,335.12,368.68,383.40,
44.524,0,0.01,0.03,0.01,61.67,0.02,5.79,68.27,17.98,1.26,6.73,92.94,-14.98,98.02,99.53,96.99,1.26,1.08,0.04,0.13,0.02,0.00,0.00,17.98,0.09,0.01,0.00,0.00,25.87,0.78,0.00,0.00,0.07,5.39,0.00,0.00,-7.15,-2.49,-0.10,63.39,60.48,325.67,288.71,414.58,382.51,400.91,309.42,340.48,306.88,368.53,333.83,368.99,382.51,
44.747,0,0.01,0.02,0.02,67.90,0.02,3.88,69.27,11.64,1.19,5.73,96.94,-12.53,98.21,98.46,98.78,1.19,1.51,0.05,0.03,0.03,0.00,0.00,11.64,0.01,0.00,0.00,0.00,37.55,0.76,0.00,0.00,0.04,0.87,0.00,0.00,-7.66,-1.97,-0.68,63.28,60.85,325.45,288.06,414.32,381.96,401.13,308.57,340.33,306.12,368.56,333.35,368.20,381.96,
44.826,0,0.02,0.02,0.03,73.90,0.02,3.09,69.17,7.04,1.82,1.10,99.00,-11.25,98.32,98.11,99.09,1.82,1.46,0.05,0.05,0.04,0.00,0.00,7.04,0.01,0.00,0.00,0.00,51.42,0.73,0.00,0.00,0.03,0.28,0.00,0.00,-8.12,-1.65,-0.63,63.25,60.92,325.57,288.11,414.38,381.86,401.23,308.53,340.36,306.14,368.80,333.53,368.34,381.86,
45.031,0,0.03,0.02,0.05,80.67,0.02,2.96,69.30,4.65,3.56,0.00,99.75,-11.47,98.28,98.26,99.06,3.56,1.20,0.08,0.07,0.07,0.01,0.00,4.65,0.01,0.00,0.00,0.00,68.86,1.03,0.00,0.00,0.02,0.26,0.00,0.00,-8.42,-1.78,-0.47,63.07,60.68,325.52,288.06,414.45,381.86,401.04,308.50,340.40,306.07,368.74,333.63,368.51,381.86,
45.098,0,0.03,0.02,0.05,80.63,0.02,3.05,68.74,5.07,3.96,0.00,99.75,-11.77,98.28,97.91,98.77,3.96,1.28,0.08,0.10,0.07,0.01,0.00,5.07,0.02,0.00,0.00,0.00,69.09,0.94,0.00,0.00,0.02,0.29,0.00,0.00,-8.42,-1.78,-0.47,63.07,60.68,325.52,288.06,414.45,381.86,401.04,308.50,340.40,306.07,368.74,333.63,368.51,381.86,
45.167,0,0.03,0.02,0.04,79.54,0.02,2.96,68.68,4.83,3.34,0.00,99.68,-11.38,98.29,98.09,98.63,3.34,1.32,0.05,0.05,0.05,0.01,0.00,4.83,0.02,0.00,0.00,0.00,66.31,0.80,0.00,0.00,0.02,0.36,0.00,0.00,-8.59,-1.75,-0.67,62.98,61.48,325.44,288.01,414.62,381.92,401.57,308.81,340.17,305.90,368.79,333.77,368.34,381.92,
45.317,0,0.03,0.02,0.04,80.18,0.02,2.95,69.12,4.58,3.16,0.00,99.71,-11.27,98.21,98.44,98.60,3.16,1.63,0.04,0.02,0.03,0.00,0.00,4.58,0.02,0.00,0.00,0.00,67.38,0.67,0.00,0.00,0.02,0.43,0.00,0.00,-8.41,-1.99,-0.68,62.92,61.28,325.61,288.10,414.57,381.86,401.55,308.77,340.33,306.02,368.74,333.69,368.40,381.86,
45.384,0,0.03,0.02,0.04,80.25,0.02,2.84,69.22,4.12,2.64,0.00,99.73,-10.86,98.24,98.65,98.47,2.64,1.71,0.04,0.01,0.03,0.00,0.00,4.12,0.02,0.00,0.00,0.00,68.03,0.63,0.00,0.00,0.02,0.46,0.00,0.00,-7.99,-1.89,-0.62,62.96,61.16,325.56,288.00,414.62,381.92,401.46,308.73,340.36,305.98,368.79,333.49,368.46,381.92,
45.532,0,0.03,0.02,0.04,79.20,0.02,3.46,67.79,6.92,3.11,0.00,99.71,-12.21,98.28,99.02,97.48,3.11,0.93,0.05,0.02,0.11,0.01,0.00,6.92,0.03,0.00,0.00,0.00,66.79,0.43,0.00,0.00,0.02,0.52,0.00,0.00,-6.60,-1.78,-0.93,62.96,62.34,325.14,287.15,414.64,381.35,401.98,308.83,339.76,305.03,368.63,332.37,367.93,381.35,
45.599,0,0.03,0.02,0.04,78.37,0.02,3.47,66.93,6.82,2.96,0.00,99.69,-12.09,98.14,99.07,96.81,2.96,0.68,0.05,0.03,0.08,0.01,0.00,6.82,0.03,0.00,0.00,0.00,66.02,0.36,0.00,0.00,0.01,0.54,0.00,0.00,-6.72,-2.18,-0.54,63.13,61.80,325.14,287.50,414.54,381.75,401.49,308.69,339.77,305.64,368.38,332.72,368.26,381.75,
45.665,0,0.03,0.02,0.04,77.36,0.02,3.60,66.27,7.45,2.85,0.00,99.64,-12.24,98.18,99.06,96.16,2.85,0.65,0.04,0.03,0.06,0.01,0.00,7.45,0.04,0.00,0.00,0.00,64.41,0.35,0.00,0.00,0.01,0.65,0.00,0.00,-7.59,-2.06,-0.38,63.17,61.80,325.24,287.53,414.58,381.58,401.49,308.55,339.76,305.62,368.51,333.01,368.49,381.58,
45.734,0,0.03,0.02,0.04,78.69,0.02,3.91,66.74,8.23,3.95,0.00,99.69,-13.15,98.18,99.11,96.61,3.95,0.65,0.05,0.04,0.07,0.01,0.00,8.23,0.04,0.00,0.00,0.00,65.96,0.35,0.00,0.00,0.02,0.61,0.00,0.00,-7.73,-2.06,-0.56,63.10,61.30,325.10,287.47,414.48,381.71,401.20,308.38,339.96,305.52,368.40,333.04,368.21,381.71,
45.801,0,0.03,0.02,0.04,79.75,0.02,3.92,67.08,7.54,4.94,0.00,99.72,-13.47,98.26,99.06,96.88,4.94,0.78,0.06,0.05,0.07,0.01,0.00,7.54,0.02,0.00,0.00,0.00,67.26,0.36,0.00,0.00,0.02,0.48,0.00,0.00,-8.36,-1.82,-0.51,63.08,61.45,324.82,287.36,414.42,381.73,401.07,308.28,339.70,305.38,368.34,333.25,368.09,381.73,
46.009,0,0.03,0.02,0.04,80.02,0.02,5.23,65.27,10.38,7.69,0.00,99.73,-16.02,98.37,99.07,95.20,7.69,0.55,0.05,0.12,0.08,0.01,0.00,10.38,0.01,0.00,0.00,0.00,67.68,0.32,0.00,0.00,0.02,0.31,0.00,0.00,-8.57,-1.51,-0.59,62.87,61.52,324.82,287.40,414.32,381.67,401.10,308.23,339.65,305.39,368.45,333.32,367.96,381.67,
46.080,0,0.04,0.02,0.05,81.22,0.02,4.35,65.60,6.60,8.13,0.00,99.78,-14.95,98.34,98.95,95.56,8.13,0.51,0.05,0.12,0.08,0.01,0.00,6.60,0.01,0.00,0.00,0.00,70.59,0.46,0.00,0.00,0.02,0.29,0.00,0.00,-8.19,-1.59,-0.47,62.86,61.66,324.79,287.33,414.40,381.76,401.14,308.16,339.54,305.46,368.42,333.18,368.09,381.76,
46.231,0,0.05,0.03,0.06,84.44,0.02,5.11,65.94,5.84,12.58,0.00,99.86,-17.27,98.40,99.10,95.44,12.58,0.65,0.06,0.12,0.08,0.01,0.00,5.84,0.01,0.01,0.00,0.00,75.71,0.66,0.00,0.00,0.02,0.32,0.00,0.00,-8.44,-1.41,-0.62,62.89,61.48,324.73,287.30,414.35,381.76,401.06,308.10,339.64,305.34,368.47,333.24,367.91,381.76,
46.381,0,0.04,0.02,0.06,84.17,0.02,4.50,67.76,7.08,8.70,0.00,99.87,-15.43,98.21,99.01,96.83,8.70,1.19,0.05,0.06,0.02,0.00,0.00,7.08,0.01,0.01,0.00,0.00,76.54,0.80,0.00,0.00,0.02,0.42,0.00,0.00,-7.76,-1.98,-0.41,63.01,61.47,325.11,287.48,414.39,381.62,401.18,308.21,339.76,305.65,368.39,333.01,368.30,381.62,
46.447,0,0.04,0.02,0.05,83.24,0.02,4.87,67.99,9.23,7.87,0.00,99.83,-15.75,98.54,99.23,97.01,7.87,1.26,0.04,0.04,0.04,0.00,0.00,9.23,0.01,0.00,0.00,0.00,73.48,0.58,0.00,0.00,0.02,0.54,0.00,0.00,-7.16,-0.96,-0.81,62.96,62.06,325.14,287.16,414.52,381.29,401.73,308.47,339.76,305.11,368.99,332.53,368.01,381.29,
46.656,0,0.03,0.02,0.05,81.85,0.02,5.01,68.60,11.83,5.69,0.00,99.78,-15.42,98.21,99.30,97.83,5.69,1.16,0.06,0.04,0.08,0.01,0.00,11.83,0.02,0.00,0.00,0.00,70.27,0.45,0.00,0.00,0.02,0.60,0.00,0.00,-6.65,-1.96,-0.24,62.80,61.61,325.37,287.45,414.69,381.70,401.45,308.31,339.89,305.80,368.67,332.61,368.74,381.70,
46.794,0,0.03,0.02,0.04,79.86,0.02,8.88,66.89,22.37,6.35,0.00,99.70,-19.51,98.52,99.40,96.65,6.35,0.60,0.08,0.08,0.22,0.01,0.00,22.37,0.04,0.00,0.00,0.00,66.00,0.23,0.00,0.00,0.02,0.56,0.00,0.00,-6.49,-1.02,-0.91,62.76,62.09,325.30,287.15,414.66,381.29,401.93,308.68,339.95,305.07,369.11,332.28,368.07,381.29,
46.860,0,0.03,0.02,0.05,81.22,0.02,7.44,67.53,18.39,6.98,0.00,99.75,-18.46,98.29,99.40,97.24,6.98,0.67,0.07,0.08,0.14,0.01,0.00,18.39,0.02,0.00,0.00,0.00,68.34,0.26,0.00,0.00,0.02,0.50,0.00,0.00,-6.96,-1.74,-0.38,62.86,61.74,325.17,287.51,414.52,381.69,401.39,308.51,339.71,305.72,368.60,332.79,368.43,381.69,
47.091,0,0.04,0.02,0.06,84.87,0.02,5.24,68.86,10.59,8.51,0.00,99.87,-16.50,98.39,99.18,98.40,8.51,1.04,0.15,0.08,0.04,0.01,0.00,10.59,0.01,0.00,0.00,0.00,76.94,0.42,0.00,0.00,0.04,0.78,0.00,0.00,-7.41,-1.44,-0.30,62.88,61.67,324.76,287.48,414.36,381.86,401.03,308.53,339.43,305.67,368.46,333.05,368.23,381.86,
47.250,0,0.05,0.03,0.07,86.25,0.02,4.04,69.09,5.77,8.27,0.00,99.92,-14.55,98.47,99.13,98.42,8.27,1.07,0.28,0.07,0.03,0.01,0.00,5.77,0.01,0.00,0.00,0.00,82.93,0.69,0.00,0.00,0.11,2.14,0.00,0.00,-7.13,-1.17,-0.02,62.87,61.47,325.14,287.45,414.54,381.65,401.08,308.35,339.66,305.77,368.86,332.83,368.78,381.65,
47.401,0,0.04,0.02,0.08,85.37,0.03,2.59,69.77,1.43,3.79,0.00,99.94,-10.25,98.21,98.78,98.43,3.79,0.96,0.11,0.04,0.04,0.00,0.00,1.43,0.01,0.00,0.00,0.00,86.42,1.90,0.00,0.00,0.32,1.74,0.00,0.00,-7.00,-1.98,0.12,63.09,61.27,325.46,287.32,414.58,381.32,401.10,307.92,339.87,305.76,368.64,332.51,369.08,381.32,
47.468,0,0.04,0.02,0.07,84.44,0.02,3.02,69.32,3.00,4.98,0.00,99.90,-11.69,98.25,99.07,98.23,4.98,1.02,0.09,0.05,0.05,0.01,0.00,3.00,0.01,0.00,0.00,0.00,80.76,1.24,0.00,0.00,0.20,1.20,0.00,0.00,-6.25,-1.85,0.09,63.35,60.82,326.01,286.85,414.66,380.44,401.20,307.49,340.43,305.23,369.04,331.55,369.38,380.44,
47.618,0,0.03,0.02,0.06,83.17,0.02,3.14,69.49,5.26,3.35,0.00,99.87,-11.62,98.32,99.00,98.62,3.35,1.30,0.04,0.03,0.02,0.00,0.00,5.26,0.01,0.00,0.00,0.00,77.00,0.84,0.00,0.00,0.11,0.57,0.00,0.00,-5.54,-1.67,-0.33,63.37,61.35,326.59,285.90,414.75,379.12,402.00,306.42,340.69,304.26,369.46,330.12,369.31,379.12,
47.686,0,0.03,0.02,0.05,82.18,0.02,3.37,69.88,7.36,2.40,0.00,99.84,-11.86,98.44,99.20,99.09,2.40,1.16,0.05,0.02,0.02,0.00,0.00,7.36,0.02,0.00,0.00,0.00,73.94,0.75,0.00,0.00,0.10,0.48,0.00,0.00,-4.95,-1.26,-0.42,63.90,61.54,326.59,284.80,414.72,377.91,402.11,305.69,340.63,303.06,369.65,328.80,369.22,377.91,
47.818,0,0.01,0.02,0.02,68.71,0.02,7.72,68.32,26.11,1.04,6.29,97.72,-17.30,98.25,97.87,99.41,1.04,0.95,0.04,0.01,0.02,0.00,0.00,26.11,0.03,0.00,0.00,0.00,40.68,0.23,0.00,0.00,0.04,0.36,0.00,0.00,0.81,-1.87,-1.57,66.63,59.91,326.22,283.13,414.10,376.55,401.27,305.60,341.52,301.07,368.94,325.06,367.69,376.55,
47.980,0,0.01,0.02,0.01,39.49,0.02,24.70,51.96,63.71,0.13,23.04,99.59,-26.57,98.60,83.96,97.83,0.13,0.07,0.00,0.00,0.00,0.00,0.00,63.71,0.07,0.00,0.00,0.00,8.74,0.02,0.00,0.00,0.01,0.05,0.00,0.00,15.49,0.71,-2.99,71.10,64.49,325.95,274.97,412.65,368.16,403.41,299.84,339.20,293.78,369.38,311.50,365.28,368.16,
48.142,0,0.01,0.03,0.01,27.40,0.02,49.87,40.34,73.81,0.05,25.13,99.66,-31.46,98.21,90.23,80.38,0.05,0.00,0.01,0.00,0.00,0.00,0.00,73.81,0.11,0.00,0.00,0.00,0.22,0.01,0.00,0.02,0.00,0.01,0.00,0.00,13.11,1.98,-7.86,72.34,60.54,329.43,273.82,413.42,363.58,405.29,300.39,345.79,289.24,372.31,310.05,363.21,363.58,
48.291,0,0.01,0.07,0.01,9.15,0.02,86.93,11.54,93.14,0.02,0.00,99.94,-39.04,94.28,93.14,37.97,0.02,0.00,0.00,0.00,0.00,0.00,0.00,93.56,0.67,0.00,0.00,0.01,0.01,0.00,0.00,0.00,0.00,0.01,0.00,0.00,23.08,7.99,-8.21,71.13,61.38,334.77,269.84,416.96,357.40,409.95,299.23,350.32,284.65,379.65,302.47,367.33,357.40,
48.370,0,0.02,0.13,0.01,4.28,0.02,91.28,4.51,91.03,0.01,0.00,99.95,-39.96,97.82,91.03,15.73,0.01,0.00,0.02,0.01,0.00,0.00,0.00,96.10,3.01,0.00,0.00,0.02,0.00,0.00,0.00,0.09,0.00,0.01,0.00,0.00,29.47,2.97,-2.81,75.88,61.37,333.22,267.03,413.22,354.30,405.57,291.89,344.47,286.06,374.38,295.87,369.61,354.30,
48.529,0,0.03,0.16,0.01,3.01,0.02,92.86,2.91,87.48,0.04,0.00,99.94,-41.44,98.23,87.48,8.33,0.04,0.00,0.03,0.01,0.01,0.01,0.00,98.79,8.91,0.00,0.00,0.03,0.00,0.00,0.00,0.12,0.00,0.01,0.00,0.00,25.16,1.92,-3.96,74.53,60.04,334.07,268.83,412.22,353.64,405.31,292.85,345.60,286.57,373.83,298.57,368.53,353.64,
48.596,0,0.03,0.17,0.01,1.88,0.02,88.44,1.61,76.67,0.03,0.00,99.86,-37.67,98.54,76.67,4.66,0.03,0.00,0.01,0.01,0.00,0.00,0.00,98.72,3.43,0.00,0.00,0.01,0.00,0.00,0.00,0.25,0.00,0.01,0.00,0.00,21.57,0.92,-4.15,74.07,61.45,332.52,270.43,410.21,353.85,404.37,294.27,343.28,287.67,371.59,301.29,366.45,353.85,
48.750,0,0.04,0.17,0.01,1.23,0.02,80.41,0.95,63.74,0.03,0.00,99.62,-34.08,98.14,63.74,4.67,0.03,0.00,0.00,0.01,0.00,0.00,0.00,99.05,0.24,0.00,0.00,0.00,0.00,0.01,0.00,0.05,0.00,0.01,0.00,0.00,18.15,2.18,-1.92,72.67,60.02,333.65,273.57,410.29,355.59,403.24,295.95,343.43,290.87,372.70,305.16,369.25,355.59,
48.855,0,0.05,0.19,0.01,0.88,0.02,75.97,0.62,56.89,0.03,0.00,99.35,-32.45,98.54,56.89,1.35,0.03,0.00,0.00,0.00,0.00,0.00,0.00,98.96,0.09,0.00,0.00,0.01,0.00,0.01,0.00,0.01,0.00,0.01,0.00,0.00,15.64,-0.94,-2.44,71.99,61.43,334.24,275.24,409.96,356.01,404.38,297.11,343.15,292.14,371.34,307.15,368.76,356.01,
48.966,0,0.04,0.19,0.01,1.45,0.02,86.43,1.17,71.89,0.03,0.00,99.81,-36.08,98.68,71.89,1.56,0.03,0.00,0.01,0.00,0.00,0.00,0.00,99.44,0.22,0.00,0.00,0.00,0.00,0.01,0.00,0.00,0.00,0.02,0.00,0.00,13.75,-0.43,-2.13,71.08,61.44,333.41,276.07,410.81,358.62,404.26,297.92,343.00,293.27,371.59,309.26,369.08,358.62,
49.096,0,0.03,0.18,0.01,2.68,0.02,92.87,2.52,88.94,0.01,0.00,99.95,-39.86,98.49,88.94,3.29,0.01,0.00,0.00,0.00,0.00,0.00,0.00,98.98,0.36,0.00,0.00,0.00,0.00,0.01,0.00,4.65,0.00,0.04,0.00,0.00,9.13,-1.10,-1.47,70.70,59.01,333.72,280.43,410.68,362.15,402.79,301.54,343.94,297.17,371.36,314.80,369.87,362.15,
49.198,0,0.02,0.14,0.00,4.46,0.02,93.64,4.77,95.39,0.02,0.00,99.97,-41.24,98.36,95.39,12.70,0.02,0.00,0.01,0.00,0.00,0.00,0.00,98.85,0.13,0.00,0.00,0.00,0.00,0.03,0.00,0.01,0.00,0.05,0.00,0.00,2.63,-1.53,-2.87,69.86,60.04,333.37,284.13,410.87,365.83,403.88,304.94,344.02,300.14,371.11,320.61,368.45,365.83,
49.351,0,0.01,0.05,0.00,14.44,0.02,88.24,19.90,94.83,0.01,0.00,99.97,-41.08,98.68,94.83,51.39,0.01,0.33,0.00,0.00,0.00,0.00,0.00,98.82,0.01,0.00,0.00,0.00,0.00,0.02,0.00,0.00,0.00,0.06,0.00,0.00,0.09,0.42,-2.36,67.27,60.52,333.26,284.09,414.54,369.84,405.65,305.50,345.34,300.44,373.80,323.16,370.72,369.84,
49.418,0,0.01,0.04,0.00,18.86,0.02,86.51,26.97,95.75,0.01,0.00,99.97,-40.88,98.73,95.75,59.55,0.01,0.77,0.00,0.00,0.00,0.00,0.00,97.66,0.00,0.00,0.00,0.00,0.01,0.03,0.00,0.00,0.00,0.08,0.00,0.00,-0.35,0.23,-1.92,66.37,61.39,332.45,286.73,414.78,373.61,405.64,308.00,344.41,303.56,373.40,326.43,370.79,373.61,
49.562,0,0.01,0.05,0.00,15.74,0.02,83.56,21.77,91.11,0.01,0.00,99.94,-38.59,98.74,95.55,52.01,0.01,1.71,0.01,0.00,0.00,0.00,0.00,91.11,0.00,0.00,0.00,0.00,0.07,0.04,0.00,0.00,0.00,0.06,0.00,0.00,-0.93,0.17,-1.65,65.35,60.68,330.06,285.04,416.09,376.23,404.62,306.63,344.07,302.64,372.83,326.69,370.54,376.23,
49.637,0,0.01,0.05,0.00,17.81,0.02,78.46,24.70,83.59,0.02,0.00,99.91,-36.41,98.21,97.33,52.79,0.02,3.09,0.00,0.00,0.00,0.00,0.00,83.59,0.01,0.00,0.00,0.00,0.45,0.04,0.00,0.00,0.00,0.05,0.00,0.00,-2.04,-1.99,-0.77,65.93,62.20,328.58,285.11,416.61,377.98,404.52,307.31,342.46,303.14,371.23,328.07,370.79,377.98,
49.715,0,0.01,0.04,0.00,26.73,0.02,65.17,37.84,74.25,0.03,9.83,99.83,-33.48,98.47,98.52,66.11,0.03,3.43,0.01,0.00,0.00,0.00,0.00,74.25,0.02,0.00,0.00,0.00,1.64,0.03,0.00,0.00,0.00,0.03,0.00,0.00,-2.08,-1.17,-1.38,66.28,62.97,326.33,285.00,416.08,379.88,403.81,307.66,341.00,303.16,370.26,328.83,368.80,379.88,
49.854,0,0.01,0.02,0.01,49.38,0.02,47.74,64.63,67.20,0.08,10.37,99.72,-31.28,98.64,99.38,89.03,0.08,6.00,0.01,0.00,0.00,0.00,0.00,67.20,0.02,0.00,0.00,0.00,5.98,0.06,0.00,0.00,0.00,0.03,0.00,0.00,-1.24,0.58,-0.18,66.49,63.26,326.00,285.16,416.45,380.66,403.40,307.81,340.26,304.00,371.11,329.08,370.02,380.66,
50.012,0,0.01,0.02,0.01,53.70,0.02,27.86,66.84,52.56,0.18,8.16,99.13,-26.38,98.59,99.77,95.17,0.18,1.76,0.02,0.01,0.00,0.00,0.00,52.56,0.01,0.00,0.00,0.00,12.09,0.13,0.00,0.00,0.00,0.04,0.00,0.00,-0.30,-0.78,-0.12,66.86,62.99,325.43,285.55,415.90,381.30,402.70,308.10,339.81,304.60,369.87,329.14,369.49,381.30,
50.081,0,0.01,0.02,0.01,54.59,0.02,21.19,65.31,45.20,0.20,9.69,98.45,-23.87,98.76,99.77,93.41,0.20,1.80,0.02,0.01,0.00,0.00,0.00,45.20,0.01,0.00,0.00,0.00,16.71,0.20,0.00,0.00,0.00,0.04,0.00,0.00,-1.39,0.11,0.33,67.19,63.09,325.49,285.83,414.94,380.20,402.08,307.90,339.07,304.79,369.84,329.30,369.49,380.20,
50.215,0,0.01,0.02,0.01,50.09,0.02,26.63,61.32,49.76,0.20,13.68,98.91,-25.41,98.72,99.69,89.77,0.20,1.37,0.04,0.01,0.00,0.00,0.00,49.76,0.01,0.00,0.00,0.00,14.74,0.23,0.00,0.00,0.00,0.05,0.00,0.00,-1.60,-0.25,-0.21,67.26,62.78,325.46,285.68,414.31,379.50,401.85,307.70,339.16,304.30,369.35,328.93,368.64,379.50,
50.287,0,0.01,0.02,0.01,45.42,0.02,34.09,58.09,55.40,0.14,16.91,99.30,-27.30,98.55,99.63,86.25,0.14,1.65,0.03,0.01,0.00,0.00,0.00,55.40,0.02,0.00,0.00,0.00,10.86,0.29,0.00,0.00,0.00,0.06,0.00,0.00,-0.70,-0.92,0.00,67.38,63.03,325.45,285.13,414.50,379.12,401.97,307.43,339.04,303.88,369.10,328.16,368.91,379.12,
50.433,0,0.01,0.02,0.01,44.31,0.02,45.36,60.13,65.23,0.08,14.87,99.68,-30.63,98.57,99.52,88.88,0.08,1.17,0.02,0.01,0.00,0.00,0.00,65.23,0.04,0.00,0.00,0.00,5.47,0.30,0.00,0.00,0.00,0.09,0.00,0.00,-0.63,-0.83,0.10,67.42,62.86,325.29,285.22,414.24,379.20,401.63,307.30,338.85,304.09,368.93,328.19,368.81,379.20,
50.527,0,0.01,0.02,0.00,43.49,0.02,62.31,60.94,78.59,0.05,12.69,99.89,-35.21,98.47,99.50,90.15,0.05,0.82,0.02,0.00,0.00,0.00,0.00,78.59,0.04,0.00,0.00,0.00,2.45,0.20,0.00,0.00,0.00,0.08,0.00,0.00,-0.43,-1.19,0.14,67.44,62.57,325.20,285.07,414.31,379.27,401.46,307.21,338.98,303.96,368.74,328.04,368.84,379.27,
50.666,0,0.01,0.02,0.00,42.74,0.02,77.97,60.57,92.79,0.04,0.00,99.96,-40.11,97.52,99.52,90.06,0.04,0.59,0.02,0.00,0.00,0.00,0.00,92.79,0.11,0.00,0.00,0.00,1.50,0.13,0.00,0.00,0.00,0.08,0.00,0.00,1.35,-3.63,-0.31,68.08,63.23,324.00,284.62,413.63,379.72,401.10,307.05,337.96,303.75,366.58,327.21,367.40,379.72,
50.746,0,0.01,0.02,0.01,38.38,0.02,85.21,55.55,98.99,0.04,0.00,99.98,-43.16,97.11,99.49,85.11,0.04,0.65,0.08,0.00,0.01,0.01,0.00,98.99,4.21,0.00,0.00,0.05,0.65,0.10,0.00,0.00,0.00,0.09,0.00,0.00,0.15,-4.43,-1.95,68.58,63.13,320.77,284.57,409.53,378.75,398.15,307.29,335.19,302.68,362.59,327.09,362.12,378.75,
50.901,0,0.04,0.02,0.79,40.99,0.03,96.57,58.01,99.14,0.62,0.00,99.98,-64.23,79.07,99.14,84.11,0.07,4.32,5.53,0.01,0.62,44.22,0.00,99.85,85.79,0.00,0.02,19.00,1.48,0.18,0.00,0.00,0.01,0.35,0.00,0.00,1.46,-15.35,-10.61,70.53,55.36,307.97,282.09,395.53,373.46,384.55,306.76,329.60,300.05,344.91,323.21,341.11,373.46,
51.047,0,0.58,0.03,1.90,90.56,0.03,96.13,95.14,91.94,1.17,0.00,99.96,-65.88,79.21,91.94,85.84,0.25,73.29,2.18,0.05,1.17,48.31,0.39,100.00,99.76,0.03,0.70,11.36,3.83,0.33,0.03,0.00,0.09,4.07,0.00,0.00,1.84,-15.31,-10.65,71.76,55.13,305.75,281.97,392.59,373.32,381.69,307.17,327.22,298.67,342.41,322.42,338.59,373.32,
51.121,0,0.56,0.03,0.90,91.26,0.03,96.15,95.26,92.37,0.54,0.00,99.97,-68.63,69.88,92.37,86.82,0.26,72.41,1.71,0.03,0.54,32.04,0.52,99.99,99.65,0.05,0.93,23.75,6.93,0.44,0.17,0.00,0.17,3.29,0.00,0.00,2.00,-17.79,-9.03,71.76,54.34,305.44,281.60,391.44,372.55,379.95,305.77,326.10,298.52,340.54,321.59,339.28,372.55,
51.203,0,0.27,0.03,0.44,78.74,0.03,96.68,85.98,94.16,0.32,0.00,99.97,-72.50,87.73,94.16,81.93,0.32,46.83,2.05,0.02,0.25,15.16,0.00,100.00,99.71,0.16,0.96,42.68,12.02,0.61,0.81,0.00,0.73,2.16,0.00,0.00,0.45,-12.16,-7.75,70.66,57.17,308.46,283.09,394.89,373.19,384.27,306.04,327.27,301.70,346.00,324.31,343.48,373.19,
51.337,0,0.15,0.03,0.32,52.04,0.04,97.46,59.87,97.33,0.31,0.00,99.98,-77.50,95.65,97.33,73.42,0.31,17.80,3.86,0.01,0.08,6.00,0.00,100.00,99.80,0.18,0.75,69.79,19.14,1.06,1.87,0.00,1.64,2.03,0.00,0.00,2.63,-6.55,-2.05,68.12,62.97,320.10,284.09,406.92,376.03,396.55,305.90,333.64,303.17,359.89,324.93,360.34,376.03,
51.406,0,0.09,0.10,0.17,15.98,0.03,98.38,19.83,97.07,0.11,0.00,99.98,-76.03,98.10,97.07,44.84,0.11,4.17,2.91,0.00,0.06,0.96,0.00,100.00,99.69,0.03,0.56,60.24,7.04,0.40,0.33,0.00,1.22,5.55,0.00,0.00,2.99,2.28,-0.62,67.95,63.58,325.21,285.50,410.44,376.00,400.40,306.48,336.85,304.42,368.58,325.54,366.21,376.00,
51.551,0,0.04,0.15,0.16,11.30,0.03,98.37,13.47,95.30,0.07,0.00,99.97,-63.56,93.15,95.30,38.76,0.07,1.04,2.00,0.00,0.04,0.12,0.93,100.00,98.51,0.02,0.63,6.30,6.08,0.27,0.12,0.00,1.05,7.51,0.00,0.00,-2.09,8.95,3.80,62.69,58.20,337.06,285.02,423.41,376.25,408.01,304.33,349.81,305.05,383.87,327.15,382.89,376.25,
51.713,0,0.04,0.09,0.14,14.16,0.03,97.74,18.89,93.03,0.07,0.00,99.97,-66.20,78.64,93.03,51.63,0.07,0.14,2.74,0.00,0.05,0.17,7.08,99.99,96.90,0.01,1.96,22.69,2.09,0.23,0.02,0.00,0.95,5.16,0.00,0.00,-0.20,15.48,6.72,62.29,57.55,339.94,284.72,427.03,376.00,409.49,304.56,351.96,306.03,390.08,326.48,389.02,376.00,
51.793,0,0.03,0.06,0.13,18.21,0.03,97.53,25.55,94.25,0.14,0.00,99.97,-63.95,79.94,94.25,59.72,0.14,0.15,1.71,0.00,0.04,0.11,4.31,99.99,96.97,0.02,1.15,9.92,2.17,0.23,0.04,0.00,1.06,3.97,0.00,0.00,0.62,15.09,7.16,61.60,58.78,341.32,284.33,428.27,375.37,411.14,303.87,352.41,306.30,391.31,325.68,390.84,375.37,
51.934,0,0.03,0.05,0.16,18.00,0.03,96.98,24.41,90.11,0.36,0.00,99.96,-63.76,94.30,90.11,62.30,0.36,0.16,0.58,0.00,0.22,0.09,0.07,99.98,98.01,0.11,1.04,8.19,3.66,0.29,0.15,0.00,0.89,2.44,0.00,0.00,-0.87,7.97,5.50,61.04,60.37,339.93,284.02,428.04,376.16,412.01,304.54,351.64,304.95,387.19,326.66,388.30,376.16,
52.001,0,0.05,0.07,0.17,12.31,0.03,97.72,15.30,90.64,0.21,0.00,99.96,-69.70,96.59,90.64,47.89,0.21,0.21,1.75,0.00,0.11,0.22,0.00,99.99,99.06,0.11,0.88,35.64,4.66,0.19,0.20,0.00,0.94,2.38,0.00,0.00,2.10,5.28,2.90,64.71,61.34,332.22,284.72,420.43,378.19,406.08,305.38,344.73,305.31,378.38,326.43,378.17,378.19,
52.142,0,0.13,0.12,0.17,8.77,0.03,98.26,10.09,91.82,0.12,0.00,99.96,-79.77,97.90,91.82,35.15,0.12,0.37,2.07,0.00,0.09,0.80,0.00,99.99,99.30,0.07,0.87,77.94,4.44,0.17,0.17,0.00,0.71,4.03,0.00,0.00,-0.23,2.80,1.34,65.38,63.21,327.80,284.14,417.14,378.54,403.91,305.61,340.72,303.91,373.40,327.20,372.78,378.54,
52.211,0,0.14,0.15,0.15,8.02,0.03,98.79,9.14,96.57,0.10,0.00,99.98,-81.64,97.03,96.57,27.21,0.10,0.97,2.90,0.00,0.10,1.23,0.57,100.00,99.80,0.03,1.81,81.99,2.89,0.14,0.17,0.00,0.62,4.33,0.00,0.00,1.95,-4.57,-3.15,68.03,62.21,319.06,284.38,407.33,378.04,396.31,306.97,334.22,302.96,360.66,326.09,359.05,378.04,
52.385,0,0.11,0.10,0.83,12.61,0.03,98.55,15.31,97.00,0.40,0.00,99.98,-72.30,93.62,97.00,38.91,0.05,2.94,2.35,0.00,0.40,33.71,0.18,100.00,99.86,0.02,1.15,37.97,4.25,0.09,0.18,0.00,0.37,2.99,0.00,0.00,1.63,-8.57,-5.92,69.81,61.15,312.83,284.23,400.15,376.47,390.27,308.25,329.50,301.46,352.16,325.38,349.68,376.47,
52.453,0,0.08,0.07,0.42,17.78,0.03,98.22,22.03,95.42,0.19,0.00,99.97,-70.08,85.17,95.42,46.81,0.06,7.32,1.95,0.01,0.19,19.82,0.00,100.00,99.88,0.02,2.39,30.53,4.53,0.11,0.19,0.00,0.59,1.32,0.00,0.00,-3.39,-13.26,-5.38,69.44,59.47,312.86,284.90,399.22,375.71,388.78,307.60,329.59,301.85,349.51,327.17,349.75,375.71,
52.696,0,0.06,0.05,0.16,23.20,0.03,97.76,29.75,95.12,0.11,0.00,99.97,-72.81,94.33,95.12,58.52,0.11,5.52,0.70,0.01,0.05,1.39,0.00,100.00,99.40,0.01,7.15,42.25,2.95,0.22,0.36,0.00,0.86,1.01,0.00,0.00,-2.74,-7.95,-5.86,69.10,59.07,314.61,284.94,400.18,374.77,390.05,307.55,331.26,301.84,353.51,326.74,350.89,374.77,
52.784,0,0.12,0.08,0.15,13.81,0.03,98.39,13.60,95.40,0.11,0.00,99.97,-80.78,97.61,95.40,38.35,0.11,1.55,1.02,0.00,0.05,0.37,0.00,100.00,99.38,0.00,20.94,79.36,3.79,0.32,0.34,0.00,1.25,2.02,0.00,0.00,0.33,-3.45,-5.42,68.70,61.18,318.58,285.76,404.49,376.29,395.05,309.03,334.20,302.69,359.69,326.85,355.35,376.29,
52.947,0,0.19,0.25,0.14,4.91,0.03,98.71,4.20,91.43,0.04,0.00,99.96,-80.85,98.66,91.43,12.67,0.04,0.59,1.12,0.00,0.03,0.03,0.00,100.00,98.21,0.00,15.45,85.18,2.19,0.29,0.21,0.00,1.25,6.46,0.00,0.00,0.58,0.52,-3.66,67.59,62.91,324.25,286.51,409.38,376.44,400.43,309.13,337.77,303.46,366.82,327.27,362.24,376.44,
53.027,0,0.22,0.40,0.14,4.16,0.03,98.79,3.59,91.12,0.03,0.00,99.96,-82.32,98.75,91.12,9.14,0.02,0.57,1.28,0.00,0.03,0.07,0.82,99.99,98.51,0.00,12.23,90.30,1.60,0.17,0.17,0.00,0.91,9.62,0.00,0.00,-2.00,0.14,-1.77,66.97,63.33,325.96,286.68,409.90,375.01,400.94,307.60,337.69,304.30,367.66,327.67,365.16,375.01,
53.166,0,0.10,0.45,0.13,3.60,0.03,98.82,3.31,91.78,0.02,0.00,99.96,-69.88,98.62,91.78,6.48,0.01,0.58,0.70,0.00,0.02,0.12,1.07,99.99,95.63,0.00,4.75,36.27,2.03,0.16,0.15,0.00,0.74,10.08,0.00,0.00,-1.86,-0.65,-1.34,67.22,62.91,326.74,285.92,410.11,373.59,400.99,307.14,338.21,303.11,367.74,326.57,366.08,373.59,
53.380,0,0.15,0.23,0.12,5.35,0.03,98.86,5.51,95.73,0.02,0.00,99.97,-79.67,98.12,95.73,14.25,0.00,1.74,0.81,0.00,0.02,0.25,1.21,99.99,94.37,0.00,2.13,75.06,2.23,0.10,0.12,0.00,0.44,5.36,0.00,0.00,-2.73,-2.21,-1.11,66.66,62.27,326.61,285.03,410.57,373.46,400.74,305.93,338.57,302.41,367.13,326.22,366.45,373.46,
53.447,0,0.14,0.20,0.14,7.51,0.03,98.82,8.25,96.77,0.02,0.00,99.98,-80.87,98.13,96.77,23.32,0.00,1.96,0.88,0.00,0.02,0.27,2.20,99.99,98.42,0.00,3.19,75.58,2.38,0.12,0.15,0.00,0.49,6.21,0.00,0.00,-3.02,-2.20,-1.08,66.64,62.09,326.60,285.02,410.55,373.39,400.62,305.99,338.64,302.32,367.12,326.31,366.47,373.39,
53.586,0,0.17,0.25,0.14,7.09,0.03,98.93,7.38,97.61,0.05,0.00,99.98,-83.36,98.14,97.61,19.79,0.00,1.69,1.58,0.00,0.05,0.43,2.75,100.00,98.41,0.00,4.66,87.35,3.49,0.21,0.31,0.00,0.57,7.53,0.00,0.00,-2.83,-2.17,-1.36,66.75,62.07,326.77,285.04,410.58,373.33,400.84,306.02,338.88,302.24,367.25,326.19,366.31,373.33,
53.651,0,0.14,0.24,0.14,7.63,0.03,98.90,8.17,97.97,0.04,0.00,99.98,-81.39,98.26,97.97,22.00,0.00,1.75,1.22,0.00,0.04,0.45,2.07,100.00,97.99,0.00,4.80,77.94,2.94,0.22,0.27,0.00,0.54,7.62,0.00,0.00,-2.55,-1.83,-1.33,66.80,61.93,326.94,285.02,410.67,373.25,400.88,306.01,339.06,302.24,367.55,326.05,366.48,373.25,
53.719,0,0.09,0.23,0.13,8.48,0.03,98.83,9.66,98.34,0.04,0.00,99.98,-76.02,98.38,98.34,25.32,0.00,2.43,0.82,0.00,0.04,0.39,2.32,100.00,96.99,0.00,3.42,54.55,2.13,0.27,0.23,0.00,0.58,7.89,0.00,0.00,-3.13,-1.46,-1.16,66.69,62.11,327.15,285.13,410.71,373.01,401.01,306.07,339.01,302.29,367.85,326.26,366.76,373.01,
53.869,0,0.05,0.15,0.12,12.50,0.03,98.51,15.70,98.20,0.03,0.00,99.98,-68.45,98.50,98.20,36.76,0.00,4.44,0.65,0.00,0.03,0.17,1.66,100.00,94.28,0.00,1.18,23.89,2.35,0.26,0.17,0.00,0.54,6.85,0.00,0.00,-2.92,-1.08,-1.00,66.69,62.19,327.14,285.06,410.82,373.09,401.03,305.97,338.94,302.36,368.08,326.20,366.97,373.09,
53.952,0,0.05,0.12,0.10,15.96,0.03,98.25,20.97,98.19,0.03,0.00,99.98,-67.79,98.52,98.19,43.43,0.01,6.30,0.67,0.00,0.03,0.21,2.07,100.00,91.48,0.00,0.73,23.63,2.01,0.24,0.07,0.00,0.50,6.26,0.00,0.00,-2.95,-1.02,-0.94,66.69,62.17,327.23,285.05,410.80,372.93,401.02,305.93,338.95,302.35,368.14,326.15,367.07,372.93,
54.084,0,0.05,0.23,0.08,5.17,0.03,98.56,5.54,96.20,0.52,0.00,99.97,-62.81,98.61,96.20,14.91,0.01,0.61,0.50,0.00,0.52,0.38,0.65,100.00,81.46,0.00,0.41,12.31,2.34,0.22,0.07,47.15,0.44,5.57,0.00,0.00,2.04,-0.70,-1.09,68.02,62.07,326.96,285.28,410.53,373.61,400.76,306.88,338.81,302.94,368.04,324.82,366.66,373.61,
54.152,0,0.07,0.27,0.07,3.16,0.03,98.46,3.00,92.67,0.54,0.00,99.97,-62.29,98.65,92.67,3.69,0.01,0.06,0.59,0.02,0.54,0.33,0.14,100.00,76.37,0.00,0.45,18.43,2.18,0.18,0.04,12.77,0.36,4.44,0.00,0.00,1.67,-0.53,-0.63,68.06,61.89,327.10,285.08,410.69,373.36,400.61,306.52,338.82,302.88,368.25,324.76,367.26,373.36,
54.286,0,0.09,0.29,0.07,1.89,0.03,97.01,1.56,79.79,0.28,0.00,99.90,-59.37,98.57,79.79,0.67,0.02,0.01,0.80,0.06,0.28,0.14,0.00,99.99,67.91,0.00,0.50,28.22,2.36,0.14,0.05,0.92,0.41,4.46,0.00,0.00,1.58,-0.83,-0.23,68.34,61.80,327.05,284.79,410.87,373.23,400.44,306.23,338.74,302.75,368.15,324.61,367.70,373.23,
54.354,0,0.05,0.29,0.03,2.45,0.03,96.85,2.16,86.47,0.06,0.00,99.94,-51.55,98.79,86.47,1.90,0.01,0.02,0.45,0.04,0.06,0.04,0.00,99.99,49.47,0.00,0.29,5.41,2.23,0.13,0.03,0.00,0.37,4.65,0.00,0.00,0.09,-0.01,-0.87,68.26,61.58,327.06,284.05,410.72,372.37,400.55,305.27,339.07,301.64,368.52,324.26,367.05,372.37,
54.513,0,0.03,0.29,0.01,3.34,0.03,95.55,3.19,92.17,0.02,0.00,99.96,-44.87,98.78,92.17,5.72,0.02,0.08,0.26,0.02,0.01,0.01,0.00,99.97,19.42,0.00,0.11,0.15,2.26,0.13,0.01,0.00,0.32,5.30,0.00,0.00,0.17,-0.02,-0.93,68.28,61.68,326.94,284.00,410.72,372.47,400.57,305.26,338.99,301.61,368.45,324.24,366.93,372.47,
54.580,0,0.02,68.33,0.00,4.27,2.99,96.60,5.39,97.55,0.27,0.00,99.98,-2.10,98.15,97.55,13.20,0.02,0.38,70.09,0.27,0.05,0.00,1.97,99.61,5.00,0.00,2.74,0.62,3.78,0.12,0.01,0.01,7.88,74.73,0.00,0.00,-0.97,-2.14,-2.23,65.70,62.21,326.56,283.54,409.95,371.65,400.88,304.86,338.83,300.53,366.89,323.89,365.05,371.65,
54.765,0,0.04,0.04,0.00,0.76,99.96,50.12,3.72,82.48,82.48,0.00,99.96,50.45,98.12,97.35,2.70,0.01,1.74,100.00,87.19,0.72,0.00,5.06,82.48,5.98,0.00,99.74,5.34,11.52,0.10,0.01,0.00,94.83,52.58,0.00,0.00,-0.50,-2.24,-1.53,65.15,62.94,326.25,283.43,409.39,371.22,400.53,304.38,337.68,300.88,366.35,323.54,365.25,371.22,
54.837,0,0.09,0.02,0.00,0.80,99.98,1.87,2.78,14.28,14.28,0.00,99.98,73.54,98.40,93.18,0.54,0.01,0.86,100.00,97.63,1.15,0.00,0.00,14.28,6.08,0.00,99.92,1.91,35.25,0.09,0.00,0.00,99.96,50.02,0.00,0.00,-2.44,-1.41,-2.19,65.03,62.57,325.89,284.04,408.75,371.25,400.13,305.07,337.69,300.98,366.30,324.62,364.14,371.25,
54.976,0,0.14,0.02,0.00,1.48,99.98,0.95,3.10,3.35,0.76,0.00,99.98,78.15,98.35,95.38,1.18,0.01,0.75,100.00,96.03,1.43,0.00,0.00,0.76,3.35,0.00,99.91,0.40,62.35,0.07,0.00,0.00,100.00,50.00,0.00,0.00,-3.09,-1.55,-2.33,63.77,63.89,326.49,284.61,410.65,372.64,402.17,305.66,338.36,302.43,367.46,326.04,365.19,372.64,
55.042,0,0.19,0.02,0.00,2.31,99.98,0.90,3.31,0.90,0.03,0.00,99.98,78.91,98.76,96.25,2.24,0.01,0.46,100.00,94.35,0.99,0.00,0.00,0.03,0.90,0.00,99.89,0.35,81.84,0.06,0.00,0.00,100.00,49.99,0.00,0.00,-2.05,-0.10,-2.02,64.16,64.32,326.06,284.61,410.86,373.54,402.11,305.77,337.87,302.69,368.08,326.05,365.40,373.54,
55.256,0,0.24,0.02,0.00,2.88,99.98,0.90,3.64,0.51,0.02,0.00,99.98,78.76,98.65,96.99,3.71,0.01,0.62,100.00,96.43,1.15,0.00,0.00,0.02,0.51,0.00,99.85,0.39,89.42,0.05,0.00,0.01,100.00,49.99,0.00,0.00,-0.54,-0.52,-2.14,65.29,62.43,325.78,284.46,410.54,374.16,400.86,305.92,338.56,301.90,367.58,325.37,365.06,374.16,
55.321,0,0.27,0.02,0.00,2.85,99.98,0.90,3.35,0.39,0.01,0.00,99.98,79.12,98.69,96.39,2.28,0.01,0.58,100.00,97.72,0.74,0.00,0.00,0.01,0.39,0.00,99.85,0.24,92.07,0.05,0.00,0.00,100.00,49.99,0.00,0.00,-0.58,-0.41,-2.08,65.33,62.84,325.62,284.43,410.53,374.21,400.97,305.90,338.25,302.00,367.55,325.43,365.02,374.21,
55.473,0,0.26,0.02,0.00,3.10,99.98,0.92,3.62,0.54,0.01,0.00,99.98,79.03,98.74,97.16,3.39,0.01,0.66,100.00,96.50,0.41,0.00,0.00,0.01,0.42,0.00,99.84,0.54,92.74,0.04,0.00,0.00,100.00,49.99,0.00,0.00,-0.54,0.20,-1.90,65.21,62.87,325.71,284.73,410.30,374.18,400.82,306.06,338.07,302.29,367.78,325.58,365.13,374.18,
55.542,0,0.23,0.02,0.00,3.22,99.98,0.91,3.75,1.05,0.01,0.00,99.98,78.84,98.76,97.22,3.98,0.01,0.87,100.00,93.02,0.52,0.00,0.00,0.01,0.52,0.00,99.86,1.05,93.31,0.05,0.00,0.00,100.00,49.99,0.00,0.00,-0.99,-0.12,-1.42,65.20,63.62,326.47,284.59,410.31,373.02,401.37,305.64,337.85,302.16,367.97,325.21,365.94,373.02,
55.612,0,0.21,0.02,0.00,3.41,99.98,0.94,4.08,1.16,0.01,0.00,99.98,78.54,98.65,98.26,5.01,0.01,0.91,100.00,90.99,0.55,0.00,0.00,0.01,0.76,0.00,99.85,1.16,92.73,0.06,0.00,0.00,100.00,49.99,0.00,0.00,-1.56,-0.53,-1.48,64.79,63.35,327.08,284.08,410.86,372.34,401.84,305.23,338.60,301.46,368.35,324.85,366.47,372.34,
55.984,0,0.11,0.02,0.00,2.67,99.98,0.97,4.10,0.19,0.01,0.00,99.98,78.81,98.71,98.99,4.75,0.01,0.50,99.99,82.32,0.31,0.00,0.00,0.01,0.19,0.00,99.14,0.19,80.54,0.11,0.00,0.00,100.00,49.97,0.00,0.00,-1.50,-0.31,-1.59,65.06,62.96,327.17,284.17,410.85,372.41,401.73,305.25,338.88,301.50,368.51,324.87,366.42,372.41,
56.056,0,0.07,0.02,0.00,2.27,99.98,0.94,4.06,0.33,0.01,0.00,99.98,78.92,98.75,98.40,5.02,0.01,0.55,99.99,76.40,0.24,0.00,0.00,0.01,0.26,0.00,99.11,0.33,72.52,0.14,0.00,0.00,100.00,49.97,0.00,0.00,-1.00,-0.17,-1.93,65.22,62.55,327.29,284.23,410.89,372.50,401.76,305.33,339.32,301.55,368.68,324.73,366.19,372.50,
56.130,0,0.06,0.02,0.00,2.23,99.98,0.93,4.13,0.43,0.01,0.00,99.98,78.95,98.67,98.21,5.48,0.00,0.67,99.99,72.43,0.21,0.00,0.00,0.01,0.27,0.00,98.98,0.43,70.95,0.14,0.00,0.00,100.00,49.97,0.00,0.00,-0.48,0.47,-2.00,65.46,62.78,327.38,284.30,411.08,372.67,402.04,305.52,339.38,301.70,369.14,324.70,366.27,372.67,
56.337,0,0.06,0.02,0.00,2.00,99.98,0.92,4.04,0.21,0.01,0.00,99.98,79.08,98.45,97.90,5.17,0.00,0.76,99.99,72.03,0.22,0.00,0.00,0.01,0.18,0.00,98.20,0.21,66.80,0.11,0.00,0.00,100.00,49.96,0.00,0.00,-1.88,1.24,-1.95,64.92,63.41,328.15,284.34,412.02,372.71,403.19,305.60,339.91,301.50,370.38,325.28,367.16,372.71,
56.477,0,0.06,0.02,0.00,1.62,99.98,0.99,3.84,0.13,0.01,0.00,99.98,78.93,98.45,98.90,3.39,0.00,0.30,99.99,78.72,0.13,0.00,0.00,0.01,0.13,0.00,97.20,0.13,59.01,0.11,0.00,0.00,100.00,49.97,0.00,0.00,-3.44,1.23,-1.72,64.25,63.46,328.94,284.18,412.87,372.39,403.92,305.29,340.58,301.26,371.18,325.64,368.20,372.39,
56.548,0,0.05,0.02,0.00,1.44,99.98,0.99,3.85,0.15,0.01,0.00,99.98,78.88,98.46,99.04,3.44,0.00,0.23,99.98,77.50,0.18,0.00,0.00,0.01,0.13,0.00,96.83,0.15,53.05,0.09,0.00,0.01,100.00,49.97,0.00,0.00,-2.70,1.20,-2.05,64.61,63.63,329.04,284.22,412.97,372.51,404.27,305.58,340.79,301.21,371.29,325.45,367.97,372.51,
56.685,0,0.04,0.02,0.00,1.15,99.98,1.01,3.81,0.42,0.01,0.00,99.98,78.72,98.39,99.26,3.03,0.01,0.17,99.98,76.70,0.25,0.00,0.00,0.01,0.21,0.00,96.60,0.42,42.09,0.08,0.00,0.00,100.00,49.97,0.00,0.00,-0.93,1.43,-2.04,65.26,63.44,329.27,284.18,413.04,372.54,404.32,305.53,341.01,301.42,371.55,324.78,368.14,372.54,
56.753,0,0.03,0.02,0.00,1.14,99.98,1.01,3.83,0.27,0.02,0.00,99.98,78.75,98.68,99.27,3.11,0.01,0.19,99.98,72.13,0.24,0.00,0.00,0.02,0.27,0.00,97.08,0.24,41.50,0.08,0.00,0.01,100.00,49.97,0.00,0.00,-2.67,0.43,-1.76,64.71,63.51,329.66,284.11,413.70,372.49,404.75,305.45,341.38,301.22,371.56,325.37,368.92,372.49,
56.829,0,0.02,0.02,0.00,1.23,99.98,0.98,4.25,0.31,0.02,0.00,99.98,78.80,98.48,99.31,5.48,0.00,0.36,99.97,54.73,0.12,0.00,0.00,0.02,0.31,0.00,96.76,0.14,41.08,0.09,0.00,0.01,100.00,49.97,0.00,0.00,-1.98,1.13,-2.09,65.03,63.48,329.79,284.41,413.80,372.94,405.00,305.74,341.66,301.53,372.04,325.44,368.72,372.94,
56.969,0,0.01,0.02,0.00,1.29,99.98,0.92,5.16,0.31,0.04,0.00,99.98,78.76,98.51,99.51,10.05,0.00,0.48,99.92,35.49,0.04,0.00,0.00,0.04,0.28,0.00,95.45,0.31,35.91,0.09,0.00,0.01,100.00,49.98,0.00,0.00,-2.81,1.03,-2.26,64.74,63.03,329.69,284.41,413.79,373.00,404.79,305.74,341.91,301.33,371.94,325.75,368.53,373.00,
57.051,0,0.00,0.01,0.00,2.11,99.98,0.74,8.70,0.37,0.09,0.00,99.98,78.72,98.26,99.66,23.20,0.00,0.63,99.78,11.87,0.03,0.00,0.00,0.09,0.23,0.00,89.09,0.37,42.80,0.10,0.00,0.00,100.00,49.99,0.00,0.00,-3.53,1.83,-2.55,64.07,63.05,329.61,285.72,414.07,374.55,405.03,307.09,342.13,302.67,372.46,327.48,368.36,374.55,
57.260,0,0.00,0.01,0.00,3.10,99.98,0.66,11.57,0.26,0.11,0.00,99.98,78.72,98.71,99.77,30.91,0.00,0.40,99.61,3.91,0.03,0.00,0.00,0.11,0.20,0.00,76.90,0.26,58.11,0.11,0.00,0.00,100.00,49.98,0.00,0.00,-5.26,0.32,-2.00,63.51,63.72,329.93,286.08,414.39,374.73,405.45,307.20,341.87,302.96,371.99,328.36,369.15,374.73,
57.469,0,0.00,0.01,0.00,2.90,99.98,0.80,7.52,0.28,0.18,0.00,99.98,78.67,98.55,99.83,19.32,0.01,0.51,99.15,5.54,0.02,0.00,0.00,0.18,0.24,0.00,80.32,0.28,71.28,0.13,0.00,0.00,100.00,49.96,0.00,0.00,-5.79,-0.90,-2.12,63.14,62.22,329.73,286.74,413.98,375.35,404.44,307.57,342.35,303.47,371.09,329.06,368.78,375.35,
57.536,0,0.01,0.01,0.00,3.56,99.98,0.78,8.07,0.37,0.26,0.00,99.98,78.63,98.70,99.83,20.60,0.01,1.01,98.89,3.51,0.02,0.00,0.00,0.26,0.20,0.00,73.86,0.37,83.00,0.16,0.00,0.00,100.00,49.95,0.00,0.00,-5.72,-0.36,-2.18,63.32,63.14,328.83,286.41,413.66,375.50,404.33,307.43,341.32,303.36,370.74,329.01,368.08,375.50,
57.687,0,0.00,0.01,0.00,4.57,99.98,0.66,11.14,0.27,0.27,0.00,99.98,78.71,98.72,99.75,29.04,0.01,1.16,96.95,2.16,0.01,0.00,0.00,0.27,0.14,0.00,62.05,0.14,89.73,0.21,0.00,0.00,99.99,49.91,0.00,0.00,-6.30,-0.27,-2.19,63.41,63.40,328.11,286.42,413.57,376.09,404.05,307.80,340.82,303.18,370.38,329.52,367.64,376.09,
57.760,0,0.00,0.01,0.00,3.39,99.98,0.66,10.97,0.26,0.25,0.00,99.98,78.69,98.51,99.72,29.46,0.01,0.44,96.81,1.93,0.03,0.00,0.00,0.25,0.14,0.00,42.65,0.26,87.88,0.13,0.00,0.01,99.99,49.89,0.00,0.00,-3.98,-1.06,-2.34,64.12,63.27,327.54,287.13,412.92,377.01,403.45,308.80,340.35,304.06,369.38,329.44,366.88,377.01,
57.936,0,0.00,0.01,0.00,1.92,99.97,0.73,7.76,0.27,0.27,0.00,99.98,78.73,98.43,99.43,20.86,0.01,0.15,94.65,2.46,0.08,0.01,0.00,0.27,0.12,0.00,28.25,0.24,83.75,0.14,0.00,0.01,99.98,49.75,0.00,0.00,-4.34,-1.31,-1.77,64.60,64.28,326.70,287.61,412.33,377.44,402.99,309.37,338.88,304.74,368.50,330.14,366.68,377.44,
58.008,0,0.01,0.02,0.00,1.17,99.97,0.86,4.95,0.35,0.35,0.00,99.98,78.78,98.15,98.86,10.07,0.01,0.02,95.08,6.69,0.17,0.01,0.00,0.35,0.16,0.00,27.83,0.24,77.99,0.13,0.00,0.05,99.98,49.58,0.00,0.00,-2.48,-2.16,-2.24,64.79,63.08,326.21,287.85,411.94,378.19,402.14,309.91,339.26,304.92,367.68,329.81,365.82,378.19,
58.181,0,0.01,0.02,0.00,0.88,99.97,0.82,3.65,0.39,0.39,0.00,99.98,78.87,98.04,96.37,4.93,0.02,0.01,94.35,17.16,1.19,0.10,0.00,0.39,0.12,0.00,31.29,0.23,74.84,0.13,0.00,0.06,99.97,48.23,0.00,0.00,-2.42,-2.43,-2.58,64.98,63.09,325.36,287.94,410.90,378.19,401.37,309.96,338.48,304.91,366.61,329.78,364.53,378.19,
58.250,0,0.02,0.01,0.00,0.79,99.97,0.77,3.01,0.48,0.48,0.00,99.98,79.27,97.84,93.96,2.59,0.05,0.00,95.55,41.19,1.40,0.10,0.00,0.48,0.09,0.00,41.98,0.15,70.37,0.11,0.00,0.16,99.98,46.42,0.00,0.00,-2.13,-2.94,-2.60,65.05,63.48,324.47,287.80,410.11,378.19,400.76,309.76,337.47,304.94,365.50,329.59,363.64,378.19,
58.363,0,0.04,0.01,0.00,0.80,99.97,0.73,2.69,0.67,0.67,0.00,99.98,79.33,97.66,92.19,1.53,0.10,0.00,95.04,56.85,1.93,0.09,0.00,0.67,0.08,0.00,46.32,0.15,73.65,0.14,0.01,0.22,99.98,44.25,0.00,0.00,-0.82,-3.33,-2.51,65.07,62.84,324.12,287.67,410.02,378.60,400.18,309.64,337.50,305.07,365.10,329.15,363.53,378.60,
58.508,0,0.07,0.01,0.00,0.72,99.98,0.60,2.14,0.93,0.93,0.00,99.98,80.18,97.62,87.05,1.07,0.23,0.00,96.72,66.54,2.11,0.25,0.00,0.93,0.11,0.00,44.82,0.19,78.44,0.12,0.01,1.20,99.98,44.70,0.00,0.00,-0.21,-3.42,-2.73,65.14,62.93,324.14,287.81,409.75,378.42,400.19,309.95,337.45,305.16,364.93,328.96,363.19,378.42,
58.682,0,0.13,0.01,0.00,0.64,99.97,0.48,1.77,0.96,0.96,0.00,99.98,79.63,97.77,82.59,0.89,0.69,0.00,95.50,76.04,5.12,0.22,0.00,0.96,0.09,0.00,40.06,0.05,85.41,0.09,0.02,1.72,99.98,44.28,0.00,0.00,-0.69,-3.09,-2.50,65.61,63.49,323.35,288.06,408.81,378.36,399.52,310.05,336.20,305.43,364.21,329.29,362.53,378.36,
58.762,0,0.13,0.01,0.00,0.59,99.97,0.49,1.83,0.94,0.94,0.00,99.98,79.43,97.50,83.41,0.90,0.55,0.00,96.05,78.89,5.38,0.32,0.00,0.94,0.09,0.00,35.78,0.04,83.16,0.16,0.01,1.14,99.98,45.85,0.00,0.00,-2.67,-3.69,-1.41,65.65,63.95,323.45,288.91,408.35,378.25,399.07,310.28,335.25,306.39,363.66,330.52,363.38,378.25,
58.842,0,0.10,0.01,0.00,0.68,99.98,0.62,2.24,1.13,1.13,0.00,99.98,78.39,97.49,88.11,1.08,0.63,0.00,96.76,76.41,5.16,0.23,0.00,1.13,0.16,0.00,42.22,0.14,77.29,0.15,0.02,0.20,99.98,45.32,0.00,0.00,-3.51,-3.71,-2.51,65.23,63.21,323.58,288.62,408.30,377.87,399.23,310.24,336.21,305.45,363.77,330.39,362.38,377.87,
58.981,0,0.07,0.01,0.00,0.67,99.98,0.71,2.54,1.20,1.20,0.00,99.98,78.17,97.45,90.93,1.35,0.70,0.00,96.43,73.65,4.07,0.11,0.00,1.20,0.22,0.00,43.86,0.19,69.49,0.20,0.01,0.22,99.97,44.46,0.00,0.00,-3.76,-3.79,-2.52,65.25,63.13,323.55,288.58,408.31,377.86,399.18,310.17,336.24,305.38,363.72,330.44,362.36,377.86,
59.047,0,0.04,0.01,0.00,0.66,99.97,0.77,2.82,1.23,1.23,0.00,99.98,77.84,97.38,92.92,1.88,0.66,0.00,95.87,65.69,3.88,0.11,0.00,1.23,0.25,0.00,45.52,0.18,63.56,0.26,0.01,0.23,99.97,41.52,0.00,0.00,-2.75,-3.92,-2.46,65.53,63.02,323.49,288.57,408.28,377.98,399.06,310.27,336.22,305.48,363.62,330.11,362.37,377.98,
59.205,0,0.03,0.01,0.00,0.47,99.97,0.65,2.45,1.24,1.24,0.00,99.98,78.99,97.25,89.43,1.73,0.53,0.00,93.19,58.44,3.11,0.16,0.00,1.24,0.17,0.00,36.72,0.15,57.67,0.42,0.01,0.24,99.97,38.33,0.00,0.00,-3.19,-4.18,-2.58,65.35,62.58,323.29,288.56,408.15,378.07,398.73,310.17,336.32,305.43,363.34,330.28,362.11,378.07,
59.284,0,0.02,0.01,0.00,0.31,99.97,0.50,1.86,1.61,1.61,0.00,99.98,80.21,97.04,83.05,1.37,0.54,0.00,93.56,49.27,3.12,0.13,0.00,1.61,0.16,0.00,34.90,0.17,49.46,0.41,0.01,0.25,99.97,38.67,0.00,0.00,-3.15,-4.55,-2.67,65.22,62.33,323.22,288.44,408.20,378.10,398.63,310.07,336.48,305.34,363.16,330.19,362.02,378.10,
59.364,0,0.02,0.01,0.00,0.26,99.97,0.43,1.60,1.61,1.61,0.00,99.98,81.26,97.05,79.42,1.24,0.44,0.00,94.30,48.40,2.58,0.09,0.00,1.61,0.18,0.00,32.40,0.19,47.24,0.55,0.00,0.20,99.97,39.43,0.00,0.00,-2.83,-4.53,-2.57,65.30,62.40,323.33,288.47,408.18,378.03,398.67,310.08,336.44,305.39,363.20,330.06,362.16,378.03,
59.501,0,0.01,0.01,0.00,0.29,99.96,0.52,2.00,1.69,1.69,0.00,99.98,80.60,97.01,84.43,1.56,0.35,0.00,89.59,39.80,1.71,0.09,0.00,1.69,0.18,0.00,31.93,0.14,44.02,0.61,0.00,0.12,99.96,41.17,0.00,0.00,-2.98,-4.60,-2.43,65.26,62.24,323.26,288.33,408.25,378.10,398.52,309.87,336.45,305.30,363.17,330.05,362.31,378.10,
59.572,0,0.01,0.01,0.00,0.30,99.96,0.68,2.71,1.89,1.89,0.00,99.98,79.17,97.05,90.88,2.43,0.31,0.00,87.06,39.21,1.78,0.13,0.00,1.89,0.20,0.00,19.58,0.08,42.69,0.75,0.00,0.21,99.93,40.21,0.00,0.00,-2.83,-4.53,-2.01,65.35,61.95,323.23,288.26,408.34,378.11,398.19,309.79,336.41,305.36,363.23,329.99,362.76,378.11,
59.650,0,0.01,0.00,0.00,0.29,99.95,0.66,2.90,1.94,1.94,0.00,99.98,78.56,96.92,91.79,2.97,0.30,0.00,83.48,39.90,2.77,0.38,0.00,1.94,0.19,0.00,9.66,0.03,45.94,0.96,0.00,0.32,99.90,34.25,0.00,0.00,-2.75,-4.76,-1.82,65.51,61.80,323.23,288.10,408.47,378.08,398.10,309.65,336.45,305.28,363.18,329.87,362.99,378.08,
59.782,0,0.02,0.00,0.00,0.27,99.94,0.60,2.80,2.20,2.20,0.00,99.98,78.27,97.05,90.28,3.48,0.24,0.00,81.82,46.94,4.08,0.74,0.00,2.20,0.20,0.00,4.61,0.03,48.39,1.12,0.00,0.27,99.85,26.28,0.00,0.00,-2.64,-4.54,-1.62,65.71,61.80,323.17,288.08,408.49,378.16,397.99,309.54,336.32,305.40,363.26,329.86,363.18,378.16,
59.858,0,0.02,0.00,0.00,0.26,99.93,0.53,2.53,2.44,2.44,0.00,99.98,78.80,97.14,87.50,3.50,0.24,0.00,79.13,48.95,4.02,0.75,0.00,2.44,0.22,0.00,2.95,0.03,50.67,1.37,0.00,0.41,99.73,17.88,0.00,0.00,-2.66,-4.38,-1.63,65.84,61.97,323.29,288.18,408.37,377.98,398.08,309.57,336.25,305.47,363.34,329.85,363.17,377.98,
59.998,0,0.02,0.00,0.00,0.28,99.91,0.51,2.68,2.70,2.70,0.00,99.98,79.04,97.10,87.74,4.49,0.20,0.00,74.04,45.38,3.20,0.63,0.00,2.70,0.20,0.00,1.78,0.03,53.11,1.56,0.00,0.41,99.50,15.08,0.00,0.00,-2.19,-4.45,-1.39,66.07,61.85,323.17,288.11,408.41,378.15,397.87,309.45,336.14,305.59,363.25,329.71,363.35,378.15,
60.159,0,0.05,0.00,0.00,0.26,99.84,0.36,1.92,3.04,3.04,0.00,99.98,80.50,97.04,80.39,3.50,0.17,0.00,65.88,64.16,3.29,0.89,0.00,3.04,0.07,0.00,0.67,0.00,63.56,1.68,0.00,19.02,98.79,0.00,0.00,0.00,-1.51,-4.56,-1.32,66.45,62.00,322.84,288.22,408.24,378.42,397.66,309.80,335.79,305.77,362.94,329.68,363.17,378.42,
60.231,0,0.05,0.00,0.00,0.21,99.83,0.27,1.44,3.43,3.43,0.00,99.98,80.94,97.41,73.83,3.03,0.20,0.00,65.33,60.61,5.22,1.16,0.00,3.43,0.06,0.00,0.78,0.01,64.42,1.64,0.00,17.63,98.53,0.00,0.00,0.00,-1.45,-3.87,-0.81,66.70,61.79,322.90,288.67,407.94,378.53,397.20,309.78,335.50,306.49,363.14,329.97,363.55,378.53,
60.298,0,0.06,0.00,0.00,0.14,99.82,0.16,0.84,3.32,3.32,0.00,99.97,83.47,97.53,61.76,2.24,0.24,0.00,64.81,60.99,5.30,0.95,0.00,3.32,0.04,0.00,0.79,0.01,63.98,1.42,0.00,18.50,98.10,0.00,0.00,0.00,-1.56,-3.62,-1.61,66.91,62.54,322.41,288.48,407.04,377.82,397.26,309.91,334.85,305.86,362.58,329.60,362.08,377.82,
60.541,0,0.02,0.00,0.00,0.24,99.55,0.27,1.40,3.42,3.42,0.00,99.97,82.69,96.57,74.15,2.09,0.29,0.00,51.13,34.63,0.81,0.42,0.00,3.42,0.04,0.01,0.65,0.03,66.77,1.59,0.00,12.05,97.11,0.00,0.00,0.00,-0.20,-5.31,-1.70,67.72,61.73,321.27,288.54,406.26,378.49,395.93,310.31,334.35,305.98,360.82,329.36,361.02,378.49,
60.608,0,0.01,0.00,0.00,0.37,99.38,0.42,2.18,3.60,3.60,0.00,99.97,80.48,95.15,84.31,2.48,0.27,0.00,46.46,20.24,0.84,0.58,0.00,3.60,0.02,0.01,0.27,0.01,69.46,1.96,0.00,14.24,96.55,0.00,0.00,0.00,-0.92,-7.12,-1.98,67.46,61.26,320.36,288.55,405.50,378.72,394.99,310.31,333.89,305.83,359.13,329.63,359.90,378.72,
60.744,0,0.01,0.00,0.00,0.41,97.83,0.39,2.52,3.33,3.33,0.00,99.95,80.35,94.81,85.94,3.38,0.29,0.00,28.29,16.45,0.53,0.97,0.00,3.33,0.02,0.01,0.19,0.01,66.79,2.93,0.00,22.47,94.39,0.00,0.00,0.00,0.26,-7.47,-2.26,68.28,61.48,319.04,288.63,404.13,378.86,393.89,310.66,332.59,305.89,357.61,329.28,358.27,378.86,
60.970,0,0.01,0.00,0.00,0.66,88.32,0.50,4.48,3.43,3.43,0.00,99.87,70.11,94.99,92.92,10.61,0.39,0.00,9.64,5.96,0.28,0.25,0.00,3.43,0.02,0.01,0.14,0.01,56.48,3.04,0.00,30.60,87.85,0.00,0.00,0.00,-0.43,-7.29,-2.27,68.35,61.25,318.36,288.42,403.59,378.65,393.15,310.63,332.11,305.51,357.11,329.35,357.67,378.65,
61.132,0,0.63,0.01,13.44,2.56,5.98,0.93,3.91,1.40,12.60,73.13,99.87,1.38,95.67,88.35,12.67,1.40,0.00,25.49,61.67,54.08,70.81,0.00,1.00,0.05,12.60,0.01,0.00,87.93,2.13,0.02,76.76,37.02,0.00,0.00,0.00,4.94,-6.53,-5.01,68.37,60.33,316.78,288.03,402.43,379.43,392.46,311.84,332.54,304.80,356.29,327.33,353.82,379.43,
61.199,0,3.07,0.02,40.05,3.92,1.97,1.31,3.63,1.94,86.86,34.95,99.92,0.00,95.24,86.86,12.53,1.94,0.00,30.11,86.77,60.05,79.85,0.00,1.22,0.12,92.80,0.01,0.01,95.72,1.92,0.05,61.06,24.36,0.00,0.00,0.00,1.99,-7.02,-5.87,67.72,59.55,315.70,287.58,402.78,380.05,392.08,311.36,332.93,304.55,355.76,328.53,352.71,380.05,
61.276,0,8.79,0.08,67.31,6.51,0.61,2.16,3.54,4.22,85.66,7.69,99.93,-8.46,95.00,85.66,13.72,4.22,0.00,37.13,98.70,63.72,86.58,0.00,1.08,0.35,99.99,0.00,0.07,98.81,1.27,0.25,42.96,10.11,1.39,0.00,0.00,2.94,-7.28,-6.47,67.61,59.95,314.52,287.04,402.43,380.30,391.81,311.39,332.29,304.27,354.88,328.05,351.33,380.30,
61.419,0,6.00,0.73,34.26,7.46,1.48,2.75,4.37,3.54,90.60,40.74,99.96,0.00,95.23,90.60,14.11,3.54,0.00,46.43,97.85,58.11,68.24,0.00,0.76,0.64,100.00,0.02,1.30,99.05,1.22,0.44,40.40,13.45,24.61,0.00,0.00,6.03,-7.03,-6.72,67.56,59.36,313.63,286.52,402.53,381.20,391.22,311.22,332.25,304.49,354.65,326.97,350.78,381.20,
61.599,0,6.55,46.62,76.79,4.94,1.48,2.41,3.30,3.80,89.49,0.00,99.96,-6.79,94.83,89.49,7.97,3.80,0.00,50.33,95.23,75.21,85.93,26.44,0.43,0.61,100.00,0.07,1.03,99.79,1.49,1.63,37.83,11.49,66.64,0.00,0.00,8.22,-7.45,-6.52,67.70,60.41,313.48,286.04,403.22,381.61,392.03,311.04,331.93,304.85,354.64,326.16,351.09,381.61,
61.666,0,5.59,8.94,82.76,3.74,2.03,1.91,3.18,2.75,90.52,0.00,99.96,-5.13,94.91,90.52,6.18,2.75,0.00,47.57,96.16,80.90,91.01,4.82,0.42,0.44,100.00,0.03,0.15,99.80,1.32,1.10,41.62,15.78,48.93,0.00,0.00,6.82,-7.37,-5.47,68.01,60.03,314.01,286.57,403.67,382.27,391.84,310.84,332.07,305.33,355.14,327.13,352.60,382.27,
61.736,0,6.41,0.37,58.29,4.14,0.41,1.62,2.46,1.19,85.50,16.71,99.94,-8.78,95.98,85.50,4.97,1.19,0.00,23.44,93.62,63.89,80.33,0.00,0.30,0.32,100.00,0.01,0.02,99.71,1.20,0.79,48.14,13.57,16.73,0.00,0.00,7.73,-6.13,-5.10,68.62,60.07,314.42,286.69,403.71,382.17,391.91,310.81,332.08,305.56,355.95,326.83,353.21,382.17,
61.805,0,6.42,0.28,1.86,8.45,0.09,2.85,2.27,0.67,84.20,83.10,99.93,-2.61,95.61,84.20,4.68,0.67,0.00,6.55,90.94,23.35,31.46,0.00,0.25,0.34,100.00,0.01,0.02,99.54,0.86,0.59,44.84,8.96,10.82,0.00,0.00,8.45,-6.60,-4.74,68.55,61.40,315.13,286.30,404.44,381.64,393.21,310.47,332.02,305.50,356.35,326.21,354.13,381.64,
61.948,0,3.71,0.15,0.60,9.66,0.06,3.39,2.03,0.57,82.61,80.69,99.92,-4.82,95.51,82.61,3.62,0.57,0.00,6.25,76.04,17.79,10.88,0.00,0.27,0.23,100.00,0.01,0.01,99.45,0.66,0.37,54.41,4.55,1.28,0.00,0.00,9.04,-6.71,-4.05,68.35,61.38,315.78,286.30,404.92,381.73,393.45,310.21,332.25,305.62,356.83,325.93,355.35,381.73,
62.014,0,3.16,0.15,0.29,11.73,0.05,4.51,2.15,0.61,85.44,76.53,99.94,-3.77,95.86,85.44,2.33,0.61,0.01,4.58,70.27,9.85,4.66,0.00,0.25,0.14,99.99,0.01,0.00,99.40,0.57,0.34,53.75,3.52,0.77,0.00,0.00,8.52,-6.29,-3.77,68.36,61.76,316.27,286.61,404.86,381.48,393.72,310.41,332.16,305.56,357.23,326.16,355.82,381.48,
62.181,0,3.56,0.20,0.35,13.65,0.04,5.77,2.39,0.58,88.86,72.70,99.95,-6.77,96.62,88.86,1.71,0.58,0.01,5.63,71.27,9.66,8.24,0.00,0.31,0.08,99.94,0.00,0.00,99.20,0.39,0.41,59.61,1.07,1.50,0.00,0.00,8.30,-5.23,-3.06,68.27,63.09,317.10,286.57,404.89,380.37,394.53,310.00,331.59,305.60,358.08,325.91,356.87,380.37,
62.249,0,3.21,0.20,0.28,14.40,0.03,6.08,2.42,0.58,89.34,71.21,99.95,-8.24,96.97,89.34,1.61,1.12,0.01,3.61,68.73,8.74,4.12,0.00,0.25,0.06,99.90,0.00,0.00,99.37,0.29,0.37,80.07,0.58,0.73,0.00,0.00,7.85,-4.68,-1.97,67.97,62.80,317.99,286.57,405.22,379.85,394.48,309.15,331.77,305.90,358.93,325.85,358.56,379.85,
62.404,0,3.14,0.20,0.86,13.58,0.03,5.64,2.86,0.35,92.74,72.84,99.97,-16.59,97.27,92.74,2.30,1.53,0.01,1.86,71.32,22.42,13.97,0.00,0.23,0.04,99.91,0.00,0.00,99.62,0.30,0.28,75.84,0.35,0.72,0.00,0.00,7.64,-4.13,-1.50,68.11,61.95,318.91,287.35,405.52,380.15,394.41,309.82,332.56,306.24,359.83,326.39,359.68,380.15,
62.471,0,2.33,0.19,0.58,15.65,0.03,6.16,3.13,0.26,93.50,68.71,99.97,-14.95,96.94,93.50,3.80,1.54,0.01,1.36,62.67,17.49,11.17,0.00,0.26,0.03,99.93,0.00,0.00,99.72,0.30,0.21,75.26,0.17,0.51,0.00,0.00,6.04,-4.72,-0.96,68.27,61.50,319.08,287.65,405.56,380.02,394.03,309.93,332.63,306.43,359.64,327.17,360.30,380.02,
62.623,0,2.20,0.18,0.40,18.63,0.03,6.73,3.53,0.24,94.14,62.75,99.97,-12.25,96.70,94.14,6.18,1.49,0.01,1.27,59.84,11.07,10.21,0.00,0.24,0.02,99.96,0.00,0.00,99.79,0.32,0.18,68.94,0.09,0.66,0.00,0.00,5.80,-5.11,-1.26,68.20,61.93,319.24,287.76,405.53,379.96,394.47,309.93,332.63,306.46,359.51,327.27,360.06,379.96,
62.689,0,1.17,0.16,0.24,21.20,0.03,6.79,3.95,0.26,94.14,57.59,99.97,-10.21,97.34,94.14,9.03,1.08,0.01,0.70,44.41,6.42,4.48,0.00,0.26,0.01,99.95,0.00,0.00,99.69,0.25,0.11,76.61,0.04,0.39,0.00,0.00,5.72,-3.99,-0.58,68.29,61.83,319.30,287.63,405.93,380.02,394.31,309.85,332.57,306.57,360.27,327.36,360.97,380.02,
62.840,0,0.72,0.15,0.17,24.21,0.02,7.13,4.54,0.39,94.97,51.59,99.97,-8.83,97.63,94.97,11.66,0.93,0.01,0.30,32.30,2.66,1.78,0.00,0.39,0.01,99.91,0.00,0.00,99.56,0.25,0.10,74.46,0.02,0.20,0.00,0.00,5.30,-3.42,-0.48,68.30,62.18,319.35,287.64,406.05,379.90,394.52,310.01,332.44,306.50,360.62,327.55,361.15,379.90,
62.911,0,0.51,0.15,0.19,21.43,0.02,6.47,3.87,0.40,92.55,57.15,99.96,-8.71,97.93,92.55,10.05,0.78,0.01,0.21,21.56,3.66,2.17,0.00,0.40,0.01,99.61,0.00,0.00,99.37,0.27,0.07,68.58,0.01,0.06,0.00,0.00,6.28,-2.72,-0.59,67.67,63.42,320.07,287.26,407.03,380.01,396.07,309.43,332.72,306.53,361.79,326.98,361.87,380.01,
63.049,0,0.50,0.17,0.27,16.92,0.02,5.90,3.07,0.51,90.90,66.15,99.96,-11.19,96.90,90.90,6.00,0.87,0.00,0.25,20.65,9.73,3.04,0.00,0.51,0.01,98.76,0.00,0.00,99.22,0.26,0.07,64.04,0.01,0.04,0.00,0.00,5.66,-4.79,-1.10,67.25,63.70,320.15,287.11,407.51,380.30,396.75,309.53,333.14,306.16,361.02,327.18,361.60,380.30,
63.264,0,0.52,0.19,0.25,15.09,0.02,6.08,2.57,0.60,89.84,69.82,99.95,-11.20,96.95,89.84,2.65,1.28,0.01,0.23,20.06,9.69,0.66,0.00,0.60,0.00,94.60,0.00,0.00,99.17,0.25,0.05,63.26,0.00,0.04,0.00,0.00,5.23,-4.71,-1.00,67.41,63.32,319.58,287.18,407.62,380.99,396.26,309.94,333.05,306.18,360.85,327.69,361.48,380.99,
63.337,0,0.31,0.18,0.17,16.23,0.02,6.28,2.56,0.87,68.58,67.54,99.95,-7.87,96.91,88.65,3.76,0.93,0.01,0.10,4.40,3.12,0.23,0.00,0.87,0.00,68.58,0.00,0.00,98.59,0.19,0.01,59.01,0.00,0.02,0.00,0.00,4.80,-4.76,-1.48,67.67,64.28,318.70,287.51,406.86,381.41,396.17,310.37,332.01,306.37,359.98,328.21,360.16,381.41,
63.469,0,0.28,0.18,0.15,13.13,0.02,5.88,2.19,3.32,6.98,73.74,99.88,-7.56,97.15,84.50,4.18,0.71,0.00,0.08,3.23,2.94,0.19,0.00,3.32,0.00,6.98,0.00,0.00,92.56,0.08,0.00,42.54,0.00,0.01,0.00,0.00,3.28,-4.35,-1.50,67.80,63.15,318.98,287.94,406.13,380.76,395.38,309.89,332.31,306.69,360.01,328.69,359.96,380.76,
63.540,0,0.25,0.17,0.13,9.10,0.02,4.77,1.58,6.19,2.31,81.80,99.55,-6.11,97.33,76.05,4.68,0.66,0.00,0.07,1.22,1.90,0.23,0.00,6.19,0.00,2.31,0.00,0.00,84.41,0.06,0.00,54.99,0.00,0.00,0.00,0.00,1.78,-4.03,-1.07,68.05,62.73,319.21,288.20,405.78,380.09,394.89,310.07,332.25,306.58,360.12,329.18,360.34,380.09,
63.746,0,0.17,0.19,0.05,2.84,0.02,4.25,0.74,15.82,2.29,91.49,82.86,-5.42,97.28,60.55,1.95,0.68,0.00,0.06,2.29,0.89,0.13,0.00,15.82,0.01,0.23,0.00,0.00,52.39,0.03,0.00,37.63,0.00,0.00,0.00,0.00,1.34,-4.11,-1.33,68.42,62.33,319.49,288.90,405.07,379.77,394.59,310.42,332.35,307.01,359.88,329.55,359.89,379.77,
63.812,0,0.09,0.19,0.02,1.14,0.02,12.77,0.55,44.12,2.43,74.47,58.49,-13.37,96.87,53.48,1.67,0.53,0.00,0.06,2.43,0.71,0.09,0.00,44.12,0.01,0.02,0.00,0.00,18.06,0.02,0.00,26.03,0.00,0.00,0.00,0.00,1.24,-4.84,-1.39,68.07,62.07,319.69,288.49,405.42,379.38,394.75,310.45,332.81,306.38,359.81,329.22,360.11,379.38,
63.978,0,0.06,0.19,0.01,0.96,0.02,28.44,0.57,54.01,1.44,46.56,86.27,-19.66,96.58,54.01,1.96,0.74,0.00,0.03,1.44,0.30,0.07,0.00,62.20,0.01,0.01,0.00,0.00,7.55,0.01,0.00,18.67,0.00,0.00,0.00,0.00,0.59,-5.29,-1.40,67.87,62.12,319.73,288.49,405.41,379.21,394.80,310.45,332.82,306.26,359.60,329.39,360.10,379.21,
64.058,0,0.06,0.18,0.01,0.85,0.02,33.56,0.53,51.59,0.77,41.44,89.88,-21.44,96.80,51.59,2.60,0.77,0.00,0.04,0.75,0.33,0.07,0.00,68.92,0.01,0.00,0.00,0.00,4.51,0.01,0.00,24.12,0.00,0.00,0.00,0.00,0.78,-4.95,-1.48,67.87,62.19,319.75,288.55,405.33,379.22,394.83,310.47,332.79,306.33,359.74,329.35,359.99,379.22,
64.220,0,0.06,0.19,0.01,0.84,0.02,46.63,0.53,52.31,1.08,28.37,95.35,-25.30,96.19,52.31,2.20,0.84,0.00,0.10,0.67,1.08,0.16,0.00,78.62,0.03,0.00,0.00,0.00,3.72,0.00,0.00,26.70,0.00,0.01,0.00,0.00,0.18,-5.86,-1.77,67.59,62.13,320.03,288.80,405.04,378.88,394.95,310.47,332.96,306.37,359.30,329.50,359.70,378.88,
64.292,0,0.05,0.19,0.01,1.10,0.02,62.85,0.76,61.41,0.76,12.15,98.40,-28.71,96.14,61.41,1.80,0.71,0.00,0.18,0.67,0.76,0.13,0.00,83.16,0.17,0.00,0.00,0.00,2.74,0.01,0.00,30.86,0.01,0.03,0.00,0.00,0.62,-5.92,-2.09,67.41,62.42,320.33,288.67,404.94,378.31,395.35,310.51,333.08,306.06,359.37,329.03,359.47,378.31,
64.446,0,0.05,0.19,0.01,1.29,0.03,73.24,0.94,67.06,0.91,1.76,99.25,-31.27,96.26,67.06,1.28,0.74,0.00,0.72,0.79,0.91,0.12,0.00,87.06,0.56,0.00,0.01,0.06,2.49,0.01,0.00,75.05,0.03,0.14,0.00,0.00,1.06,-5.76,-2.67,67.51,62.86,320.41,288.49,404.70,377.60,395.78,310.48,333.08,305.90,359.37,328.56,358.81,377.60,
64.514,0,0.04,0.20,0.01,1.56,0.03,80.82,1.19,72.87,1.18,0.00,99.63,-33.51,96.21,72.87,1.14,0.69,0.00,1.04,1.18,1.00,0.11,0.00,90.10,1.08,0.00,0.08,0.13,2.80,0.02,0.00,59.25,0.15,0.49,0.00,0.00,-0.63,-5.83,-2.80,67.19,62.35,320.53,288.43,404.83,377.43,395.70,310.23,333.51,305.64,359.50,329.04,358.84,377.43,
64.581,0,0.05,0.27,0.01,1.10,0.08,61.41,0.81,63.52,1.97,13.59,98.19,-17.41,95.85,63.52,0.96,0.33,0.00,14.21,1.97,0.44,0.03,0.00,79.50,1.16,0.00,2.09,1.00,5.37,0.03,0.01,1.94,3.66,5.75,0.00,0.00,-3.61,-6.30,-3.40,65.70,63.36,320.18,287.97,404.73,376.52,396.29,309.89,333.13,304.94,359.01,329.63,357.95,376.52,
64.717,0,0.02,5.50,0.00,1.15,82.80,28.11,1.32,48.89,7.74,0.00,98.85,43.74,95.29,75.25,1.10,0.24,0.01,99.87,7.74,0.97,0.00,0.00,48.89,1.40,0.00,58.78,2.85,7.85,0.03,0.01,0.01,38.02,59.09,0.00,0.00,-2.52,-6.96,-2.74,64.11,62.66,320.05,286.91,404.89,375.94,395.67,308.29,333.11,304.68,358.69,328.41,358.64,375.94,
64.790,0,0.01,0.03,0.00,0.35,99.97,0.72,1.35,11.32,11.32,0.00,99.97,78.86,95.70,76.09,0.78,0.14,0.05,99.95,36.48,2.60,0.01,0.00,11.32,0.67,0.00,98.30,0.51,21.36,0.04,0.02,0.12,97.36,50.27,0.00,0.00,-0.55,-6.49,-2.63,64.16,63.01,319.93,286.64,404.77,375.91,395.67,308.27,332.77,304.55,358.78,327.52,358.61,375.91,
65.000,0,0.07,0.02,0.00,0.54,99.98,0.39,1.38,0.53,0.53,0.00,99.98,82.82,96.26,76.80,0.67,0.08,0.03,99.50,80.82,1.59,0.01,0.00,0.53,0.06,0.00,96.92,0.06,46.53,0.04,0.02,0.51,99.99,49.21,0.00,0.00,-1.97,-5.76,-2.75,64.40,63.43,319.79,286.63,405.10,376.18,396.04,308.28,332.72,304.49,359.24,328.20,358.58,376.18,
65.086,0,0.06,0.02,0.00,0.73,99.98,0.43,1.60,0.10,0.03,0.00,99.98,82.14,96.18,80.21,0.97,0.10,0.01,99.47,64.24,1.89,0.02,0.00,0.02,0.02,0.00,81.12,0.04,66.56,0.03,0.01,0.75,100.00,48.12,0.00,0.00,-0.86,-5.88,-2.73,64.59,64.36,320.30,286.69,405.71,376.35,397.07,308.62,332.83,304.68,359.68,327.95,359.10,376.35,
65.165,0,0.07,0.02,0.00,0.66,99.98,0.37,1.39,0.11,0.05,0.00,99.98,82.53,96.27,76.82,0.85,0.11,0.01,99.57,67.42,2.65,0.02,0.00,0.02,0.02,0.00,79.58,0.02,68.59,0.05,0.01,0.35,100.00,48.01,0.00,0.00,-2.75,-5.75,-2.13,64.30,63.36,320.56,287.22,405.47,376.62,396.26,308.60,333.02,304.66,359.79,328.83,359.77,376.62,
65.318,0,0.06,0.01,0.00,0.50,99.98,0.34,1.27,0.13,0.13,0.00,99.98,83.70,96.24,74.47,0.85,0.13,0.01,99.19,63.10,1.06,0.02,0.00,0.01,0.01,0.00,69.56,0.01,64.46,0.13,0.00,0.41,100.00,46.59,0.00,0.00,-2.92,-5.79,-2.13,64.80,62.74,320.50,287.87,405.05,377.02,395.69,309.17,333.08,305.06,359.56,329.34,359.56,377.02,
65.386,0,0.05,0.01,0.00,0.48,99.98,0.36,1.36,0.14,0.14,0.00,99.98,83.43,95.52,76.06,0.95,0.14,0.01,98.31,57.32,0.88,0.02,0.00,0.01,0.01,0.00,57.79,0.02,66.77,0.16,0.00,0.26,100.00,45.37,0.00,0.00,-1.56,-6.70,-3.09,64.84,62.10,320.53,287.00,405.54,376.58,396.07,308.83,334.13,304.36,359.44,328.23,358.91,376.58,
65.531,0,0.02,0.01,0.00,0.42,99.97,0.42,1.67,0.12,0.12,0.00,99.98,81.98,96.30,80.63,1.27,0.12,0.01,95.21,41.71,2.02,0.05,0.00,0.01,0.01,0.00,39.64,0.03,65.71,0.28,0.00,0.39,100.00,41.80,0.00,0.00,-2.77,-5.70,-2.57,65.17,62.66,320.42,287.76,405.12,377.02,395.84,309.34,333.34,304.84,359.62,329.25,359.13,377.02,
65.668,0,0.01,0.00,0.00,0.27,99.92,0.27,1.41,0.11,0.11,0.00,99.98,83.35,96.39,75.27,2.38,0.11,0.01,75.08,14.62,1.47,0.19,0.00,0.04,0.01,0.00,16.56,0.00,64.92,0.47,0.00,32.40,99.99,36.51,0.00,0.00,-0.20,-5.58,-2.31,66.35,62.04,320.37,288.06,404.85,377.47,395.23,309.62,333.33,305.46,359.54,328.63,359.26,377.47,
65.735,0,0.01,0.00,0.00,0.17,99.93,0.17,0.89,0.11,0.11,0.00,99.98,85.55,96.57,64.62,1.88,0.11,0.01,78.98,15.61,1.61,0.15,0.00,0.04,0.01,0.00,15.66,0.01,61.88,0.50,0.00,15.98,99.99,30.37,0.00,0.00,-1.59,-5.30,-1.93,66.42,63.16,320.39,288.61,404.31,377.03,395.39,309.80,332.34,306.08,359.35,329.38,359.32,377.03,
65.869,0,0.01,0.00,0.00,0.15,99.68,0.10,0.67,0.13,0.13,0.00,99.98,87.31,95.81,58.29,1.46,0.13,0.00,51.52,11.65,0.55,0.08,0.00,0.10,0.01,0.00,9.06,0.01,70.06,0.41,0.00,14.94,99.96,11.98,0.00,0.00,-0.35,-6.36,-2.35,66.30,62.19,320.70,288.24,404.46,376.75,395.31,309.74,333.27,305.49,359.12,328.50,359.16,376.75,
65.936,0,0.01,0.00,0.00,0.21,99.48,0.15,0.98,0.17,0.17,0.00,99.98,85.28,95.92,67.75,1.23,0.11,0.00,43.03,11.58,0.60,0.08,0.00,0.17,0.01,0.01,7.06,0.01,72.35,0.35,0.00,15.17,99.90,0.00,0.00,0.00,0.62,-6.22,-2.27,66.42,61.93,320.43,288.13,404.46,377.11,395.00,309.67,333.21,305.59,359.06,328.22,359.12,377.11,
66.073,0,0.01,0.00,0.00,0.36,99.31,0.24,1.67,0.26,0.26,0.00,99.98,82.44,95.16,79.89,2.00,0.11,0.00,38.24,7.13,1.16,0.47,0.00,0.26,0.02,0.00,3.63,0.02,80.85,0.36,0.00,15.31,99.76,0.00,0.00,0.00,-0.54,-7.11,-1.90,66.61,61.96,319.76,288.40,404.22,377.80,394.39,309.95,332.58,305.71,358.15,329.03,359.00,377.80,
66.229,0,0.01,0.00,0.00,0.46,99.19,0.25,2.15,0.27,0.27,0.00,99.98,81.90,94.93,83.03,4.93,0.09,0.00,35.63,3.96,0.87,0.35,0.00,0.27,0.03,0.00,1.78,0.01,83.66,0.38,0.00,17.51,99.63,0.00,0.00,0.00,-0.30,-7.36,-1.86,66.67,62.24,319.62,288.29,404.31,377.93,394.50,309.97,332.41,305.68,357.98,328.95,359.00,377.93,
66.474,0,0.01,0.00,0.00,0.57,98.83,0.23,2.56,0.49,0.49,0.00,99.98,81.56,95.03,83.38,8.59,0.16,0.00,29.97,4.36,1.25,1.78,0.00,0.49,0.02,0.00,1.31,0.01,87.23,0.72,0.00,13.75,99.18,0.00,0.00,0.00,-0.61,-7.24,-2.50,67.19,62.24,318.59,288.64,403.55,378.53,393.87,310.79,331.84,305.67,357.17,329.50,357.49,378.53,
66.540,0,0.01,0.00,0.00,0.45,98.22,0.13,1.97,0.40,0.40,0.00,99.98,83.83,95.44,73.60,12.08,0.17,0.00,22.72,3.58,0.83,0.80,0.00,0.40,0.01,0.00,1.02,0.01,85.23,0.57,0.00,17.77,99.02,0.00,0.00,0.00,-1.67,-6.79,-2.70,67.02,62.43,318.27,288.64,403.01,378.10,393.66,310.42,331.40,305.74,356.96,329.76,356.86,378.10,
66.654,0,0.01,0.00,0.00,0.45,97.34,0.15,1.99,0.46,0.46,0.00,99.98,83.39,95.08,75.93,9.99,0.23,0.00,16.09,3.08,0.59,0.47,0.00,0.46,0.02,0.01,1.08,0.01,84.67,0.50,0.00,33.63,98.69,0.00,0.00,0.00,-1.88,-7.20,-2.81,66.79,62.44,317.97,288.60,402.90,378.24,393.51,310.46,331.26,305.70,356.56,329.88,356.54,378.24,
66.799,0,0.01,0.00,0.00,0.33,96.03,0.13,1.36,0.65,0.65,0.00,99.97,84.35,95.74,71.20,5.62,0.26,0.00,10.46,2.18,0.50,0.22,0.00,0.65,0.03,0.00,0.83,0.01,83.10,0.41,0.01,17.50,97.86,0.00,0.00,0.00,-1.36,-6.44,-2.81,67.10,61.87,317.51,288.71,402.23,378.17,392.64,310.42,330.94,305.95,356.41,329.74,356.03,378.17,
66.987,0,0.01,0.00,0.01,0.22,89.71,0.08,0.77,1.34,1.34,0.00,99.94,80.17,95.76,57.47,5.53,0.26,0.00,2.11,2.56,1.21,0.96,0.00,1.34,0.03,0.00,0.12,0.00,77.43,0.29,0.00,23.88,92.95,0.00,0.00,0.00,-0.08,-6.41,-2.60,67.54,61.94,317.58,288.64,402.49,378.49,392.75,310.40,330.96,306.13,356.57,329.36,356.39,378.49,
67.056,0,0.02,0.00,0.01,0.45,12.92,0.38,0.82,7.50,1.93,74.16,84.58,39.32,95.78,59.54,5.20,0.37,0.00,0.56,1.93,1.01,0.28,0.00,7.50,0.09,0.00,0.01,0.00,50.77,0.17,0.00,25.06,57.26,0.00,0.00,0.00,0.85,-6.38,-2.38,67.93,61.20,317.66,288.64,402.62,378.77,392.37,310.24,331.29,306.36,356.72,329.10,356.76,378.77,
67.199,0,0.05,0.07,0.01,1.09,0.10,3.84,0.81,23.65,1.56,92.31,30.98,0.00,95.78,59.72,4.82,0.46,0.00,0.15,1.56,0.82,0.08,0.00,23.65,0.11,0.00,0.01,0.00,22.24,0.10,0.00,25.06,12.96,0.00,0.00,0.00,0.85,-6.38,-2.38,67.93,61.20,317.66,288.64,402.62,378.77,392.37,310.24,331.29,306.36,356.72,329.10,356.76,378.77,
67.265,0,0.05,0.12,0.01,1.00,0.04,8.56,0.69,37.57,0.68,82.87,50.20,-6.20,96.10,55.86,4.66,0.40,0.00,0.07,0.68,0.51,0.05,0.00,37.57,0.21,0.00,0.00,0.00,10.51,0.06,0.00,20.14,4.65,0.00,0.00,0.00,1.60,-5.98,-2.31,68.17,61.15,317.74,288.59,402.70,378.88,392.38,310.27,331.36,306.31,357.00,328.81,356.91,378.88,
67.338,0,0.06,0.16,0.01,0.78,0.03,29.61,0.51,47.62,0.41,45.39,87.88,-20.33,96.17,47.62,5.89,0.41,0.00,0.02,0.28,0.26,0.02,0.00,70.37,0.21,0.00,0.00,0.00,2.46,0.03,0.00,18.16,0.45,0.00,0.00,0.00,1.37,-5.89,-2.01,68.36,60.97,317.82,288.66,402.61,378.85,392.14,310.27,331.30,306.24,357.03,328.87,357.20,378.85,
67.497,0,0.06,0.17,0.01,0.53,0.02,34.10,0.32,36.74,0.37,40.90,89.40,-22.58,96.23,36.74,5.70,0.37,0.00,0.01,0.11,0.14,0.01,0.00,83.13,0.21,0.00,0.00,0.00,0.54,0.01,0.00,16.94,0.07,0.00,0.00,0.00,0.92,-5.81,-2.15,68.30,61.50,317.85,288.64,402.69,378.71,392.55,310.21,331.17,306.28,357.11,329.03,357.10,378.71,
67.572,0,0.07,0.18,0.01,0.41,0.02,31.60,0.23,30.71,0.29,43.40,86.39,-22.07,96.26,30.71,4.00,0.29,0.00,0.01,0.07,0.15,0.01,0.00,85.63,0.16,0.00,0.00,0.00,0.29,0.01,0.00,17.64,0.02,0.00,0.00,0.00,0.93,-5.76,-1.86,68.33,61.51,317.93,288.71,402.64,378.71,392.43,310.13,331.04,306.38,357.13,329.04,357.38,378.71,
67.638,0,0.08,0.18,0.02,0.31,0.02,25.79,0.17,24.78,0.27,49.21,78.55,-20.42,96.04,24.78,2.11,0.27,0.00,0.01,0.08,0.20,0.01,0.00,84.71,0.20,0.00,0.00,0.00,0.23,0.00,0.00,22.78,0.02,0.00,0.00,0.00,0.91,-6.06,-1.96,68.20,61.04,318.13,288.73,402.77,378.69,392.40,310.13,331.47,306.34,357.18,329.02,357.47,378.69,
67.815,0,0.09,0.19,0.02,0.25,0.02,20.82,0.13,19.09,0.19,58.36,68.76,-18.83,96.19,19.09,1.31,0.19,0.00,0.01,0.05,0.12,0.01,0.00,84.06,0.20,0.00,0.00,0.00,0.10,0.00,0.00,19.54,0.00,0.00,0.00,0.00,1.62,-5.86,-1.63,68.07,62.49,318.87,288.55,403.11,377.93,393.55,310.01,331.17,306.30,357.73,328.44,358.27,377.93,
67.891,0,0.09,0.19,0.02,0.26,0.02,19.54,0.13,20.43,0.21,60.92,66.42,-18.23,95.02,20.43,0.92,0.19,0.00,0.01,0.03,0.21,0.01,0.00,81.39,0.09,0.00,0.00,0.00,0.10,0.00,0.00,28.44,0.00,0.00,0.00,0.00,3.13,-7.26,-2.05,67.67,62.74,319.37,288.24,403.82,377.99,394.48,310.22,331.88,305.95,357.63,327.70,358.42,377.99,
68.111,0,0.07,0.19,0.01,0.38,0.02,27.85,0.22,32.02,0.17,47.15,82.22,-20.49,94.82,32.02,1.05,0.14,0.00,0.01,0.02,0.17,0.02,0.00,80.38,0.05,0.00,0.00,0.00,0.09,0.00,0.00,3.19,0.00,0.00,0.00,0.00,2.43,-7.46,-1.68,67.53,62.25,319.24,287.94,404.26,378.32,394.22,309.75,332.09,305.84,357.70,327.90,358.95,378.32,
68.265,0,0.09,0.19,0.02,0.25,0.02,18.56,0.13,20.47,0.83,62.87,64.11,-18.13,95.50,20.47,0.35,0.31,0.00,0.01,0.03,0.83,0.07,0.00,80.08,0.07,0.00,0.00,0.00,0.08,0.00,0.00,6.57,0.00,0.00,0.00,0.00,4.00,-6.72,-1.88,67.30,62.61,319.18,287.82,404.34,378.52,394.49,309.86,332.01,305.88,358.06,327.35,358.77,378.52,
68.402,0,0.11,0.24,0.02,0.36,0.02,23.90,0.15,24.55,8.87,52.19,63.29,-22.75,95.50,24.55,0.07,8.87,0.00,0.01,0.12,1.53,0.06,0.00,75.55,0.09,0.00,0.00,0.00,0.06,0.00,0.00,7.29,0.00,0.00,0.00,0.00,4.58,-6.73,-2.07,66.82,62.48,319.18,287.91,404.36,378.64,394.53,310.05,332.18,306.04,358.09,327.26,358.61,378.64,
68.612,0,1.44,1.46,0.02,2.47,0.02,76.34,0.18,27.77,27.77,0.00,97.37,-60.96,95.33,27.77,0.03,81.46,0.00,0.02,0.56,6.55,0.11,0.00,56.83,0.08,0.00,0.00,0.00,0.05,0.00,0.00,18.12,0.00,0.00,0.00,0.00,5.32,-6.92,-2.36,66.53,62.75,319.23,288.05,404.44,378.80,394.87,310.48,332.26,306.18,358.05,327.16,358.36,378.80,
68.849,0,2.99,2.07,0.03,2.30,0.02,75.93,0.10,14.00,14.00,0.00,99.08,-65.37,95.71,14.00,0.03,95.66,0.00,0.01,0.32,6.00,0.08,0.00,55.87,0.09,0.00,0.00,0.00,0.05,0.00,0.00,17.62,0.00,0.00,0.00,0.00,3.14,-6.47,-1.90,66.80,62.45,319.29,288.54,404.51,379.09,394.58,310.32,332.22,306.79,358.34,328.41,358.91,379.09,
68.984,0,2.84,1.87,0.02,1.90,0.02,70.21,0.08,10.03,10.03,4.79,98.78,-61.27,95.91,10.03,0.08,91.61,0.00,0.01,0.07,3.66,0.04,0.00,56.45,0.09,0.00,0.00,0.00,0.05,0.00,0.00,30.61,0.00,0.00,0.00,0.00,4.11,-6.23,-2.14,66.78,62.49,319.08,288.37,404.60,379.20,394.65,310.31,332.25,306.92,358.41,328.08,358.61,379.20,
69.054,0,2.39,1.60,0.02,1.54,0.02,70.02,0.08,8.06,8.06,4.98,98.80,-58.85,96.52,8.06,0.09,85.35,0.00,0.01,0.04,2.39,0.03,0.00,62.83,0.12,0.00,0.00,0.00,0.04,0.00,0.00,18.20,0.00,0.00,0.00,0.00,2.84,-5.39,-1.97,67.31,62.47,318.75,288.90,404.31,379.71,394.25,310.63,331.86,307.34,358.52,329.05,358.49,379.71,
69.123,0,1.28,1.02,0.02,0.92,0.02,59.10,0.07,6.57,6.57,15.90,97.16,-50.15,96.56,6.57,0.13,66.96,0.00,0.01,0.03,1.53,0.02,0.00,70.33,0.13,0.00,0.00,0.00,0.03,0.00,0.00,20.55,0.00,0.00,0.00,0.00,2.49,-5.33,-1.97,67.37,62.49,318.78,288.97,404.33,379.73,394.28,310.66,331.88,307.37,358.58,329.24,358.51,379.73,
69.197,0,0.95,0.82,0.02,0.72,0.02,48.81,0.07,5.88,5.88,26.19,94.46,-44.86,96.46,5.88,0.15,58.25,0.00,0.01,0.02,1.21,0.01,0.00,70.38,0.12,0.00,0.00,0.00,0.03,0.00,0.00,23.62,0.00,0.00,0.00,0.00,2.83,-5.47,-1.95,67.47,62.54,318.74,288.94,404.28,379.71,394.25,310.66,331.79,307.38,358.45,329.09,358.48,379.71,
69.447,0,0.49,0.51,0.02,0.40,0.02,26.18,0.06,3.35,3.35,48.82,78.25,-33.26,96.49,3.35,0.15,39.11,0.00,0.00,0.01,1.30,0.02,0.00,70.15,0.09,0.00,0.00,0.00,0.02,0.00,0.00,46.15,0.00,0.00,0.00,0.00,2.68,-5.44,-1.68,67.40,62.84,319.03,289.14,404.42,379.72,394.50,310.71,331.74,307.63,358.66,329.27,358.95,379.72,
69.514,0,0.31,0.37,0.03,0.27,0.02,16.94,0.06,2.21,2.21,66.13,59.12,-26.31,96.10,2.21,0.09,25.97,0.00,0.01,0.02,1.78,0.03,0.00,71.96,0.09,0.00,0.00,0.00,0.03,0.00,0.00,58.99,0.00,0.00,0.00,0.00,1.43,-5.98,-1.81,67.63,61.68,318.91,289.85,404.10,380.36,393.73,311.31,332.14,307.88,358.23,330.27,358.65,380.36,
69.660,0,0.20,0.28,0.03,0.19,0.02,9.91,0.06,1.84,3.52,80.19,34.74,-20.23,96.33,1.84,0.08,15.00,0.00,0.01,0.03,3.52,0.02,0.00,70.48,0.11,0.00,0.00,0.00,0.03,0.00,0.00,60.38,0.00,0.00,0.00,0.00,1.80,-5.67,-2.07,67.15,62.23,319.82,289.58,404.60,379.49,394.83,311.22,332.72,307.48,359.07,329.67,359.08,379.49,
69.733,0,0.20,0.28,0.03,0.19,0.02,8.08,0.06,1.73,2.87,83.84,27.31,-18.37,96.56,1.73,0.08,14.85,0.00,0.02,0.05,2.87,0.02,0.00,66.30,0.10,0.00,0.00,0.00,0.03,0.00,0.00,53.93,0.00,0.00,0.00,0.00,1.01,-5.33,-1.82,67.19,62.02,319.96,289.67,404.64,379.52,394.69,311.10,332.79,307.45,359.34,329.97,359.42,379.52,
69.882,0,0.19,0.26,0.02,0.19,0.02,5.70,0.06,1.77,1.77,88.60,16.67,-14.49,97.22,1.77,0.09,12.81,0.00,0.01,0.04,1.29,0.01,0.00,60.50,0.06,0.00,0.00,0.00,0.04,0.00,0.00,58.05,0.00,0.01,0.00,0.00,1.21,-4.23,-1.28,67.23,62.27,320.44,289.88,404.87,379.41,394.93,310.90,332.73,308.05,360.20,330.06,360.31,379.41,
69.979,0,0.17,0.24,0.03,0.17,0.02,2.61,0.06,1.22,1.22,94.77,5.53,-8.30,97.06,1.22,0.09,9.66,0.00,0.01,0.04,1.14,0.00,0.00,48.35,0.02,0.00,0.00,0.00,0.05,0.00,0.00,44.44,0.00,0.01,0.00,0.00,2.02,-4.52,-1.17,66.86,63.57,321.60,289.65,405.60,378.53,396.50,310.77,332.99,307.92,360.94,329.36,361.31,378.53,
70.137,0,0.18,0.24,0.02,0.17,0.02,1.65,0.06,0.73,0.76,96.71,2.85,-5.01,97.04,0.73,0.04,9.51,0.00,0.01,0.07,0.76,0.01,0.00,39.91,0.01,0.00,0.00,0.00,0.06,0.00,0.00,72.60,0.00,0.00,0.00,0.00,2.92,-4.55,-1.39,66.30,62.54,322.27,289.42,406.15,378.46,396.67,310.67,334.21,307.54,361.59,328.78,361.75,378.46,
70.413,0,0.14,0.21,0.02,0.14,0.02,0.74,0.06,0.88,0.93,98.51,0.85,0.00,96.87,0.88,0.04,3.40,0.00,0.01,0.11,0.93,0.01,0.00,29.94,0.01,0.00,0.00,0.00,0.16,0.00,0.00,75.03,0.00,0.00,0.00,0.00,3.40,-4.84,-1.30,66.02,62.39,322.78,289.12,406.91,378.50,397.19,310.36,334.87,307.44,362.08,328.44,362.46,378.50,
70.479,0,0.14,0.21,0.02,0.16,0.02,2.04,0.06,3.56,3.56,95.92,3.10,-5.04,97.14,3.56,0.14,4.12,0.00,0.02,0.19,1.31,0.01,0.00,46.36,0.03,0.00,0.00,0.00,0.11,0.00,0.00,19.91,0.00,0.00,0.00,0.00,0.85,-4.37,-1.55,66.47,61.24,322.56,289.22,406.86,378.68,396.55,310.56,335.42,306.85,362.23,329.41,362.14,378.68,
70.629,0,0.13,0.22,0.02,0.20,0.02,9.61,0.08,8.42,5.09,80.77,25.96,-15.06,97.32,8.42,0.66,5.09,0.00,0.03,0.16,0.35,0.03,0.00,71.87,0.06,0.00,0.00,0.00,0.10,0.00,0.00,0.16,0.00,0.00,0.00,0.00,-1.68,-4.04,-1.72,66.30,62.27,322.71,288.84,407.42,378.39,397.53,309.90,335.36,306.47,362.72,330.05,362.31,378.39,
70.696,0,0.05,0.15,0.01,0.93,0.02,50.94,0.63,45.79,1.90,24.06,96.64,-27.72,98.15,45.79,12.53,1.90,0.03,0.01,0.03,0.07,0.01,0.00,89.35,0.15,0.00,0.00,0.00,0.08,0.00,0.00,0.00,0.00,0.01,0.00,0.00,-4.30,-2.15,-1.49,65.58,61.68,323.56,288.26,408.55,377.77,398.11,308.65,336.48,306.11,364.66,330.47,363.57,377.77,
70.852,0,0.01,0.04,0.01,10.94,0.02,63.54,13.83,73.04,1.09,11.46,99.70,-34.52,98.20,73.04,62.61,1.09,0.45,0.01,0.01,0.01,0.01,0.00,92.38,0.16,0.00,0.00,0.00,0.08,0.00,0.00,0.00,0.00,0.01,0.00,0.00,-3.72,-1.99,-1.60,65.69,61.63,324.00,288.20,409.11,378.01,398.62,308.82,337.06,305.91,365.24,330.29,363.97,378.01,
70.995,0,0.01,0.02,0.01,29.57,0.02,70.62,42.69,82.99,0.42,4.38,99.94,-38.39,98.28,82.99,86.63,0.42,3.30,0.01,0.00,0.02,0.01,0.00,98.06,0.25,0.00,0.00,0.00,0.09,0.01,0.00,0.00,0.00,0.02,0.00,0.00,-4.44,-1.77,-1.27,65.18,61.52,324.49,288.00,409.86,378.06,399.03,308.36,337.57,305.87,365.95,330.46,364.92,378.06,
71.061,0,0.01,0.02,0.01,29.83,0.02,71.63,42.94,83.42,0.39,3.37,99.93,-38.58,98.20,83.42,85.78,0.39,3.97,0.01,0.00,0.01,0.01,0.00,98.39,0.21,0.00,0.00,0.00,0.10,0.01,0.00,0.00,0.00,0.01,0.00,0.00,-3.85,-2.00,-1.51,65.51,60.57,323.83,288.53,409.54,379.30,398.15,309.22,337.66,306.06,365.38,330.94,364.24,379.30,
71.216,0,0.01,0.03,0.01,28.03,0.02,76.02,40.33,86.13,0.36,0.00,99.94,-39.32,98.32,86.13,80.68,0.36,3.79,0.01,0.00,0.03,0.01,0.00,98.82,0.15,0.00,0.00,0.00,0.13,0.01,0.00,0.00,0.00,0.01,0.00,0.00,-3.88,-1.67,-1.19,65.33,60.38,323.65,288.42,409.56,379.41,397.83,309.02,337.52,306.11,365.46,330.96,364.47,379.41,
71.364,0,0.01,0.03,0.01,25.06,0.02,79.27,35.50,87.75,1.07,0.00,99.94,-40.03,98.48,87.75,75.02,1.07,2.90,0.01,0.01,0.05,0.01,0.00,98.64,0.08,0.00,0.00,0.00,0.11,0.00,0.00,0.00,0.00,0.01,0.00,0.00,-4.47,-1.15,-0.85,65.03,60.12,323.75,288.47,409.52,379.27,397.57,308.77,337.50,306.24,365.72,331.14,364.82,379.27,
71.452,0,0.01,0.03,0.01,24.56,0.02,81.45,34.46,89.72,1.65,0.00,99.95,-40.73,98.34,89.72,72.78,1.65,2.07,0.01,0.01,0.04,0.01,0.00,98.37,0.10,0.00,0.00,0.00,0.09,0.00,0.00,0.00,0.00,0.01,0.00,0.00,-4.52,-1.60,-0.95,65.00,60.01,323.75,288.47,409.50,379.25,397.55,308.82,337.59,306.17,365.50,331.14,364.72,379.25,
71.532,0,0.01,0.04,0.01,20.82,0.02,84.18,27.64,90.27,3.43,0.00,99.95,-41.63,98.33,90.27,65.30,3.43,1.33,0.01,0.01,0.04,0.01,0.00,97.67,0.11,0.00,0.00,0.00,0.06,0.00,0.00,0.00,0.00,0.01,0.00,0.00,-3.94,-1.62,-0.94,65.12,60.27,323.74,288.39,409.60,379.30,397.73,308.91,337.51,306.16,365.53,330.93,364.77,379.30,
71.603,0,0.01,0.04,0.01,23.76,0.02,86.62,29.22,91.64,7.57,0.00,99.95,-44.08,98.25,91.64,66.13,7.57,0.99,0.01,0.02,0.04,0.01,0.00,96.95,0.12,0.00,0.00,0.00,0.04,0.00,0.00,0.00,0.00,0.01,0.00,0.00,-3.32,-1.87,-0.83,65.20,60.08,323.74,288.34,409.61,379.36,397.59,308.84,337.56,306.23,365.42,330.68,364.88,379.36,
71.750,0,0.02,0.05,0.01,25.13,0.02,89.95,27.93,92.97,12.38,0.00,99.96,-47.20,98.19,92.97,63.64,12.38,0.63,0.01,0.02,0.08,0.02,0.00,97.07,0.14,0.00,0.00,0.00,0.03,0.00,0.00,0.00,0.00,0.00,0.00,0.00,-3.16,-2.04,-0.70,65.24,60.17,323.72,288.37,409.56,379.40,397.55,308.72,337.42,306.39,365.30,330.64,364.96,379.40,
71.826,0,0.01,0.05,0.01,30.18,0.02,89.31,34.43,93.22,12.73,0.00,99.96,-47.60,98.19,93.22,70.65,12.73,0.67,0.01,0.02,0.07,0.02,0.00,97.44,0.21,0.00,0.00,0.00,0.03,0.00,0.00,0.00,0.00,0.01,0.00,0.00,-3.42,-2.02,-0.83,65.20,60.39,323.82,288.39,409.57,379.30,397.78,308.62,337.42,306.42,365.36,330.70,364.88,379.30,
71.978,0,0.02,0.05,0.01,29.41,0.02,90.76,32.11,93.86,14.48,0.00,99.96,-48.75,98.24,93.86,67.53,14.48,0.64,0.01,0.02,0.05,0.01,0.00,97.47,0.19,0.00,0.00,0.00,0.03,0.00,0.00,0.00,0.00,0.01,0.00,0.00,-2.98,-1.89,-0.99,65.38,60.37,323.67,288.32,409.64,379.45,397.79,308.99,337.48,306.19,365.39,330.59,364.71,379.45,
72.047,0,0.02,0.06,0.01,25.73,0.02,92.03,27.17,94.64,14.70,0.00,99.96,-49.11,98.34,94.64,61.13,14.70,0.56,0.01,0.03,0.04,0.01,0.00,97.70,0.12,0.00,0.00,0.00,0.03,0.00,0.00,0.00,0.00,0.00,0.00,0.00,-3.28,-1.59,-1.02,65.31,59.93,323.72,288.40,409.54,379.32,397.54,309.12,337.68,306.12,365.52,330.70,364.67,379.32,
72.113,0,0.02,0.07,0.00,21.22,0.02,92.70,21.81,94.66,14.00,0.00,99.97,-48.78,98.24,94.66,54.25,14.00,0.43,0.02,0.05,0.04,0.02,0.00,97.90,0.10,0.00,0.00,0.00,0.04,0.00,0.00,0.00,0.00,0.00,0.00,0.00,-3.34,-1.88,-0.95,65.27,59.93,323.76,288.39,409.58,379.28,397.55,309.12,337.69,306.11,365.42,330.70,364.76,379.28,
72.339,0,0.02,0.07,0.01,18.23,0.02,90.10,19.11,89.87,11.87,0.00,99.95,-46.41,98.32,89.87,55.03,11.87,0.47,0.01,0.07,0.04,0.01,0.00,97.72,0.15,0.00,0.00,0.00,0.06,0.00,0.00,0.00,0.00,0.00,0.00,0.00,-3.51,-1.66,-1.27,65.28,60.78,323.88,288.54,409.59,379.29,398.20,309.23,337.50,306.20,365.59,330.85,364.51,379.29,
72.545,0,0.02,0.06,0.01,16.03,0.02,88.77,17.10,87.48,10.14,0.00,99.94,-45.06,98.26,87.48,54.12,10.14,0.51,0.01,0.04,0.06,0.02,0.00,98.28,0.14,0.00,0.00,0.00,0.06,0.00,0.00,0.00,0.00,0.00,0.00,0.00,-3.43,-1.83,-1.26,65.41,61.43,324.09,288.55,409.60,379.02,398.64,309.22,337.29,306.25,365.60,330.74,364.60,379.02,
72.613,0,0.02,0.06,0.01,17.23,0.02,88.18,19.64,88.80,8.27,0.00,99.95,-44.37,98.25,88.80,56.79,8.27,0.59,0.01,0.02,0.05,0.01,0.00,98.50,0.15,0.00,0.00,0.00,0.06,0.00,0.00,0.00,0.00,0.01,0.00,0.00,-3.52,-1.87,-1.23,65.39,61.10,324.04,288.51,409.68,379.16,398.48,309.14,337.45,306.22,365.60,330.79,364.65,379.16,
72.682,0,0.01,0.05,0.01,21.27,0.02,87.21,26.19,90.58,6.84,0.00,99.96,-44.04,98.19,90.58,63.92,6.84,0.64,0.01,0.02,0.05,0.01,0.00,98.73,0.15,0.00,0.00,0.00,0.06,0.00,0.00,0.00,0.00,0.01,0.00,0.00,-2.75,-2.04,-1.27,65.54,60.67,324.11,288.48,409.75,379.28,398.35,309.18,337.75,306.24,365.60,330.52,364.71,379.28,
72.832,0,0.01,0.04,0.01,22.13,0.02,86.52,27.48,90.25,6.71,0.00,99.95,-43.82,98.26,90.25,65.66,6.71,0.80,0.01,0.02,0.05,0.01,0.00,98.52,0.17,0.00,0.00,0.00,0.07,0.00,0.00,0.00,0.00,0.01,0.00,0.00,-3.68,-1.85,-1.46,65.44,60.96,324.04,288.58,409.72,379.24,398.53,309.20,337.64,306.30,365.64,330.94,364.46,379.24,
72.898,0,0.01,0.04,0.01,21.93,0.02,85.90,27.51,89.84,6.20,0.00,99.95,-43.40,98.23,89.84,66.00,6.20,0.91,0.01,0.03,0.05,0.01,0.00,98.44,0.16,0.00,0.00,0.00,0.07,0.00,0.00,0.00,0.00,0.01,0.00,0.00,-3.25,-1.93,-1.39,65.51,61.10,324.10,288.51,409.76,379.23,398.62,309.19,337.59,306.21,365.65,330.71,364.57,379.23,
73.037,0,0.01,0.04,0.01,19.71,0.02,84.13,24.01,85.98,6.53,0.00,99.93,-42.72,98.21,85.98,64.92,6.53,1.44,0.01,0.02,0.06,0.01,0.00,98.46,0.18,0.00,0.00,0.00,0.07,0.00,0.00,0.00,0.00,0.01,0.00,0.00,-2.37,-1.98,-1.39,65.59,60.95,324.12,288.46,409.75,379.21,398.55,309.17,337.67,306.35,365.63,330.37,364.58,379.21,
73.261,0,0.02,0.06,0.31,5.53,0.02,60.02,11.04,70.37,44.52,14.98,99.76,-60.61,98.16,70.37,58.75,8.74,0.80,0.13,0.37,44.52,30.02,0.00,98.07,0.15,0.00,0.00,0.00,0.08,0.00,0.00,0.00,0.00,0.00,0.00,0.00,-2.01,-2.12,-0.91,65.16,61.73,324.34,288.28,409.96,379.02,398.95,308.93,337.27,306.36,365.74,330.08,365.22,379.02,
73.341,0,0.08,0.15,2.98,1.18,0.02,63.79,2.14,63.42,65.83,11.21,99.65,-72.10,98.05,63.42,24.73,14.73,0.14,0.25,22.44,65.83,52.17,0.00,97.89,0.09,0.00,0.00,0.00,0.13,0.01,0.00,0.00,0.00,0.00,0.00,0.00,-1.36,-2.41,-0.97,65.17,61.62,324.03,288.01,410.18,379.45,398.88,308.83,337.32,306.22,365.55,329.85,365.11,379.45,
73.481,0,0.33,0.24,44.71,0.98,0.03,71.07,1.96,66.35,95.41,3.93,99.97,-93.66,97.72,66.35,19.68,28.59,0.08,1.27,43.66,95.41,88.89,0.00,97.45,0.10,0.01,0.00,0.00,0.26,0.02,0.00,0.00,0.00,0.00,0.00,0.00,-1.25,-3.21,-0.55,64.94,61.02,323.75,287.69,411.14,380.58,398.73,308.62,337.76,306.27,365.51,330.09,365.85,380.58,
73.621,0,6.51,0.65,59.94,1.25,0.03,90.16,1.12,64.44,97.34,0.00,99.97,-99.50,97.76,64.44,8.00,56.97,0.04,1.09,90.14,99.13,96.50,0.00,97.34,0.12,0.51,0.00,0.00,0.75,0.04,0.00,0.00,0.00,0.00,0.00,0.00,-0.58,-3.13,-0.54,64.77,61.84,323.94,287.08,411.52,380.19,399.43,308.09,337.63,305.85,365.81,329.35,366.14,380.19,
73.775,0,30.49,1.22,79.80,0.41,0.04,79.61,0.15,22.17,98.02,0.00,99.98,-96.31,97.32,22.17,1.29,75.67,0.04,8.04,97.48,99.99,99.99,0.00,98.02,0.32,12.66,0.00,0.00,2.02,0.11,0.00,0.03,0.00,0.00,0.00,0.00,0.94,-4.03,-0.60,64.62,61.30,324.55,287.25,411.58,380.02,399.52,308.17,338.26,306.13,365.71,328.75,366.40,380.02,
73.933,0,54.90,1.74,86.40,0.28,0.04,72.66,0.06,8.56,97.69,0.00,99.98,-96.07,98.16,0.21,0.02,88.74,0.01,8.56,99.81,100.00,100.00,0.00,97.69,0.68,82.32,0.00,0.00,4.90,0.08,0.00,5.99,0.00,0.01,0.00,0.00,6.61,-2.10,-0.63,65.87,62.39,324.78,288.26,410.71,380.17,399.76,309.83,337.41,307.49,366.32,327.40,366.07,380.17,
74.008,0,67.92,2.28,88.71,0.43,0.05,82.12,0.06,12.67,97.98,0.00,99.98,-94.19,98.39,0.05,0.00,99.70,0.00,12.67,99.98,100.00,100.00,0.00,97.98,0.93,99.28,0.00,0.00,10.92,0.04,0.00,12.55,0.00,0.01,0.00,0.00,7.37,-1.44,-0.23,65.01,61.07,325.91,288.85,410.59,379.29,399.39,310.44,338.37,307.83,367.16,327.20,367.00,379.29,
74.172,0,77.27,2.30,93.88,0.63,0.12,84.26,0.06,28.93,97.42,0.00,99.98,-86.73,98.24,0.00,0.00,99.99,0.00,28.93,100.00,100.00,100.00,0.00,97.42,1.42,99.97,0.00,0.00,30.52,0.02,0.00,13.91,0.00,0.01,0.00,0.00,4.51,-1.90,-0.98,64.54,62.38,326.57,288.91,410.62,378.35,400.75,310.24,338.45,307.30,367.28,327.88,366.58,378.35,
74.245,0,82.92,2.30,96.44,0.84,0.15,85.55,0.06,32.65,97.65,0.00,99.98,-85.02,98.27,0.00,0.00,100.00,0.00,32.65,100.00,100.00,100.00,0.00,97.65,4.21,99.97,0.00,0.00,44.79,0.02,0.00,18.42,0.00,0.02,0.00,0.00,5.13,-1.80,-0.63,64.34,63.31,326.82,288.81,410.35,377.49,401.06,310.10,337.81,307.34,367.29,327.36,366.88,377.49,
74.486,0,90.13,2.30,98.55,1.43,0.03,82.57,0.06,6.46,98.07,0.00,99.98,-97.03,98.09,0.00,0.00,100.00,0.00,6.46,100.00,100.00,100.00,0.00,98.07,5.12,99.96,0.00,0.00,71.56,0.02,0.00,4.64,0.00,0.01,0.00,0.00,2.29,-2.31,-1.10,64.46,63.14,326.55,287.65,411.14,377.14,401.49,308.57,338.38,306.47,367.32,327.60,366.68,377.14,
74.568,0,75.40,2.29,96.82,0.97,0.03,81.94,0.06,1.90,99.20,0.00,99.98,-99.13,98.03,0.23,0.17,99.99,0.02,1.90,84.17,99.96,99.94,0.00,99.20,1.53,96.96,0.00,0.00,51.18,0.03,0.00,0.01,0.00,0.00,0.00,0.00,0.12,-2.46,-1.31,64.38,62.02,326.44,286.84,411.99,377.64,401.35,308.04,339.40,304.89,367.65,327.90,366.89,377.64,
74.732,0,17.39,2.06,0.06,2.85,0.02,95.35,0.07,1.26,29.21,0.00,99.98,-77.25,98.27,1.26,2.49,97.97,0.09,0.05,29.21,2.61,1.91,0.00,99.32,0.52,13.83,0.00,0.00,22.07,0.05,0.00,0.00,0.00,0.01,0.00,0.00,-1.49,-1.80,-1.42,64.53,61.81,326.24,286.54,411.73,377.08,401.05,307.69,339.33,304.29,367.75,328.09,366.58,377.08,
74.798,0,0.07,0.06,0.03,3.09,0.02,31.53,1.69,21.99,14.28,43.47,99.50,-34.07,98.22,21.99,59.89,14.28,0.49,0.06,0.77,2.85,2.27,0.00,99.38,0.20,0.14,0.00,0.00,6.91,0.06,0.00,0.00,0.00,0.00,0.00,0.00,-1.75,-1.96,-1.39,64.54,61.79,326.28,286.70,411.58,377.02,400.97,307.67,339.27,304.45,367.62,328.24,366.55,377.02,
74.864,0,0.03,0.03,0.02,7.10,0.02,22.10,5.96,27.00,7.62,55.81,99.94,-30.99,98.31,27.00,85.30,7.62,1.45,0.04,0.19,1.98,1.84,0.00,99.40,0.08,0.07,0.00,0.00,6.22,0.05,0.00,0.00,0.00,0.00,0.00,0.00,-0.79,-1.67,-1.17,64.27,61.65,326.63,286.42,411.82,376.66,401.11,307.11,339.51,304.66,368.05,327.61,367.06,376.66,
75.010,0,0.02,0.02,0.02,5.10,0.02,16.00,5.09,23.91,1.14,68.00,99.93,-25.91,98.36,23.91,84.36,1.14,1.47,0.02,0.10,0.62,0.48,0.00,99.31,0.07,0.01,0.00,0.00,2.79,0.04,0.00,0.00,0.00,0.00,0.00,0.00,-1.51,-1.52,-1.03,64.19,62.21,326.51,286.38,411.78,376.55,401.25,306.97,339.08,304.69,368.03,327.86,367.09,376.55,
75.215,0,0.03,0.03,0.02,3.79,0.02,12.40,3.54,17.44,0.60,75.19,99.91,-23.82,98.26,17.44,81.38,0.60,1.80,0.01,0.03,0.44,0.27,0.00,98.68,0.03,0.01,0.00,0.00,2.93,0.05,0.00,0.00,0.00,0.00,0.00,0.00,-1.07,-1.84,-0.97,64.11,61.78,326.43,286.38,411.65,376.74,400.89,307.05,339.17,304.49,367.77,327.67,367.06,376.74,
75.317,0,0.03,0.03,0.02,3.83,0.02,15.36,3.66,21.47,0.53,69.28,99.88,-24.81,98.14,21.47,78.12,0.53,1.87,0.02,0.03,0.45,0.16,0.00,98.97,0.06,0.00,0.00,0.00,2.06,0.03,0.00,0.00,0.00,0.00,0.00,0.00,-1.11,-2.18,-1.00,64.08,61.49,326.14,286.21,411.70,376.94,400.65,306.85,339.20,304.48,367.49,327.68,366.92,376.94,
75.383,0,0.03,0.02,0.02,4.55,0.02,14.60,4.58,22.34,0.51,70.81,99.91,-24.75,98.30,22.34,82.64,0.51,2.11,0.01,0.02,0.27,0.16,0.00,98.48,0.06,0.00,0.00,0.00,1.51,0.03,0.00,0.00,0.00,0.00,0.00,0.00,-0.24,-1.72,-0.93,64.65,62.17,326.02,286.74,411.41,377.31,400.75,307.62,338.63,304.96,367.49,327.85,366.76,377.31,
75.556,0,0.03,0.03,0.02,3.13,0.02,16.21,2.94,22.32,1.26,67.57,99.81,-25.17,98.42,22.32,73.19,0.80,0.52,0.03,0.08,1.26,0.06,0.00,97.93,0.07,0.00,0.00,0.00,1.49,0.02,0.00,5.03,0.00,0.00,0.00,0.00,2.02,-1.33,-0.43,65.10,62.03,325.27,286.69,410.94,377.66,399.82,307.93,337.85,305.29,367.05,327.23,366.63,377.66,
75.634,0,0.06,0.07,0.02,0.75,0.02,16.59,0.48,11.87,0.89,66.82,97.09,-22.18,98.42,11.87,40.14,0.76,0.01,0.02,0.89,0.84,0.05,0.00,96.86,0.02,0.00,0.00,0.00,1.75,0.02,0.00,3.09,0.00,0.00,0.00,0.00,1.77,-1.35,-0.87,65.19,62.49,324.55,286.97,409.70,377.32,399.29,308.21,336.87,305.30,366.08,327.32,365.23,377.32,
75.702,0,0.06,0.08,0.02,0.63,0.02,16.69,0.39,11.47,0.84,66.61,95.46,-21.63,98.28,11.47,35.39,0.71,0.01,0.01,0.84,0.66,0.03,0.00,95.84,0.02,0.01,0.00,0.00,1.71,0.02,0.00,9.22,0.00,0.00,0.00,0.00,2.33,-1.77,-0.81,65.06,62.38,324.49,286.97,409.15,376.95,398.91,307.94,336.58,305.41,365.56,326.93,364.98,376.95,
75.869,0,0.07,0.10,0.02,0.43,0.02,14.70,0.25,9.19,1.13,70.59,88.73,-20.05,97.80,9.19,26.60,0.61,0.01,0.08,0.59,1.13,0.08,0.00,92.42,0.01,0.01,0.00,0.00,1.17,0.01,0.00,4.48,0.00,0.00,0.00,0.00,1.11,-3.02,-1.75,66.01,64.26,322.39,288.04,407.26,377.68,398.34,309.63,334.18,306.12,362.94,328.46,361.98,377.68,
75.947,0,0.07,0.11,0.02,0.50,0.02,20.09,0.30,17.04,2.03,59.82,86.21,-22.31,97.10,17.04,23.99,0.82,0.00,0.07,0.65,2.03,0.17,0.00,92.15,0.03,0.01,0.00,0.00,0.78,0.01,0.00,17.57,0.00,0.01,0.00,0.00,1.64,-4.45,-0.90,66.28,61.96,321.13,288.35,406.81,379.27,395.89,309.94,334.02,306.58,361.40,328.95,362.00,379.27,
76.155,0,0.04,0.11,0.02,1.04,0.02,43.71,0.81,40.03,4.85,31.29,96.55,-29.92,96.56,40.03,24.61,1.08,0.00,0.07,0.79,4.85,1.41,0.00,94.75,0.04,0.00,0.00,0.00,0.39,0.01,0.00,34.06,0.00,0.00,0.00,0.00,0.10,-5.32,-1.53,66.68,61.16,318.68,288.90,404.24,379.83,393.27,310.21,332.21,306.77,358.53,329.92,358.90,379.83,
76.288,0,0.06,0.13,0.02,0.64,0.02,42.10,0.42,31.97,3.41,32.90,94.54,-28.58,95.50,31.97,16.97,1.82,0.01,0.04,0.57,3.41,1.31,0.00,96.85,0.07,0.00,0.00,0.00,0.28,0.01,0.00,27.14,0.00,0.00,0.00,0.00,2.12,-6.73,-2.13,66.87,61.29,318.21,288.74,403.69,379.63,393.13,310.42,331.94,306.84,357.34,329.05,357.78,379.63,
76.369,0,0.06,0.13,0.02,0.58,0.02,35.46,0.36,26.21,3.11,39.54,91.66,-27.22,95.75,26.21,19.15,1.93,0.00,0.04,0.41,3.11,0.87,0.00,96.95,0.10,0.00,0.00,0.00,0.27,0.00,0.00,19.39,0.00,0.00,0.00,0.00,1.59,-6.43,-1.75,67.00,61.22,318.28,288.96,403.15,379.14,392.68,310.25,331.54,307.02,357.24,329.16,357.92,379.14,
76.603,0,0.02,0.04,0.01,4.40,0.02,30.23,4.32,36.45,2.67,44.77,99.74,-29.22,96.58,36.45,69.18,2.67,0.03,0.04,0.24,0.57,0.12,0.00,98.03,0.19,0.00,0.00,0.00,0.21,0.01,0.00,0.09,0.00,0.00,0.00,0.00,-1.69,-5.30,-2.26,66.56,60.75,319.03,288.24,404.30,378.37,393.61,309.29,332.94,306.11,358.79,329.71,358.44,378.37,
76.669,0,0.01,0.02,0.01,23.23,0.02,48.14,32.50,63.97,1.72,26.86,99.97,-34.98,96.54,63.97,96.43,1.72,2.05,0.04,0.13,0.32,0.08,0.00,98.38,0.09,0.00,0.00,0.00,0.12,0.01,0.00,0.00,0.00,0.00,0.00,0.00,-2.79,-5.35,-2.76,66.14,60.90,319.66,288.05,405.08,378.17,394.62,309.35,333.83,305.60,359.49,329.93,358.66,378.17,
76.735,0,0.01,0.02,0.01,17.32,0.02,36.86,23.60,53.53,1.15,38.14,99.97,-32.34,97.45,53.53,96.25,1.15,2.02,0.02,0.09,0.13,0.04,0.00,98.85,0.12,0.00,0.00,0.00,0.09,0.01,0.00,0.00,0.00,0.00,0.00,0.00,-3.71,-3.79,-2.17,66.02,61.34,321.07,288.12,406.60,377.90,396.06,308.65,334.76,306.56,361.67,330.42,360.69,377.90,
76.871,0,0.02,0.02,0.01,13.82,0.02,26.49,18.15,42.84,0.42,48.51,99.97,-29.65,97.35,42.84,96.37,0.42,4.63,0.01,0.04,0.06,0.02,0.00,99.45,0.10,0.00,0.00,0.00,0.03,0.01,0.00,0.00,0.00,0.00,0.00,0.00,-3.58,-3.99,-1.64,65.94,61.32,321.94,288.11,407.35,378.03,396.61,308.53,335.33,306.38,362.36,330.30,362.00,378.03,
77.081,0,0.01,0.02,0.01,16.85,0.02,32.63,22.78,49.16,0.37,42.37,99.97,-31.10,98.09,49.16,95.84,0.37,5.69,0.01,0.03,0.06,0.01,0.00,99.55,0.11,0.00,0.00,0.00,0.03,0.00,0.00,0.00,0.00,0.00,0.00,0.00,-4.20,-2.30,-2.00,65.78,61.58,323.06,288.13,408.50,377.90,398.03,308.67,336.49,306.29,364.33,330.55,362.81,377.90,
77.149,0,0.01,0.02,0.01,28.66,0.02,52.80,41.05,68.35,0.31,22.20,99.98,-35.50,97.97,68.35,97.54,0.31,5.42,0.01,0.04,0.07,0.02,0.00,99.64,0.10,0.00,0.00,0.00,0.04,0.00,0.00,0.00,0.00,0.00,0.00,0.00,-3.57,-2.63,-1.47,65.66,61.16,323.53,288.17,409.19,378.62,398.14,308.68,337.02,306.22,364.74,330.48,363.91,378.62,
77.228,0,0.01,0.02,0.01,28.61,0.02,48.90,40.63,65.27,0.26,26.10,99.98,-34.74,98.16,65.27,98.26,0.26,7.36,0.01,0.05,0.07,0.03,0.00,99.59,0.07,0.00,0.00,0.00,0.06,0.00,0.00,0.00,0.00,0.00,0.00,0.00,-3.61,-2.12,-0.68,65.44,61.17,323.86,288.08,409.77,379.01,398.23,308.49,337.11,306.11,365.41,330.53,365.12,379.01,
77.452,0,0.01,0.02,0.01,31.12,0.02,48.28,43.74,65.47,0.28,26.72,99.98,-34.64,98.12,65.47,98.99,0.28,9.49,0.02,0.06,0.05,0.05,0.00,99.17,0.02,0.00,0.00,0.00,0.18,0.01,0.00,0.00,0.00,0.00,0.00,0.00,-3.71,-2.23,-0.72,65.40,61.78,323.91,288.16,409.82,379.00,398.60,308.65,336.87,306.18,365.39,330.65,365.11,379.00,
77.611,0,0.01,0.02,0.01,28.45,0.02,48.54,40.63,66.85,0.27,26.46,99.98,-34.60,98.07,66.85,98.76,0.27,5.27,0.02,0.06,0.06,0.06,0.00,98.14,0.02,0.00,0.00,0.00,0.36,0.01,0.00,0.00,0.00,0.00,0.00,0.00,-3.71,-2.36,-0.85,65.24,61.49,323.85,288.16,409.78,379.08,398.47,308.65,337.03,306.12,365.29,330.65,364.95,379.08,
77.682,0,0.01,0.02,0.01,25.50,0.02,41.41,36.10,61.96,0.19,33.59,99.97,-33.04,97.98,61.96,98.91,0.19,5.40,0.02,0.05,0.07,0.07,0.00,96.97,0.03,0.00,0.00,0.00,0.60,0.02,0.00,0.00,0.00,0.00,0.00,0.00,-3.74,-2.58,-0.81,65.20,61.17,323.85,288.15,409.78,379.15,398.29,308.48,337.17,306.18,365.19,330.66,364.99,379.15,
77.748,0,0.01,0.02,0.01,21.90,0.02,35.09,30.58,56.17,0.18,39.91,99.97,-31.66,98.04,56.17,98.96,0.18,5.17,0.02,0.04,0.07,0.08,0.00,96.85,0.04,0.00,0.00,0.00,0.69,0.03,0.00,0.00,0.00,0.00,0.00,0.00,-3.66,-2.44,-0.65,65.30,61.15,323.81,288.16,409.74,379.12,398.16,308.52,337.06,306.22,365.21,330.64,365.10,379.12,
77.901,0,0.01,0.02,0.01,22.41,0.02,32.95,30.97,54.33,0.17,42.05,99.97,-31.17,98.10,54.33,99.12,0.17,7.28,0.03,0.04,0.08,0.08,0.00,96.68,0.04,0.00,0.00,0.00,0.74,0.03,0.00,0.00,0.00,0.00,0.00,0.00,-3.90,-2.28,-0.92,65.24,61.19,323.68,288.10,409.80,379.25,398.27,308.47,337.13,306.15,365.26,330.75,364.82,379.25,
77.969,0,0.01,0.02,0.01,32.14,0.02,43.32,44.72,64.63,0.16,30.28,99.97,-33.39,98.02,64.63,99.28,0.16,10.96,0.02,0.04,0.05,0.05,0.00,96.32,0.02,0.00,0.00,0.00,0.67,0.04,0.00,0.00,0.00,0.00,0.00,0.00,-3.32,-2.48,-0.55,65.51,61.44,323.25,288.03,409.79,379.55,398.03,308.17,336.61,306.76,364.93,330.71,364.93,379.55,
78.148,0,0.01,0.02,0.01,41.19,0.02,48.62,55.78,69.53,0.15,19.22,99.97,-34.47,98.04,69.53,99.41,0.15,16.60,0.02,0.03,0.03,0.03,0.00,96.24,0.01,0.00,0.00,0.00,0.60,0.05,0.00,0.00,0.00,0.00,0.00,0.00,-3.19,-2.43,-0.48,65.45,61.38,323.06,287.87,409.78,379.60,397.87,307.99,336.50,306.72,364.85,330.61,364.90,379.60,
78.216,0,0.01,0.02,0.01,47.23,0.02,59.59,63.33,78.15,0.16,11.67,99.97,-36.82,98.09,78.15,99.23,0.16,15.69,0.02,0.02,0.07,0.04,0.00,97.23,0.03,0.00,0.00,0.00,0.61,0.03,0.00,0.00,0.00,0.00,0.00,0.00,-3.01,-2.30,-1.24,64.93,61.11,322.91,286.84,410.13,379.29,398.16,307.59,337.10,305.18,365.05,329.74,364.30,379.29,
78.291,0,0.01,0.02,0.01,41.95,0.02,52.26,56.68,70.78,0.15,18.32,99.97,-35.34,98.19,70.78,98.80,0.15,16.84,0.02,0.02,0.14,0.02,0.00,97.73,0.07,0.00,0.00,0.00,0.71,0.04,0.00,0.00,0.00,0.00,0.00,0.00,-2.66,-2.03,-0.83,64.88,61.00,322.62,286.32,410.35,379.36,397.88,306.87,336.91,305.14,365.13,329.36,364.66,379.36,
78.451,0,0.02,0.02,0.01,40.06,0.02,40.33,52.78,59.64,0.08,22.22,99.97,-32.81,97.98,59.64,98.46,0.08,24.54,0.01,0.01,0.05,0.01,0.00,98.01,0.15,0.00,0.00,0.00,0.53,0.03,0.00,0.00,0.00,0.00,0.00,0.00,-2.14,-2.60,-0.46,65.10,61.48,322.67,285.52,411.01,379.46,398.32,306.24,336.86,304.37,365.18,328.69,365.34,379.46,
78.527,0,0.11,0.02,0.01,49.18,0.02,15.92,57.73,32.43,0.04,17.27,99.97,-26.27,98.02,32.43,98.92,0.04,56.09,0.01,0.00,0.02,0.00,0.00,97.30,0.05,0.00,0.00,0.00,0.55,0.04,0.00,0.00,0.00,0.01,0.00,0.00,-0.21,-2.49,-0.18,65.43,61.89,322.42,284.56,411.88,379.56,398.68,306.40,336.86,303.60,365.52,327.62,365.91,379.56,
78.602,0,0.53,0.02,0.02,70.32,0.02,8.08,75.70,16.10,0.02,0.00,99.98,-22.38,98.52,16.10,99.66,0.02,91.47,0.01,0.00,0.00,0.00,0.00,96.94,0.02,0.00,0.00,0.00,0.58,0.04,0.00,0.00,0.00,0.00,0.00,0.00,-0.73,-1.02,0.02,66.06,60.81,321.20,284.08,411.56,380.12,397.26,305.94,336.50,303.22,365.48,327.75,365.37,380.12,
78.687,0,0.64,0.02,0.02,71.75,0.02,7.19,76.54,13.39,0.01,0.00,99.98,-21.73,98.53,13.39,99.73,0.01,95.22,0.01,0.00,0.00,0.00,0.00,96.89,0.02,0.00,0.00,0.00,0.95,0.04,0.00,0.00,0.00,0.00,0.00,0.00,-1.34,-0.96,-0.25,66.05,61.51,320.92,283.98,411.88,380.75,397.77,305.71,336.31,303.24,365.54,328.16,365.13,380.75,
78.821,0,0.83,0.02,0.02,71.13,0.02,4.32,75.19,7.16,0.00,0.00,99.96,-18.65,98.44,7.16,99.94,0.00,99.44,0.00,0.00,0.00,0.00,0.00,92.10,0.01,0.00,0.00,0.00,1.04,0.08,0.00,0.00,0.00,0.00,0.00,0.00,1.03,-1.27,0.00,66.09,60.36,320.44,282.68,412.03,380.16,396.88,305.45,336.62,301.96,365.23,326.33,365.22,380.16,
78.900,0,0.79,0.02,0.02,72.97,0.02,4.92,77.26,10.06,0.01,0.00,99.96,-19.37,98.25,10.06,99.95,0.00,99.26,0.00,0.00,0.01,0.00,0.00,92.24,0.01,0.00,0.00,0.00,1.14,0.08,0.00,0.00,0.00,0.00,0.00,0.00,2.39,-1.86,-0.85,66.16,61.74,321.03,282.30,412.49,380.03,398.52,304.94,336.86,301.75,365.47,325.41,364.90,380.03,
79.057,0,0.80,0.02,0.02,73.84,0.02,4.35,77.72,10.76,0.04,0.00,99.95,-18.50,98.48,10.76,99.97,0.00,99.17,0.00,0.00,0.04,0.00,0.00,89.22,0.01,0.00,0.00,0.00,2.35,0.09,0.00,0.00,0.00,0.00,0.00,0.00,2.34,-1.15,-0.58,66.33,61.62,321.18,282.08,412.88,380.06,398.60,304.65,337.05,301.68,366.08,325.32,365.44,380.06,
79.133,0,0.80,0.02,0.02,75.70,0.02,3.91,79.10,12.89,0.03,0.00,99.94,-17.65,98.49,12.89,99.96,0.00,99.02,0.00,0.00,0.03,0.00,0.00,85.34,0.02,0.00,0.00,0.00,4.03,0.07,0.00,0.00,0.00,0.00,0.00,0.00,1.19,-1.11,-0.21,66.28,61.22,321.31,281.91,413.03,379.78,398.37,304.23,337.20,301.51,366.23,325.57,365.94,379.78,
79.373,0,0.96,0.02,0.03,72.80,0.02,1.70,74.43,6.19,0.01,0.57,99.86,-12.52,97.77,6.19,99.97,0.00,99.41,0.00,0.00,0.01,0.00,0.00,74.92,0.01,0.00,0.00,0.00,6.81,0.07,0.00,0.00,0.00,0.00,0.00,0.00,3.85,-3.10,-0.36,66.24,61.40,321.04,280.87,413.48,379.68,398.62,304.16,337.32,300.63,365.36,323.91,365.85,379.68,
79.441,0,1.15,0.02,0.03,72.36,0.02,0.34,71.65,2.51,0.01,2.64,98.74,-2.31,98.43,2.51,99.97,0.00,99.64,0.00,0.00,0.01,0.00,0.00,47.68,0.00,0.00,0.00,0.00,11.38,0.14,0.00,0.00,0.00,0.00,0.00,0.00,3.81,-1.30,-0.11,65.54,59.80,322.23,280.67,413.62,378.75,398.36,302.89,338.61,300.59,366.92,323.26,366.81,378.75,
79.604,0,1.43,0.02,0.05,75.79,0.02,0.07,71.44,2.34,0.00,0.00,90.12,0.00,97.59,2.34,99.96,0.00,99.52,0.00,0.00,0.00,0.00,0.00,17.89,0.00,0.00,0.00,0.00,20.88,0.19,0.00,0.00,0.00,0.00,0.00,0.00,4.32,-3.49,-0.63,66.08,60.38,320.58,280.43,413.33,380.04,397.93,303.37,337.63,300.40,364.90,323.43,365.30,380.04,
79.671,0,2.33,0.02,0.09,83.55,0.02,0.04,72.72,3.50,0.01,0.00,98.17,0.00,97.99,3.50,99.97,0.00,99.61,0.00,0.00,0.01,0.00,0.00,4.82,0.00,0.00,0.00,0.00,42.94,0.47,0.00,0.00,0.00,0.00,0.00,0.00,3.33,-2.57,0.30,66.00,59.22,321.65,280.74,413.52,379.42,397.56,302.65,338.37,300.91,365.97,323.70,366.83,379.42,
79.902,0,4.30,0.02,0.23,90.02,0.02,0.03,73.46,1.75,0.00,0.00,99.80,0.00,97.22,4.13,99.97,0.00,99.65,0.00,0.00,0.00,0.00,0.00,1.75,0.00,0.00,0.00,0.00,70.49,0.68,0.00,0.00,0.00,0.00,0.00,0.00,3.43,-4.22,-0.57,66.14,60.30,320.66,280.38,413.24,379.67,397.87,303.21,337.64,300.20,364.55,323.60,365.34,379.67,
79.968,0,5.96,0.02,0.40,91.81,0.02,0.03,71.62,1.01,0.00,0.00,99.94,0.00,98.45,2.71,99.91,0.00,98.79,0.00,0.00,0.00,0.00,0.00,1.01,0.00,0.00,0.00,0.00,85.55,0.80,0.00,0.00,0.00,0.00,0.00,0.00,4.28,-1.24,-0.35,65.81,60.48,322.02,280.64,413.49,378.95,398.66,302.77,338.21,300.71,366.77,323.09,366.41,378.95,
80.044,0,6.35,0.02,0.44,92.14,0.02,0.03,71.17,1.39,0.00,0.00,99.95,0.00,97.17,2.45,99.94,0.00,98.63,0.00,0.00,0.00,0.00,0.00,1.39,0.00,0.00,0.00,0.00,88.50,0.66,0.00,0.00,0.00,0.00,0.00,0.00,3.18,-4.31,-0.62,66.16,60.30,320.67,280.70,413.13,379.91,397.84,303.34,337.61,300.53,364.45,323.96,365.24,379.91,
80.217,0,6.69,0.02,0.51,92.54,0.02,0.03,70.97,1.68,0.00,0.00,99.97,0.00,98.34,2.85,99.92,0.00,97.42,0.00,0.00,0.00,0.00,0.00,1.68,0.00,0.00,0.00,0.00,93.11,1.26,0.00,0.00,0.00,0.00,0.00,0.00,4.63,-1.60,-0.56,65.69,60.14,321.80,280.63,413.37,379.12,398.40,302.92,338.30,300.63,366.44,323.00,366.04,379.12,
80.369,0,6.69,0.02,0.49,93.31,0.02,0.04,73.59,3.29,0.01,0.00,99.97,0.00,97.14,5.11,99.97,0.00,98.29,0.01,0.00,0.01,0.00,0.00,3.29,0.00,0.00,0.00,0.00,93.36,1.23,0.00,0.00,0.00,0.00,0.00,0.00,3.23,-4.38,-0.50,66.50,60.31,319.88,280.93,412.46,380.34,397.07,303.40,336.82,300.90,363.69,324.23,364.62,380.34,
80.535,0,6.57,0.02,0.50,93.77,0.02,0.04,75.59,4.40,0.00,0.00,99.97,0.00,97.87,7.19,99.98,0.00,97.61,0.00,0.00,0.00,0.00,0.00,4.40,0.00,0.00,0.00,0.00,95.09,2.35,0.00,0.00,0.00,0.00,0.00,0.00,5.58,-2.85,-0.70,66.01,60.36,321.23,280.97,412.28,379.07,397.77,303.15,337.45,301.03,365.01,322.75,365.06,379.07,
80.602,0,5.49,0.02,0.43,94.72,0.02,0.07,80.29,7.31,0.00,0.00,99.97,0.00,96.25,14.49,99.97,0.00,96.66,0.01,0.00,0.00,0.00,0.00,7.31,0.00,0.00,0.00,0.00,93.63,2.59,0.00,0.00,0.00,0.00,0.00,0.00,3.49,-5.78,-0.31,66.55,61.10,319.66,281.40,411.15,379.61,396.64,303.41,335.58,301.44,362.19,324.11,363.99,379.61,
80.680,0,3.97,0.02,0.36,94.65,0.02,0.14,80.75,15.24,0.01,0.00,99.96,0.00,95.83,21.34,99.93,0.00,91.29,0.01,0.01,0.01,0.00,0.00,15.24,0.00,0.00,0.00,0.00,92.32,1.85,0.00,0.00,0.00,0.00,0.00,0.00,3.88,-6.33,-0.51,66.35,61.91,319.33,281.54,411.04,380.02,396.94,303.69,335.07,301.66,361.67,324.21,363.55,380.02,
80.890,0,0.94,0.02,0.22,90.83,0.02,1.69,73.75,40.82,0.02,0.00,99.94,-10.34,96.67,40.82,99.66,0.01,63.71,0.00,0.01,0.02,0.00,0.00,45.45,0.01,0.00,0.00,0.00,86.45,0.60,0.00,0.00,0.00,0.00,0.00,0.00,4.07,-5.16,-0.49,66.13,62.49,318.27,281.53,410.44,380.43,396.39,303.69,333.92,301.97,361.39,324.37,362.74,380.43,
80.960,0,0.59,0.02,0.18,84.38,0.02,3.06,62.54,38.33,0.02,0.00,99.90,-14.40,97.12,38.33,99.55,0.02,54.00,0.01,0.02,0.01,0.00,0.00,58.93,0.02,0.00,0.00,0.00,79.86,0.42,0.00,0.00,0.00,0.00,0.00,0.00,3.33,-4.41,-0.67,65.79,61.07,319.40,281.81,410.48,379.44,396.33,303.54,335.28,302.01,362.42,324.42,363.21,379.44,
81.109,0,0.11,0.02,0.10,49.46,0.02,12.78,28.05,39.83,0.05,25.54,99.94,-24.24,97.78,39.83,99.62,0.05,17.84,0.01,0.04,0.02,0.00,0.00,86.47,0.01,0.00,0.00,0.00,64.10,0.09,0.00,0.12,0.00,0.00,0.00,0.00,8.16,-3.07,-0.51,66.69,61.45,318.69,282.24,409.44,379.92,395.56,304.32,334.12,303.23,362.18,323.04,362.51,379.92,
81.181,0,0.06,0.02,0.07,23.64,0.02,8.49,13.22,29.33,0.10,52.72,99.94,-21.92,97.80,29.33,99.30,0.10,6.18,0.01,0.08,0.03,0.00,0.00,86.63,0.01,0.00,0.00,0.00,47.86,0.04,0.00,0.00,0.00,0.00,0.00,0.00,7.69,-3.03,-1.30,66.69,61.90,318.73,282.25,409.74,379.75,396.34,304.51,334.45,303.40,362.39,323.35,361.91,379.75,
81.338,0,0.03,0.02,0.04,27.63,0.02,16.50,19.99,45.93,0.14,47.37,99.94,-25.78,97.75,45.93,99.16,0.11,1.58,0.01,0.14,0.03,0.00,0.00,86.75,0.01,0.00,0.00,0.00,40.09,0.04,0.00,0.00,0.00,0.00,0.00,0.00,3.61,-3.15,-1.11,67.09,62.18,318.95,283.20,409.45,379.83,396.35,305.06,334.20,303.44,362.28,325.46,362.04,379.83,
81.416,0,0.02,0.02,0.03,34.13,0.02,17.96,29.94,58.93,0.31,40.87,99.87,-25.60,97.60,58.93,98.41,0.21,2.21,0.01,0.31,0.05,0.00,0.00,77.37,0.00,0.00,0.00,0.00,33.56,0.05,0.00,0.00,0.00,0.00,0.00,0.00,3.19,-3.47,-0.45,67.45,61.05,319.74,284.02,409.40,380.09,395.83,305.46,334.80,303.83,362.49,326.00,363.07,380.09,
81.641,0,0.01,0.02,0.01,35.30,0.02,15.39,40.55,64.81,0.81,34.45,99.63,-23.81,97.80,69.36,98.22,0.49,3.18,0.03,0.81,0.04,0.00,0.00,64.81,0.00,0.00,0.00,0.00,16.76,0.05,0.00,0.00,0.00,0.00,0.00,0.00,2.23,-3.02,0.10,67.32,60.74,320.41,284.37,409.78,380.05,395.94,305.30,335.21,304.31,363.22,326.57,364.13,380.05,
81.716,0,0.01,0.02,0.01,31.95,0.02,8.52,38.30,56.10,0.46,36.70,99.29,-19.80,97.63,64.99,98.66,0.46,4.84,0.02,0.41,0.04,0.00,0.00,56.10,0.00,0.00,0.00,0.00,12.53,0.07,0.00,0.00,0.00,0.00,0.00,0.00,2.52,-3.41,-0.23,67.21,60.77,320.46,284.24,409.97,380.00,396.24,305.31,335.47,304.28,363.17,326.41,363.93,380.00,
81.796,0,0.01,0.02,0.01,31.19,0.02,8.58,38.37,55.82,0.49,36.63,99.28,-19.82,97.71,65.61,98.87,0.41,4.07,0.02,0.49,0.04,0.00,0.00,55.82,0.00,0.00,0.00,0.00,10.98,0.08,0.00,0.00,0.00,0.00,0.00,0.00,2.44,-3.24,-0.03,67.26,60.77,320.61,284.38,409.92,379.98,396.19,305.38,335.43,304.31,363.30,326.48,364.17,379.98,
81.871,0,0.01,0.02,0.01,30.97,0.02,11.77,39.31,61.50,0.44,35.69,99.54,-22.03,98.10,66.64,98.75,0.44,4.12,0.02,0.40,0.05,0.00,0.00,61.50,0.00,0.00,0.00,0.00,8.82,0.07,0.00,0.00,0.00,0.00,0.00,0.00,1.20,-2.29,-0.16,66.92,61.03,321.65,284.55,409.90,378.81,396.88,305.45,335.87,303.89,364.26,326.56,364.57,378.81,
81.946,0,0.01,0.02,0.01,29.39,0.02,14.59,37.36,65.53,0.35,37.64,99.70,-23.61,98.28,65.53,98.35,0.32,3.64,0.01,0.35,0.03,0.00,0.00,67.04,0.01,0.00,0.00,0.00,8.68,0.07,0.00,0.00,0.00,0.00,0.00,0.00,1.91,-1.77,-0.10,66.63,60.98,321.93,284.13,410.14,378.38,397.08,305.16,336.12,303.53,364.78,325.89,364.90,378.38,
82.014,0,0.01,0.02,0.01,24.35,0.02,12.68,29.93,59.21,0.37,45.07,99.72,-22.87,98.15,59.21,97.55,0.37,2.75,0.01,0.32,0.02,0.00,0.00,69.02,0.01,0.00,0.00,0.00,9.40,0.07,0.00,0.00,0.00,0.00,0.00,0.00,0.61,-2.13,0.20,66.22,61.07,322.30,283.99,410.84,378.47,397.53,304.76,336.47,303.48,365.12,326.34,365.70,378.47,
82.194,0,0.02,0.02,0.02,16.59,0.02,7.85,18.70,47.01,0.26,62.59,99.66,-19.89,97.65,47.01,95.25,0.26,2.40,0.01,0.19,0.00,0.00,0.00,68.69,0.01,0.00,0.00,0.00,10.35,0.07,0.00,0.00,0.00,0.00,0.00,0.00,2.89,-3.36,0.28,66.03,61.74,322.00,283.16,410.63,377.96,397.59,304.05,335.86,303.10,364.24,324.79,365.50,377.96,
82.262,0,0.02,0.02,0.02,18.74,0.02,7.24,20.59,48.86,0.18,58.83,99.60,-19.27,97.96,48.86,96.06,0.18,2.59,0.01,0.14,0.00,0.00,0.00,65.82,0.01,0.00,0.00,0.00,13.03,0.09,0.00,0.00,0.00,0.00,0.00,0.00,2.77,-2.64,0.21,66.12,61.33,322.20,283.29,410.62,377.89,397.50,304.19,336.18,303.06,364.71,324.86,365.55,377.89,
82.526,0,0.02,0.02,0.03,22.54,0.02,1.02,19.57,29.30,0.18,54.93,92.76,-6.27,97.93,47.26,95.77,0.05,2.84,0.01,0.18,0.00,0.00,0.00,29.30,0.00,0.00,0.00,0.00,27.47,0.21,0.00,0.00,0.00,0.00,0.00,0.00,2.94,-2.72,0.16,66.09,61.56,322.19,283.31,410.57,377.87,397.61,304.24,336.07,303.10,364.63,324.81,365.46,377.87,
82.617,0,0.03,0.02,0.03,19.05,0.02,0.94,16.51,31.14,0.14,61.90,93.45,-5.90,97.88,42.90,95.27,0.04,2.72,0.01,0.14,0.01,0.00,0.00,31.14,0.00,0.00,0.00,0.00,25.21,0.20,0.00,0.00,0.00,0.00,0.00,0.00,2.70,-2.84,0.18,66.01,61.44,322.21,283.27,410.66,377.87,397.60,304.13,336.17,303.12,364.63,324.88,365.54,377.87,
82.691,0,0.02,0.02,0.03,25.47,0.02,1.30,22.27,31.13,0.17,49.53,93.81,-7.64,97.84,50.52,96.04,0.05,3.21,0.01,0.17,0.01,0.00,0.00,31.13,0.00,0.00,0.00,0.00,28.90,0.23,0.00,0.00,0.00,0.00,0.00,0.00,3.45,-2.94,0.04,66.06,61.93,322.15,283.34,410.54,377.85,397.83,304.38,335.91,303.23,364.49,324.67,365.30,377.85,
82.755,0,0.03,0.02,0.03,26.57,0.02,1.11,22.15,28.18,0.17,48.43,94.20,-6.64,97.72,50.55,95.90,0.05,3.11,0.01,0.17,0.01,0.00,0.00,28.18,0.00,0.00,0.00,0.00,32.13,0.27,0.00,0.00,0.00,0.00,0.00,0.00,3.70,-3.21,-0.04,65.88,61.89,322.06,283.26,410.61,378.00,397.83,304.41,335.96,303.15,364.34,324.58,365.21,378.00,
82.908,0,0.02,0.02,0.03,28.46,0.02,1.10,24.75,25.40,0.17,46.54,93.63,-6.36,97.70,53.51,95.92,0.05,3.63,0.01,0.17,0.01,0.00,0.00,25.40,0.00,0.00,0.00,0.00,30.85,0.24,0.00,0.00,0.00,0.00,0.00,0.00,3.83,-3.26,-0.01,65.94,62.48,322.11,283.26,410.66,377.81,398.17,304.33,335.70,303.44,364.35,324.56,365.28,377.81,
82.991,0,0.03,0.02,0.03,22.72,0.02,0.78,18.77,24.65,0.12,54.55,92.63,-4.44,97.70,46.26,94.92,0.05,3.43,0.01,0.12,0.01,0.00,0.00,24.65,0.00,0.00,0.00,0.00,29.91,0.23,0.00,0.00,0.00,0.00,0.00,0.00,3.83,-3.26,-0.01,65.94,62.48,322.11,283.26,410.66,377.81,398.17,304.33,335.70,303.44,364.35,324.56,365.28,377.81,
83.059,0,0.03,0.02,0.03,17.51,0.02,0.67,14.35,27.11,0.14,64.98,90.13,-3.77,97.65,39.65,93.75,0.06,3.52,0.01,0.14,0.01,0.00,0.00,27.11,0.00,0.00,0.00,0.00,26.41,0.22,0.00,0.00,0.00,0.00,0.00,0.00,3.37,-3.36,0.15,65.95,62.35,322.06,283.33,410.52,377.83,397.94,304.32,335.60,303.35,364.20,324.73,365.34,377.83,
83.289,0,0.03,0.02,0.03,12.11,0.02,0.49,9.68,25.36,0.22,75.78,85.90,-1.76,97.77,33.50,90.46,0.06,2.26,0.01,0.22,0.01,0.00,0.00,25.36,0.00,0.00,0.00,0.00,23.03,0.17,0.00,0.00,0.00,0.00,0.00,0.00,3.83,-3.11,0.03,65.98,62.24,321.93,283.23,410.56,378.02,397.89,304.39,335.66,303.21,364.29,324.54,365.18,378.02,
83.357,0,0.03,0.02,0.03,11.54,0.02,0.48,9.10,24.83,0.18,76.93,84.62,-1.51,97.74,33.20,89.73,0.06,1.68,0.01,0.18,0.01,0.00,0.00,24.83,0.00,0.00,0.00,0.00,23.18,0.17,0.00,0.00,0.00,0.00,0.00,0.00,3.73,-3.17,-0.04,66.00,62.19,321.98,283.30,410.48,377.95,397.88,304.47,335.71,303.19,364.25,324.59,365.11,377.95,
83.432,0,0.03,0.02,0.03,12.12,0.02,0.56,10.25,26.37,0.17,75.76,87.11,-2.53,97.83,35.33,90.74,0.06,1.68,0.01,0.17,0.01,0.00,0.00,26.37,0.00,0.00,0.00,0.00,20.72,0.17,0.00,0.00,0.00,0.00,0.00,0.00,3.43,-2.95,0.10,65.97,62.08,322.02,283.30,410.45,377.87,397.76,304.42,335.70,303.11,364.36,324.65,365.25,377.87,
83.660,0,0.02,0.02,0.02,13.92,0.02,0.76,12.64,29.04,0.19,72.16,90.27,-4.40,97.65,39.47,92.01,0.07,2.00,0.01,0.19,0.00,0.00,0.00,29.04,0.00,0.00,0.00,0.00,19.02,0.13,0.00,0.00,0.00,0.00,0.00,0.00,4.29,-3.36,0.17,65.91,62.37,321.98,283.29,410.59,378.13,397.93,304.45,335.57,303.36,364.19,324.44,365.35,378.13,
83.728,0,0.02,0.02,0.02,12.21,0.02,0.90,11.54,32.91,0.20,75.58,92.10,-5.49,97.55,38.41,90.99,0.07,1.63,0.01,0.20,0.01,0.00,0.00,32.91,0.01,0.00,0.00,0.00,15.68,0.10,0.00,0.00,0.00,0.00,0.00,0.00,3.77,-3.58,-0.03,65.80,62.02,321.90,283.20,410.63,378.12,397.83,304.38,335.83,303.19,364.09,324.59,365.15,378.12,
83.866,0,0.02,0.02,0.02,15.00,0.02,2.50,16.34,45.33,0.18,67.32,97.19,-11.77,97.87,47.06,92.11,0.10,1.57,0.01,0.18,0.01,0.00,0.00,45.33,0.01,0.00,0.00,0.00,11.39,0.06,0.00,0.00,0.00,0.00,0.00,0.00,4.49,-2.87,-0.20,66.26,61.35,321.55,283.55,410.31,378.67,397.23,305.07,335.90,303.29,364.13,324.68,364.67,378.67,
83.933,0,0.02,0.02,0.02,14.96,0.02,3.77,16.79,46.29,0.12,66.42,98.84,-14.75,97.94,46.29,94.11,0.10,1.14,0.01,0.12,0.01,0.00,0.00,54.51,0.01,0.00,0.00,0.00,10.00,0.04,0.00,0.00,0.00,0.00,0.00,0.00,4.87,-2.69,-0.06,66.31,61.61,321.54,283.53,410.41,378.85,397.34,304.95,335.75,303.48,364.25,324.60,364.85,378.85,
84.004,0,0.01,0.02,0.01,18.36,0.02,6.59,21.10,51.43,0.13,57.81,99.42,-18.40,97.84,51.43,95.67,0.10,1.21,0.01,0.13,0.01,0.00,0.00,61.69,0.02,0.00,0.00,0.00,11.02,0.03,0.00,0.00,0.00,0.00,0.00,0.00,4.60,-2.94,-0.17,66.35,61.37,321.61,283.64,410.29,378.74,397.24,305.01,335.89,303.45,364.11,324.70,364.72,378.74,
84.085,0,0.02,0.02,0.02,17.30,0.02,6.66,19.63,49.34,0.13,60.74,99.50,-18.60,97.99,49.34,95.59,0.10,1.20,0.01,0.13,0.01,0.00,0.00,63.65,0.02,0.00,0.00,0.00,11.00,0.03,0.00,0.00,0.00,0.00,0.00,0.00,4.92,-2.58,-0.02,66.42,61.44,321.60,283.59,410.35,378.79,397.23,304.98,335.81,303.53,364.31,324.58,364.89,378.79,
84.228,0,0.01,0.02,0.01,18.14,0.02,11.04,21.26,53.14,0.19,57.47,99.68,-21.83,98.08,53.14,94.48,0.14,0.93,0.01,0.19,0.01,0.00,0.00,70.45,0.02,0.00,0.00,0.00,9.91,0.03,0.00,0.00,0.00,0.00,0.00,0.00,3.93,-2.33,-0.08,66.34,61.50,321.68,283.72,410.26,378.59,397.28,305.01,335.80,303.47,364.42,324.96,364.83,378.59,
84.525,0,0.03,0.09,0.01,4.13,0.02,43.96,3.63,69.80,3.42,31.04,97.78,-26.11,97.60,69.80,31.32,0.82,0.17,0.01,3.42,0.02,0.00,0.00,70.66,0.01,0.00,0.00,0.00,6.17,0.03,0.00,0.00,0.00,0.00,0.00,0.00,4.75,-3.48,0.19,65.65,62.24,321.77,283.31,410.40,378.23,397.66,304.50,335.43,303.45,363.94,324.31,365.17,378.23,
84.638,0,0.03,0.09,0.01,6.96,0.02,53.72,6.39,68.92,5.58,21.28,98.67,-30.13,97.44,78.04,37.36,5.58,0.16,0.01,2.63,0.02,0.00,0.00,68.92,0.01,0.00,0.00,0.00,3.63,0.02,0.00,0.00,0.00,0.00,0.00,0.00,4.75,-3.81,0.28,65.51,62.41,321.72,283.24,410.50,378.24,397.73,304.35,335.32,303.58,363.79,324.32,365.27,378.24,
84.713,0,0.03,0.09,0.01,9.40,0.02,66.71,8.50,74.11,8.38,8.29,99.38,-34.52,97.70,82.36,40.44,8.38,0.14,0.01,2.70,0.02,0.00,0.00,74.11,0.02,0.00,0.00,0.00,3.98,0.02,0.00,0.00,0.00,0.00,0.00,0.00,5.98,-3.27,-0.05,65.84,61.95,321.44,283.55,410.21,378.81,397.36,305.11,335.43,303.61,363.81,324.18,364.70,378.81,
84.791,0,0.04,0.11,0.01,14.75,0.02,78.47,10.95,73.50,19.43,0.00,99.53,-41.56,97.67,86.36,43.23,19.43,0.09,0.01,2.75,0.02,0.00,0.00,73.50,0.02,0.00,0.00,0.00,3.54,0.02,0.00,0.00,0.00,0.00,0.00,0.00,6.11,-3.32,-0.07,65.93,62.12,321.42,283.58,410.12,378.75,397.40,305.19,335.30,303.63,363.72,324.14,364.61,378.75,
85.038,0,0.06,0.16,0.01,14.38,0.02,85.81,7.65,74.41,29.59,0.00,99.46,-47.12,97.55,83.82,36.32,29.59,0.07,0.01,3.53,0.03,0.00,0.00,74.41,0.02,0.00,0.00,0.00,4.33,0.02,0.00,0.00,0.00,0.00,0.00,0.00,5.22,-3.57,-0.09,65.82,62.64,321.36,283.49,410.26,378.69,397.72,304.95,335.09,303.68,363.61,324.47,364.62,378.69,
85.178,0,0.09,0.22,0.01,12.22,0.02,90.63,5.36,78.94,34.09,0.00,99.56,-50.80,97.41,81.75,29.22,34.09,0.10,0.02,3.94,0.06,0.00,0.00,78.94,0.02,0.00,0.00,0.00,4.18,0.02,0.00,0.00,0.00,0.00,0.00,0.00,5.57,-3.86,-0.03,65.74,62.57,321.31,283.47,410.21,378.77,397.60,304.99,335.05,303.61,363.42,324.31,364.62,378.77,
85.311,0,0.13,0.28,0.01,15.53,0.02,93.39,5.33,77.48,45.29,0.00,99.47,-56.54,97.31,80.97,29.90,45.29,0.08,0.02,4.42,0.07,0.00,0.00,77.48,0.02,0.00,0.00,0.00,3.36,0.01,0.00,0.00,0.00,0.00,0.00,0.00,5.38,-4.07,-0.31,65.61,62.32,321.15,283.41,410.23,378.85,397.55,305.02,335.24,303.55,363.27,324.40,364.28,378.85,
85.470,0,0.11,0.24,0.01,13.79,0.02,91.05,5.12,77.79,41.16,0.00,99.35,-53.61,97.37,78.09,31.73,41.16,0.08,0.01,3.22,0.04,0.00,0.00,77.79,0.02,0.00,0.00,0.00,3.63,0.01,0.00,0.00,0.00,0.00,0.00,0.00,5.32,-3.94,-0.12,65.65,63.00,321.18,283.46,410.22,378.75,397.81,305.00,334.82,303.70,363.31,324.46,364.47,378.75,
85.553,0,0.12,0.26,0.01,11.87,0.02,91.90,4.24,76.29,40.60,0.00,99.41,-53.95,97.35,76.29,28.79,40.60,0.09,0.02,3.32,0.04,0.00,0.00,80.91,0.02,0.00,0.00,0.00,3.70,0.01,0.00,0.00,0.00,0.00,0.00,0.00,5.49,-3.99,-0.11,65.70,62.51,321.29,283.50,410.23,378.73,397.62,304.96,335.12,303.78,363.37,324.39,364.54,378.73,
85.621,0,0.11,0.23,0.01,12.39,0.02,91.81,4.72,76.38,39.12,0.00,99.49,-53.73,97.29,76.38,31.36,39.12,0.12,0.02,2.67,0.05,0.00,0.00,82.65,0.03,0.00,0.00,0.00,3.63,0.01,0.00,0.00,0.00,0.00,0.00,0.00,5.36,-4.10,-0.02,65.94,62.62,321.31,283.58,410.16,378.67,397.61,304.94,335.00,303.92,363.28,324.49,364.60,378.67,
85.703,0,0.10,0.23,0.01,12.61,0.02,93.09,4.99,78.35,37.67,0.00,99.66,-54.34,97.06,78.35,30.80,37.67,0.13,0.02,2.61,0.07,0.01,0.00,85.50,0.03,0.00,0.00,0.00,4.16,0.01,0.00,0.00,0.00,0.00,0.00,0.00,5.19,-4.51,0.00,65.95,62.64,321.18,283.51,410.14,378.69,397.54,304.85,334.91,303.88,362.99,324.53,364.54,378.69,
85.785,0,0.10,0.22,0.01,16.13,0.02,94.42,6.65,81.33,39.63,0.00,99.76,-56.64,97.03,81.33,35.13,39.63,0.13,0.03,2.86,0.08,0.01,0.00,86.94,0.04,0.00,0.00,0.00,3.77,0.01,0.00,0.00,0.00,0.00,0.00,0.00,4.86,-4.57,0.20,66.11,62.71,320.83,283.50,410.03,378.96,397.25,304.77,334.55,303.92,362.72,324.74,364.50,378.96,
85.855,0,0.14,0.31,0.01,17.49,0.02,95.96,5.97,81.01,45.82,0.00,99.75,-59.48,97.14,86.80,26.97,45.82,0.04,0.04,5.66,0.26,0.02,0.00,81.01,0.03,0.00,0.00,0.00,5.19,0.01,0.00,22.46,0.00,0.00,0.00,0.00,6.25,-4.37,0.29,66.61,61.73,320.27,284.00,409.15,379.38,395.99,305.23,334.26,304.55,362.14,324.62,363.88,379.38,
85.920,0,0.26,0.48,0.01,16.05,0.02,96.71,4.32,73.24,52.63,0.00,99.64,-61.82,97.61,90.00,15.61,52.63,0.01,0.05,12.32,1.10,0.02,0.00,73.24,0.02,0.00,0.00,0.00,5.32,0.02,0.00,68.44,0.00,0.00,0.00,0.00,6.81,-3.44,0.87,67.07,62.33,320.19,284.53,409.14,379.91,395.96,305.98,333.64,305.14,362.50,325.00,364.40,379.91,
85.994,0,0.87,0.85,0.01,17.18,0.02,97.19,3.12,61.42,66.32,0.00,99.13,-66.20,97.56,90.89,6.60,66.32,0.00,0.06,28.15,1.95,0.03,0.00,61.42,0.01,0.00,0.00,0.00,5.39,0.02,0.00,60.82,0.00,0.00,0.00,0.00,7.15,-3.55,0.84,67.00,62.00,320.25,284.66,409.05,379.97,395.79,306.08,333.80,305.25,362.45,324.94,364.36,379.97,
86.232,0,14.07,2.02,0.02,20.26,0.02,95.03,2.13,31.49,87.91,0.00,93.45,-78.62,98.02,87.91,0.22,94.93,0.00,0.11,81.74,17.27,0.12,0.00,31.49,0.01,0.01,0.00,0.00,5.77,0.02,0.00,65.44,0.00,0.00,0.00,0.00,9.47,-2.49,0.52,66.66,62.31,320.74,285.10,408.82,379.81,396.22,306.81,333.92,305.69,363.11,324.26,364.20,379.81,
86.298,0,23.07,2.21,0.02,15.90,0.02,85.21,1.38,15.69,77.37,0.00,84.25,-74.08,98.33,77.37,0.08,98.51,0.00,0.11,90.67,20.01,0.19,0.00,15.69,0.01,0.01,0.00,0.00,6.30,0.01,0.00,52.37,0.00,0.00,0.00,0.00,7.68,-1.62,1.58,67.07,62.21,320.44,285.32,408.75,379.81,395.47,306.77,333.26,306.10,363.31,325.23,365.05,379.81,
86.468,0,26.92,2.28,0.02,10.96,0.02,77.72,0.75,16.08,62.71,0.00,85.93,-69.37,98.39,62.71,0.06,99.77,0.00,0.06,87.93,15.17,0.09,0.00,16.08,0.01,0.01,0.00,0.00,3.59,0.01,0.00,53.56,0.00,0.00,0.00,0.00,7.26,-1.43,1.32,66.74,62.53,320.50,285.51,408.47,379.67,395.65,306.70,333.11,306.20,363.30,325.39,364.69,379.67,
86.624,0,41.90,2.29,0.03,4.11,0.02,48.10,0.17,19.32,26.43,26.90,88.91,-58.78,98.31,26.43,0.02,99.91,0.00,0.08,85.28,7.61,0.25,0.00,19.32,0.03,0.00,0.00,0.00,4.84,0.01,0.00,42.65,0.00,0.00,0.00,0.00,7.46,-1.67,1.04,66.29,62.71,321.28,285.56,408.13,378.66,396.09,306.26,333.38,306.15,363.41,324.87,364.64,378.66,
86.707,0,42.73,2.29,0.03,3.82,0.02,39.17,0.15,14.61,23.44,32.27,84.56,-55.81,97.97,23.44,0.02,99.89,0.00,0.06,84.20,6.19,0.17,0.00,14.61,0.02,0.00,0.00,0.00,4.95,0.01,0.00,34.60,0.00,0.00,0.00,0.00,7.98,-2.63,0.93,65.89,63.09,321.68,285.30,408.36,378.02,396.66,305.93,333.57,306.22,363.24,324.40,364.83,378.02,
86.774,0,47.41,2.28,0.03,2.91,0.02,26.58,0.10,11.10,15.04,27.59,80.35,-52.75,98.04,15.04,0.01,99.76,0.00,0.05,85.66,6.48,0.06,0.00,11.10,0.03,0.00,0.00,0.00,5.22,0.02,0.00,26.22,0.00,0.01,0.00,0.00,8.27,-2.43,1.40,65.69,63.01,321.71,285.31,408.40,377.93,396.42,305.52,333.42,306.81,363.35,324.34,365.33,377.93,
86.841,0,46.18,2.28,0.04,2.63,0.02,20.52,0.09,8.03,12.24,28.82,75.98,-52.14,98.12,12.24,0.01,99.63,0.00,0.05,83.18,9.02,0.04,0.00,8.03,0.02,0.00,0.00,0.00,7.04,0.02,0.00,29.04,0.00,0.01,0.00,0.00,7.75,-2.21,1.81,65.55,63.07,321.83,285.47,408.32,377.75,396.26,305.30,333.22,307.20,363.47,324.60,365.74,377.75,
86.935,0,35.03,2.27,0.04,2.35,0.02,19.86,0.08,9.30,10.07,39.97,78.65,-52.40,98.18,9.30,0.02,99.49,0.00,0.04,69.65,9.68,0.11,0.00,10.07,0.02,0.00,0.00,0.00,6.96,0.03,0.00,12.35,0.00,0.01,0.00,0.00,5.71,-2.07,2.57,65.14,63.51,322.05,286.31,408.04,377.53,396.05,305.16,332.63,308.59,363.47,325.92,366.47,377.53,
87.008,0,21.37,2.25,0.05,2.08,0.02,19.45,0.07,7.22,12.17,57.27,80.81,-53.09,98.21,7.22,0.03,99.05,0.00,0.02,51.76,11.18,0.16,0.00,12.17,0.04,0.00,0.00,0.00,5.93,0.03,0.00,18.54,0.00,0.01,0.00,0.00,5.81,-1.98,3.46,64.98,63.03,322.56,287.05,408.33,377.98,395.73,305.22,332.88,309.96,363.89,326.55,367.71,377.98,
87.150,0,7.69,2.22,0.25,1.24,0.02,64.59,0.08,7.78,37.69,10.41,99.39,-81.03,97.49,7.78,0.04,98.54,0.00,0.04,30.71,37.69,10.54,0.00,58.11,0.69,0.00,0.00,0.00,1.60,0.01,0.00,10.59,0.00,0.00,0.00,0.00,4.76,-3.71,5.88,64.32,61.94,322.28,288.38,408.00,379.03,393.61,304.89,332.17,312.69,362.66,328.33,369.64,379.03,
87.315,0,19.07,2.17,17.77,1.09,0.02,98.68,0.07,5.87,38.73,0.00,99.98,-99.95,96.52,5.87,0.04,97.62,0.00,0.11,28.56,38.73,37.77,0.00,98.99,92.04,0.00,0.00,0.03,0.18,0.00,0.00,4.03,0.00,0.00,0.00,0.00,2.23,-5.38,8.84,63.87,59.24,321.16,289.06,407.03,379.63,389.76,303.84,331.48,314.43,360.84,330.09,371.05,379.63,
87.448,0,13.09,2.08,2.49,1.47,0.02,99.08,0.06,3.73,13.32,0.00,99.97,-99.95,92.12,3.73,0.03,95.96,0.00,0.11,13.09,13.32,17.69,0.00,99.99,95.28,0.01,0.02,0.00,0.01,0.00,0.00,6.52,0.00,0.01,0.00,0.00,6.20,-9.71,11.11,64.52,58.95,319.31,290.06,404.65,380.15,386.30,304.11,328.70,316.70,356.66,329.96,370.94,380.15,
87.598,0,10.88,2.00,0.75,1.63,0.02,99.07,0.07,5.72,14.95,0.00,99.97,-99.28,91.47,5.72,0.02,94.29,0.00,0.10,14.95,8.19,3.06,0.00,100.00,89.25,0.02,0.01,0.01,0.00,0.00,0.00,19.98,0.00,0.01,0.00,0.00,5.29,-10.14,12.72,64.68,59.73,318.72,290.71,404.08,380.30,385.10,303.82,327.16,318.35,355.78,331.10,371.94,380.30,
87.734,0,9.59,1.74,0.64,1.50,0.02,98.93,0.07,5.86,15.19,0.00,99.95,-95.10,91.38,5.86,0.02,88.64,0.00,0.09,15.19,4.76,1.82,0.00,100.00,91.83,0.05,0.01,0.02,0.00,0.00,0.00,18.40,0.00,0.01,0.00,0.00,5.18,-10.19,12.72,64.48,58.91,318.13,290.58,403.59,380.35,384.22,303.74,327.10,318.13,355.29,331.04,371.25,380.35,
87.814,0,7.76,1.59,0.59,1.33,0.02,98.62,0.07,5.19,12.77,0.00,99.94,-91.93,93.38,5.19,0.02,84.92,0.00,0.10,12.77,4.50,2.25,0.00,100.00,88.50,0.04,0.01,0.01,0.00,0.00,0.00,23.39,0.00,0.01,0.00,0.00,4.30,-8.77,13.13,64.54,59.88,317.69,290.72,403.25,380.29,383.98,303.54,326.07,318.73,355.48,331.45,371.37,380.29,
87.963,0,4.06,1.06,0.31,1.04,0.02,97.26,0.08,9.60,14.69,0.00,99.76,-80.08,93.50,9.60,0.06,68.56,0.00,0.13,14.69,2.35,0.26,0.00,100.00,77.72,0.12,0.02,0.01,0.00,0.00,0.00,8.40,0.00,0.03,0.00,0.00,3.73,-8.67,12.54,64.61,59.65,316.77,289.64,402.87,380.12,383.64,303.02,325.64,316.93,354.90,330.71,370.18,380.12,
88.030,0,0.69,0.50,0.17,0.82,0.02,93.94,0.16,24.19,24.19,0.00,97.44,-63.51,93.87,24.19,1.11,38.64,0.00,0.08,3.66,0.43,0.10,0.00,100.00,69.38,0.11,0.02,0.03,0.00,0.00,0.00,0.00,0.00,0.09,0.00,0.00,2.38,-8.36,12.28,64.30,59.22,316.44,288.87,403.33,380.11,383.66,302.32,326.07,316.12,355.15,330.73,369.93,380.11,
88.278,0,0.14,0.07,0.19,3.49,0.02,85.48,2.97,47.59,4.80,0.00,98.84,-64.57,94.47,47.59,48.63,4.80,0.08,0.30,0.06,0.05,0.27,0.15,100.00,84.95,0.06,0.69,51.47,0.00,0.00,0.00,0.00,0.00,0.84,0.00,0.00,1.82,-7.81,11.70,63.73,59.36,316.34,287.83,403.79,379.83,384.25,301.69,326.33,314.68,355.58,330.04,369.61,379.83,
88.354,0,0.22,0.43,0.23,6.23,0.02,93.20,3.31,60.67,1.27,0.00,99.55,-76.87,94.04,60.67,38.14,1.27,0.19,0.63,0.03,0.06,0.47,7.54,99.99,97.93,0.05,46.55,88.53,0.01,0.00,0.02,0.00,0.00,16.29,0.00,0.00,4.05,-8.21,11.39,63.68,59.41,316.39,287.26,404.06,379.51,384.53,301.24,326.68,314.74,355.57,328.89,369.47,379.51,
88.503,0,0.33,4.69,0.26,5.22,0.03,94.23,1.81,59.10,0.29,0.00,99.50,-76.85,95.00,59.10,24.67,0.29,0.32,4.98,0.02,0.12,0.75,23.93,99.99,99.18,0.02,71.82,99.98,0.02,0.01,0.37,0.00,0.04,36.25,0.00,0.00,2.53,-7.28,10.78,63.06,60.77,316.30,287.10,403.76,378.95,385.26,301.14,325.90,314.20,355.73,329.05,368.94,378.95,
88.577,0,0.38,75.28,0.24,5.28,0.03,95.76,1.31,62.13,0.26,0.00,99.60,-77.29,94.34,62.13,13.53,0.26,0.57,5.06,0.02,0.10,0.49,59.28,99.99,99.83,0.01,92.91,99.98,0.06,0.02,9.27,0.00,0.34,72.67,0.00,0.00,3.95,-7.93,11.03,63.41,60.07,316.98,287.30,403.82,378.46,385.14,301.10,326.64,314.74,355.84,328.57,369.42,378.46,
88.823,0,0.47,86.58,0.26,3.29,0.04,95.27,0.71,56.21,0.32,0.00,99.36,-73.95,94.98,56.21,4.79,0.32,0.35,7.69,0.01,0.11,0.53,73.53,100.00,99.97,0.01,94.89,99.99,0.09,0.02,39.26,0.00,1.08,78.18,0.00,0.00,3.52,-7.30,10.74,63.23,59.75,317.00,287.68,403.24,378.16,384.88,301.42,326.66,314.86,355.89,328.75,368.82,378.16,
88.890,0,0.57,89.86,0.31,1.86,0.05,91.94,0.38,43.54,0.16,0.00,98.26,-69.34,94.88,43.54,2.42,0.16,0.16,8.37,0.01,0.09,0.35,86.23,100.00,99.96,0.01,92.32,99.99,0.08,0.02,60.29,0.00,2.20,81.44,0.00,0.00,2.76,-7.41,10.73,63.20,59.68,317.75,288.09,402.84,377.27,385.05,301.60,326.85,314.82,356.02,328.87,368.98,377.27,
89.037,0,0.58,94.46,0.31,1.70,0.07,91.47,0.34,41.73,0.11,0.00,97.99,-66.07,94.99,41.73,1.89,0.11,0.11,12.45,0.01,0.09,0.35,88.76,100.00,99.95,0.01,93.50,99.99,0.06,0.01,62.52,0.01,3.03,88.07,0.00,0.00,2.93,-7.28,10.64,63.36,59.86,318.02,288.21,402.65,377.08,385.27,301.88,326.75,314.49,356.10,328.67,368.98,377.08,
89.168,0,0.60,96.26,0.32,1.17,0.13,87.34,0.23,32.92,0.07,0.00,96.01,-58.11,94.18,32.92,1.57,0.07,0.04,17.77,0.02,0.06,0.20,89.96,100.00,99.87,0.01,95.96,99.99,0.07,0.01,62.67,0.01,6.03,93.99,0.00,0.00,3.23,-8.08,11.09,63.32,59.78,318.12,288.22,402.44,376.81,384.96,301.77,326.54,314.44,355.66,328.50,369.34,376.81,
89.325,0,0.60,93.56,0.32,0.75,0.23,80.48,0.16,24.64,0.11,0.00,92.52,-50.54,94.28,24.64,1.14,0.05,0.04,18.56,0.02,0.11,0.38,84.09,99.99,99.79,0.01,95.81,99.98,0.09,0.02,61.02,0.01,10.65,91.78,0.00,0.00,3.43,-7.99,11.08,63.41,60.38,318.00,288.16,402.48,376.84,385.16,301.68,326.18,314.61,355.62,328.46,369.38,376.84,
89.400,0,0.46,84.69,0.25,0.61,0.60,77.24,0.17,25.51,0.11,0.00,92.99,-40.91,94.09,25.51,1.31,0.06,0.05,20.94,0.03,0.11,0.55,76.76,99.99,99.78,0.01,96.13,99.98,0.13,0.02,66.35,0.01,18.28,88.12,0.00,0.00,3.39,-8.17,10.72,63.57,59.65,318.13,288.25,402.33,376.77,385.06,301.94,326.70,314.29,355.59,328.41,368.94,376.77,
89.644,0,0.35,72.04,0.20,0.62,1.34,78.16,0.21,30.65,0.08,0.00,95.25,-34.11,94.75,30.65,1.74,0.08,0.17,23.45,0.04,0.08,1.51,73.72,99.98,99.84,0.01,98.09,99.99,0.22,0.03,62.42,0.00,24.24,85.23,0.00,0.00,2.87,-7.53,10.58,63.50,60.73,317.81,287.59,402.81,376.86,385.67,301.39,326.23,313.86,355.89,328.26,369.04,376.86,
89.714,0,0.31,69.89,0.17,0.80,1.02,81.62,0.30,37.26,0.11,0.00,97.15,-37.84,94.34,37.26,3.07,0.11,0.35,18.14,0.05,0.08,1.19,74.40,99.98,99.77,0.03,97.27,99.98,0.36,0.07,61.73,0.00,24.43,84.69,0.00,0.00,3.29,-7.93,9.96,63.61,59.59,317.70,287.64,402.23,376.46,385.14,301.56,326.79,313.62,355.47,327.95,367.96,376.46,
89.900,0,0.25,73.44,0.14,1.58,0.41,87.84,0.65,50.90,0.14,0.00,99.03,-48.76,94.84,50.90,7.71,0.14,0.72,6.32,0.03,0.03,0.19,73.86,99.96,99.52,0.03,96.17,99.97,0.60,0.11,63.91,0.00,22.30,85.92,0.00,0.00,2.04,-7.45,9.88,63.00,59.68,317.23,286.91,402.78,376.58,385.22,300.77,326.87,313.28,355.74,328.10,367.92,376.58,
89.961,0,0.24,85.03,0.14,3.48,0.18,93.90,1.33,64.04,0.15,0.00,99.66,-60.20,95.46,64.04,11.25,0.15,1.27,5.43,0.02,0.03,0.18,80.01,99.96,99.58,0.03,95.53,99.98,0.80,0.11,54.60,0.00,15.33,88.60,0.00,0.00,1.39,-6.77,9.28,62.95,59.49,316.10,286.92,402.21,377.06,384.56,300.89,326.41,313.42,355.25,328.54,366.49,377.06,
90.152,0,0.20,86.95,0.13,10.01,0.09,97.09,4.22,80.78,0.15,0.00,99.91,-71.40,95.57,80.78,20.99,0.15,3.23,4.09,0.01,0.04,0.20,80.24,99.95,99.59,0.03,93.30,99.98,0.87,0.08,44.27,0.00,9.45,88.25,0.00,0.00,2.99,-6.65,9.03,63.45,58.93,315.97,287.05,402.21,377.69,384.42,301.45,326.71,313.38,355.28,328.17,366.14,377.69,
90.296,0,0.30,87.34,0.18,3.98,0.17,93.95,1.29,59.89,0.14,0.00,99.53,-60.61,95.69,59.89,13.96,0.14,2.06,14.33,0.03,0.04,0.39,86.79,99.93,99.09,0.02,95.25,99.96,0.70,0.06,34.68,0.00,10.47,87.64,0.00,0.00,2.22,-6.49,10.03,63.43,59.16,316.96,287.88,402.17,377.38,384.51,301.80,326.62,313.99,355.77,328.75,367.56,377.38,
90.464,0,0.35,85.27,0.19,1.59,0.27,87.57,0.49,44.34,0.13,0.00,98.36,-52.34,95.06,44.34,7.09,0.13,0.95,11.54,0.03,0.07,0.28,83.46,99.92,99.01,0.02,97.43,99.97,0.56,0.05,32.03,0.00,15.68,88.05,0.00,0.00,2.11,-7.21,9.53,63.32,60.04,317.18,287.61,402.09,376.59,385.20,301.50,326.42,313.73,355.46,328.45,367.28,376.59,
90.609,0,0.30,86.93,0.17,2.13,0.25,92.07,0.69,54.28,0.10,0.00,99.26,-55.21,95.53,54.28,5.67,0.10,0.57,11.71,0.02,0.07,0.40,83.31,99.94,99.70,0.01,98.43,99.99,0.53,0.06,37.86,0.00,15.23,88.72,0.00,0.00,1.41,-6.69,9.51,63.16,59.36,317.14,287.66,402.11,376.73,384.91,301.56,326.79,313.60,355.74,328.70,367.18,376.73,
90.764,0,0.23,78.00,0.13,2.80,0.28,94.02,1.09,64.49,0.09,0.00,99.67,-56.18,95.73,64.49,6.66,0.09,0.69,7.32,0.01,0.04,0.23,79.42,99.95,99.84,0.01,98.72,99.98,0.52,0.08,48.96,0.00,18.19,85.12,0.00,0.00,0.89,-6.45,9.01,62.96,59.35,317.07,287.47,402.38,376.78,385.24,301.45,327.11,313.44,355.97,328.81,366.81,376.78,
90.831,0,0.28,86.34,0.16,3.03,0.17,94.35,1.00,62.33,0.07,0.00,99.61,-60.97,95.91,62.33,6.56,0.07,0.68,7.43,0.01,0.05,0.23,83.77,99.96,99.79,0.01,98.66,99.98,0.56,0.08,58.82,0.00,13.53,87.25,0.00,0.00,0.91,-6.22,8.98,62.98,59.35,317.11,287.48,402.44,376.82,385.31,301.48,327.18,313.47,356.14,328.82,366.84,376.82,
90.984,0,0.33,88.23,0.19,3.19,0.10,94.22,0.91,59.49,0.09,0.00,99.51,-65.69,95.55,59.49,7.12,0.07,0.71,5.65,0.02,0.09,0.80,86.18,99.97,99.66,0.01,98.42,99.96,0.53,0.09,48.04,0.00,9.55,86.18,0.00,0.00,1.87,-6.67,9.25,63.23,59.73,316.89,287.57,402.61,377.49,385.33,301.71,326.81,313.70,355.86,328.81,367.10,377.49,
91.061,0,0.36,83.81,0.21,2.55,0.11,92.18,0.69,52.41,0.08,0.00,99.14,-63.16,95.24,52.41,7.57,0.08,0.63,6.87,0.02,0.08,0.72,86.10,99.97,99.60,0.01,98.49,99.96,0.54,0.10,47.66,0.00,9.83,83.00,0.00,0.00,1.73,-7.02,9.22,63.17,59.72,316.94,287.51,402.67,377.34,385.38,301.56,326.92,313.75,355.76,328.84,367.12,377.34,
91.138,0,0.36,74.67,0.21,2.63,0.11,92.13,0.71,52.23,0.09,0.00,99.12,-63.22,95.15,52.23,8.52,0.09,0.48,7.53,0.02,0.06,0.57,86.46,99.96,99.49,0.01,98.35,99.96,0.57,0.10,41.35,0.00,9.45,77.66,0.00,0.00,1.81,-7.11,9.21,63.22,59.83,316.71,287.47,402.70,377.53,385.31,301.52,326.77,313.89,355.61,328.91,367.03,377.53,
91.212,0,0.36,75.39,0.21,2.90,0.08,93.07,0.78,54.97,0.09,0.00,99.30,-65.94,95.39,54.97,8.10,0.09,0.40,5.18,0.02,0.05,0.46,87.06,99.96,99.52,0.02,98.26,99.96,0.56,0.09,40.19,0.00,8.57,77.30,0.00,0.00,1.84,-6.86,9.11,63.30,59.57,316.67,287.51,402.54,377.51,385.16,301.63,326.84,313.79,355.65,328.86,366.81,377.51,
91.310,0,0.34,75.11,0.20,3.36,0.07,94.21,0.90,58.85,0.07,0.00,99.48,-68.58,95.37,58.85,7.92,0.07,0.43,3.59,0.02,0.04,0.28,86.96,99.96,99.59,0.03,98.09,99.96,0.53,0.08,34.79,0.00,7.68,76.49,0.00,0.00,1.39,-6.87,9.14,63.34,59.45,316.65,287.53,402.53,377.51,385.09,301.60,326.88,313.73,355.64,329.02,366.81,377.51,
91.382,0,0.36,76.01,0.21,3.46,0.06,94.33,0.90,58.64,0.07,0.00,99.48,-69.99,95.13,58.64,8.01,0.07,0.54,3.19,0.01,0.03,0.21,87.02,99.96,99.56,0.03,97.81,99.96,0.44,0.07,33.48,0.00,6.56,76.17,0.00,0.00,1.46,-7.14,8.61,63.40,59.49,316.58,287.55,402.43,377.40,385.27,301.71,327.01,313.75,355.44,329.03,366.24,377.40,
91.453,0,0.35,71.99,0.21,3.74,0.06,94.41,0.98,59.18,0.07,0.00,99.50,-70.58,95.42,59.18,9.26,0.07,0.83,3.10,0.01,0.03,0.19,84.89,99.95,99.57,0.02,97.54,99.96,0.44,0.07,37.78,0.00,6.19,74.24,0.00,0.00,0.72,-6.81,8.72,63.23,59.31,316.70,287.55,402.40,377.20,385.18,301.60,327.11,313.62,355.65,329.17,366.37,377.20,
91.526,0,0.34,68.21,0.20,4.30,0.06,94.68,1.16,60.78,0.08,0.00,99.56,-71.10,95.68,60.78,11.13,0.08,1.26,3.48,0.01,0.02,0.14,83.66,99.95,99.56,0.02,97.74,99.95,0.47,0.06,45.42,0.00,5.90,72.77,0.00,0.00,1.35,-6.51,8.87,63.31,59.24,316.76,287.41,402.66,377.42,385.25,301.58,327.23,313.55,355.95,328.90,366.66,377.42,
91.681,0,0.27,43.96,0.20,6.81,0.04,94.64,2.02,63.96,0.08,0.00,99.66,-73.62,95.92,63.96,21.45,0.08,1.33,1.34,0.02,0.01,0.07,75.43,99.92,98.25,0.02,94.68,94.68,0.72,0.07,45.78,0.00,3.87,64.30,0.00,0.00,1.30,-6.22,8.87,63.40,58.78,316.97,287.30,402.94,377.52,385.31,301.57,327.70,313.27,356.36,328.80,366.85,377.52,
91.832,0,0.03,0.43,0.02,8.37,0.03,69.96,7.18,61.72,0.12,5.04,99.58,-38.96,96.27,61.72,55.63,0.12,1.11,0.26,0.06,0.00,0.00,12.94,99.63,22.31,0.01,26.54,10.96,1.48,0.10,24.55,0.00,2.07,22.05,0.00,0.00,2.04,-5.75,8.33,63.72,59.67,316.37,286.89,403.43,378.21,385.89,301.50,327.40,313.33,356.48,328.64,366.40,378.21,
91.976,0,0.02,0.04,0.01,10.31,0.03,22.99,10.89,54.37,0.22,54.03,99.24,-24.58,94.90,54.37,74.18,0.22,0.76,0.08,0.11,0.01,0.00,0.00,79.86,0.04,0.01,0.93,0.04,9.63,0.24,1.34,0.00,0.69,2.60,0.00,0.00,3.25,-7.39,10.13,64.29,59.14,316.34,286.73,404.00,379.27,385.10,301.38,327.14,313.16,355.95,328.46,368.27,379.27,
92.043,0,0.08,0.02,0.13,45.38,0.02,0.72,19.95,9.40,0.40,29.62,99.72,-2.04,92.94,59.03,86.03,0.40,0.67,0.11,0.24,0.01,0.00,0.00,9.40,0.01,0.01,0.23,0.00,80.63,0.93,0.05,0.00,0.21,0.87,0.00,0.00,5.66,-9.11,10.25,64.10,59.36,316.51,285.83,405.92,380.43,386.14,300.88,328.05,313.11,356.16,327.70,369.45,380.43,
92.110,0,0.11,0.02,0.24,58.34,0.02,0.42,25.20,2.35,0.65,16.66,99.96,0.00,93.89,57.72,92.67,0.38,0.63,0.16,0.65,0.01,0.02,0.00,2.35,0.00,0.01,0.02,0.00,98.01,2.87,0.02,0.00,0.16,0.04,0.00,0.00,4.84,-8.34,9.62,64.34,60.08,315.55,285.68,405.77,381.09,386.23,301.03,327.34,312.91,355.94,328.14,368.40,381.09,
92.267,0,0.10,0.02,0.24,65.36,0.02,0.46,36.56,0.12,0.56,9.64,99.97,0.00,95.28,62.97,94.99,0.56,0.64,0.15,1.51,0.01,0.08,0.00,0.12,0.00,0.00,0.00,0.00,99.90,8.18,0.00,0.00,0.06,0.00,0.00,0.00,6.41,-6.97,9.67,65.27,60.79,315.85,285.53,405.87,381.05,386.76,301.21,327.06,312.69,356.73,327.22,368.76,381.05,
92.344,0,0.11,0.02,0.25,61.89,0.02,0.42,50.56,0.03,0.66,13.11,99.97,0.00,94.96,60.44,92.88,0.66,0.61,0.11,1.83,0.01,0.06,0.00,0.02,0.00,0.00,0.00,0.00,99.99,26.60,0.00,0.00,0.03,0.00,0.00,0.00,6.67,-7.32,9.60,65.23,60.89,315.95,285.43,405.98,380.98,386.95,301.17,327.13,312.57,356.67,327.05,368.82,380.98,
92.411,0,0.11,0.02,0.23,62.87,0.02,0.53,57.58,0.03,0.70,12.13,99.96,-0.42,95.22,64.37,90.31,0.70,0.48,0.09,2.00,0.01,0.05,0.00,0.01,0.00,0.00,0.00,0.00,100.00,32.16,0.00,0.00,0.03,0.00,0.00,0.00,7.12,-7.04,9.62,65.22,60.70,315.90,285.37,405.96,381.03,386.82,301.18,327.19,312.55,356.77,326.83,368.77,381.03,
92.483,0,0.12,0.02,0.25,58.28,0.02,0.41,72.13,0.02,0.83,2.87,99.96,0.00,95.74,58.77,90.00,0.83,0.51,0.10,2.02,0.01,0.06,0.00,0.01,0.00,0.00,0.00,0.00,100.00,53.55,0.00,0.00,0.02,0.00,0.00,0.00,6.59,-6.44,9.38,65.25,61.20,315.99,285.43,405.94,380.89,387.20,301.25,327.04,312.49,357.08,326.98,368.65,380.89,
92.569,0,0.13,0.02,0.27,53.77,0.02,0.34,75.01,0.01,0.78,0.00,99.96,0.00,96.25,53.93,89.37,0.78,0.51,0.09,1.71,0.01,0.06,0.00,0.01,0.00,0.00,0.00,0.00,100.00,62.56,0.00,0.00,0.01,0.00,0.00,0.00,6.42,-5.78,9.79,65.05,60.49,316.43,285.20,406.10,380.54,387.01,300.98,327.54,312.03,357.72,326.62,369.25,380.54,
92.703,0,0.15,0.02,0.33,46.64,0.02,0.20,64.23,0.01,0.79,10.77,99.96,0.00,95.27,43.09,91.65,0.79,0.51,0.07,1.46,0.00,0.03,0.00,0.01,0.00,0.00,0.00,0.00,100.00,58.81,0.00,0.00,0.01,0.00,0.00,0.00,7.46,-6.99,9.65,65.25,60.32,317.21,285.40,406.66,380.65,387.69,301.33,328.34,312.10,357.82,326.42,369.77,380.65,
92.809,0,0.13,0.02,0.29,53.84,0.02,0.27,71.89,0.01,0.88,3.11,99.97,0.00,95.80,50.15,93.17,0.88,0.50,0.07,1.58,0.00,0.03,0.00,0.01,0.00,0.00,0.00,0.00,100.00,58.72,0.00,0.00,0.01,0.00,0.00,0.00,7.59,-6.36,9.71,65.21,59.97,317.47,285.26,406.89,380.58,387.76,301.24,328.75,311.91,358.39,326.18,370.03,380.58,
92.992,0,0.12,0.02,0.27,57.78,0.02,0.31,75.86,0.01,0.87,0.00,99.97,0.00,95.72,53.89,94.27,0.87,0.47,0.05,1.69,0.00,0.04,0.00,0.01,0.00,0.00,0.00,0.00,100.00,58.86,0.00,0.00,0.00,0.00,0.00,0.00,7.42,-6.47,9.87,65.22,59.98,317.30,285.24,406.83,380.61,387.56,301.12,328.58,312.01,358.22,326.28,370.05,380.61,
93.059,0,0.12,0.02,0.28,58.29,0.02,0.29,74.75,0.01,0.78,0.25,99.97,0.00,95.68,53.28,95.44,0.78,0.58,0.04,1.29,0.00,0.03,0.00,0.01,0.00,0.00,0.00,0.00,100.00,56.75,0.00,0.00,0.00,0.00,0.00,0.00,7.16,-6.52,9.76,65.20,60.10,317.47,285.22,406.93,380.46,387.81,301.08,328.69,311.95,358.33,326.32,370.11,380.46,
93.138,0,0.12,0.02,0.28,57.45,0.02,0.29,75.33,0.01,0.73,0.00,99.97,0.00,95.42,52.88,95.07,0.73,0.39,0.04,1.30,0.00,0.03,0.00,0.01,0.00,0.00,0.00,0.00,100.00,58.45,0.00,0.01,0.00,0.00,0.00,0.00,7.07,-6.81,9.72,65.24,59.81,317.30,285.26,406.80,380.62,387.56,301.20,328.70,311.82,358.05,326.42,369.89,380.62,
93.355,0,0.11,0.02,0.24,61.77,0.02,0.48,79.44,0.01,0.79,0.00,99.96,-0.07,95.36,62.43,91.13,0.79,0.17,0.06,2.37,0.00,0.04,0.00,0.01,0.00,0.00,0.00,0.00,100.00,58.70,0.00,0.01,0.00,0.01,0.00,0.00,7.30,-6.89,10.07,65.23,59.81,317.26,285.34,406.78,380.71,387.34,301.15,328.54,312.10,357.98,326.44,370.18,380.71,
93.422,0,0.11,0.02,0.22,65.10,0.02,0.57,79.84,0.01,0.83,0.00,99.96,-1.02,95.47,66.46,91.36,0.83,0.18,0.05,1.98,0.00,0.03,0.00,0.01,0.00,0.00,0.00,0.00,100.00,55.03,0.00,0.01,0.00,0.00,0.00,0.00,7.17,-6.75,9.93,65.11,59.84,317.23,285.21,406.92,380.73,387.48,301.06,328.64,312.00,358.10,326.43,370.10,380.73,
93.571,0,0.10,0.02,0.23,64.26,0.02,0.49,76.26,0.01,0.87,0.00,99.97,-0.40,95.70,63.61,93.06,0.87,0.19,0.03,1.22,0.00,0.01,0.00,0.01,0.00,0.00,0.00,0.00,100.00,51.14,0.00,0.00,0.00,0.00,0.00,0.00,6.98,-6.48,9.81,65.04,60.07,317.32,285.09,407.16,380.72,387.80,300.97,328.74,311.92,358.39,326.42,370.19,380.72,
93.713,0,0.12,0.02,0.28,57.33,0.02,0.30,35.63,0.04,0.77,17.67,99.97,0.00,96.51,53.60,94.32,0.77,0.29,0.03,0.45,0.02,0.03,0.00,0.04,0.00,0.00,0.00,0.00,99.97,17.59,0.00,0.00,0.00,0.02,0.00,0.00,1.40,-5.40,8.58,65.16,60.19,316.89,285.48,407.02,380.86,388.20,301.24,328.87,311.32,358.65,328.78,368.79,380.86,
93.932,0,0.03,0.03,0.04,17.21,0.02,14.67,14.81,58.43,1.38,65.58,98.03,-23.79,96.31,58.43,79.07,1.38,0.28,0.07,0.17,0.68,8.17,0.01,62.91,10.26,0.05,0.00,0.02,23.79,0.22,0.00,0.00,0.00,0.03,0.00,0.00,1.69,-5.69,7.83,64.98,60.98,316.10,286.52,405.92,381.36,387.98,302.39,327.82,312.38,357.55,329.59,367.23,381.36,
93.999,0,0.06,0.05,0.55,6.68,0.02,89.63,7.16,58.70,1.75,0.00,99.50,-56.83,96.92,58.70,59.33,1.75,0.40,0.08,0.05,0.40,14.00,0.00,98.77,99.85,0.09,0.00,0.07,1.99,0.07,0.00,0.00,0.00,0.01,0.00,0.00,3.80,-4.75,8.02,65.29,62.10,316.97,287.04,405.28,380.42,388.51,302.90,327.21,312.83,358.05,328.63,367.65,380.42,
94.140,0,0.08,0.05,0.89,3.93,0.02,84.82,3.76,45.56,2.52,0.00,99.36,-54.75,95.63,45.56,56.09,2.52,0.50,0.09,0.04,0.40,20.56,0.00,100.00,99.89,0.56,0.00,0.34,0.01,0.00,0.00,0.00,0.00,0.01,0.00,0.00,2.82,-6.57,8.25,64.80,60.85,318.01,287.56,405.67,380.28,388.58,303.18,328.50,312.82,357.94,329.27,368.44,380.28,
94.213,0,0.10,0.05,1.21,3.08,0.02,75.65,2.75,33.78,2.64,0.00,99.53,-52.11,96.53,33.78,59.86,2.64,0.82,0.08,0.03,0.42,22.92,0.00,100.00,99.92,0.40,0.00,0.21,0.00,0.00,0.00,0.00,0.00,0.01,0.00,0.00,1.30,-5.37,8.40,64.50,60.07,318.21,287.49,405.40,379.58,388.11,302.79,328.84,312.55,358.52,329.40,368.47,379.58,
94.440,0,0.08,0.04,0.75,3.42,0.02,73.11,3.07,31.92,3.34,1.89,99.67,-51.99,96.29,31.92,64.36,3.34,0.87,0.04,0.06,0.42,12.68,0.00,100.00,99.60,0.16,0.00,0.03,0.00,0.00,0.00,0.00,0.00,0.01,0.00,0.00,1.34,-5.72,8.72,64.61,59.79,318.57,287.84,405.09,379.39,387.89,303.09,328.84,312.50,358.38,329.43,368.76,379.39,
94.512,0,0.09,0.04,0.73,2.69,0.02,68.21,2.26,26.17,3.39,6.79,99.62,-50.53,96.27,26.17,62.54,3.39,0.89,0.03,0.07,0.37,10.72,0.00,100.00,98.99,0.08,0.00,0.03,0.00,0.00,0.00,0.00,0.00,0.01,0.00,0.00,0.94,-5.75,8.34,64.55,59.53,318.47,287.77,405.04,379.24,387.87,303.02,329.09,312.44,358.33,329.52,368.30,379.24,
94.578,0,0.09,0.04,0.76,2.85,0.02,67.05,2.44,25.85,3.25,7.95,99.68,-50.37,95.94,25.85,64.69,3.25,0.97,0.04,0.06,0.29,11.61,0.00,100.00,99.09,0.07,0.00,0.03,0.00,0.00,0.00,0.00,0.00,0.01,0.00,0.00,1.07,-6.19,8.00,64.70,59.92,318.38,287.93,404.92,379.28,388.10,303.24,328.92,312.61,358.00,329.65,367.92,379.28,
94.718,0,0.09,0.04,0.94,3.05,0.02,63.78,2.71,24.58,2.41,11.22,99.76,-49.69,96.56,24.58,68.13,2.41,1.38,0.04,0.02,0.24,15.12,0.00,100.00,99.47,0.03,0.00,0.19,0.00,0.00,0.00,0.00,0.00,0.02,0.00,0.00,1.29,-5.33,7.83,64.80,60.22,317.85,287.80,404.39,379.15,387.79,303.20,328.30,312.52,357.87,329.39,367.28,379.15,
94.859,0,0.10,0.04,1.26,3.15,0.02,61.23,2.84,23.01,1.88,13.77,99.78,-49.11,96.73,23.01,69.43,1.88,2.79,0.04,0.00,0.21,20.31,0.00,100.00,99.84,0.03,0.00,0.21,0.00,0.00,0.00,0.00,0.00,0.03,0.00,0.00,1.01,-5.07,7.92,64.86,60.55,318.16,287.76,404.46,378.85,388.09,303.12,328.25,312.38,358.16,329.32,367.58,378.85,
95.027,0,0.11,0.04,2.03,3.39,0.02,65.57,3.19,27.25,1.25,9.43,99.75,-49.76,96.67,27.25,67.95,1.25,2.87,0.05,0.00,0.27,31.37,0.00,100.00,99.90,0.02,0.00,0.25,0.00,0.00,0.00,0.00,0.00,0.03,0.00,0.00,1.14,-5.16,8.02,64.77,60.08,318.13,287.72,404.35,378.84,387.78,303.11,328.38,312.18,358.07,329.19,367.56,378.84,
95.105,0,0.10,0.04,1.78,3.60,0.02,66.08,3.45,28.22,1.06,8.92,99.77,-49.90,96.81,28.22,68.67,1.06,3.12,0.05,0.00,0.29,28.94,0.00,100.00,99.91,0.01,0.00,0.30,0.00,0.00,0.00,0.00,0.00,0.03,0.00,0.00,0.94,-4.94,8.10,64.69,60.29,318.11,287.76,404.40,378.90,387.84,303.10,328.25,312.28,358.17,329.31,367.67,378.90,
95.181,0,0.09,0.04,1.38,3.94,0.02,72.23,3.87,33.76,1.34,2.77,99.73,-51.39,96.73,33.76,67.05,1.34,2.07,0.05,0.00,0.33,25.64,0.00,100.00,99.92,0.01,0.00,0.46,0.00,0.00,0.00,0.00,0.00,0.02,0.00,0.00,1.31,-5.06,8.12,64.58,60.19,318.09,287.61,404.59,379.05,387.87,303.03,328.38,312.20,358.20,329.15,367.77,379.05,
95.323,0,0.09,0.04,1.05,2.87,0.02,69.67,2.60,29.09,1.44,5.33,99.61,-50.35,96.77,29.09,62.18,1.44,1.76,0.04,0.00,0.29,18.46,0.00,100.00,99.90,0.01,0.00,0.44,0.00,0.00,0.00,0.00,0.00,0.02,0.00,0.00,1.44,-5.00,8.36,64.71,60.20,318.31,287.85,404.41,378.83,387.77,303.09,328.31,312.52,358.25,329.17,368.01,378.83,
95.400,0,0.12,0.05,1.44,2.21,0.02,72.75,1.86,29.31,1.66,2.25,99.26,-50.62,96.61,29.31,54.32,1.66,1.26,0.04,0.00,0.34,24.96,0.00,100.00,99.94,0.01,0.00,0.75,0.00,0.00,0.00,0.00,0.00,0.02,0.00,0.00,1.60,-5.25,8.36,64.61,60.30,318.25,287.74,404.54,378.97,387.85,303.07,328.28,312.38,358.16,329.10,368.05,378.97,
95.632,0,0.22,0.06,6.08,1.48,0.02,72.80,1.12,26.00,1.83,2.20,98.52,-50.03,96.74,26.00,45.54,1.83,1.02,0.05,0.00,0.51,53.40,0.00,100.00,99.98,0.01,0.00,0.64,0.00,0.00,0.00,0.00,0.00,0.01,0.00,0.00,1.55,-5.05,8.24,64.78,60.16,318.38,287.84,404.56,378.99,387.94,303.23,328.48,312.36,358.34,329.15,368.00,378.99,
95.698,0,0.21,0.06,4.60,1.22,0.02,65.90,0.90,19.64,1.46,9.10,98.67,-48.36,96.72,19.64,46.94,1.46,0.67,0.04,0.00,0.48,45.42,0.00,100.00,99.98,0.01,0.00,0.72,0.00,0.00,0.00,0.00,0.00,0.01,0.00,0.00,1.54,-5.08,8.10,64.80,60.35,318.37,287.79,404.65,379.09,388.14,303.30,328.45,312.20,358.35,329.15,367.93,379.09,
95.777,0,0.18,0.06,2.95,1.23,0.02,64.48,0.91,18.74,1.34,10.52,98.78,-48.03,97.07,18.74,48.00,1.34,0.73,0.04,0.00,0.42,35.95,0.00,100.00,99.98,0.01,0.00,0.62,0.00,0.00,0.00,0.00,0.00,0.01,0.00,0.00,0.86,-4.50,8.35,64.81,60.36,318.34,287.89,404.44,378.92,387.89,303.20,328.22,312.29,358.51,329.35,368.05,378.92,
95.916,0,0.17,0.05,3.08,1.40,0.02,61.05,1.07,17.33,1.44,13.95,99.20,-47.73,97.10,17.33,53.30,1.44,0.70,0.04,0.00,0.39,36.39,0.00,100.00,99.97,0.01,0.00,0.49,0.00,0.00,0.00,0.00,0.00,0.01,0.00,0.00,1.02,-4.45,8.19,64.78,60.63,318.35,287.77,404.63,378.94,388.19,303.14,328.25,312.29,358.63,329.27,368.04,378.94,
95.983,0,0.15,0.05,2.33,1.56,0.02,61.69,1.22,18.54,1.53,13.31,99.31,-48.02,96.77,18.54,55.19,1.53,0.77,0.04,0.00,0.37,31.09,0.00,100.00,99.96,0.00,0.00,0.40,0.00,0.00,0.00,0.00,0.00,0.01,0.00,0.00,1.29,-5.00,8.13,64.72,60.28,318.38,287.80,404.62,379.02,388.08,303.24,328.47,312.22,358.39,329.22,367.95,379.02,
96.220,0,0.35,0.09,9.28,0.56,0.02,60.73,0.34,9.75,1.80,14.27,96.26,-46.48,96.97,9.75,33.75,1.80,0.04,0.04,0.02,1.24,56.43,0.00,100.00,99.95,0.01,0.00,0.06,0.00,0.00,0.00,0.08,0.00,0.01,0.00,0.00,2.96,-4.67,7.99,64.90,60.76,318.56,288.14,404.52,379.04,388.38,303.63,328.34,312.91,358.57,328.87,367.90,379.04,
96.293,0,0.53,0.13,11.53,0.29,0.02,62.59,0.14,5.02,2.29,12.41,87.94,-45.49,96.89,5.02,18.06,2.29,0.00,0.05,0.08,0.78,60.17,0.00,100.00,99.97,0.02,0.00,0.17,0.00,0.00,0.00,0.03,0.00,0.01,0.00,0.00,2.94,-4.80,8.45,64.91,60.14,319.23,288.38,405.01,379.13,388.44,303.65,329.08,313.25,359.10,329.05,368.84,379.13,
96.368,0,0.35,0.13,3.35,0.30,0.02,63.15,0.15,5.66,2.35,11.85,88.56,-45.63,96.81,5.66,18.80,2.35,0.00,0.05,0.05,0.49,34.19,0.00,100.00,99.97,0.07,0.00,0.57,0.00,0.00,0.00,0.02,0.00,0.01,0.00,0.00,0.33,-4.94,8.35,64.89,60.77,318.72,288.73,404.98,379.84,388.54,304.01,328.45,313.11,358.73,330.47,368.56,379.84,
96.578,0,0.26,0.13,1.21,0.29,0.02,64.72,0.14,6.58,1.98,10.28,86.44,-45.56,97.48,6.58,16.38,1.98,0.02,0.04,0.01,0.32,13.80,0.00,100.00,99.99,0.52,0.00,0.58,0.00,0.00,0.00,0.00,0.00,0.01,0.00,0.00,1.24,-3.72,8.26,65.29,60.35,318.80,288.86,404.35,379.26,388.10,304.09,328.46,313.31,359.06,329.90,368.15,379.26,
96.646,0,0.25,0.14,0.90,0.26,0.02,62.88,0.13,5.06,1.33,12.12,85.52,-44.77,97.38,5.06,15.43,1.33,0.05,0.03,0.00,0.22,7.55,0.00,100.00,99.99,0.81,0.00,0.44,0.00,0.00,0.00,0.00,0.00,0.02,0.00,0.00,1.08,-3.92,8.18,65.08,59.84,318.42,288.61,404.30,379.55,387.73,304.06,328.52,312.74,358.78,329.85,367.82,379.55,
96.783,0,0.25,0.14,0.89,0.24,0.02,64.65,0.12,6.27,1.82,10.35,82.59,-44.80,97.35,6.27,12.71,0.81,0.05,0.04,0.00,0.18,7.65,0.00,100.00,99.99,1.82,0.00,0.78,0.00,0.00,0.00,0.00,0.00,0.02,0.00,0.00,1.03,-3.99,8.38,65.05,59.89,318.67,288.69,404.35,379.30,387.78,303.92,328.59,313.04,358.89,329.87,368.16,379.30,
96.859,0,0.24,0.15,0.79,0.23,0.02,65.05,0.12,6.42,6.41,9.95,80.67,-44.73,97.50,6.42,11.11,0.45,0.10,0.04,0.00,0.16,5.31,0.00,100.00,99.99,6.41,0.00,1.23,0.00,0.00,0.00,0.00,0.00,0.06,0.00,0.00,0.48,-3.68,8.16,65.02,60.28,318.51,288.75,404.20,379.34,387.93,304.08,328.29,312.88,358.87,330.08,367.85,379.34,
96.927,0,0.25,0.16,0.72,0.22,0.02,67.81,0.11,8.08,8.08,7.19,76.58,-45.43,97.49,8.08,7.67,0.25,0.10,0.04,0.00,0.15,4.07,0.00,100.00,100.00,11.30,0.00,3.16,0.00,0.00,0.00,0.00,0.00,0.11,0.00,0.00,0.75,-3.71,8.18,64.96,59.97,318.62,288.73,404.26,379.31,387.86,304.05,328.54,312.87,358.95,329.95,367.92,379.31,
96.993,0,0.28,0.17,0.78,0.21,0.02,67.73,0.10,7.67,7.67,7.27,75.99,-45.97,97.62,7.67,6.76,0.24,0.10,0.05,0.00,0.14,5.51,0.00,100.00,100.00,15.01,0.00,6.00,0.00,0.00,0.00,0.00,0.00,0.16,0.00,0.00,0.27,-3.43,7.96,64.88,59.98,318.63,288.71,404.24,379.24,387.98,304.10,328.61,312.65,359.09,330.04,367.72,379.24,
97.240,0,0.31,0.18,0.80,0.21,0.02,69.72,0.10,9.35,9.35,5.28,78.37,-47.79,97.67,9.35,5.68,0.20,0.09,0.07,0.00,0.10,6.66,0.01,100.00,100.00,51.04,0.00,12.45,0.00,0.00,0.00,0.01,0.00,0.44,0.00,0.00,0.11,-3.32,8.08,65.10,60.38,318.61,288.82,404.13,379.19,388.03,304.13,328.28,312.83,359.05,330.17,367.80,379.19,
97.321,0,0.33,0.18,1.33,0.20,0.02,69.90,0.10,9.22,9.22,5.10,78.19,-46.72,97.61,9.22,4.85,0.25,0.02,0.09,0.01,0.25,16.74,0.02,100.00,100.00,81.96,0.00,7.53,0.00,0.00,0.00,4.01,0.00,0.43,0.00,0.00,2.25,-3.46,8.01,65.53,60.22,319.04,288.93,404.28,379.18,388.28,304.39,328.70,313.17,359.29,329.46,368.01,379.18,
97.462,0,0.37,0.18,2.27,0.20,0.02,70.64,0.10,9.60,9.60,4.36,78.70,-46.03,97.48,9.60,4.14,0.54,0.01,0.08,0.01,0.57,27.35,0.02,100.00,100.00,95.40,0.00,2.76,0.00,0.00,0.00,4.67,0.00,0.34,0.00,0.00,1.11,-3.73,7.67,65.61,61.07,318.51,289.09,403.90,379.07,388.33,304.35,327.97,313.63,358.68,330.11,367.31,379.07,
97.541,0,0.45,0.19,2.91,0.18,0.02,70.01,0.09,7.97,7.97,4.99,76.42,-46.68,97.48,7.97,2.51,0.85,0.01,0.10,0.03,0.48,32.03,0.03,100.00,100.00,99.00,0.00,6.67,0.00,0.01,0.00,0.65,0.00,0.33,0.00,0.00,1.93,-3.73,8.36,66.14,60.75,318.73,289.75,403.64,379.59,387.87,305.02,327.78,313.95,358.65,330.25,367.91,379.59,
97.618,0,0.46,0.19,2.57,0.21,0.02,73.89,0.10,12.09,12.09,1.11,81.86,-49.05,97.75,12.09,2.38,0.88,0.01,0.10,0.01,0.28,31.05,0.05,100.00,100.00,98.81,0.00,13.20,0.00,0.01,0.00,0.25,0.00,0.32,0.00,0.00,2.50,-3.15,8.56,66.33,61.02,318.94,289.75,403.46,379.06,387.87,304.81,327.59,314.29,358.92,329.87,368.14,379.06,
97.687,0,0.45,0.19,2.16,0.23,0.02,75.49,0.11,14.00,14.00,0.00,84.03,-50.22,97.86,14.00,2.75,0.95,0.01,0.08,0.01,0.14,28.29,0.04,100.00,100.00,98.90,0.00,16.49,0.00,0.01,0.00,0.10,0.00,0.44,0.00,0.00,0.59,-2.88,7.98,65.80,60.28,318.51,289.49,403.04,378.75,387.43,304.64,327.79,313.44,358.68,330.19,367.11,378.75,
97.757,0,0.49,0.20,2.00,0.26,0.02,78.35,0.13,17.32,17.32,0.00,87.30,-53.50,97.80,17.32,2.79,1.21,0.03,0.07,0.01,0.11,27.85,0.04,100.00,100.00,99.17,0.00,26.87,0.00,0.00,0.00,0.12,0.00,0.65,0.00,0.00,0.88,-3.04,8.17,65.92,60.61,318.51,289.63,402.92,378.81,387.43,304.77,327.46,313.58,358.52,330.19,367.25,378.81,
97.965,0,0.35,0.20,2.64,0.40,0.02,87.59,0.22,31.86,31.86,0.00,95.67,-52.61,97.80,31.86,1.83,1.19,0.02,0.06,0.00,0.18,38.27,0.02,100.00,100.00,99.13,0.00,8.31,0.00,0.00,0.00,0.16,0.00,0.58,0.00,0.00,1.63,-3.03,8.14,65.90,60.53,318.91,289.56,402.65,377.79,387.41,304.37,327.65,313.97,358.60,329.59,367.28,377.79,
98.030,0,0.28,0.20,2.39,0.66,0.02,93.44,0.42,47.21,47.21,0.00,98.70,-55.83,97.22,47.21,1.34,1.28,0.01,0.05,0.00,0.20,41.30,0.03,100.00,100.00,98.97,0.00,6.71,0.00,0.00,0.00,0.14,0.00,0.44,0.00,0.00,2.26,-4.23,8.68,65.85,61.65,318.94,289.26,403.04,377.86,387.85,304.00,327.02,314.03,358.16,329.35,368.10,377.86,
98.123,0,0.27,0.20,1.68,0.63,0.02,93.00,0.39,45.48,45.48,0.00,98.51,-56.26,97.62,45.48,1.55,1.52,0.01,0.06,0.00,0.19,33.64,0.03,100.00,100.00,98.76,0.00,9.75,0.00,0.00,0.00,0.13,0.00,0.53,0.00,0.00,1.66,-3.42,7.96,65.82,60.77,318.40,289.47,403.12,378.83,387.61,304.60,327.56,313.91,358.39,329.97,367.11,378.83,
98.199,0,0.25,0.21,0.82,0.60,0.02,92.53,0.36,43.85,43.85,0.00,98.30,-57.49,97.65,43.85,1.43,1.55,0.01,0.07,0.00,0.14,18.53,0.04,100.00,100.00,98.31,0.00,16.80,0.00,0.00,0.00,0.26,0.00,0.56,0.00,0.00,2.03,-3.36,8.42,66.00,60.67,318.92,289.78,403.37,378.97,387.73,304.80,327.79,314.20,358.79,330.02,367.92,378.97,
98.411,0,0.36,0.21,2.15,0.42,0.02,88.54,0.24,33.35,33.35,0.00,96.14,-54.44,97.65,33.35,1.45,1.54,0.01,0.08,0.00,0.15,34.56,0.07,100.00,100.00,97.99,0.00,13.99,0.00,0.00,0.00,0.13,0.00,0.78,0.00,0.00,1.54,-3.37,7.93,65.93,60.81,318.46,289.56,403.01,378.82,387.64,304.75,327.50,313.77,358.39,330.00,367.06,378.82,
98.478,0,0.37,0.22,2.02,0.43,0.02,88.91,0.24,34.01,34.01,0.00,96.33,-55.63,97.42,34.01,1.24,1.65,0.01,0.08,0.00,0.19,33.48,0.08,100.00,100.00,97.94,0.00,18.21,0.00,0.00,0.00,0.12,0.00,1.10,0.00,0.00,2.00,-3.85,8.12,66.01,61.03,318.76,289.53,403.07,378.57,387.83,304.68,327.47,313.74,358.32,329.74,367.44,378.57,
98.547,0,0.37,0.22,1.74,0.47,0.02,89.99,0.27,36.59,36.59,0.00,97.00,-57.22,97.40,36.59,1.33,1.66,0.01,0.08,0.00,0.22,31.28,0.07,100.00,100.00,98.49,0.00,22.46,0.00,0.00,0.00,0.20,0.00,1.16,0.00,0.00,1.24,-3.88,7.79,65.81,60.80,318.46,289.47,403.20,378.88,387.80,304.70,327.67,313.66,358.25,330.13,367.03,378.88,
98.776,0,0.29,0.22,1.07,0.44,0.02,89.55,0.25,35.47,35.47,0.00,96.73,-55.50,97.63,35.47,1.03,1.66,0.01,0.05,0.00,0.37,20.88,0.03,100.00,100.00,99.11,0.00,15.71,0.00,0.00,0.00,0.25,0.00,0.95,0.00,0.00,1.82,-3.42,8.21,65.82,60.61,318.84,289.66,403.41,379.03,387.81,304.83,327.88,313.90,358.75,330.03,367.70,379.03,
98.841,0,0.34,0.21,1.38,0.35,0.02,86.60,0.19,29.09,29.09,0.00,94.65,-54.15,97.33,29.09,0.65,1.63,0.01,0.06,0.01,0.39,23.97,0.03,100.00,100.00,98.97,0.00,16.29,0.00,0.00,0.00,0.17,0.00,0.67,0.00,0.00,1.52,-4.02,8.23,65.70,61.05,318.68,289.48,403.25,378.71,387.82,304.54,327.48,313.81,358.28,329.98,367.60,378.71,
98.917,0,0.38,0.21,1.65,0.33,0.02,85.51,0.18,27.16,27.16,0.00,93.81,-54.07,97.30,27.16,0.78,1.57,0.01,0.06,0.00,0.33,26.98,0.03,100.00,100.00,99.22,0.00,18.14,0.00,0.00,0.00,0.23,0.00,0.76,0.00,0.00,0.92,-4.07,8.21,65.60,60.92,318.61,289.49,403.22,378.71,387.72,304.49,327.51,313.77,358.21,330.20,367.51,378.71,
99.089,0,0.38,0.21,2.47,0.36,0.02,86.52,0.19,29.08,29.08,0.00,94.65,-53.63,96.68,29.08,0.84,1.74,0.01,0.04,0.00,0.84,35.36,0.03,100.00,100.00,99.52,0.00,12.79,0.00,0.00,0.00,79.82,0.00,0.60,0.00,0.00,2.79,-5.15,7.87,66.00,60.33,318.93,289.93,403.21,378.91,387.78,305.09,328.16,314.33,357.90,329.97,367.28,378.91,
99.166,0,0.42,0.21,2.50,0.33,0.02,85.47,0.18,26.88,26.88,0.00,93.68,-54.09,96.74,26.88,0.88,2.09,0.01,0.04,0.00,1.04,34.68,0.02,100.00,100.00,99.64,0.00,15.74,0.00,0.00,0.00,67.44,0.00,0.52,0.00,0.00,2.43,-5.04,7.82,65.95,60.91,318.81,289.88,403.34,379.01,388.05,305.01,327.88,314.40,357.93,330.15,367.30,379.01,
99.266,0,0.76,0.21,10.77,0.25,0.02,81.02,0.13,19.41,19.41,0.00,89.04,-54.54,96.77,19.41,0.40,2.83,0.00,0.08,0.02,2.63,61.55,0.02,100.00,100.00,99.69,0.00,20.20,0.00,0.00,0.00,6.61,0.00,0.31,0.00,0.00,1.47,-5.00,7.61,65.69,60.98,318.89,289.57,403.54,378.78,388.35,304.77,328.05,313.84,358.09,330.18,367.25,378.78,
99.421,0,1.58,0.23,35.05,0.18,0.02,74.50,0.08,8.23,8.23,0.50,76.79,-57.40,96.84,8.23,0.11,6.67,0.00,0.16,0.14,5.88,84.53,0.03,100.00,100.00,99.88,0.00,27.95,0.00,0.00,0.00,7.80,0.00,0.26,0.00,0.00,2.15,-4.89,7.73,65.85,61.02,318.97,289.55,403.55,378.80,388.36,304.81,328.01,313.85,358.18,329.91,367.42,378.80,
99.494,0,1.28,0.23,28.05,0.20,0.02,76.14,0.09,10.31,10.31,0.00,79.64,-55.29,96.68,10.31,0.18,6.09,0.00,0.13,0.07,4.54,80.06,0.03,100.00,100.00,99.81,0.00,20.71,0.00,0.00,0.00,0.09,0.00,0.22,0.00,0.00,0.52,-5.15,7.89,65.31,60.50,319.07,289.31,403.59,378.34,388.11,304.30,328.31,313.47,358.15,330.18,367.58,378.34,
99.576,0,1.03,0.22,19.09,0.21,0.02,77.28,0.10,12.68,12.68,0.00,82.56,-53.68,96.44,12.68,0.56,4.64,0.01,0.10,0.02,2.83,72.51,0.02,100.00,100.00,99.72,0.00,18.29,0.00,0.00,0.00,0.04,0.00,0.25,0.00,0.00,0.54,-5.51,7.80,65.22,60.68,318.96,289.24,403.65,378.44,388.21,304.29,328.22,313.41,357.94,330.21,367.48,378.44,
99.791,0,0.89,0.20,10.89,0.25,0.02,78.05,0.12,15.00,15.00,0.00,85.08,-54.16,97.25,15.00,2.77,3.43,0.01,0.07,0.01,0.91,62.03,0.01,100.00,100.00,99.39,0.00,24.88,0.00,0.00,0.00,0.10,0.00,0.41,0.00,0.00,0.17,-4.17,7.35,65.25,60.68,318.38,289.20,403.62,379.21,388.18,304.73,328.05,312.91,358.29,330.42,366.78,379.21,
99.995,0,0.80,0.21,11.51,0.20,0.02,74.44,0.09,11.17,11.17,0.56,80.74,-50.94,97.62,11.17,1.13,2.46,0.01,0.08,0.03,1.58,61.36,0.02,100.00,100.00,99.27,0.00,15.76,0.00,0.00,0.00,0.10,0.00,0.52,0.00,0.00,-0.70,-3.44,8.05,65.19,60.64,318.20,289.31,403.42,379.16,387.59,304.42,327.60,313.29,358.43,330.78,367.24,379.16,
100.067,0,0.69,0.21,4.80,0.18,0.02,71.96,0.08,8.70,8.70,3.04,77.47,-51.21,97.59,8.70,0.76,1.72,0.01,0.06,0.02,0.86,42.28,0.03,100.00,100.00,99.22,0.00,22.69,0.00,0.00,0.00,0.00,0.00,0.55,0.00,0.00,-1.19,-3.50,8.22,65.14,60.10,318.35,289.28,403.45,379.06,387.36,304.31,327.91,313.10,358.51,330.86,367.43,379.06,
100.137,0,0.68,0.21,2.71,0.18,0.02,71.06,0.08,7.94,7.94,3.94,76.38,-53.16,97.40,7.94,0.82,1.43,0.02,0.05,0.01,0.59,30.43,0.03,100.00,100.00,99.57,0.00,33.20,0.00,0.00,0.00,0.00,0.00,0.57,0.00,0.00,-1.36,-3.87,8.24,65.12,60.44,318.43,289.14,403.57,378.90,387.60,304.14,327.81,312.97,358.41,330.81,367.58,378.90,
100.284,0,0.70,0.21,1.70,0.17,0.02,70.21,0.08,7.46,7.46,4.79,75.68,-55.50,97.34,7.46,1.07,1.02,0.05,0.06,0.00,0.40,20.98,0.04,100.00,100.00,99.45,0.01,45.27,0.00,0.00,0.00,0.00,0.00,0.71,0.00,0.00,-1.57,-4.01,8.23,65.17,59.68,318.06,289.01,403.54,379.27,387.09,304.12,328.03,312.71,358.18,330.92,367.29,379.27,
100.364,0,0.72,0.21,1.92,0.16,0.02,68.11,0.07,5.53,5.53,6.89,72.71,-54.31,96.95,5.53,0.80,0.64,0.05,0.06,0.00,0.36,22.78,0.08,100.00,100.00,99.28,0.01,43.09,0.00,0.01,0.00,0.00,0.00,0.65,0.00,0.00,-1.73,-4.71,8.30,65.32,59.84,318.10,289.26,403.44,379.39,387.11,304.37,327.86,312.79,357.81,331.18,367.34,379.39,
100.432,0,0.87,0.21,2.44,0.15,0.02,67.04,0.07,4.54,4.54,7.96,71.10,-55.74,97.01,4.54,0.80,0.54,0.04,0.10,0.00,0.36,27.38,0.17,100.00,100.00,99.23,0.01,50.60,0.00,0.01,0.00,0.01,0.00,0.75,0.00,0.00,-2.03,-4.59,8.15,65.32,60.08,317.97,289.29,403.24,379.33,387.14,304.45,327.62,312.65,357.69,331.26,367.06,379.33,
100.600,0,0.63,0.20,2.15,0.15,0.02,66.19,0.07,3.95,3.95,8.81,70.12,-51.26,97.44,3.95,0.78,0.29,0.03,0.08,0.00,0.40,24.60,0.14,100.00,100.00,99.09,0.00,32.19,0.00,0.01,0.00,0.00,0.00,0.69,0.00,0.00,-1.96,-3.81,8.10,65.15,59.92,318.00,289.09,403.39,379.32,387.18,304.33,327.81,312.43,358.17,331.05,367.10,379.32,
100.666,0,0.66,0.20,2.33,0.15,0.02,66.04,0.07,3.84,3.84,8.96,69.93,-51.46,96.85,3.84,0.83,0.27,0.03,0.07,0.01,0.41,26.19,0.16,100.00,99.99,98.54,0.00,33.18,0.00,0.01,0.00,0.01,0.00,0.64,0.00,0.00,-0.84,-4.87,8.23,65.35,60.07,317.98,289.37,403.36,379.62,387.14,304.62,327.66,312.97,357.62,331.03,367.20,379.62,
100.732,0,0.66,0.20,3.04,0.15,0.02,66.26,0.07,3.92,3.92,8.74,70.06,-50.36,97.00,3.92,0.53,0.33,0.02,0.07,0.01,0.48,31.59,0.14,100.00,99.99,98.57,0.00,28.00,0.00,0.01,0.00,0.31,0.00,0.43,0.00,0.00,0.45,-4.63,8.11,65.62,60.67,318.12,289.69,403.23,379.61,387.46,304.94,327.42,313.63,357.72,330.81,367.16,379.61,
100.959,0,0.73,0.20,7.75,0.15,0.02,66.20,0.07,3.72,3.72,8.80,69.73,-47.92,97.69,3.72,0.38,0.70,0.00,0.10,0.06,1.29,50.40,0.15,100.00,99.99,99.13,0.00,15.09,0.00,0.01,0.00,5.81,0.00,0.26,0.00,0.00,1.22,-3.27,7.94,65.89,61.25,317.99,289.78,403.12,379.57,387.64,304.99,327.09,314.24,358.24,330.61,366.94,379.57,
101.025,0,0.84,0.20,8.31,0.16,0.02,68.22,0.07,5.61,5.61,6.78,72.84,-49.95,97.46,5.61,0.61,0.71,0.01,0.10,0.04,0.68,53.19,0.15,100.00,99.99,99.27,0.00,23.26,0.00,0.01,0.00,0.51,0.00,0.32,0.00,0.00,-0.05,-3.77,7.62,65.86,61.03,317.40,289.80,402.73,379.67,387.22,305.02,326.85,314.01,357.53,331.15,366.13,379.67,
101.260,0,0.76,0.20,8.30,0.18,0.02,71.51,0.08,8.51,8.51,3.49,77.20,-49.38,97.75,8.51,0.63,1.18,0.02,0.09,0.02,0.35,54.44,0.11,100.00,100.00,99.56,0.00,17.34,0.00,0.00,0.00,0.32,0.00,0.40,0.00,0.00,0.95,-3.13,7.84,65.86,61.63,317.57,289.63,402.53,379.05,387.33,304.70,326.44,314.23,357.79,330.47,366.37,379.05,
101.339,0,0.61,0.20,4.61,0.18,0.02,71.79,0.08,8.95,8.95,3.21,77.82,-49.00,97.58,8.95,0.54,1.01,0.01,0.08,0.01,0.39,41.98,0.07,100.00,100.00,99.44,0.00,15.56,0.00,0.00,0.00,0.30,0.00,0.41,0.00,0.00,1.93,-3.51,7.90,65.91,61.33,317.57,289.57,402.53,379.14,387.17,304.75,326.57,314.19,357.62,330.10,366.40,379.14,
101.414,0,0.50,0.20,3.21,0.18,0.02,72.34,0.09,9.80,9.80,2.66,78.97,-47.99,97.46,9.80,0.57,0.81,0.02,0.06,0.01,0.43,34.69,0.08,100.00,100.00,99.28,0.00,10.67,0.00,0.00,0.00,0.10,0.00,0.35,0.00,0.00,2.55,-3.76,8.02,66.01,61.37,317.59,289.59,402.59,379.14,387.14,304.66,326.58,314.57,357.54,329.98,366.55,379.14,
101.556,0,0.55,0.20,5.86,0.18,0.02,71.52,0.08,9.14,9.14,3.48,78.07,-46.37,97.66,9.14,0.50,0.56,0.02,0.06,0.01,0.47,47.06,0.07,100.00,100.00,98.76,0.00,4.80,0.00,0.00,0.00,0.28,0.00,0.33,0.00,0.00,1.58,-3.34,8.14,65.72,61.19,317.64,289.63,402.49,379.08,387.00,304.68,326.56,314.23,357.71,330.21,366.62,379.08,
101.636,0,0.53,0.20,4.85,0.17,0.02,69.98,0.08,7.49,7.49,5.02,75.73,-46.13,97.47,7.49,0.61,0.60,0.02,0.06,0.01,0.47,42.52,0.05,100.00,100.00,99.16,0.00,5.32,0.00,0.00,0.00,0.45,0.00,0.30,0.00,0.00,1.86,-3.74,7.73,65.72,61.06,317.39,289.55,402.55,379.40,387.07,304.87,326.71,314.05,357.45,330.21,366.13,379.40,
101.702,0,0.50,0.20,3.69,0.16,0.02,68.94,0.07,6.46,6.46,6.06,74.17,-46.20,97.48,6.46,0.64,0.55,0.02,0.06,0.01,0.48,36.45,0.04,100.00,100.00,99.21,0.00,6.76,0.00,0.00,0.00,0.45,0.00,0.35,0.00,0.00,2.36,-3.72,7.86,65.88,61.18,317.64,289.60,402.62,379.23,387.20,304.82,326.76,314.29,357.61,330.03,366.43,379.23,
101.848,0,0.57,0.20,6.56,0.17,0.02,70.09,0.08,7.76,7.76,4.91,76.12,-46.31,97.59,7.76,0.52,0.54,0.02,0.08,0.01,0.84,48.64,0.03,100.00,100.00,99.36,0.00,5.29,0.00,0.00,0.00,0.40,0.00,0.36,0.00,0.00,1.88,-3.49,8.03,65.82,61.13,317.80,289.67,402.57,379.02,387.15,304.74,326.77,314.33,357.76,330.14,366.64,379.02,
101.916,0,0.60,0.20,7.89,0.17,0.02,70.50,0.08,7.97,7.97,4.50,76.43,-46.33,97.58,7.97,0.40,0.78,0.01,0.07,0.02,1.00,52.51,0.03,100.00,100.00,99.39,0.00,4.24,0.00,0.00,0.00,1.01,0.00,0.25,0.00,0.00,1.84,-3.51,7.90,65.92,61.45,317.92,289.67,402.68,378.95,387.48,304.76,326.77,314.33,357.87,330.15,366.66,378.95,
101.985,0,0.66,0.20,11.74,0.17,0.02,70.17,0.08,7.63,7.63,4.83,75.92,-46.20,97.48,7.63,0.28,0.93,0.01,0.07,0.02,1.54,60.66,0.02,100.00,100.00,99.37,0.00,2.55,0.00,0.00,0.00,1.29,0.00,0.15,0.00,0.00,2.42,-3.72,7.77,66.02,61.60,318.00,289.58,402.83,378.93,387.71,304.74,326.87,314.39,357.88,329.93,366.66,378.93,
102.217,0,1.01,0.20,39.06,0.15,0.02,67.60,0.07,5.14,5.25,7.40,72.26,-47.86,97.45,5.14,0.21,2.10,0.00,0.06,0.02,5.25,87.57,0.00,100.00,100.00,99.52,0.00,1.91,0.00,0.00,0.00,40.05,0.00,0.12,0.00,0.00,4.17,-3.79,7.31,66.44,62.22,318.38,289.94,402.77,378.92,388.40,305.40,326.88,314.70,357.99,329.52,366.45,378.92,
102.290,0,1.04,0.20,40.26,0.14,0.02,65.36,0.06,2.98,5.24,9.64,72.25,-47.29,97.13,2.98,0.18,2.01,0.00,0.06,0.02,5.24,87.86,0.00,100.00,100.00,99.51,0.00,1.79,0.00,0.00,0.00,55.89,0.00,0.12,0.00,0.00,5.22,-4.39,7.85,66.39,61.76,318.61,290.06,402.48,378.77,387.91,305.47,326.84,314.65,357.67,329.08,366.89,378.77,
102.358,0,0.99,0.21,32.66,0.14,0.02,66.73,0.06,3.52,4.22,8.27,70.57,-47.30,97.54,3.52,0.11,2.43,0.00,0.05,0.02,4.22,82.48,0.00,100.00,100.00,99.48,0.00,2.29,0.00,0.00,0.00,67.45,0.00,0.14,0.00,0.00,3.30,-3.60,7.50,66.62,61.78,318.98,290.80,402.32,378.83,388.22,306.19,327.04,314.74,358.16,330.12,366.67,378.83,
102.580,0,0.84,0.21,17.35,0.15,0.02,67.72,0.07,3.89,3.89,7.28,70.01,-46.89,97.37,3.89,0.04,2.35,0.00,0.05,0.02,2.36,67.71,0.01,100.00,100.00,99.64,0.00,4.08,0.00,0.00,0.00,75.01,0.00,0.24,0.00,0.00,3.00,-3.94,7.44,66.61,61.98,318.76,290.83,402.13,378.74,388.13,306.14,326.78,314.89,357.79,330.29,366.43,378.74,
102.661,0,1.04,0.21,29.53,0.14,0.02,65.85,0.06,2.30,2.78,9.15,68.12,-46.83,97.19,2.30,0.04,2.21,0.00,0.07,0.02,2.78,80.59,0.01,100.00,100.00,99.55,0.00,4.93,0.00,0.00,0.00,75.72,0.00,0.25,0.00,0.00,3.36,-4.29,7.17,66.67,61.76,318.38,290.79,402.22,379.26,388.02,306.29,326.87,314.93,357.50,330.38,366.00,379.26,
102.732,0,1.10,0.21,36.31,0.14,0.02,65.01,0.06,2.16,3.53,9.99,69.41,-46.84,97.28,2.16,0.04,1.81,0.00,0.07,0.02,3.53,85.96,0.01,100.00,100.00,99.14,0.00,4.63,0.00,0.00,0.00,81.29,0.00,0.24,0.00,0.00,3.35,-4.12,7.37,66.62,61.54,318.55,290.84,402.17,379.07,387.88,306.19,326.97,315.02,357.64,330.32,366.23,379.07,
102.893,0,1.01,0.20,32.92,0.13,0.02,64.39,0.06,1.72,3.29,10.61,69.01,-45.87,97.25,1.72,0.03,1.55,0.00,0.05,0.02,3.29,83.04,0.01,100.00,99.99,98.77,0.00,1.93,0.00,0.00,0.00,82.83,0.00,0.20,0.00,0.00,3.77,-4.17,7.31,66.72,61.59,318.49,290.89,402.09,379.12,387.86,306.30,326.90,315.12,357.55,330.24,366.10,379.12,
103.043,0,0.83,0.20,30.39,0.12,0.02,62.29,0.06,1.52,8.15,12.71,76.68,-47.92,97.29,1.52,0.04,1.55,0.00,0.06,0.02,8.15,75.79,0.00,100.00,99.99,98.16,0.00,1.37,0.00,0.00,0.00,84.67,0.00,0.12,0.00,0.00,3.20,-4.10,7.43,66.19,61.21,318.46,290.84,402.14,379.19,387.64,306.20,327.06,314.94,357.60,330.39,366.20,379.19,
103.184,0,0.79,0.20,34.20,0.12,0.02,61.59,0.06,1.66,12.03,13.41,81.79,-50.01,97.42,1.66,0.03,2.17,0.00,0.07,0.04,12.03,75.44,0.00,100.00,99.99,96.31,0.00,1.04,0.00,0.00,0.00,83.90,0.00,0.07,0.00,0.00,3.88,-3.84,7.54,66.20,61.35,318.58,290.83,402.25,379.15,387.74,306.13,327.07,315.23,357.83,330.16,366.43,379.15,
103.248,0,0.85,0.21,34.37,0.12,0.02,62.53,0.06,1.60,10.10,12.47,79.37,-49.19,97.32,1.60,0.04,2.42,0.00,0.06,0.04,10.10,77.50,0.00,100.00,99.99,94.53,0.00,0.76,0.00,0.00,0.00,82.22,0.00,0.06,0.00,0.00,4.20,-4.04,7.60,66.08,61.49,318.62,290.73,402.31,379.09,387.83,306.05,327.02,315.17,357.78,329.98,366.55,379.09,
103.323,0,0.89,0.21,34.99,0.12,0.02,63.40,0.06,1.87,9.05,11.60,77.96,-48.92,97.35,1.87,0.06,2.60,0.00,0.06,0.04,9.05,79.18,0.00,100.00,99.99,94.13,0.00,0.95,0.00,0.00,0.00,85.48,0.00,0.05,0.00,0.00,3.43,-3.99,7.51,65.99,61.66,318.53,290.76,402.32,379.10,387.91,306.01,326.94,315.21,357.76,330.30,366.43,379.10,
103.440,0,0.84,0.21,29.66,0.13,0.02,64.05,0.06,1.82,8.75,10.95,77.54,-48.97,97.24,1.82,0.06,3.16,0.00,0.05,0.04,8.75,74.59,0.00,100.00,99.99,91.43,0.00,0.39,0.00,0.00,0.00,88.88,0.00,0.05,0.00,0.00,4.64,-4.18,7.44,66.03,61.55,318.54,290.70,402.45,379.25,387.95,306.06,327.10,315.38,357.74,329.93,366.43,379.25,
103.618,0,0.67,0.21,15.19,0.13,0.02,65.60,0.06,2.87,9.07,9.40,77.98,-50.12,97.39,2.87,0.04,3.72,0.00,0.09,0.06,9.07,57.49,0.00,100.00,100.00,91.77,0.00,2.38,0.00,0.00,0.00,91.04,0.00,0.07,0.00,0.00,4.06,-3.91,7.57,66.07,61.48,318.56,290.96,402.39,379.34,387.82,306.17,327.07,315.67,357.86,330.33,366.52,379.34,
103.685,0,0.68,0.21,17.06,0.13,0.02,65.24,0.06,2.80,10.06,9.76,79.31,-50.54,97.41,2.80,0.04,3.81,0.00,0.07,0.06,10.06,59.25,0.00,100.00,100.00,91.49,0.00,2.06,0.00,0.00,0.00,91.55,0.00,0.08,0.00,0.00,3.79,-3.85,7.46,65.97,61.40,318.55,290.98,402.35,379.32,387.82,306.21,327.14,315.59,357.87,330.41,366.39,379.32,
103.776,0,0.68,0.22,18.23,0.13,0.02,65.80,0.06,3.22,10.92,9.20,80.43,-51.12,97.32,3.22,0.03,4.25,0.00,0.06,0.05,10.92,60.14,0.00,100.00,100.00,93.18,0.00,1.32,0.00,0.00,0.00,87.26,0.00,0.09,0.00,0.00,3.65,-4.04,7.41,65.90,61.41,318.62,291.10,402.25,379.20,387.83,306.28,327.15,315.66,357.77,330.51,366.33,379.20,
103.851,0,0.73,0.22,21.06,0.13,0.02,65.32,0.06,2.31,10.96,9.68,80.48,-51.12,96.97,2.31,0.03,4.70,0.00,0.05,0.05,10.96,63.39,0.00,100.00,100.00,90.88,0.00,0.99,0.00,0.00,0.00,83.45,0.00,0.06,0.00,0.00,1.78,-4.67,6.76,65.84,61.45,318.01,291.49,402.08,380.07,387.85,307.04,326.96,315.30,357.09,331.69,365.33,380.07,
103.918,0,0.91,0.23,33.84,0.13,0.02,66.22,0.06,1.83,12.10,8.78,81.88,-52.54,96.62,1.83,0.02,6.50,0.00,0.05,0.04,12.10,75.11,0.00,100.00,100.00,86.80,0.00,0.89,0.00,0.00,0.00,82.09,0.00,0.03,0.00,0.00,3.64,-5.23,6.43,65.90,61.57,317.67,291.35,402.43,380.78,388.07,307.25,327.06,315.59,356.83,331.33,365.02,380.78,
103.984,0,1.05,0.24,53.52,0.13,0.02,66.18,0.06,1.72,17.58,8.82,87.53,-56.16,96.74,1.72,0.02,8.60,0.00,0.06,0.03,17.58,85.81,0.00,100.00,100.00,84.24,0.00,0.61,0.00,0.00,0.00,85.61,0.00,0.02,0.00,0.00,3.04,-5.05,6.66,65.81,62.34,317.50,291.46,402.47,381.03,388.24,307.29,326.48,315.76,356.80,331.72,365.25,381.03,
104.217,0,1.22,0.28,61.69,0.14,0.02,71.41,0.06,3.02,22.58,3.59,91.30,-62.18,96.95,3.02,0.02,14.57,0.00,0.07,0.04,22.58,87.95,0.00,100.00,100.00,76.50,0.00,0.62,0.00,0.00,0.00,91.14,0.00,0.01,0.00,0.00,3.63,-4.70,6.65,65.81,62.19,317.37,291.48,402.55,381.32,388.14,307.36,326.55,315.96,356.96,331.63,365.19,381.32,
104.284,0,1.36,0.32,45.78,0.18,0.02,78.54,0.07,4.47,19.17,0.00,89.76,-64.27,97.04,4.47,0.02,20.34,0.00,0.05,0.03,19.17,78.94,0.00,100.00,100.00,68.27,0.00,0.65,0.00,0.00,0.00,89.86,0.00,0.01,0.00,0.00,4.24,-4.55,6.99,65.97,62.11,317.89,291.73,402.46,381.03,388.15,307.49,326.65,316.15,357.24,331.39,365.74,381.03,
104.436,0,1.24,0.38,11.49,0.25,0.02,84.74,0.07,4.45,12.45,0.00,93.80,-65.22,96.90,4.45,0.01,27.13,0.00,0.05,0.03,12.45,48.20,0.00,100.00,100.00,71.20,0.00,1.24,0.00,0.00,0.00,87.69,0.00,0.01,0.00,0.00,4.38,-4.80,6.68,65.81,61.14,317.93,291.80,402.48,381.11,387.89,307.61,327.34,316.15,357.20,331.41,365.38,381.11,
104.579,0,1.12,0.37,6.82,0.26,0.02,85.47,0.07,5.24,9.22,0.00,93.47,-63.54,96.79,5.24,0.01,26.45,0.00,0.04,0.03,9.22,40.24,0.00,100.00,100.00,75.39,0.00,1.31,0.00,0.00,0.00,85.00,0.00,0.03,0.00,0.00,3.63,-4.96,7.03,65.42,60.77,318.10,291.81,402.49,380.97,387.63,307.43,327.48,316.04,357.22,331.60,365.77,380.97,
104.645,0,1.17,0.39,9.50,0.26,0.02,85.55,0.07,5.25,12.33,0.00,94.07,-65.56,96.87,5.25,0.02,27.73,0.00,0.04,0.03,12.33,44.34,0.00,100.00,100.00,79.19,0.00,0.69,0.00,0.00,0.00,82.59,0.00,0.02,0.00,0.00,4.27,-4.83,7.18,65.43,61.25,318.37,291.86,402.58,380.80,387.95,307.42,327.34,316.27,357.43,331.36,366.13,380.80,
104.768,0,1.36,0.37,19.35,0.24,0.02,84.41,0.07,5.38,13.25,0.00,93.22,-64.92,97.18,5.38,0.02,25.94,0.00,0.04,0.03,13.25,59.99,0.00,100.00,100.00,79.77,0.00,0.40,0.00,0.00,0.00,89.78,0.00,0.02,0.00,0.00,3.46,-4.29,7.24,65.19,61.11,318.88,292.23,402.58,380.61,388.13,307.68,327.63,316.30,357.95,331.70,366.44,380.61,
104.926,0,1.63,0.35,31.18,0.24,0.02,83.61,0.07,5.11,11.55,0.00,92.31,-63.11,97.20,5.11,0.01,24.25,0.00,0.04,0.03,11.55,74.32,0.00,100.00,100.00,78.66,0.00,0.38,0.00,0.00,0.00,89.08,0.00,0.02,0.00,0.00,2.62,-4.26,7.25,64.98,61.22,318.88,292.28,402.66,380.73,388.22,307.72,327.59,316.17,358.00,332.05,366.50,380.73,
104.993,0,1.64,0.37,29.34,0.25,0.02,84.61,0.07,5.38,12.38,0.00,93.23,-64.52,97.35,5.38,0.01,25.96,0.00,0.04,0.04,12.38,71.84,0.00,100.00,100.00,79.04,0.00,0.34,0.00,0.00,0.00,87.85,0.00,0.01,0.00,0.00,2.80,-3.98,7.13,65.02,61.15,318.91,292.39,402.74,380.84,388.29,307.82,327.75,316.46,358.20,332.13,366.43,380.84,
105.144,0,1.68,0.38,24.90,0.26,0.02,85.22,0.07,4.80,10.78,0.00,93.74,-64.23,97.38,4.80,0.01,27.02,0.00,0.03,0.04,10.78,68.74,0.00,100.00,100.00,70.72,0.00,0.22,0.00,0.00,0.00,88.90,0.00,0.01,0.00,0.00,3.21,-3.91,7.14,65.13,61.29,319.13,292.56,402.77,380.88,388.49,308.06,327.79,316.52,358.35,332.07,366.58,380.88,
105.215,0,1.83,0.36,35.89,0.23,0.02,83.06,0.06,3.32,11.25,0.00,92.75,-62.97,97.25,3.32,0.01,25.06,0.00,0.03,0.05,11.25,78.25,0.00,100.00,100.00,49.61,0.00,0.14,0.00,0.00,0.00,85.88,0.00,0.00,0.00,0.00,3.46,-4.17,6.86,65.17,61.44,319.29,292.78,402.65,380.77,388.71,308.36,327.83,316.63,358.25,332.09,366.35,380.77,
105.291,0,2.10,0.37,46.28,0.22,0.02,82.83,0.06,2.09,13.16,0.00,93.56,-64.46,97.28,2.09,0.01,26.63,0.00,0.02,0.05,13.16,84.56,0.00,100.00,100.00,38.19,0.00,0.07,0.00,0.00,0.00,89.38,0.00,0.00,0.00,0.00,2.92,-4.12,6.66,65.17,61.09,319.38,293.08,402.76,381.12,388.77,308.75,328.20,316.66,358.39,332.55,366.23,381.12,
105.503,0,2.06,0.36,60.90,0.20,0.02,80.76,0.06,2.39,17.16,0.00,92.57,-65.26,97.01,2.39,0.01,24.73,0.00,0.04,0.09,17.16,92.49,0.00,100.00,100.00,20.90,0.00,0.07,0.00,0.00,0.00,81.98,0.00,0.00,0.00,0.00,2.43,-4.61,7.22,64.73,61.69,319.37,293.21,403.12,381.59,388.94,308.69,327.81,317.02,358.29,333.05,366.99,381.59,
105.580,0,2.05,0.42,73.92,0.20,0.02,83.21,0.07,4.28,29.84,0.00,95.46,-75.24,97.19,4.28,0.01,31.23,0.00,0.04,0.13,29.84,92.42,0.00,100.00,100.00,29.11,0.00,0.12,0.00,0.00,0.00,90.32,0.00,0.00,0.00,0.00,0.90,-4.28,6.92,64.39,61.09,319.35,293.40,403.42,382.06,388.96,308.91,328.40,316.93,358.63,333.84,366.79,382.06,
105.650,0,1.91,0.49,72.37,0.21,0.02,85.42,0.07,4.82,38.72,0.00,97.46,-83.18,97.31,4.82,0.01,37.69,0.00,0.04,0.12,38.72,82.15,0.00,100.00,100.00,36.25,0.00,0.26,0.00,0.00,0.00,88.00,0.00,0.01,0.00,0.00,0.71,-4.06,6.84,64.46,61.37,318.87,293.64,403.26,382.59,388.80,309.20,327.96,317.26,358.40,334.29,366.43,382.59,
105.875,0,2.87,0.55,46.02,0.32,0.02,90.57,0.07,4.53,20.04,0.00,98.04,-76.99,97.00,4.53,0.01,42.05,0.00,0.02,0.13,20.04,78.28,0.00,100.00,100.00,46.25,0.00,0.02,0.00,0.00,0.00,89.84,0.00,0.01,0.00,0.00,1.02,-4.61,6.66,64.04,61.24,319.18,293.99,403.39,382.68,389.04,309.53,328.35,317.69,358.36,334.49,366.46,382.68,
105.961,0,3.00,0.54,52.17,0.30,0.02,89.53,0.06,3.05,20.47,0.00,97.89,-76.31,96.85,3.05,0.01,41.11,0.00,0.02,0.17,20.47,82.29,0.00,100.00,100.00,35.89,0.00,0.03,0.00,0.00,0.00,85.64,0.00,0.00,0.00,0.00,1.72,-4.87,6.82,64.11,61.63,319.32,294.12,403.36,382.71,389.21,309.70,328.11,317.80,358.27,334.32,366.70,382.71,
106.133,0,2.59,0.59,86.69,0.22,0.02,87.24,0.06,3.84,46.27,0.00,98.60,-90.52,97.19,3.84,0.01,44.90,0.00,0.03,0.16,46.27,92.49,0.00,100.00,100.00,37.24,0.00,0.13,0.00,0.00,0.00,91.97,0.00,0.00,0.00,0.00,0.61,-4.28,7.54,64.13,61.19,319.46,294.74,403.42,383.27,388.75,309.98,328.13,318.40,358.65,335.23,367.44,383.27,
106.201,0,3.16,0.58,79.87,0.26,0.02,88.85,0.06,3.42,34.73,0.00,98.38,-84.88,96.45,3.42,0.01,44.46,0.00,0.04,0.17,34.73,93.97,0.00,100.00,100.00,20.64,0.00,0.10,0.00,0.00,0.00,86.37,0.00,0.00,0.00,0.00,1.36,-5.48,6.35,64.02,60.99,319.20,294.42,403.33,383.02,389.07,310.07,328.60,318.03,357.95,334.81,366.11,383.02,
106.270,0,3.78,0.65,73.61,0.32,0.02,91.58,0.07,4.27,30.51,0.00,98.87,-85.72,97.44,4.27,0.01,48.96,0.00,0.03,0.20,30.51,91.43,0.00,100.00,100.00,25.05,0.00,0.09,0.00,0.00,0.00,93.58,0.00,0.00,0.00,0.00,-0.39,-3.80,7.09,64.13,61.45,319.03,294.91,403.22,383.56,388.77,310.27,327.87,318.40,358.57,335.80,366.73,383.56,
106.348,0,2.93,0.58,71.59,0.27,0.02,89.28,0.06,3.67,32.90,0.00,98.39,-84.12,97.35,3.67,0.01,44.51,0.00,0.02,0.21,32.90,86.80,0.00,100.00,100.00,28.02,0.00,0.06,0.00,0.00,0.00,93.86,0.00,0.00,0.00,0.00,0.16,-3.98,7.04,64.06,61.16,319.08,294.95,403.16,383.54,388.66,310.34,328.04,318.48,358.49,335.62,366.65,383.54,
106.452,0,3.82,0.65,78.47,0.30,0.02,90.92,0.06,3.32,33.12,0.00,98.87,-86.73,97.22,3.32,0.01,49.03,0.00,0.02,0.26,33.12,93.85,0.00,100.00,100.00,25.81,0.00,0.06,0.00,0.00,0.00,84.74,0.00,0.00,0.00,0.00,-0.91,-4.23,6.74,63.99,61.27,318.74,294.90,403.13,383.75,388.69,310.40,327.92,318.19,358.20,336.06,366.19,383.75,
106.620,0,5.46,0.73,72.45,0.38,0.02,93.08,0.06,2.17,23.98,0.00,99.20,-84.76,96.21,2.17,0.00,53.35,0.00,0.04,0.49,23.98,96.08,0.00,100.00,100.00,27.47,0.00,0.12,0.00,0.00,0.00,85.38,0.00,0.00,0.00,0.00,0.06,-5.83,5.99,63.79,61.53,318.26,294.74,403.11,384.06,388.95,310.66,327.86,318.06,357.18,335.89,365.24,384.06,
106.697,0,4.84,0.72,74.03,0.35,0.02,92.59,0.06,2.51,28.09,0.00,99.17,-86.47,97.11,2.51,0.00,52.89,0.00,0.04,0.46,28.09,93.70,0.00,100.00,100.00,22.92,0.00,0.18,0.00,0.00,0.00,86.45,0.00,0.00,0.00,0.00,0.77,-4.42,6.12,63.97,61.67,318.28,295.10,403.08,384.57,388.95,311.16,327.70,318.37,357.85,335.92,365.38,384.57,
106.784,0,3.08,0.78,83.14,0.26,0.02,90.85,0.06,3.04,52.46,0.00,99.37,-99.75,95.94,3.04,0.01,56.29,0.00,0.04,0.93,52.46,80.47,0.00,100.00,100.00,35.45,0.00,0.31,0.00,0.00,0.00,94.71,0.00,0.00,0.00,0.00,0.32,-6.19,6.69,63.90,61.16,318.01,295.06,403.85,385.68,388.68,310.97,328.00,318.67,357.24,336.62,366.11,385.68,
106.934,0,3.11,1.05,79.20,0.33,0.02,94.03,0.07,5.73,63.60,0.00,99.75,-99.97,96.11,5.73,0.01,67.96,0.00,0.08,1.49,63.60,65.05,0.00,100.00,100.00,52.46,0.00,1.73,0.00,0.00,0.00,90.94,0.00,0.01,0.00,0.00,-0.38,-5.96,6.38,64.23,61.90,317.44,295.18,403.71,386.23,388.83,311.34,327.36,318.56,356.97,337.15,365.54,386.23,
107.170,0,4.34,1.23,91.62,0.40,0.02,95.80,0.08,10.13,70.80,0.00,99.85,-99.97,96.64,10.13,0.01,74.45,0.00,0.08,2.87,70.80,80.42,0.00,100.00,100.00,87.04,0.00,3.27,0.00,0.00,0.00,84.12,0.00,0.01,0.00,0.00,1.11,-5.20,6.05,64.30,62.41,316.72,295.20,403.53,387.02,388.80,311.83,326.77,318.68,356.88,336.88,364.82,387.02,
107.253,0,4.91,1.41,91.11,0.44,0.02,96.55,0.08,9.34,71.83,0.00,99.91,-99.97,96.48,9.34,0.01,80.21,0.00,0.08,2.13,71.83,77.82,0.00,100.00,100.00,95.18,0.00,2.41,0.00,0.00,0.00,92.00,0.00,0.01,0.00,0.00,1.72,-5.45,6.18,64.13,62.07,316.82,295.09,403.88,387.07,388.76,311.54,327.16,319.12,357.00,336.73,365.13,387.07,
107.323,0,4.74,1.51,86.72,0.48,0.02,96.92,0.08,9.10,71.50,0.00,99.93,-99.97,96.23,9.10,0.01,82.88,0.00,0.06,2.26,71.50,69.06,0.00,100.00,100.00,95.64,0.00,1.27,0.00,0.00,0.00,93.89,0.00,0.01,0.00,0.00,1.65,-5.80,5.70,64.31,62.59,316.34,295.36,403.70,387.51,388.91,311.98,326.77,319.48,356.48,337.19,364.37,387.51,
107.390,0,4.90,1.52,88.60,0.46,0.02,96.82,0.08,8.83,72.98,0.00,99.93,-99.96,96.59,8.83,0.01,83.00,0.00,0.09,2.71,72.98,70.98,0.00,100.00,100.00,95.83,0.00,1.55,0.00,0.00,0.00,89.46,0.00,0.01,0.00,0.00,1.84,-5.29,6.16,64.22,62.34,316.36,295.27,403.84,387.92,388.68,312.03,326.73,319.06,356.81,337.04,364.89,387.92,
107.533,0,5.68,1.59,91.48,0.48,0.02,97.02,0.08,8.59,73.81,0.00,99.94,-99.97,96.46,8.59,0.01,85.00,0.00,0.07,3.28,73.81,76.51,0.00,100.00,100.00,96.21,0.00,0.75,0.00,0.00,0.00,93.62,0.00,0.01,0.00,0.00,1.78,-5.48,6.58,64.16,62.55,316.57,295.42,403.66,387.60,388.57,311.92,326.45,319.30,356.70,337.05,365.33,387.60,
107.619,0,5.11,1.57,91.52,0.47,0.02,96.99,0.08,9.65,75.75,0.00,99.93,-99.97,96.31,9.65,0.01,84.43,0.00,0.06,2.80,75.75,75.04,0.00,100.00,100.00,96.22,0.00,0.74,0.00,0.00,0.00,93.13,0.00,0.02,0.00,0.00,1.98,-5.70,6.18,64.10,62.52,316.24,295.19,403.95,387.91,388.72,311.81,326.66,319.38,356.59,337.07,364.90,387.91,
107.698,0,4.88,1.53,90.41,0.46,0.02,96.85,0.08,9.14,74.44,0.00,99.93,-99.96,96.56,9.14,0.01,83.45,0.00,0.08,2.24,74.44,73.47,0.00,100.00,100.00,96.38,0.00,0.83,0.00,0.00,0.00,93.60,0.00,0.02,0.00,0.00,1.47,-5.32,6.18,64.24,62.44,316.36,295.49,403.45,387.61,388.52,312.11,326.49,319.22,356.59,337.20,364.72,387.61,
107.764,0,5.22,1.60,89.32,0.49,0.02,97.15,0.08,9.37,73.32,0.00,99.94,-99.96,96.28,9.37,0.01,85.06,0.00,0.09,2.48,73.32,72.27,0.00,100.00,100.00,96.81,0.00,1.20,0.00,0.00,0.00,89.30,0.00,0.02,0.00,0.00,1.38,-5.74,6.11,64.23,62.20,316.23,295.50,403.55,387.73,388.40,311.99,326.66,319.51,356.39,337.39,364.61,387.73,
107.900,0,5.43,1.65,86.78,0.52,0.02,97.34,0.08,9.26,72.21,0.00,99.94,-99.94,96.29,9.26,0.01,86.36,0.00,0.13,2.95,72.21,68.50,0.00,100.00,100.00,97.03,0.00,2.16,0.00,0.00,0.00,90.52,0.00,0.02,0.00,0.00,1.33,-5.72,6.02,64.25,62.04,316.19,295.55,403.53,387.82,388.34,312.09,326.75,319.51,356.38,337.47,364.48,387.82,
108.049,0,4.77,1.51,91.02,0.44,0.02,96.65,0.08,8.93,75.90,0.00,99.92,-99.94,96.42,8.93,0.01,82.77,0.00,0.12,2.61,75.90,73.40,0.00,100.00,100.00,97.17,0.00,1.48,0.00,0.00,0.00,90.63,0.00,0.02,0.00,0.00,1.52,-5.53,5.92,64.21,62.32,316.06,295.44,403.43,387.80,388.42,312.12,326.52,319.30,356.35,337.29,364.30,387.80,
108.119,0,5.27,1.53,92.55,0.46,0.02,96.86,0.08,9.65,75.35,0.00,99.93,-99.93,96.18,9.65,0.01,83.31,0.00,0.15,3.19,75.35,78.26,0.00,100.00,100.00,97.69,0.00,1.09,0.00,0.00,0.00,86.77,0.00,0.02,0.00,0.00,1.32,-5.88,5.99,64.20,62.33,316.17,295.49,403.32,387.61,388.39,312.12,326.47,319.21,356.17,337.31,364.36,387.61,
108.256,0,5.11,1.78,96.28,0.43,0.02,97.01,0.08,10.15,90.50,0.00,99.96,-99.96,95.95,10.15,0.01,89.56,0.00,0.08,3.50,90.50,77.95,0.00,100.00,100.00,97.17,0.00,0.46,0.00,0.00,0.00,88.51,0.00,0.02,0.00,0.00,2.22,-6.18,6.25,63.79,61.78,316.02,295.76,403.22,388.00,387.87,312.27,326.55,319.81,355.92,337.33,364.44,388.00,
108.331,0,4.62,1.77,93.87,0.78,0.02,98.58,0.15,24.35,82.78,0.00,99.96,-99.96,95.92,24.35,0.01,89.34,0.00,0.10,2.99,82.78,79.92,0.00,100.00,100.00,95.67,0.00,0.54,0.00,0.00,0.00,98.76,0.00,0.01,0.00,0.00,2.04,-6.21,6.17,63.48,60.38,316.21,296.27,402.60,387.77,387.06,312.69,327.12,319.90,355.78,337.51,364.04,387.77,
108.407,0,4.22,1.76,66.54,2.14,0.02,99.58,0.33,43.07,57.96,0.00,99.95,-99.96,95.00,43.07,0.01,88.98,0.00,0.09,1.74,57.96,70.15,0.00,100.00,100.00,93.31,0.00,1.09,0.00,0.00,0.00,99.22,0.00,0.01,0.00,0.00,1.03,-7.28,6.38,63.65,59.59,316.23,296.56,401.91,387.25,386.26,312.65,327.11,319.87,354.97,337.84,363.83,387.25,
108.473,0,5.02,1.73,40.62,2.05,0.02,99.52,0.24,35.70,44.82,0.00,99.95,-99.97,95.24,35.70,0.01,88.31,0.00,0.07,1.73,44.82,59.49,0.00,100.00,100.00,87.94,0.00,2.72,0.00,0.00,0.00,86.88,0.00,0.01,0.00,0.00,-0.92,-7.02,5.71,63.58,60.12,315.62,296.01,401.26,386.36,386.21,312.17,326.48,318.91,354.45,337.87,362.63,386.36,
108.540,0,5.70,1.45,92.52,0.68,0.02,98.00,0.12,18.37,65.20,0.00,99.91,-99.95,95.23,18.37,0.01,81.11,0.00,0.11,1.51,65.20,91.24,0.00,100.00,100.00,89.02,0.00,1.55,0.00,0.00,0.00,21.00,0.00,0.00,1.00,6.00,-4.79,-7.03,6.00,63.68,60.72,315.31,295.57,401.33,385.86,386.22,311.25,325.92,318.30,354.27,338.89,362.82,385.86,
108.750,0,4.20,0.65,55.81,0.34,0.02,91.44,0.06,0.58,20.99,0.00,98.84,-80.46,95.17,0.58,0.05,48.70,0.17,0.11,0.16,20.99,83.87,0.00,100.00,100.00,73.12,0.00,0.72,0.00,0.00,0.00,0.02,0.00,0.00,0.00,6.00,-3.33,-7.10,5.67,63.63,62.01,314.76,294.45,402.04,386.22,387.08,310.72,325.44,317.51,354.25,337.91,362.68,386.22,
108.821,0,1.12,0.28,74.48,0.11,0.02,65.56,0.06,0.37,33.23,0.52,96.11,-66.70,94.77,0.37,0.21,15.19,0.69,0.12,0.02,33.23,88.32,0.00,100.00,100.00,62.62,0.00,0.27,0.00,0.00,0.00,0.06,0.00,0.01,0.00,6.00,-3.64,-7.51,5.58,63.49,61.23,314.54,293.89,402.02,386.20,386.68,310.46,325.73,316.35,353.97,337.52,362.42,386.20,
108.969,0,0.56,0.20,25.81,0.10,0.02,55.81,0.06,0.24,19.55,19.19,89.16,-52.86,95.03,0.24,0.22,1.15,0.49,0.07,0.02,19.55,59.41,0.00,100.00,100.00,50.30,0.00,2.39,0.00,0.00,0.00,0.21,0.00,0.01,0.00,6.00,-1.54,-7.25,4.36,63.31,62.96,314.81,293.10,402.42,385.08,388.40,310.05,325.76,316.35,354.37,336.11,361.68,385.08,
109.118,0,0.54,0.19,83.10,0.06,0.02,44.95,0.06,0.27,42.77,0.00,98.15,-62.39,97.30,0.27,0.40,0.09,0.03,0.08,0.00,42.77,89.16,0.00,100.00,100.00,28.22,0.00,0.16,0.01,0.00,0.00,44.38,0.00,0.01,0.00,6.00,-0.69,-4.07,0.11,66.14,62.67,318.54,294.18,404.80,385.05,393.51,313.85,330.84,314.37,359.21,335.94,360.65,385.05,
109.277,0,0.30,0.19,85.71,0.05,0.02,37.35,0.06,0.85,63.36,0.00,99.64,-71.92,96.79,0.85,0.37,0.11,0.00,0.20,0.00,63.36,72.74,0.00,100.00,100.00,8.13,0.00,0.11,0.03,0.00,0.00,58.54,0.00,0.01,0.00,6.00,-0.11,-4.97,-6.45,67.49,66.46,330.51,294.28,417.13,385.08,410.52,320.09,344.91,309.52,371.09,335.67,366.04,385.08,
109.417,0,0.35,0.19,6.07,0.10,0.02,56.41,0.06,0.66,15.61,18.59,85.70,-50.46,97.38,0.66,1.00,0.08,0.00,0.10,0.00,15.61,29.80,0.00,100.00,100.00,2.04,0.00,2.13,0.03,0.00,0.01,87.01,0.00,0.02,0.00,6.00,0.37,-3.92,-11.81,69.87,65.32,332.50,293.83,419.93,383.74,414.48,322.97,350.90,308.01,374.34,335.45,363.27,383.74,
109.509,0,0.36,0.19,3.21,0.12,0.02,59.20,0.06,0.58,8.14,15.80,76.68,-46.88,97.94,0.58,1.28,0.05,0.00,0.11,0.01,8.14,23.83,0.00,100.00,99.99,0.26,0.00,1.62,0.12,0.00,0.01,16.23,0.00,0.02,0.00,6.00,0.37,-2.68,-8.67,70.20,65.74,338.50,286.73,423.64,375.59,418.12,313.99,353.83,300.28,379.66,327.33,371.26,375.59,
109.643,0,0.15,0.07,0.64,0.51,0.02,50.87,0.32,3.85,0.03,24.13,97.33,-43.50,98.63,3.85,38.06,0.01,0.05,0.07,0.01,0.02,0.42,0.00,100.00,99.74,0.03,0.00,0.15,0.06,0.00,0.01,0.00,0.00,0.01,0.00,6.00,4.01,0.62,-8.96,70.80,68.49,340.83,280.73,424.77,367.87,421.34,309.33,354.65,293.71,383.11,319.90,372.39,367.87,
109.722,0,0.08,0.03,0.51,1.92,0.02,47.93,1.65,13.17,0.01,27.07,99.76,-45.27,97.74,13.17,68.40,0.00,0.36,0.03,0.00,0.01,0.27,0.00,100.00,98.05,0.01,0.00,0.23,0.06,0.01,0.00,0.00,0.00,0.01,0.00,6.00,7.87,3.16,-6.91,71.89,65.35,345.97,272.30,428.59,359.01,423.32,298.95,359.14,286.67,388.79,309.81,379.39,359.01,
109.791,0,0.04,0.02,0.35,8.35,0.02,67.45,10.25,38.39,0.01,7.55,99.95,-51.33,96.44,38.39,88.40,0.00,1.11,0.04,0.00,0.01,0.46,0.00,100.00,98.60,0.00,0.00,0.88,0.04,0.02,0.00,0.00,0.00,0.03,0.00,6.00,15.06,5.50,-8.92,71.15,66.80,350.45,266.20,432.68,352.21,428.93,296.01,364.20,279.50,394.40,301.55,381.57,352.21,
109.955,0,0.11,0.06,0.52,1.10,0.02,60.14,0.82,15.92,0.02,14.86,98.80,-46.89,95.40,15.92,48.18,0.00,0.67,0.05,0.00,0.02,0.25,0.00,100.00,99.88,0.00,0.00,2.73,0.02,0.16,0.00,0.00,0.00,0.10,0.00,6.00,11.79,6.84,-7.50,71.18,65.16,354.92,258.15,437.81,345.41,432.49,285.61,368.66,272.57,399.79,294.79,387.96,345.41,
110.028,0,0.07,0.04,0.48,2.44,0.02,59.57,2.23,21.87,0.02,15.43,99.70,-47.70,96.04,21.87,65.76,0.00,1.43,0.06,0.00,0.02,0.62,0.00,100.00,99.95,0.00,0.00,0.27,0.05,0.25,0.00,0.00,0.00,0.12,0.00,6.00,9.08,6.06,-9.21,69.56,71.85,347.09,249.18,445.52,352.42,436.64,282.66,367.05,264.81,399.69,293.71,385.23,352.42,
110.096,0,0.05,0.02,0.44,5.95,0.02,54.12,6.71,25.47,0.03,20.88,99.95,-48.49,94.15,25.47,88.80,0.00,2.41,0.08,0.00,0.03,0.10,0.00,100.00,99.94,0.00,0.00,0.14,0.05,0.13,0.00,0.00,0.00,0.12,0.00,6.00,8.22,8.11,-7.71,72.05,72.53,346.17,246.42,448.43,353.58,437.27,280.42,366.86,263.01,401.82,293.18,387.79,353.58,
110.316,0,0.03,0.02,0.30,16.20,0.02,75.96,22.53,50.53,0.30,0.00,99.98,-54.53,94.31,50.53,97.22,0.00,2.55,0.28,0.00,0.30,0.38,0.00,100.00,99.97,0.05,0.00,1.22,0.08,0.06,0.00,0.00,0.00,0.21,0.00,6.00,6.96,7.96,-3.56,73.43,77.55,348.96,237.95,453.83,347.04,442.08,271.55,366.00,256.58,405.95,286.37,396.10,347.04,
110.393,0,0.02,0.02,0.18,39.62,0.02,92.61,56.59,81.79,0.18,0.00,99.98,-61.52,90.63,81.79,99.06,0.00,5.43,0.20,0.00,0.16,0.29,0.00,100.00,99.97,0.18,0.00,0.54,0.14,0.08,0.00,0.00,0.00,0.74,0.00,6.00,4.83,10.65,-4.34,72.94,77.87,346.57,233.57,457.60,349.98,443.50,267.32,366.91,253.28,408.40,285.74,395.84,349.98,
110.459,0,0.02,0.02,0.17,41.33,0.02,93.41,58.79,84.70,0.62,0.00,99.98,-62.16,88.88,84.70,99.47,0.00,4.29,0.09,0.00,0.13,0.13,0.00,100.00,99.97,0.62,0.00,0.28,0.38,0.06,0.00,0.00,0.00,0.74,0.00,6.00,7.60,11.61,-2.66,73.81,79.32,346.15,232.25,458.79,350.91,443.85,265.56,365.39,253.91,409.46,283.89,398.17,350.91,
110.525,0,0.02,0.02,0.17,39.57,0.02,93.13,56.83,83.77,0.71,0.00,99.98,-62.04,85.09,83.77,99.59,0.00,3.15,0.08,0.00,0.17,0.06,0.00,100.00,99.95,0.71,0.00,0.58,0.39,0.08,0.00,0.00,0.00,1.09,0.00,6.00,5.77,13.29,-1.82,73.81,81.46,347.43,231.38,461.75,351.27,446.60,264.67,365.90,253.55,412.86,284.66,401.27,351.27,
110.720,0,0.02,0.02,0.20,31.22,0.02,88.06,45.19,70.82,1.40,0.00,99.98,-58.53,83.60,70.82,99.85,0.01,4.34,0.17,0.00,0.04,0.02,0.01,100.00,98.60,1.40,0.00,0.04,0.75,0.37,0.00,0.00,0.01,3.19,0.00,6.00,4.34,13.86,-0.40,73.43,83.48,346.82,230.95,465.90,356.17,448.66,263.67,365.60,255.27,415.18,286.85,404.81,356.17,
110.859,0,0.04,0.02,0.19,41.33,0.02,80.83,54.70,61.38,0.96,0.00,99.98,-54.72,90.87,61.38,99.90,0.01,22.59,0.14,0.01,0.06,0.14,0.00,100.00,91.35,0.96,0.00,0.02,1.88,0.65,0.00,0.00,0.01,1.97,0.00,6.00,5.60,10.51,0.27,72.60,88.54,344.34,229.96,469.30,361.33,451.30,264.40,363.14,256.14,413.68,287.89,406.02,361.33,
110.925,0,0.06,0.02,0.20,50.20,0.02,83.00,64.27,63.95,0.50,0.00,99.98,-55.62,88.58,63.95,99.91,0.02,28.82,0.26,0.02,0.06,0.14,0.00,100.00,92.96,0.50,0.00,0.02,3.06,1.41,0.00,0.00,0.02,2.14,0.00,6.00,4.87,11.76,0.41,73.02,87.83,342.90,230.59,469.54,363.88,450.23,265.06,362.77,257.04,413.92,289.65,405.65,363.88,
111.005,0,0.09,0.02,0.21,66.94,0.02,85.33,79.61,67.69,0.54,0.00,99.98,-56.38,82.93,67.69,99.92,0.03,41.75,0.56,0.04,0.08,0.17,0.00,99.99,93.23,0.54,0.00,0.03,5.84,3.33,0.00,0.00,0.04,2.07,0.00,6.00,5.05,14.10,1.11,73.37,87.74,342.23,230.93,470.35,365.61,449.74,265.75,362.35,257.94,415.65,290.66,406.77,365.61,
111.150,0,0.09,0.02,0.25,64.34,0.03,84.62,77.90,66.44,0.50,0.00,99.98,-55.98,82.76,66.44,99.91,0.05,37.85,0.82,0.14,0.13,0.19,0.00,99.96,93.28,0.50,0.00,0.05,10.07,6.04,0.01,0.00,0.08,3.17,0.00,6.00,5.12,14.16,0.90,73.30,88.04,342.16,230.51,471.38,366.17,450.47,266.19,362.87,257.29,416.21,290.80,406.97,366.17,
111.216,0,0.07,0.02,0.25,54.28,0.03,80.17,68.45,61.14,0.49,0.00,99.98,-53.95,80.90,61.14,99.93,0.04,31.45,0.63,0.12,0.05,0.10,0.00,99.96,89.58,0.49,0.00,0.04,10.70,6.08,0.01,0.00,0.08,3.23,0.00,6.00,4.88,14.78,0.92,73.47,87.79,342.04,230.55,472.14,366.93,450.60,266.84,363.35,257.15,416.96,291.48,407.33,366.93,
111.372,0,0.06,0.02,0.25,51.78,0.02,80.12,65.07,62.57,1.23,0.00,99.98,-53.57,83.60,62.57,99.94,0.07,25.54,0.36,0.07,0.05,0.05,0.00,99.95,86.04,1.23,0.00,0.01,15.07,6.87,0.02,0.00,0.11,3.14,0.00,6.00,3.73,13.86,0.67,73.80,87.64,341.41,231.04,472.44,368.49,450.55,267.28,363.45,257.53,416.11,292.91,406.79,368.49,
111.534,0,0.05,0.02,0.16,51.38,0.02,80.71,65.21,66.69,1.13,0.00,99.98,-52.72,87.37,66.69,99.93,0.04,23.54,0.29,0.03,0.06,0.05,0.00,99.92,78.16,1.13,0.00,0.01,11.49,4.92,0.03,0.00,0.11,3.30,0.00,6.00,1.91,12.33,0.44,74.11,85.57,341.49,231.39,472.70,369.15,449.84,267.27,364.84,257.41,414.98,294.18,406.60,369.15,
111.600,0,0.05,0.02,0.16,46.74,0.02,77.11,58.90,63.05,0.92,0.00,99.98,-51.25,86.01,63.05,99.93,0.04,21.36,0.25,0.02,0.03,0.03,0.00,99.89,75.33,0.92,0.00,0.01,12.54,4.29,0.03,0.00,0.09,2.12,0.00,6.00,1.35,12.92,0.25,74.05,85.55,341.51,231.24,472.91,369.22,450.07,266.96,365.08,257.17,415.53,294.41,406.48,369.22,
