time stamp,face id,anger,contempt,disgust,fear,joy,sadness,surprise,sentimentality,confusion,neutral,engagement,valence,attention,inner brow raise,brow raise,brow furrow,eye widen,cheek raise,lid tighten,nose wrinkle,upper lip raise,dimpler,lip corner depressor,chin raise,lip pucker,lip stretch,lip press,mouth open,jaw drop,lip suck,eye closure,smile,smirk,blink,blink rate,pitch,yaw,roll,brightness,interocular distance,topleft_x,topleft_y,bottomright_x,bottomright_y,outer_right_eye_X,outer_right_eye_Y,outer_left_eye_X,outer_left_eye_Y,nose_top_X,nose_top_Y,chin_top_X,chin_top_Y
0.075,0,0.07,0.16,0.02,0.37,0.02,1.29,0.21,23.78,0.10,97.43,2.89,0.00,98.58,25.83,6.35,0.03,0.05,0.02,0.10,0.04,0.00,0.00,23.78,0.01,0.00,0.00,0.00,0.02,0.00,0.00,28.21,0.00,0.00,0.00,,7.31,0.81,-2.37,64.15,78.83,312.64,252.78,426.78,375.23,411.09,282.83,332.49,276.87,369.83,304.47,365.55,375.23,
0.950,0,0.03,0.03,0.02,2.30,0.02,0.07,2.05,1.74,0.01,95.40,20.22,0.00,98.34,11.09,74.51,0.00,1.48,0.01,0.01,0.00,0.00,0.00,1.74,0.00,0.00,0.00,0.00,0.29,0.07,0.00,0.00,0.00,0.00,0.00,,4.36,1.59,-1.41,72.31,75.48,310.31,248.21,423.62,368.91,405.97,278.27,330.80,271.44,367.49,300.86,364.12,368.91,
1.029,0,0.04,0.04,0.02,1.42,0.02,0.12,1.13,7.31,0.01,97.17,11.18,0.00,97.40,11.86,60.23,0.00,0.47,0.01,0.01,0.00,0.00,0.00,7.31,0.00,0.00,0.00,0.00,0.12,0.02,0.00,0.00,0.00,0.00,0.00,,1.45,3.88,-1.35,71.95,75.62,311.18,248.49,422.74,366.72,405.98,277.72,330.67,271.01,368.86,301.64,364.23,366.72,
1.253,0,0.05,0.07,0.02,0.93,0.02,0.35,0.67,14.57,0.01,98.14,4.11,0.00,97.90,20.01,39.55,0.00,0.31,0.00,0.01,0.00,0.00,0.00,14.57,0.02,0.00,0.00,0.00,0.07,0.02,0.00,0.00,0.00,0.00,0.00,,3.74,2.79,-1.91,71.62,75.15,311.53,247.79,423.04,366.37,406.37,277.62,331.58,270.28,368.55,299.91,363.90,366.37,
1.330,0,0.03,0.04,0.01,2.97,0.02,0.35,2.83,12.38,0.00,94.07,19.21,0.00,97.39,31.16,63.08,0.00,0.87,0.00,0.00,0.00,0.00,0.00,12.38,0.01,0.00,0.00,0.00,0.17,0.02,0.00,0.00,0.00,0.00,0.00,,4.87,3.90,-1.46,71.32,75.57,311.63,246.93,423.90,365.94,406.74,277.87,331.64,269.45,369.68,299.02,364.91,365.94,
1.405,0,0.02,0.03,0.01,3.70,0.02,0.35,3.72,13.75,0.00,92.56,29.90,0.00,97.55,32.09,68.98,0.00,0.81,0.00,0.00,0.00,0.00,0.00,13.75,0.01,0.00,0.00,0.00,0.29,0.04,0.00,0.00,0.00,0.00,0.00,,4.12,3.58,-2.09,71.18,74.79,310.75,246.30,423.67,366.17,406.12,277.34,331.84,268.57,368.95,298.99,363.67,366.17,
1.483,0,0.03,0.04,0.01,3.26,0.02,0.49,3.18,19.40,0.00,93.48,34.10,0.00,98.13,31.45,65.73,0.00,0.78,0.01,0.00,0.00,0.00,0.00,19.40,0.01,0.00,0.00,0.00,0.30,0.04,0.00,0.00,0.00,0.00,0.00,,4.98,2.19,-1.53,71.68,76.32,310.38,246.59,423.38,366.58,406.33,277.43,330.43,269.45,367.78,298.88,363.89,366.58,
1.561,0,0.02,0.03,0.01,4.58,0.02,0.55,4.83,24.43,0.01,90.35,63.45,-0.97,98.58,31.58,75.77,0.00,1.07,0.01,0.00,0.01,0.00,0.00,24.43,0.01,0.00,0.00,0.00,0.42,0.04,0.00,0.00,0.00,0.00,0.00,,3.84,0.78,-1.20,71.65,76.90,309.84,246.33,423.33,366.64,406.17,277.06,329.66,269.32,366.62,299.30,363.93,366.64,
1.638,0,0.02,0.03,0.01,4.35,0.02,0.57,4.55,24.11,0.01,90.90,58.65,-1.03,98.77,32.30,73.58,0.00,1.05,0.01,0.00,0.01,0.00,0.00,24.11,0.02,0.00,0.00,0.00,0.30,0.03,0.00,0.00,0.00,0.00,0.00,,3.78,-0.06,-0.86,71.73,78.24,308.69,246.36,423.02,367.59,405.98,276.89,328.05,269.90,365.35,299.70,363.54,367.59,
1.716,0,0.02,0.03,0.01,4.87,0.02,0.70,5.25,24.89,0.01,89.49,60.95,-2.11,98.67,35.85,73.98,0.00,0.73,0.01,0.00,0.01,0.00,0.00,24.89,0.03,0.00,0.00,0.00,0.22,0.02,0.00,0.00,0.00,0.00,0.00,,3.37,-0.47,-0.36,71.74,77.14,308.30,246.57,422.68,368.19,404.81,276.14,327.87,270.61,364.71,300.09,363.78,368.19,
1.795,0,0.02,0.03,0.01,4.78,0.02,0.58,5.13,15.40,0.00,89.74,31.84,-0.01,98.46,40.94,68.46,0.00,0.55,0.01,0.00,0.00,0.00,0.00,15.40,0.02,0.00,0.00,0.00,0.27,0.02,0.00,0.00,0.00,0.01,0.00,,2.72,1.23,-0.42,71.70,77.64,307.72,247.02,421.79,368.32,404.38,276.08,326.90,271.10,365.02,300.71,363.00,368.32,
1.875,0,0.02,0.04,0.01,3.44,0.02,0.37,3.42,13.31,0.00,93.11,25.33,0.00,98.51,32.89,66.56,0.00,0.37,0.01,0.00,0.00,0.00,0.00,13.31,0.01,0.00,0.00,0.00,0.15,0.02,0.00,0.00,0.00,0.01,0.00,,1.36,1.03,-1.01,71.99,76.84,307.57,248.13,420.35,368.06,403.52,276.66,326.85,271.57,364.14,301.78,361.53,368.06,
1.950,0,0.03,0.04,0.01,2.62,0.02,0.30,2.44,11.12,0.01,94.75,16.99,0.00,97.95,28.77,62.47,0.00,0.24,0.01,0.01,0.00,0.00,0.00,11.12,0.01,0.00,0.00,0.00,0.09,0.02,0.00,0.00,0.00,0.01,0.00,,1.64,2.66,-1.30,71.89,77.57,308.30,248.21,420.58,367.57,404.52,276.79,327.13,271.51,365.64,301.55,361.67,367.57,
2.028,0,0.04,0.06,0.02,1.29,0.02,0.20,1.00,6.69,0.02,97.42,4.61,0.00,97.69,20.51,48.95,0.00,0.29,0.01,0.02,0.00,0.00,0.00,6.69,0.00,0.00,0.00,0.00,0.13,0.02,0.00,0.00,0.00,0.01,0.00,,1.87,3.27,-1.17,71.87,76.83,309.02,248.03,420.72,366.87,404.50,276.31,327.82,271.35,366.43,301.01,362.30,366.87,
2.108,0,0.05,0.06,0.02,1.03,0.02,0.17,0.75,4.36,0.03,97.95,2.74,0.00,97.44,17.80,44.55,0.00,0.36,0.02,0.03,0.00,0.00,0.00,4.36,0.00,0.00,0.00,0.00,0.23,0.04,0.00,0.00,0.00,0.01,0.00,,0.98,3.80,-1.22,71.73,76.72,309.90,247.85,421.14,365.90,405.10,276.19,328.57,270.78,367.40,301.00,362.90,365.90,
2.186,0,0.05,0.08,0.02,0.76,0.02,0.21,0.51,4.27,0.04,98.48,1.25,0.00,97.88,18.47,34.52,0.00,0.44,0.02,0.04,0.00,0.00,0.00,4.27,0.01,0.00,0.00,0.00,0.37,0.08,0.00,0.00,0.00,0.01,0.00,,0.67,2.83,-1.07,71.60,77.27,310.12,247.39,421.39,365.19,405.52,276.03,328.47,270.21,367.04,300.68,363.27,365.19,
2.266,0,0.06,0.08,0.02,0.76,0.02,0.22,0.51,4.34,0.03,98.48,1.17,0.00,98.33,18.99,33.55,0.00,0.86,0.02,0.03,0.00,0.00,0.00,4.34,0.01,0.00,0.00,0.00,0.58,0.14,0.00,0.00,0.00,0.02,0.00,,0.48,1.61,-1.00,71.65,76.23,309.98,247.20,421.09,365.10,404.76,275.33,328.70,270.15,366.06,300.45,363.15,365.10,
2.342,0,0.05,0.08,0.02,0.96,0.02,0.25,0.68,5.67,0.01,98.08,1.71,0.00,98.66,21.84,37.27,0.00,1.24,0.04,0.01,0.00,0.00,0.00,5.67,0.04,0.00,0.00,0.01,0.57,0.18,0.00,0.00,0.00,0.07,0.00,,-0.73,0.50,-0.72,71.24,75.70,309.24,246.59,420.99,365.17,403.93,274.42,328.38,269.67,364.95,300.63,363.03,365.17,
2.423,0,0.05,0.07,0.02,1.27,0.02,0.20,0.94,4.71,0.00,97.46,2.59,0.00,98.79,20.47,43.50,0.00,3.79,0.24,0.00,0.00,0.00,0.01,4.71,0.14,0.00,0.00,0.39,1.38,0.41,0.00,0.00,0.00,0.52,0.00,,4.21,0.00,-1.34,71.37,75.63,308.38,244.87,421.76,365.73,404.15,274.71,328.80,268.24,364.65,297.56,362.27,365.73,
2.497,0,0.08,0.19,0.02,1.06,0.03,0.29,0.72,3.76,0.00,97.88,2.72,0.00,98.58,24.37,32.24,0.00,4.43,3.76,0.00,0.00,0.00,0.18,3.65,2.53,0.00,0.01,16.59,3.29,0.66,0.00,0.41,0.01,7.42,0.00,,9.17,0.80,-0.89,72.24,75.91,306.68,244.28,421.40,367.35,403.01,274.85,327.34,268.92,364.07,295.43,361.77,367.35,
2.564,0,0.39,20.13,0.08,0.59,0.09,1.02,0.34,23.70,0.01,59.73,53.79,-7.73,98.72,23.65,13.41,0.00,5.80,23.70,0.01,0.01,0.00,2.73,3.54,44.91,0.00,0.21,71.52,3.41,0.85,0.07,0.04,0.06,49.05,0.00,,5.50,-0.29,-1.34,71.51,73.41,306.98,243.80,421.83,366.98,402.36,273.60,329.18,267.76,363.82,296.57,361.67,366.98,
2.638,0,1.33,93.29,0.44,0.87,0.06,1.69,0.46,16.95,0.00,0.00,78.46,-18.92,98.38,16.29,8.70,0.00,24.90,16.95,0.00,0.00,0.00,23.42,2.94,92.48,0.00,3.26,68.49,3.14,1.16,6.53,0.00,0.25,85.83,0.00,,4.92,-1.46,-1.04,71.07,74.17,307.27,243.06,421.40,365.44,402.56,272.11,328.55,267.19,363.04,295.72,361.89,365.44,
2.706,0,3.95,97.10,0.56,1.87,0.05,1.76,0.87,15.25,0.00,0.00,85.00,-24.96,98.72,15.25,4.02,0.00,45.34,11.74,0.00,0.00,0.00,44.39,2.26,99.67,0.00,16.12,83.77,3.63,1.78,89.32,0.00,1.15,93.61,0.00,,5.27,-0.26,-0.64,71.48,76.52,305.53,242.93,421.30,366.77,402.60,272.69,326.25,267.56,362.79,296.26,361.40,366.77,
2.772,0,15.19,96.97,0.55,6.81,0.07,1.31,3.33,11.59,0.00,0.00,81.17,-23.35,98.72,11.59,3.28,0.00,81.87,10.61,0.00,0.00,0.00,73.35,1.43,99.92,0.00,25.58,93.88,3.81,2.38,99.85,0.00,4.11,95.12,0.00,,6.59,0.26,0.06,71.64,75.80,305.08,242.18,421.27,366.71,401.60,271.83,325.93,267.43,362.83,295.11,362.01,366.71,
2.852,0,19.53,94.45,0.47,10.83,0.18,1.05,5.35,16.43,0.00,0.00,86.48,-14.22,98.72,10.21,3.89,0.00,93.80,16.43,0.00,0.00,0.00,80.78,0.99,99.94,0.00,43.15,95.91,4.26,3.13,100.00,0.00,9.74,93.29,0.00,,7.88,-0.27,0.04,72.01,76.37,304.26,242.16,421.31,367.77,401.51,272.32,325.28,267.75,362.11,294.90,361.57,367.77,
2.920,0,15.49,93.61,0.45,9.36,0.33,1.20,4.29,26.26,0.00,0.00,93.38,-9.09,98.65,11.11,3.75,0.00,88.03,26.26,0.00,0.00,0.00,79.49,1.26,99.96,0.00,48.55,94.18,3.62,2.59,100.00,0.00,10.20,92.18,0.00,,8.69,-0.53,-0.34,72.15,77.38,304.31,242.52,420.98,367.59,402.09,273.25,324.90,267.84,361.83,294.73,360.95,367.59,
2.987,0,3.95,90.23,0.39,2.14,0.35,1.12,1.00,21.23,0.00,0.00,90.39,-6.38,98.58,12.29,2.12,0.00,53.26,21.23,0.00,0.00,0.00,68.19,1.34,99.91,0.00,46.45,86.90,3.05,1.95,100.00,0.84,13.37,89.69,0.00,,11.73,0.80,-1.84,72.75,78.31,304.44,243.57,419.35,367.50,402.69,274.34,324.58,268.66,361.98,293.63,358.40,367.50,
3.064,0,0.64,90.35,0.35,0.70,0.15,1.91,0.29,23.16,0.01,0.00,91.66,-12.31,98.20,23.16,1.86,0.00,13.08,12.17,0.01,0.01,0.00,42.86,2.11,99.77,0.00,48.43,67.84,2.66,1.88,100.00,14.06,10.39,87.64,0.00,,12.84,2.00,-2.62,72.33,78.01,306.99,244.67,418.33,364.94,403.76,274.69,325.96,269.02,363.54,292.69,358.27,364.94,
3.142,0,0.35,88.08,0.28,0.69,0.08,3.97,0.32,38.21,0.02,0.00,97.36,-22.33,98.17,38.21,1.27,0.00,1.11,4.88,0.02,0.01,0.00,16.68,3.59,99.45,0.00,43.32,70.13,1.85,1.73,100.00,58.55,8.42,83.89,0.00,,10.12,2.10,-2.72,72.02,78.36,307.86,245.51,417.64,363.13,404.03,275.68,325.98,268.68,363.69,294.12,358.23,363.13,
3.216,0,0.28,87.01,0.22,0.62,0.08,5.31,0.42,46.18,0.03,0.00,98.59,-23.64,97.72,46.18,0.90,0.00,0.13,3.04,0.03,0.01,0.00,0.00,4.34,96.37,0.00,21.63,69.79,1.78,1.39,100.00,8.41,9.14,83.39,0.00,,8.80,3.22,-2.30,72.12,78.79,308.92,246.66,417.08,362.24,404.28,275.90,325.74,269.70,364.63,295.14,358.98,362.24,
3.282,0,0.23,85.30,0.10,0.46,0.12,2.80,0.35,42.28,0.03,0.00,98.08,-13.97,96.55,42.28,0.73,0.00,0.03,4.53,0.02,0.03,0.00,0.00,4.66,73.18,0.00,17.41,72.10,1.63,1.40,99.98,29.09,12.13,84.10,0.00,,10.34,5.35,-2.82,71.79,76.60,311.48,247.81,416.82,360.58,404.55,276.75,328.23,270.13,367.06,294.45,359.68,360.58,
3.358,0,0.25,86.02,0.02,0.27,0.16,0.69,0.19,24.97,0.06,0.00,93.65,-0.95,96.08,27.10,0.73,0.00,0.01,9.84,0.04,0.06,0.00,0.00,6.35,24.97,0.00,15.24,86.21,1.51,1.35,99.73,25.95,12.02,84.58,0.00,,7.67,6.01,-2.42,71.84,78.27,311.57,248.32,416.89,360.40,405.27,276.96,327.27,270.48,367.60,296.09,360.15,360.40,
3.437,0,0.12,85.35,0.01,0.19,0.10,0.27,0.12,9.28,0.12,0.00,77.99,0.00,96.43,16.77,0.80,0.00,0.00,6.80,0.12,0.06,0.01,8.12,4.06,1.49,0.00,9.03,30.86,1.39,1.84,92.31,48.81,9.28,82.15,0.00,,6.00,5.52,-2.72,71.64,77.68,312.32,249.08,417.19,360.62,405.67,277.32,328.26,270.84,367.81,297.29,360.35,360.62,
3.513,0,0.08,70.27,0.02,0.22,0.04,0.27,0.13,4.72,0.19,4.73,1.36,0.00,97.10,17.33,1.12,0.00,0.00,1.37,0.19,0.02,0.00,14.77,2.23,0.11,0.00,4.82,1.25,0.88,1.91,22.66,41.04,4.72,70.51,0.00,,6.35,4.44,-1.39,71.98,78.93,312.43,249.18,418.17,361.00,406.07,278.04,327.41,271.47,367.65,297.67,362.42,361.00,
3.593,0,0.08,9.68,0.02,0.26,0.03,0.29,0.16,1.10,0.24,80.63,0.37,0.00,97.21,20.52,2.78,0.00,0.00,0.32,0.24,0.01,0.00,11.99,0.95,0.02,0.00,1.14,0.48,0.77,2.91,1.10,57.01,2.75,40.40,0.00,,6.12,4.24,-1.45,71.50,77.23,312.82,249.40,419.15,362.27,405.93,277.94,328.95,271.84,368.16,298.21,363.08,362.27,
3.671,0,0.07,0.48,0.01,0.46,0.03,0.48,0.34,0.51,0.51,99.04,0.92,0.00,97.52,32.69,6.63,0.01,0.01,0.45,0.56,0.05,0.01,0.88,0.51,0.00,0.01,0.09,0.05,1.81,4.35,0.04,68.67,1.73,11.40,0.00,,7.04,3.64,-2.16,71.27,75.95,312.31,248.84,420.08,363.51,405.83,278.48,330.25,270.99,368.01,297.92,362.50,363.51,
3.749,0,0.04,0.10,0.01,1.64,0.03,0.56,1.62,0.43,0.43,96.72,2.45,0.00,98.37,44.90,31.67,0.01,0.02,0.55,0.53,0.09,0.10,0.00,0.43,0.00,0.02,0.01,0.00,2.59,4.79,0.00,0.00,0.93,2.33,0.00,,2.89,1.50,-1.12,70.97,74.96,311.52,246.25,422.03,363.64,405.37,275.18,330.67,268.97,367.23,298.21,364.28,363.64,
3.827,0,0.02,0.03,0.01,6.81,0.02,0.40,8.73,0.49,0.49,82.55,15.41,0.00,98.12,50.55,69.26,0.01,0.15,0.08,0.50,0.03,0.05,0.00,0.49,0.00,0.03,0.00,0.00,2.88,3.70,0.00,0.00,0.22,0.29,0.00,,3.58,2.23,-0.25,71.43,75.08,310.33,245.24,422.76,364.99,404.74,273.98,329.83,269.05,367.40,297.82,365.07,364.99,
3.905,0,0.01,0.02,0.01,15.72,0.02,0.30,22.72,0.32,0.29,54.55,56.96,0.00,98.30,52.89,91.96,0.01,1.58,0.02,0.29,0.01,0.01,0.00,0.32,0.00,0.02,0.00,0.00,4.86,4.19,0.00,0.00,0.05,0.04,0.00,,4.47,1.72,-0.43,71.62,75.02,309.12,244.15,423.28,365.79,404.44,273.94,329.65,268.04,366.75,297.15,364.50,365.79,
3.982,0,0.03,0.02,0.02,18.37,0.02,0.13,23.90,0.29,0.05,52.20,69.95,0.00,98.67,36.85,97.88,0.00,14.13,0.02,0.05,0.00,0.00,0.00,0.29,0.00,0.01,0.00,0.00,5.97,3.34,0.00,0.00,0.02,0.01,0.00,,3.39,0.47,-0.53,71.98,75.83,307.73,243.82,423.02,366.57,404.11,273.73,328.51,267.78,365.19,297.77,363.52,366.57,
4.060,0,0.06,0.02,0.02,30.30,0.02,0.10,35.63,0.61,0.01,39.37,76.48,0.00,98.27,30.39,98.86,0.00,33.56,0.01,0.01,0.00,0.00,0.00,0.61,0.00,0.00,0.00,0.00,9.15,3.00,0.00,0.00,0.01,0.00,0.00,,2.05,1.81,-0.36,71.66,72.43,308.99,243.42,423.09,365.05,402.93,272.43,330.71,266.98,366.62,297.41,364.48,365.05,
4.139,0,0.11,0.02,0.02,38.58,0.02,0.08,42.55,0.86,0.01,32.45,78.61,0.00,98.76,24.87,99.28,0.00,46.46,0.01,0.01,0.00,0.00,0.00,0.86,0.00,0.00,0.00,0.00,10.26,2.19,0.00,0.00,0.00,0.00,0.00,,4.23,-0.10,-0.39,72.21,76.41,307.38,243.03,422.92,366.14,404.11,273.02,327.92,267.29,364.61,296.72,363.43,366.14,
4.216,0,0.03,0.02,0.02,11.17,0.02,0.08,12.62,1.41,0.03,74.76,69.35,0.00,98.63,24.37,98.24,0.00,10.04,0.02,0.03,0.03,0.01,0.00,1.41,0.00,0.00,0.00,0.00,5.26,0.91,0.00,60.26,0.00,0.00,0.00,,10.17,0.62,-0.34,73.41,77.59,306.76,243.57,422.09,367.23,403.96,274.32,326.56,268.83,364.31,294.56,362.75,367.23,
4.282,0,0.02,0.02,0.02,9.70,0.02,0.09,11.44,1.22,0.14,77.12,65.63,0.00,98.66,28.13,97.69,0.00,4.25,0.02,0.07,0.14,0.03,0.00,1.22,0.00,0.00,0.00,0.00,3.69,0.81,0.00,0.38,0.00,0.00,0.00,,6.51,-0.50,-0.94,73.14,72.75,307.33,243.22,421.32,365.06,401.66,273.84,329.25,266.78,363.60,295.17,362.07,365.06,
4.357,0,0.02,0.02,0.02,5.99,0.02,0.05,6.42,0.86,0.13,87.15,63.46,0.00,98.66,14.58,96.92,0.00,3.27,0.01,0.13,0.02,0.01,0.00,0.86,0.00,0.00,0.00,0.00,3.28,0.94,0.00,0.00,0.00,0.00,0.00,,4.92,-0.50,-0.47,73.46,75.64,305.41,243.28,420.18,365.77,401.41,273.12,325.98,267.48,362.02,296.30,360.99,365.77,
4.437,0,0.03,0.02,0.02,5.48,0.02,0.04,5.86,0.92,0.12,88.28,59.87,0.00,97.86,11.22,96.57,0.00,4.75,0.01,0.12,0.00,0.00,0.00,0.92,0.00,0.00,0.00,0.00,1.74,0.81,0.00,0.00,0.00,0.00,0.00,,3.68,-2.90,-0.54,72.66,73.56,306.16,242.40,420.06,364.35,400.76,271.07,327.35,266.49,360.96,295.48,361.22,364.35,
4.512,0,0.13,0.02,0.02,20.80,0.02,0.03,22.61,1.19,0.01,54.79,63.99,0.00,98.64,4.65,98.86,0.00,46.17,0.00,0.01,0.00,0.00,0.00,1.19,0.00,0.00,0.00,0.00,1.63,0.78,0.00,0.00,0.00,0.00,0.00,,4.31,0.57,-0.34,73.17,75.61,303.92,242.10,419.28,365.26,400.13,271.69,324.70,266.50,361.46,295.68,359.98,365.26,
4.592,0,0.48,0.02,0.02,50.68,0.02,0.03,54.50,0.89,0.00,20.50,63.47,0.00,98.59,2.88,99.04,0.00,81.83,0.00,0.00,0.00,0.00,0.00,0.89,0.00,0.00,0.00,0.00,1.17,0.58,0.00,0.00,0.00,0.00,0.00,,4.63,-0.75,0.17,73.37,74.88,303.09,241.69,419.48,365.92,399.16,271.70,324.46,266.34,360.33,295.58,360.23,365.92,
4.671,0,0.70,0.02,0.02,62.50,0.02,0.03,66.60,0.96,0.00,8.40,64.36,0.00,98.53,3.72,99.51,0.00,92.82,0.00,0.00,0.00,0.00,0.00,0.96,0.00,0.00,0.00,0.00,1.17,0.51,0.00,0.00,0.00,0.00,0.00,,5.65,-0.98,0.44,73.37,74.90,302.54,241.14,418.96,365.67,398.51,270.93,323.75,266.23,359.65,294.60,360.00,365.67,
4.750,0,0.74,0.02,0.02,64.34,0.02,0.03,68.56,0.82,0.00,6.44,64.96,0.00,98.41,3.93,99.68,0.00,94.42,0.00,0.00,0.00,0.00,0.00,0.82,0.00,0.00,0.00,0.00,1.33,0.68,0.00,0.00,0.00,0.00,0.00,,5.48,-1.38,0.20,73.61,76.89,301.99,241.00,418.17,364.93,398.97,271.09,322.25,265.91,358.72,294.42,359.01,364.93,
4.825,0,0.61,0.02,0.02,62.95,0.02,0.03,67.44,0.95,0.01,7.56,65.22,0.00,98.47,6.71,99.72,0.00,90.51,0.01,0.00,0.01,0.00,0.00,0.95,0.00,0.00,0.00,0.00,1.44,0.54,0.00,0.00,0.00,0.00,0.00,,5.77,-1.17,-0.43,73.40,75.65,302.39,241.17,417.45,364.56,398.57,270.30,323.04,266.03,358.74,293.92,358.14,364.56,
4.892,0,0.45,0.02,0.02,61.28,0.02,0.04,66.50,1.23,0.01,8.50,65.56,0.00,98.34,11.66,99.80,0.00,84.49,0.01,0.00,0.01,0.00,0.00,1.23,0.00,0.00,0.00,0.00,1.54,0.50,0.00,0.00,0.00,0.00,0.00,,2.93,-1.58,-1.22,73.00,74.12,304.03,241.80,416.89,362.76,398.79,269.80,324.78,265.62,359.10,294.74,357.81,362.76,
4.971,0,0.31,0.02,0.02,54.57,0.02,0.05,59.98,1.57,0.01,15.02,66.48,0.00,98.58,14.89,99.73,0.00,74.67,0.01,0.01,0.01,0.00,0.00,1.57,0.00,0.00,0.00,0.00,2.12,0.42,0.00,0.00,0.00,0.00,0.00,,5.96,-0.79,-0.49,73.19,75.39,303.01,241.05,416.50,362.67,398.30,269.95,323.04,265.57,358.81,293.01,357.92,362.67,
5.048,0,0.20,0.02,0.02,54.26,0.02,0.08,60.49,1.79,0.02,14.51,68.58,0.00,98.35,23.42,99.70,0.00,66.67,0.01,0.02,0.00,0.00,0.00,1.79,0.00,0.00,0.00,0.00,3.35,0.44,0.00,0.00,0.00,0.00,0.00,,5.14,-1.56,-0.03,73.35,76.22,301.93,240.79,416.30,362.95,397.83,270.03,321.74,265.42,357.67,293.52,357.78,362.95,
5.129,0,0.27,0.02,0.02,68.05,0.02,0.10,73.10,2.08,0.02,1.90,74.98,0.00,98.48,28.88,99.73,0.00,74.77,0.01,0.02,0.00,0.00,0.00,2.08,0.00,0.00,0.00,0.00,7.26,0.63,0.00,0.00,0.00,0.00,0.00,,5.64,-1.14,-0.51,72.99,76.50,301.74,240.61,416.20,363.06,398.09,269.97,321.74,265.18,357.80,293.15,357.08,363.06,
5.200,0,0.33,0.02,0.02,77.92,0.02,0.13,82.26,2.44,0.02,0.00,77.48,0.00,98.55,34.68,99.79,0.00,81.69,0.01,0.02,0.00,0.00,0.00,2.44,0.00,0.00,0.00,0.00,8.92,0.67,0.00,0.00,0.00,0.00,0.00,,5.47,-0.91,-0.29,72.87,75.83,301.42,240.72,416.03,363.54,397.39,269.59,321.67,265.56,357.69,293.41,357.10,363.54,
5.279,0,0.37,0.02,0.02,81.05,0.02,0.15,84.71,2.89,0.01,0.00,79.44,0.00,98.77,36.53,99.80,0.00,84.22,0.01,0.01,0.00,0.00,0.00,2.89,0.00,0.00,0.00,0.00,10.36,0.54,0.00,0.00,0.00,0.00,0.00,,5.30,0.06,0.10,72.77,75.75,301.14,240.66,416.00,363.69,396.96,269.41,321.30,265.72,358.10,293.56,357.44,363.69,
5.345,0,0.33,0.02,0.02,76.24,0.02,0.13,79.67,2.75,0.01,0.00,81.19,0.00,97.69,33.55,99.70,0.00,78.85,0.00,0.01,0.00,0.00,0.00,2.75,0.00,0.00,0.00,0.00,11.84,0.68,0.00,0.00,0.00,0.00,0.00,,7.33,-3.27,-0.36,72.20,74.72,302.90,241.26,415.01,362.20,397.17,268.43,322.47,266.67,356.53,291.96,357.23,362.20,
5.424,0,0.04,0.02,0.02,25.36,0.02,0.13,25.22,3.14,0.04,49.64,86.26,0.00,98.48,34.25,99.06,0.00,20.03,0.01,0.04,0.01,0.00,0.00,3.14,0.00,0.00,0.00,0.00,17.13,0.58,0.00,67.95,0.00,0.00,0.00,,11.07,-1.14,-0.15,73.11,75.54,301.86,241.84,414.65,363.24,396.69,271.35,321.27,267.07,357.08,291.24,356.80,363.24,
5.500,0,0.03,0.02,0.03,15.44,0.02,0.15,12.92,3.82,0.18,69.13,90.60,0.00,98.50,35.16,96.54,0.00,1.96,0.02,0.18,0.13,0.01,0.00,3.82,0.00,0.00,0.00,0.00,24.98,0.54,0.00,16.87,0.00,0.00,0.00,,11.05,-1.08,-0.33,73.11,75.73,301.60,242.14,413.83,363.23,396.37,271.01,320.72,267.51,356.58,291.30,356.06,363.23,
5.577,0,0.02,0.02,0.02,16.00,0.02,0.26,16.14,5.45,0.38,67.73,81.04,0.00,98.43,44.87,94.56,0.00,0.62,0.01,0.38,0.04,0.01,0.00,5.45,0.00,0.00,0.00,0.00,16.85,0.40,0.00,0.00,0.00,0.00,0.00,,7.15,-1.31,0.30,73.09,75.06,300.83,242.33,413.47,363.26,395.11,270.52,320.11,267.44,355.86,293.39,356.23,363.26,
5.656,0,0.02,0.02,0.02,12.61,0.02,0.27,13.87,7.13,0.91,72.26,68.37,0.00,97.87,42.56,93.07,0.00,0.31,0.01,0.91,0.01,0.00,0.00,7.13,0.00,0.00,0.00,0.00,9.86,0.23,0.00,0.00,0.00,0.00,0.00,,7.52,-2.86,0.41,73.09,75.70,299.79,241.93,413.15,363.67,394.71,270.33,319.07,267.32,354.22,293.14,355.63,363.67,
5.737,0,0.02,0.02,0.02,13.16,0.02,0.30,15.48,11.66,0.20,69.05,76.70,0.00,97.54,40.91,96.50,0.00,1.71,0.01,0.20,0.01,0.00,0.00,11.66,0.00,0.00,0.00,0.00,6.58,0.14,0.00,0.00,0.00,0.00,0.00,,8.60,-3.59,-0.63,73.24,76.61,297.65,241.83,411.94,365.04,394.11,270.67,317.57,267.25,352.13,292.93,352.70,365.04,
5.809,0,0.02,0.02,0.02,10.83,0.02,0.20,12.09,14.98,0.07,75.82,82.73,0.00,97.95,28.66,97.85,0.00,5.76,0.01,0.07,0.02,0.01,0.00,14.98,0.01,0.00,0.00,0.00,5.55,0.12,0.00,0.00,0.00,0.00,0.00,,6.01,-2.66,-0.70,73.46,76.48,296.37,241.99,410.83,364.82,392.86,270.90,316.49,266.82,351.52,294.32,351.45,364.82,
5.876,0,0.03,0.02,0.02,6.51,0.02,0.17,6.63,14.63,0.04,86.74,89.76,0.00,97.51,14.63,97.20,0.01,4.62,0.01,0.04,0.02,0.01,0.00,23.15,0.00,0.00,0.00,0.00,4.51,0.06,0.00,0.00,0.00,0.00,0.00,,4.71,-3.66,-1.23,73.35,75.66,296.57,242.53,409.90,364.32,392.41,270.66,316.84,266.93,350.60,294.89,350.46,364.32,
5.950,0,0.03,0.02,0.02,5.38,0.02,0.18,5.38,10.81,0.03,89.24,92.19,0.00,96.78,10.81,96.48,0.00,3.85,0.01,0.03,0.02,0.01,0.00,27.57,0.00,0.00,0.00,0.00,3.47,0.05,0.00,0.00,0.00,0.00,0.00,,4.58,-4.99,-1.60,73.50,76.58,296.42,242.98,409.16,364.06,392.67,271.13,316.19,267.13,349.32,295.09,349.51,364.06,
6.017,0,0.03,0.02,0.02,3.98,0.02,0.18,3.85,6.48,0.04,92.03,92.11,0.00,97.68,6.48,93.93,0.00,2.34,0.01,0.04,0.03,0.02,0.00,29.99,0.00,0.00,0.00,0.00,2.22,0.05,0.00,0.00,0.00,0.00,0.00,,5.19,-3.31,-1.14,73.49,75.76,296.33,242.73,409.36,364.05,392.00,271.15,316.36,267.02,350.41,294.75,350.18,364.05,
6.093,0,0.03,0.02,0.02,3.54,0.02,0.19,3.33,5.17,0.04,92.91,92.27,0.00,97.71,5.17,92.31,0.00,1.63,0.02,0.03,0.04,0.02,0.00,31.88,0.00,0.00,0.00,0.00,2.44,0.04,0.00,0.00,0.00,0.00,0.00,,5.11,-3.23,-1.07,73.45,75.66,296.24,242.69,409.37,364.15,391.87,271.02,316.32,267.06,350.42,294.79,350.23,364.15,
6.162,0,0.03,0.02,0.02,3.31,0.02,0.28,3.06,4.29,0.04,93.39,95.45,-0.06,97.63,4.29,91.24,0.00,1.46,0.02,0.04,0.03,0.02,0.00,39.96,0.01,0.00,0.00,0.00,2.41,0.04,0.00,0.00,0.00,0.00,0.00,,5.52,-3.42,-1.25,73.49,75.65,296.37,242.83,409.22,364.09,391.96,271.14,316.42,267.16,350.30,294.61,350.00,364.09,
6.229,0,0.03,0.02,0.02,3.29,0.02,0.24,3.04,3.21,0.04,93.42,94.99,0.00,97.58,3.21,92.08,0.00,1.54,0.02,0.04,0.02,0.02,0.00,37.88,0.01,0.00,0.00,0.00,2.41,0.04,0.00,0.00,0.00,0.00,0.00,,5.33,-3.51,-1.02,73.56,75.99,296.36,242.73,409.47,364.09,392.12,271.22,316.24,267.10,350.34,294.72,350.38,364.09,
6.310,0,0.03,0.02,0.02,3.08,0.02,0.20,2.83,3.54,0.03,93.84,92.25,0.00,97.37,3.54,90.44,0.00,1.15,0.02,0.03,0.02,0.01,0.00,33.71,0.01,0.00,0.00,0.00,1.96,0.03,0.00,0.00,0.00,0.00,0.00,,5.48,-3.94,-1.10,73.57,76.18,297.06,242.90,409.71,363.86,392.75,271.14,316.67,267.28,350.55,294.61,350.74,363.86,
6.393,0,0.03,0.02,0.02,3.15,0.02,0.20,2.92,4.33,0.02,93.69,91.88,0.00,97.76,4.33,90.20,0.00,1.34,0.02,0.02,0.02,0.00,0.00,33.33,0.01,0.00,0.00,0.00,1.89,0.03,0.00,0.00,0.00,0.00,0.00,,6.42,-3.11,-0.99,73.58,76.10,297.26,242.75,409.49,363.43,392.63,270.84,316.62,267.32,351.04,293.89,350.88,363.43,
6.461,0,0.03,0.02,0.02,3.29,0.02,0.27,3.05,5.76,0.02,93.43,93.39,0.00,97.68,5.76,89.32,0.00,1.83,0.01,0.02,0.02,0.00,0.00,36.96,0.01,0.00,0.00,0.00,2.12,0.03,0.00,0.00,0.00,0.00,0.00,,6.95,-3.29,-0.85,73.46,76.17,297.55,242.71,409.57,363.27,392.78,270.62,316.67,267.48,351.11,293.52,351.23,363.27,
6.528,0,0.03,0.02,0.02,3.27,0.02,0.41,3.02,8.16,0.02,93.47,94.79,-1.76,97.73,8.16,87.12,0.00,1.46,0.01,0.02,0.02,0.01,0.00,42.32,0.03,0.00,0.00,0.00,2.19,0.03,0.00,0.00,0.00,0.00,0.00,,6.61,-3.18,-0.87,73.49,76.20,297.42,242.67,409.55,363.15,392.72,270.86,316.60,267.24,351.10,293.68,351.13,363.15,
6.670,0,0.03,0.02,0.02,3.71,0.02,0.53,3.49,8.85,0.01,92.58,96.81,-3.53,97.85,8.85,88.81,0.00,2.60,0.01,0.01,0.01,0.01,0.00,46.99,0.05,0.00,0.00,0.00,2.53,0.03,0.00,0.00,0.00,0.00,0.00,,7.15,-2.90,-0.90,73.37,76.23,297.70,242.94,409.42,363.16,392.83,270.88,316.67,267.63,351.34,293.54,351.18,363.16,
6.741,0,0.03,0.02,0.02,2.78,0.02,0.50,2.42,6.73,0.02,94.44,94.97,-2.81,98.11,6.73,83.57,0.00,0.95,0.01,0.02,0.01,0.00,0.00,46.31,0.03,0.00,0.00,0.00,3.20,0.04,0.00,0.00,0.00,0.00,0.00,,7.09,-2.24,-1.02,72.97,74.54,298.50,242.77,409.53,362.42,392.48,270.42,318.01,267.23,352.25,293.07,351.57,362.42,
6.826,0,0.03,0.02,0.03,2.92,0.02,0.79,2.44,5.04,0.02,94.16,98.06,-6.01,97.99,5.04,85.40,0.00,0.99,0.01,0.02,0.01,0.00,0.00,56.77,0.02,0.00,0.00,0.00,5.43,0.04,0.00,0.00,0.00,0.00,0.00,,6.12,-2.56,-0.95,73.34,75.72,298.29,243.32,409.01,362.14,392.67,271.17,317.04,267.48,351.66,293.90,351.24,362.14,
6.972,0,0.04,0.03,0.03,2.02,0.02,1.03,1.54,5.72,0.03,95.95,95.56,-6.47,98.07,5.72,73.89,0.00,0.51,0.01,0.03,0.02,0.00,0.00,57.63,0.02,0.00,0.00,0.00,5.68,0.06,0.00,0.00,0.00,0.00,0.00,,6.61,-2.37,-0.82,73.01,74.95,298.75,243.27,409.79,362.80,392.83,270.81,317.94,267.78,352.41,293.80,352.03,362.80,
7.047,0,0.03,0.03,0.03,2.76,0.02,0.86,2.23,7.49,0.02,94.48,96.94,-6.02,98.15,7.49,81.20,0.00,0.53,0.01,0.02,0.01,0.00,0.00,55.14,0.04,0.00,0.00,0.00,6.38,0.05,0.00,0.00,0.00,0.00,0.00,,5.06,-2.15,-0.85,73.53,76.72,298.50,244.30,408.97,362.63,393.22,271.84,316.57,268.44,351.96,295.25,351.41,362.63,
7.115,0,0.03,0.03,0.03,2.85,0.02,1.02,2.29,9.38,0.01,94.31,96.98,-6.88,97.74,9.38,80.12,0.00,0.35,0.00,0.01,0.01,0.01,0.00,56.37,0.04,0.00,0.00,0.00,6.95,0.04,0.00,0.00,0.00,0.00,0.00,,4.51,-3.17,-1.30,73.57,76.82,298.87,244.86,408.51,362.25,393.50,272.18,316.76,268.66,351.31,295.63,350.80,362.25,
7.189,0,0.03,0.03,0.03,2.55,0.02,0.90,2.05,7.29,0.02,94.91,96.61,-6.11,97.89,7.29,79.49,0.00,0.34,0.01,0.02,0.02,0.01,0.00,55.53,0.04,0.00,0.00,0.00,5.81,0.04,0.00,0.01,0.00,0.00,0.00,,6.47,-2.81,-0.87,73.61,76.77,298.85,244.73,408.55,362.47,393.24,272.12,316.53,269.01,351.52,294.71,351.33,362.47,
7.257,0,0.03,0.02,0.03,2.64,0.02,1.03,2.19,5.72,0.04,94.72,98.22,-7.44,97.79,5.72,82.83,0.00,0.28,0.01,0.03,0.04,0.01,0.00,60.39,0.05,0.00,0.00,0.00,4.81,0.03,0.00,0.01,0.00,0.00,0.00,,6.61,-3.06,-0.79,73.50,75.88,298.77,244.65,408.59,362.70,392.72,271.89,316.89,269.03,351.37,294.62,351.43,362.70,
7.332,0,0.03,0.03,0.03,2.28,0.02,0.77,1.88,4.61,0.05,95.45,96.63,-5.32,97.61,4.61,80.14,0.00,0.25,0.01,0.05,0.04,0.01,0.00,54.97,0.06,0.00,0.00,0.00,3.62,0.03,0.00,0.01,0.00,0.00,0.00,,6.62,-3.45,-1.10,73.39,76.02,298.67,244.64,408.59,362.69,392.92,271.98,316.96,269.07,351.10,294.66,351.00,362.69,
7.472,0,0.04,0.03,0.03,1.71,0.02,0.75,1.27,6.54,0.10,96.59,88.11,-3.83,97.85,6.54,68.93,0.00,0.07,0.00,0.10,0.06,0.01,0.00,49.33,0.04,0.00,0.00,0.00,4.74,0.03,0.00,80.66,0.00,0.00,0.00,,10.76,-2.90,-1.51,73.68,76.19,299.32,245.22,408.16,362.60,393.34,273.34,317.24,269.64,351.56,292.98,350.64,362.60,
7.614,0,0.05,0.06,0.02,0.91,0.02,5.72,0.64,13.86,0.10,88.56,89.02,-14.35,97.63,13.86,44.79,0.00,0.06,0.01,0.04,0.10,0.01,0.00,74.59,0.60,0.00,0.00,0.00,1.07,0.02,0.00,0.00,0.00,0.00,0.00,,3.02,-3.41,-1.39,73.11,75.95,300.07,245.67,408.76,361.77,393.82,272.88,317.97,268.80,351.93,296.60,351.45,361.77,
7.688,0,0.08,0.09,0.04,0.51,0.02,25.73,0.31,12.05,0.18,49.27,93.06,-26.56,97.26,12.05,29.33,0.00,0.14,0.01,0.01,0.18,0.05,0.00,96.30,22.92,0.01,0.00,0.02,0.21,0.02,0.00,0.00,0.00,0.01,0.00,,2.54,-4.15,-1.36,72.99,76.19,299.95,245.82,408.00,361.10,393.50,272.85,317.42,268.79,351.03,296.65,351.01,361.10,
7.767,0,0.20,0.13,0.55,0.31,0.02,67.25,0.17,11.23,0.26,7.75,84.72,-45.86,96.48,11.23,14.82,0.00,0.70,0.02,0.00,0.26,0.50,0.00,99.82,98.62,0.02,0.00,3.89,0.03,0.01,0.00,0.00,0.00,0.03,0.00,,2.98,-5.45,-2.02,72.29,75.90,301.21,245.94,408.14,359.75,394.46,272.83,318.65,268.96,350.98,296.05,350.92,359.75,
7.849,0,0.24,0.15,0.58,0.25,0.02,67.84,0.13,9.53,0.23,7.16,79.07,-45.94,96.88,9.53,9.89,0.00,1.06,0.03,0.00,0.23,0.70,0.00,99.99,99.25,0.02,0.00,5.11,0.00,0.01,0.00,0.00,0.00,0.03,0.00,,4.23,-4.82,-2.82,71.69,76.13,299.60,245.37,407.60,360.49,393.93,273.24,317.97,268.30,350.33,295.45,348.91,360.49,
7.982,0,0.62,0.17,0.60,0.21,0.02,68.56,0.10,8.16,0.05,6.44,76.70,-58.29,96.30,8.16,5.13,0.00,1.89,0.12,0.00,0.05,0.63,0.00,100.00,99.86,0.05,0.02,60.27,0.00,0.01,0.00,0.00,0.00,0.11,0.00,,5.04,-5.71,-2.12,72.18,75.38,300.01,245.71,407.73,360.50,393.46,272.74,318.14,269.65,350.05,295.39,350.02,360.50,
8.059,0,0.53,0.16,0.60,0.23,0.02,65.19,0.11,6.07,0.07,9.81,76.59,-54.79,96.17,6.07,8.09,0.00,3.14,0.14,0.00,0.03,0.18,0.00,99.99,99.38,0.07,0.05,47.68,0.00,0.02,0.01,0.00,0.00,0.26,0.00,,3.16,-5.89,-2.40,72.21,77.35,299.63,244.92,407.94,360.17,394.53,272.62,317.33,267.93,349.77,295.57,349.49,360.17,
8.204,0,0.80,0.15,0.59,0.27,0.02,62.84,0.14,6.07,0.11,12.16,84.09,-63.29,96.23,6.07,14.06,0.00,2.23,0.19,0.00,0.05,0.02,0.01,99.99,99.26,0.11,0.46,84.95,0.01,0.05,0.20,0.00,0.01,1.10,0.00,,5.46,-5.80,-3.62,72.81,75.25,300.23,243.91,408.28,358.71,394.62,271.91,319.49,267.58,350.47,293.55,348.66,358.71,
8.272,0,0.59,0.13,0.60,0.34,0.02,58.11,0.18,4.64,0.15,16.89,90.67,-59.70,96.30,4.64,21.66,0.00,2.34,0.17,0.00,0.06,0.04,0.01,99.98,98.95,0.15,0.71,71.10,0.01,0.07,0.38,0.00,0.03,1.61,0.00,,6.12,-5.70,-2.97,72.72,75.33,300.85,243.56,408.20,357.96,394.55,271.29,319.34,267.11,350.76,292.60,349.67,357.96,
8.406,0,0.23,0.16,0.59,0.22,0.02,60.67,0.11,3.92,0.14,14.33,81.86,-43.53,96.99,3.92,12.18,0.00,0.44,0.10,0.01,0.05,0.01,0.00,99.90,98.20,0.14,0.39,2.23,0.03,0.10,0.67,0.00,0.06,1.03,0.00,,5.54,-4.63,-3.30,71.55,74.43,299.99,242.91,408.71,359.06,394.05,270.98,319.78,266.25,351.28,292.79,349.21,359.06,
8.538,0,0.17,0.17,0.16,0.19,0.02,44.17,0.09,3.65,0.08,30.83,75.61,-33.92,97.21,3.65,7.69,0.00,0.24,0.10,0.03,0.03,0.02,0.00,99.72,58.90,0.08,0.05,0.24,0.07,0.13,0.65,0.00,0.07,0.54,0.00,,7.25,-4.25,-2.10,71.46,76.05,298.71,243.04,408.56,360.63,393.54,270.85,317.56,267.61,350.67,292.78,349.81,360.63,
8.616,0,0.16,0.16,0.13,0.22,0.02,43.84,0.11,6.34,0.04,31.16,77.42,-33.22,97.28,6.34,9.12,0.00,0.41,0.10,0.02,0.04,0.02,0.00,99.55,53.32,0.03,0.02,0.16,0.08,0.14,0.55,0.00,0.04,0.31,0.00,,4.61,-4.12,-1.87,71.63,76.44,299.01,244.28,408.70,361.49,393.82,271.77,317.46,268.21,350.94,295.03,350.28,361.49,
8.695,0,0.13,0.13,0.11,0.33,0.02,42.95,0.18,9.67,0.06,32.05,86.28,-33.40,97.39,9.67,17.00,0.00,1.33,0.11,0.02,0.06,0.02,0.00,99.21,51.29,0.03,0.01,0.08,0.10,0.16,0.47,0.00,0.03,0.18,0.00,,3.68,-3.90,-1.86,71.84,75.28,298.72,245.01,408.41,361.94,392.94,271.90,317.69,269.40,350.82,296.20,350.06,361.94,
8.772,0,0.12,0.10,0.11,0.42,0.02,37.31,0.24,8.73,0.04,37.69,91.71,-32.82,97.47,8.73,25.05,0.00,1.50,0.08,0.01,0.04,0.01,0.00,98.21,51.01,0.01,0.01,0.23,0.17,0.11,0.31,0.00,0.02,0.19,0.00,,3.91,-3.74,-1.61,72.61,77.12,299.10,245.71,409.04,362.76,394.26,272.76,317.17,270.27,351.35,296.93,350.79,362.76,
8.932,0,0.07,0.05,0.09,1.21,0.02,25.36,0.92,12.55,0.02,49.64,98.84,-31.28,97.66,12.55,53.18,0.00,1.80,0.04,0.00,0.02,0.01,0.00,95.45,44.65,0.01,0.00,0.09,0.21,0.08,0.11,0.00,0.01,0.20,0.00,,2.90,-3.35,-1.58,72.73,77.31,300.68,245.78,409.60,361.80,395.38,272.84,318.15,269.42,352.65,296.91,351.90,361.80,
9.073,0,0.04,0.04,0.03,2.08,0.02,15.17,1.82,16.20,0.06,69.66,99.61,-25.07,97.79,16.20,67.13,0.00,0.93,0.03,0.01,0.06,0.01,0.00,95.10,14.43,0.00,0.00,0.00,0.13,0.05,0.04,0.00,0.01,0.05,0.00,,3.53,-3.05,-1.30,72.38,77.32,300.92,245.58,409.85,361.59,395.48,272.38,318.20,269.74,353.06,296.48,352.48,361.59,
9.141,0,0.04,0.04,0.03,1.46,0.02,16.55,1.17,14.29,0.10,66.89,99.29,-24.92,97.55,14.29,58.67,0.00,0.48,0.04,0.02,0.10,0.02,0.00,96.13,14.11,0.00,0.00,0.01,0.11,0.03,0.02,0.00,0.01,0.04,0.00,,4.21,-3.59,-1.34,72.22,76.67,301.12,245.60,409.96,361.72,395.32,272.47,318.70,269.72,352.92,296.17,352.61,361.72,
9.218,0,0.05,0.06,0.03,0.81,0.02,14.72,0.56,9.62,0.14,70.56,97.96,-22.27,97.64,9.62,45.93,0.00,0.22,0.05,0.05,0.14,0.03,0.00,95.60,7.93,0.00,0.00,0.01,0.08,0.02,0.01,0.00,0.01,0.01,0.00,,4.44,-3.38,-1.31,72.20,76.77,300.96,245.48,409.98,361.87,395.28,272.43,318.57,269.65,352.96,296.04,352.56,361.87,
9.286,0,0.06,0.07,0.03,0.72,0.02,12.73,0.48,9.06,0.11,74.53,96.71,-20.69,97.82,9.06,42.84,0.00,0.25,0.04,0.05,0.11,0.02,0.00,92.56,6.17,0.00,0.00,0.00,0.10,0.03,0.00,0.00,0.01,0.01,0.00,,4.49,-2.97,-1.27,72.31,77.06,301.00,245.42,409.99,361.77,395.43,272.40,318.42,269.56,353.23,295.95,352.64,361.77,
9.430,0,0.06,0.08,0.02,0.54,0.02,10.24,0.34,7.24,0.06,79.51,92.53,-18.02,97.55,7.24,35.96,0.00,0.34,0.02,0.04,0.06,0.00,0.00,88.68,2.24,0.00,0.00,0.01,0.11,0.03,0.00,0.00,0.01,0.01,0.00,,4.91,-3.58,-1.31,72.37,76.73,300.75,245.55,409.82,362.01,395.08,272.53,318.39,269.86,352.66,295.93,352.38,362.01,
9.495,0,0.07,0.08,0.02,0.48,0.02,5.92,0.29,6.84,0.07,88.16,79.19,-13.78,97.47,6.84,32.81,0.00,0.39,0.03,0.04,0.07,0.01,0.00,77.15,1.45,0.00,0.00,0.01,0.17,0.03,0.00,0.00,0.01,0.01,0.00,,5.57,-3.75,-1.67,72.38,77.09,300.52,245.45,409.84,362.06,395.38,272.73,318.34,269.97,352.46,295.68,351.82,362.06,
9.631,0,0.07,0.10,0.02,0.39,0.02,3.53,0.22,6.88,0.08,92.93,46.62,-9.53,97.49,6.88,26.43,0.01,0.24,0.03,0.05,0.08,0.01,0.00,65.21,0.75,0.00,0.00,0.00,0.29,0.04,0.00,0.00,0.00,0.01,0.00,,5.06,-3.71,-1.47,72.17,76.08,300.73,245.51,409.76,362.04,394.79,272.55,318.77,269.71,352.57,295.80,352.17,362.04,
9.699,0,0.08,0.12,0.02,0.31,0.02,1.46,0.17,6.67,0.09,97.07,9.98,-2.96,97.52,6.67,19.59,0.00,0.11,0.03,0.09,0.08,0.01,0.00,46.37,0.57,0.00,0.00,0.00,0.45,0.05,0.00,0.00,0.00,0.01,0.00,,5.07,-3.65,-1.55,72.20,76.66,300.64,245.46,409.71,361.90,395.07,272.60,318.47,269.71,352.52,295.77,351.99,361.90,
9.785,0,0.09,0.12,0.02,0.29,0.02,0.95,0.15,6.28,0.11,98.09,4.87,-0.02,97.61,6.28,18.17,0.00,0.08,0.03,0.11,0.08,0.01,0.00,38.19,0.42,0.00,0.00,0.00,0.74,0.06,0.00,0.00,0.00,0.01,0.00,,4.87,-3.45,-1.44,72.21,76.74,300.77,245.58,409.77,361.96,395.14,272.65,318.45,269.77,352.73,295.94,352.21,361.96,
9.853,0,0.08,0.11,0.02,0.32,0.02,0.65,0.17,5.80,0.11,98.70,3.91,0.00,97.56,5.80,21.22,0.00,0.09,0.02,0.11,0.06,0.01,0.00,32.27,0.46,0.00,0.00,0.00,1.20,0.08,0.00,0.00,0.00,0.01,0.00,,4.52,-3.55,-1.46,72.15,76.51,300.68,245.54,409.67,361.85,394.95,272.51,318.49,269.75,352.59,296.05,352.11,361.85,
9.928,0,0.09,0.12,0.02,0.31,0.02,0.65,0.16,5.30,0.11,98.70,3.78,0.00,97.51,5.30,20.51,0.00,0.08,0.02,0.11,0.05,0.01,0.00,32.53,0.41,0.00,0.00,0.00,1.39,0.08,0.00,0.00,0.00,0.01,0.00,,4.53,-3.67,-1.63,72.08,76.33,300.74,245.48,409.71,361.82,395.00,272.60,318.73,269.48,352.58,295.96,351.95,361.82,
10.078,0,0.08,0.11,0.02,0.34,0.02,0.74,0.18,5.88,0.14,98.53,5.39,0.00,97.41,5.88,22.61,0.01,0.08,0.02,0.14,0.05,0.01,0.00,35.05,0.38,0.00,0.00,0.00,2.27,0.10,0.00,0.00,0.00,0.00,0.00,0.00,5.35,-3.86,-1.46,72.13,75.81,300.55,245.40,409.65,362.19,394.50,272.55,318.76,269.48,352.35,295.59,352.04,362.19,
10.214,0,0.08,0.11,0.02,0.37,0.02,1.46,0.20,9.42,0.16,97.09,9.95,-2.91,97.68,9.42,21.36,0.00,0.09,0.01,0.16,0.03,0.02,0.00,44.56,0.38,0.00,0.00,0.00,2.42,0.09,0.00,0.01,0.00,0.01,0.00,0.00,5.60,-3.31,-1.09,72.14,75.36,300.55,245.46,409.52,362.40,393.98,272.47,318.68,269.44,352.61,295.46,352.44,362.40,
10.281,0,0.07,0.10,0.02,0.47,0.02,1.35,0.27,10.02,0.09,97.31,16.08,-3.09,97.57,10.02,28.09,0.00,0.07,0.01,0.09,0.03,0.01,0.00,44.68,0.40,0.00,0.00,0.00,2.10,0.08,0.00,0.05,0.00,0.01,0.00,0.00,6.32,-3.53,-1.12,72.25,75.72,300.43,245.65,409.21,362.37,393.97,272.75,318.32,269.76,352.25,295.27,352.18,362.37,
10.357,0,0.06,0.07,0.02,0.71,0.02,1.68,0.45,12.40,0.06,96.63,39.15,-5.46,97.64,12.40,37.85,0.00,0.05,0.01,0.06,0.04,0.01,0.00,49.99,0.35,0.00,0.00,0.00,2.28,0.07,0.00,0.06,0.00,0.01,0.00,0.00,6.33,-3.38,-1.12,72.31,75.94,300.57,245.80,409.13,362.29,394.11,272.94,318.24,269.76,352.36,295.31,352.21,362.29,
10.428,0,0.06,0.07,0.02,0.71,0.02,1.03,0.46,11.91,0.06,97.94,26.26,-2.40,98.17,11.91,39.01,0.00,0.05,0.01,0.06,0.04,0.00,0.00,41.47,0.27,0.00,0.00,0.00,1.50,0.06,0.00,0.06,0.00,0.00,0.00,0.00,4.46,-2.08,-0.82,71.80,74.04,302.34,245.93,409.40,360.69,393.97,272.10,319.98,269.49,354.20,295.54,353.67,360.69,
10.497,0,0.04,0.05,0.02,1.19,0.02,0.69,0.89,13.31,0.04,97.62,44.79,-1.26,97.78,13.31,53.47,0.00,0.04,0.00,0.04,0.04,0.00,0.00,37.26,0.21,0.01,0.00,0.00,1.03,0.06,0.00,0.07,0.00,0.00,0.00,0.00,5.05,-3.08,-0.59,72.13,76.29,301.74,246.00,408.93,360.65,394.48,272.54,318.24,269.74,352.99,295.44,353.31,360.65,
10.565,0,0.04,0.04,0.02,1.47,0.02,0.48,1.16,14.67,0.06,97.05,42.37,0.00,97.58,14.67,58.61,0.00,0.04,0.01,0.05,0.06,0.01,0.00,30.90,0.15,0.01,0.00,0.00,1.04,0.07,0.00,0.08,0.00,0.00,0.00,0.00,5.99,-3.51,-0.86,72.37,76.41,301.22,246.14,408.18,360.62,394.06,272.78,317.70,270.01,352.10,295.10,352.34,360.62,
10.708,0,0.03,0.04,0.02,1.99,0.02,0.31,1.68,15.28,0.07,96.03,47.27,0.00,97.84,15.28,66.94,0.00,0.04,0.01,0.06,0.07,0.01,0.00,25.03,0.09,0.01,0.00,0.00,1.33,0.08,0.00,0.59,0.00,0.01,0.00,0.00,5.46,-2.92,-1.20,72.04,76.65,301.64,246.10,408.69,360.60,394.83,273.01,318.25,269.58,352.94,295.30,352.41,360.60,
10.777,0,0.04,0.05,0.02,1.25,0.02,0.26,0.94,12.22,0.07,97.51,20.38,0.00,97.90,12.22,55.90,0.00,0.03,0.01,0.04,0.07,0.01,0.00,20.47,0.06,0.01,0.00,0.00,1.16,0.08,0.00,0.76,0.00,0.01,0.00,0.00,6.66,-2.78,-1.01,72.74,77.30,301.25,246.93,408.02,361.16,394.53,273.86,317.29,270.72,352.47,295.54,352.09,361.16,
10.951,0,0.05,0.06,0.02,0.86,0.02,0.21,0.58,8.74,0.10,98.28,9.02,0.00,97.88,8.74,47.76,0.00,0.02,0.01,0.04,0.10,0.02,0.00,16.82,0.06,0.01,0.00,0.00,1.88,0.11,0.00,0.56,0.00,0.01,0.00,0.00,6.03,-2.83,-1.26,72.01,76.43,301.59,246.05,408.76,360.83,394.75,273.14,318.41,269.50,353.01,295.06,352.35,360.83,
11.019,0,0.06,0.07,0.02,0.65,0.02,0.27,0.41,6.39,0.08,98.70,8.07,0.00,97.88,6.39,41.56,0.00,0.02,0.01,0.02,0.08,0.01,0.00,21.49,0.10,0.01,0.00,0.00,1.92,0.12,0.00,0.73,0.00,0.01,0.00,0.00,7.41,-2.84,-0.91,72.78,76.81,301.19,246.93,408.00,361.40,394.19,273.86,317.43,270.84,352.41,295.23,352.18,361.40,
11.095,0,0.07,0.09,0.02,0.43,0.02,0.47,0.24,5.31,0.12,99.06,6.25,0.00,97.90,5.31,30.19,0.00,0.01,0.01,0.06,0.12,0.01,0.00,29.44,0.12,0.00,0.00,0.00,2.34,0.08,0.00,2.01,0.00,0.01,0.00,0.00,5.83,-2.79,-1.41,72.05,76.09,301.61,246.10,408.77,360.87,394.68,273.26,318.68,269.40,353.07,295.19,352.21,360.87,
11.239,0,0.08,0.11,0.02,0.31,0.02,0.68,0.16,3.39,0.18,98.63,5.68,0.00,97.89,3.39,22.52,0.00,0.01,0.01,0.05,0.18,0.00,0.00,35.84,0.13,0.00,0.00,0.00,0.98,0.06,0.00,0.62,0.00,0.00,0.00,0.00,6.70,-2.80,-1.12,72.79,77.04,301.32,246.85,408.23,361.19,394.60,273.78,317.62,270.75,352.61,295.51,352.11,361.19,
11.381,0,0.10,0.13,0.02,0.24,0.02,0.64,0.12,2.34,0.21,98.72,2.96,0.00,97.71,2.34,16.34,0.00,0.01,0.01,0.13,0.21,0.01,0.00,33.56,0.07,0.00,0.00,0.00,1.79,0.06,0.00,1.63,0.00,0.00,0.00,0.00,5.60,-3.22,-1.57,72.05,76.38,301.96,246.17,408.93,360.63,395.18,273.36,318.90,269.37,353.07,295.26,352.26,360.63,
11.531,0,0.10,0.12,0.03,0.28,0.02,0.54,0.14,3.63,0.33,98.91,2.65,0.00,97.74,3.63,18.41,0.00,0.01,0.01,0.33,0.25,0.01,0.00,30.09,0.04,0.00,0.00,0.00,2.90,0.04,0.00,3.58,0.00,0.01,0.00,0.00,5.70,-3.16,-1.59,72.01,76.28,301.99,246.16,409.11,360.79,395.24,273.37,319.06,269.44,353.21,295.28,352.34,360.79,
11.608,0,0.09,0.13,0.02,0.26,0.02,0.61,0.13,4.43,0.42,98.78,2.44,0.00,97.77,4.43,16.47,0.01,0.01,0.01,0.42,0.35,0.01,0.00,30.95,0.07,0.00,0.00,0.00,1.46,0.05,0.00,2.07,0.00,0.00,0.00,0.00,6.14,-3.10,-1.30,72.46,76.98,302.05,246.80,409.16,361.39,395.50,273.92,318.60,270.35,353.27,295.75,352.72,361.39,
11.686,0,0.09,0.13,0.02,0.28,0.02,0.98,0.14,7.14,0.55,98.05,3.89,-0.13,97.76,7.14,15.95,0.01,0.01,0.01,0.48,0.55,0.01,0.00,37.47,0.13,0.00,0.00,0.00,1.72,0.04,0.00,78.77,0.00,0.00,0.00,0.00,7.20,-3.13,-1.24,73.11,74.97,302.15,246.91,409.23,361.82,394.50,274.25,319.63,270.35,353.39,295.39,352.95,361.82,
11.829,0,0.07,0.10,0.02,0.54,0.02,1.78,0.32,15.63,0.18,96.45,14.20,-4.35,97.70,15.63,26.22,0.01,0.04,0.01,0.18,0.05,0.00,0.00,44.73,0.13,0.00,0.00,0.00,2.83,0.05,0.00,0.00,0.00,0.00,0.00,0.00,4.34,-3.26,-2.00,73.32,75.90,302.66,246.92,409.57,361.13,395.83,274.16,320.06,269.74,353.75,296.49,352.44,361.13,
11.966,0,0.02,0.03,0.01,4.77,0.02,2.37,4.99,30.75,0.01,90.02,94.96,-10.73,97.34,30.75,76.61,0.00,1.87,0.00,0.01,0.00,0.00,0.00,53.25,0.13,0.00,0.00,0.00,0.96,0.05,0.00,0.00,0.00,0.01,0.00,0.00,3.02,-4.00,-1.30,72.73,76.75,302.97,245.59,410.62,360.29,396.59,272.23,319.90,269.08,353.91,296.07,353.89,360.29,
12.036,0,0.02,0.02,0.01,7.08,0.02,4.04,8.18,36.20,0.01,83.64,98.34,-14.64,97.37,36.20,83.12,0.00,2.60,0.00,0.01,0.00,0.00,0.00,60.97,0.16,0.00,0.00,0.00,0.53,0.05,0.00,0.00,0.00,0.01,0.00,0.00,2.01,-3.95,-1.28,72.28,76.97,302.81,244.84,411.24,360.30,396.92,271.49,320.02,268.34,354.17,296.10,354.14,360.30,
12.108,0,0.02,0.02,0.02,7.25,0.02,1.39,8.24,30.12,0.01,83.53,96.42,-8.42,97.61,30.12,87.31,0.00,4.64,0.00,0.00,0.01,0.00,0.00,47.01,0.07,0.00,0.00,0.00,0.89,0.07,0.00,0.00,0.00,0.02,0.00,0.00,3.71,-3.46,-1.35,71.84,75.26,304.26,244.67,411.82,359.61,397.08,271.27,321.89,268.11,355.54,294.82,355.14,359.61,
12.253,0,0.02,0.02,0.01,8.67,0.02,0.59,10.03,22.90,0.00,79.95,73.36,-1.90,97.53,37.92,83.04,0.00,6.15,0.00,0.00,0.00,0.00,0.00,22.90,0.01,0.00,0.00,0.00,1.70,0.23,0.00,0.00,0.00,0.02,0.00,0.00,2.69,-3.63,-1.37,71.70,75.13,303.53,244.32,411.29,359.49,396.40,270.94,321.34,267.41,354.81,294.95,354.49,359.49,
12.339,0,0.03,0.03,0.01,7.28,0.02,0.30,7.83,9.34,0.00,84.34,35.44,0.00,97.90,36.53,76.53,0.00,7.36,0.00,0.00,0.00,0.00,0.00,9.34,0.00,0.00,0.00,0.00,2.96,0.41,0.00,0.00,0.00,0.03,0.00,0.00,2.43,-2.79,-1.22,71.71,74.73,303.51,244.36,411.31,359.59,396.09,270.89,321.44,267.41,355.33,295.13,354.70,359.59,
12.472,0,0.03,0.02,0.02,14.24,0.02,0.25,14.43,4.60,0.00,71.13,54.06,0.00,98.21,40.52,83.16,0.00,12.62,0.00,0.00,0.00,0.00,0.00,4.60,0.00,0.00,0.00,0.00,12.20,0.99,0.00,0.00,0.00,0.04,0.00,0.00,1.92,-1.96,-0.87,71.78,74.96,303.97,244.60,411.35,359.25,396.26,270.61,321.36,267.90,356.04,295.42,355.37,359.25,
12.545,0,0.06,0.02,0.04,21.04,0.02,0.14,17.02,1.90,0.01,57.92,89.97,0.00,98.09,33.41,90.98,0.00,15.13,0.00,0.00,0.00,0.00,0.00,1.90,0.00,0.01,0.00,0.00,29.65,2.47,0.00,0.00,0.00,0.03,0.00,0.00,2.09,-2.31,-1.02,71.86,74.99,303.85,244.57,411.41,359.42,396.33,270.73,321.40,267.87,355.81,295.40,355.16,359.42,
12.622,0,0.07,0.02,0.05,24.87,0.02,0.11,17.94,1.62,0.01,50.27,96.23,0.00,98.16,29.80,94.37,0.00,15.90,0.00,0.00,0.00,0.00,0.00,1.62,0.00,0.01,0.00,0.00,39.29,3.44,0.00,0.00,0.00,0.03,0.00,0.00,2.12,-2.11,-1.01,71.93,75.43,303.80,244.56,411.44,359.38,396.55,270.71,321.16,268.01,355.91,295.42,355.15,359.38,
12.845,0,0.09,0.02,0.09,26.77,0.02,0.10,15.16,2.29,0.02,48.23,98.93,0.00,98.20,27.69,95.83,0.00,11.67,0.00,0.00,0.00,0.00,0.00,2.29,0.00,0.02,0.00,0.00,53.81,3.49,0.00,0.00,0.00,0.03,0.00,0.00,3.27,-2.00,-1.29,71.91,75.22,303.82,244.42,411.59,359.47,396.68,270.85,321.51,268.02,356.08,294.87,354.91,359.47,
12.914,0,0.10,0.02,0.10,23.14,0.02,0.07,12.45,2.56,0.02,53.73,98.82,0.00,98.07,20.61,96.33,0.00,13.13,0.00,0.00,0.00,0.00,0.00,2.56,0.00,0.02,0.00,0.00,52.14,3.11,0.00,0.00,0.00,0.03,0.00,0.00,3.01,-2.35,-1.29,71.87,75.24,303.75,244.38,411.59,359.42,396.67,270.74,321.48,268.06,355.83,294.98,354.87,359.42,
13.140,0,0.08,0.02,0.09,19.13,0.02,0.11,9.44,2.15,0.04,61.73,98.45,0.00,98.29,27.24,90.29,0.00,5.34,0.01,0.00,0.00,0.00,0.00,2.15,0.00,0.04,0.00,0.00,54.71,2.87,0.00,0.00,0.00,0.04,0.00,0.00,3.89,-1.74,-1.21,71.71,75.48,303.59,244.31,411.34,359.48,396.52,270.88,321.10,267.86,355.98,294.49,354.76,359.48,
13.218,0,0.07,0.03,0.08,18.14,0.02,0.20,9.10,1.58,0.05,63.71,96.83,0.00,98.20,38.24,80.86,0.00,2.24,0.01,0.00,0.00,0.00,0.00,1.58,0.00,0.05,0.00,0.00,55.02,3.42,0.00,0.00,0.00,0.06,0.00,0.00,4.36,-2.00,-1.23,71.63,75.70,303.60,244.22,411.42,359.51,396.70,270.91,321.06,267.85,355.87,294.24,354.77,359.51,
13.367,0,0.08,0.03,0.08,12.73,0.02,0.14,6.03,0.97,0.04,74.55,95.48,0.00,98.26,29.86,78.52,0.00,1.83,0.00,0.00,0.00,0.00,0.00,0.97,0.00,0.04,0.00,0.00,52.77,3.88,0.00,0.00,0.00,0.05,0.00,0.00,4.56,-1.83,-1.13,71.66,75.19,303.64,244.27,411.28,359.53,396.32,270.89,321.20,267.81,355.93,294.11,354.86,359.53,
13.520,0,0.09,0.03,0.10,9.08,0.02,0.08,3.99,0.59,0.05,81.84,95.78,0.00,98.26,17.89,79.02,0.00,1.73,0.01,0.00,0.00,0.00,0.00,0.59,0.00,0.05,0.00,0.00,53.17,5.03,0.00,0.00,0.00,0.03,0.00,0.00,4.69,-1.82,-1.20,71.74,75.65,303.77,244.29,411.43,359.52,396.74,271.04,321.16,267.80,356.07,294.09,354.91,359.52,
13.678,0,0.08,0.02,0.08,10.30,0.02,0.08,5.33,0.63,0.04,79.40,95.44,0.00,98.25,19.42,84.11,0.00,2.76,0.01,0.00,0.00,0.00,0.00,0.63,0.01,0.04,0.00,0.00,47.05,4.65,0.00,0.00,0.00,0.02,0.00,0.00,4.65,-1.86,-1.27,71.86,75.29,303.77,244.30,411.35,359.47,396.55,271.02,321.33,267.78,356.02,294.09,354.80,359.47,
13.759,0,0.06,0.02,0.06,7.12,0.02,0.07,4.06,0.97,0.02,85.75,87.65,0.00,98.16,16.39,82.07,0.00,2.60,0.01,0.00,0.01,0.00,0.00,0.97,0.01,0.02,0.00,0.00,35.64,3.03,0.00,0.00,0.00,0.01,0.00,0.00,4.96,-2.10,-1.49,71.83,75.36,303.81,244.21,411.45,359.40,396.79,271.10,321.51,267.74,355.95,293.90,354.60,359.40,
13.977,0,0.05,0.03,0.04,3.23,0.02,0.06,2.07,2.27,0.01,93.54,53.70,0.00,98.32,9.37,75.25,0.00,1.19,0.00,0.00,0.01,0.00,0.00,2.27,0.03,0.01,0.00,0.00,19.93,1.62,0.00,0.00,0.00,0.01,0.00,0.00,5.52,-1.64,-1.23,71.83,75.58,304.13,244.31,411.56,359.38,396.96,271.13,321.45,267.92,356.42,293.68,355.12,359.38,
14.147,0,0.05,0.03,0.03,2.39,0.02,0.06,1.65,4.81,0.01,95.23,37.96,0.00,98.25,5.58,74.92,0.00,0.64,0.01,0.00,0.01,0.00,0.00,4.81,0.03,0.00,0.00,0.00,12.30,0.72,0.00,0.00,0.00,0.00,0.00,0.00,5.24,-1.85,-1.34,71.91,75.91,304.14,244.15,411.74,359.18,397.30,270.94,321.45,267.97,356.39,293.73,355.07,359.18,
14.282,0,0.04,0.03,0.03,2.31,0.02,0.09,1.79,5.08,0.01,95.38,44.68,0.00,98.12,5.08,77.96,0.00,0.57,0.01,0.00,0.01,0.00,0.00,12.71,0.04,0.00,0.00,0.00,6.60,0.23,0.00,0.00,0.00,0.00,0.00,0.00,4.70,-2.23,-1.10,71.99,76.49,304.40,244.18,411.85,358.97,397.65,270.85,321.22,267.91,356.32,293.90,355.50,358.97,
14.360,0,0.04,0.03,0.03,2.57,0.02,0.08,1.99,6.73,0.01,94.86,43.03,0.00,98.27,6.73,78.65,0.00,0.84,0.01,0.00,0.01,0.00,0.00,11.19,0.03,0.00,0.00,0.00,7.58,0.25,0.00,0.00,0.00,0.00,0.00,0.00,5.18,-1.79,-1.03,72.13,76.71,304.53,244.28,411.99,359.24,397.85,271.14,321.21,267.85,356.71,293.80,355.72,359.24,
14.561,0,0.04,0.03,0.03,3.11,0.02,0.12,2.31,10.10,0.02,93.78,37.23,0.00,98.39,14.49,75.24,0.00,0.12,0.01,0.00,0.02,0.00,0.00,10.10,0.01,0.00,0.00,0.00,11.60,0.29,0.00,1.26,0.00,0.00,0.00,0.00,6.47,-1.44,-1.40,72.19,76.20,304.63,244.28,412.20,359.39,397.92,272.00,321.84,267.56,357.11,293.32,355.48,359.39,
14.787,0,0.04,0.03,0.03,3.46,0.02,0.15,2.40,7.86,0.02,93.07,35.18,0.00,98.18,20.68,69.38,0.00,0.27,0.02,0.02,0.01,0.01,0.00,7.86,0.01,0.00,0.00,0.00,16.35,0.73,0.00,0.00,0.00,0.00,0.00,0.00,4.33,-2.06,-0.98,71.91,76.26,305.15,244.18,412.85,359.23,398.32,271.15,322.14,267.56,357.29,294.15,356.53,359.23,
14.863,0,0.06,0.04,0.03,4.04,0.02,0.14,2.70,6.44,0.02,91.93,33.77,0.00,98.19,18.51,66.54,0.00,7.37,0.02,0.02,0.01,0.01,0.00,6.44,0.03,0.00,0.00,0.00,18.41,1.56,0.00,0.00,0.00,0.01,0.00,0.00,2.84,-2.02,-0.88,71.80,75.28,304.81,243.99,412.71,359.13,397.51,270.79,322.31,267.17,357.09,294.67,356.45,359.13,
15.015,0,0.07,0.04,0.03,2.93,0.02,0.12,1.96,5.65,0.02,94.13,22.27,0.00,98.32,15.27,61.93,0.00,6.93,0.02,0.02,0.00,0.00,0.00,5.65,0.03,0.00,0.00,0.00,15.85,1.95,0.00,0.00,0.00,0.01,0.00,0.00,4.37,-1.64,-0.40,71.72,75.00,305.10,243.53,413.02,358.91,397.40,270.25,322.46,267.20,357.60,293.60,357.31,358.91,
15.082,0,0.07,0.05,0.03,1.49,0.02,0.11,0.97,7.54,0.01,97.02,9.34,0.00,98.49,7.54,54.05,0.00,5.09,0.01,0.01,0.00,0.00,0.00,8.23,0.02,0.00,0.00,0.00,11.01,2.20,0.00,0.00,0.00,0.01,0.00,0.00,5.43,-1.11,0.14,71.69,74.37,306.00,243.68,413.46,358.87,397.45,269.79,323.11,267.87,358.57,293.11,358.63,358.87,
15.234,0,0.08,0.06,0.03,1.07,0.02,0.11,0.66,4.74,0.00,97.85,6.16,0.00,98.33,4.74,48.54,0.00,3.71,0.01,0.00,0.00,0.00,0.00,8.04,0.01,0.00,0.00,0.00,10.90,2.65,0.00,0.00,0.00,0.01,0.00,0.00,5.87,-1.62,-0.54,71.60,74.36,306.09,243.57,413.65,358.95,397.96,270.20,323.66,267.39,358.45,292.84,357.98,358.95,
15.300,0,0.08,0.06,0.03,0.85,0.02,0.10,0.52,3.68,0.00,98.31,4.08,0.00,98.33,3.68,44.92,0.00,2.52,0.01,0.00,0.00,0.00,0.00,7.20,0.01,0.00,0.00,0.00,9.11,2.89,0.00,0.00,0.00,0.01,0.00,0.00,5.43,-1.63,-0.44,71.52,73.98,306.07,243.54,413.62,358.87,397.69,270.07,323.75,267.32,358.42,292.99,358.08,358.87,
15.372,0,0.07,0.07,0.03,0.76,0.02,0.11,0.50,4.46,0.00,98.47,3.02,0.00,98.34,4.46,43.28,0.00,1.81,0.01,0.00,0.00,0.00,0.00,6.88,0.01,0.00,0.00,0.00,6.86,3.18,0.00,0.00,0.00,0.01,0.00,0.00,5.51,-1.58,-0.64,71.42,73.89,306.13,243.62,413.60,358.91,397.77,270.20,323.94,267.30,358.48,293.00,357.88,358.91,
15.437,0,0.07,0.07,0.03,0.74,0.02,0.10,0.48,4.33,0.00,98.52,3.00,0.00,98.41,4.33,43.33,0.00,1.17,0.01,0.00,0.00,0.00,0.00,6.29,0.01,0.00,0.00,0.00,6.77,3.28,0.00,0.00,0.00,0.01,0.00,0.00,4.60,-1.38,-0.61,71.35,74.15,306.16,243.72,413.71,358.90,397.96,270.29,323.88,267.26,358.66,293.51,357.98,358.90,
15.613,0,0.06,0.06,0.03,0.89,0.02,0.10,0.62,4.89,0.00,98.22,5.05,0.00,98.28,4.89,49.67,0.00,0.54,0.01,0.00,0.00,0.00,0.00,7.15,0.01,0.00,0.00,0.00,5.55,3.22,0.00,0.00,0.00,0.01,0.00,0.00,5.34,-1.78,-1.15,71.22,74.06,305.84,243.67,413.29,358.96,397.84,270.49,323.87,267.06,358.08,293.11,356.98,358.96,
15.850,0,0.05,0.05,0.02,1.11,0.02,0.12,0.85,8.07,0.01,97.77,9.04,0.00,98.35,8.07,54.85,0.00,0.35,0.01,0.00,0.01,0.00,0.00,9.75,0.02,0.00,0.00,0.00,3.47,2.38,0.00,0.00,0.00,0.01,0.00,0.00,5.35,-1.57,-1.20,71.27,73.96,305.71,243.64,413.29,359.04,397.75,270.56,323.88,266.98,358.15,293.12,356.87,359.04,
15.985,0,0.06,0.06,0.02,0.78,0.02,0.24,0.53,7.41,0.01,98.44,9.31,0.00,98.31,7.41,45.09,0.00,0.30,0.01,0.01,0.01,0.00,0.00,19.91,0.01,0.00,0.00,0.00,2.84,1.48,0.00,0.00,0.00,0.01,0.00,0.00,5.43,-1.69,-1.03,71.40,74.17,305.92,243.68,413.36,358.92,397.91,270.47,323.81,267.13,358.21,293.07,357.20,358.92,
16.067,0,0.06,0.07,0.02,0.71,0.02,0.24,0.47,7.51,0.01,98.58,6.66,0.00,98.34,7.51,41.89,0.00,0.27,0.01,0.01,0.01,0.00,0.00,18.59,0.01,0.00,0.00,0.00,3.52,1.54,0.00,0.00,0.00,0.01,0.00,0.00,5.12,-1.59,-1.04,71.41,74.69,306.01,243.72,413.49,358.84,398.29,270.62,323.69,267.09,358.37,293.26,357.28,358.84,
16.205,0,0.07,0.07,0.02,0.65,0.02,0.20,0.41,6.94,0.01,98.70,3.97,0.00,98.24,6.94,39.15,0.00,0.28,0.01,0.01,0.00,0.00,0.00,14.52,0.01,0.00,0.00,0.00,4.53,1.99,0.00,0.00,0.00,0.01,0.00,0.00,5.08,-1.89,-1.24,71.19,74.36,305.94,243.70,413.42,358.90,398.17,270.65,323.90,266.96,358.14,293.25,356.99,358.90,
16.355,0,0.08,0.09,0.03,0.54,0.02,0.23,0.30,8.13,0.01,98.91,1.86,0.00,98.42,8.13,30.16,0.00,0.30,0.01,0.01,0.01,0.00,0.00,13.82,0.01,0.00,0.00,0.00,8.45,2.36,0.00,0.00,0.00,0.01,0.00,0.00,4.51,-1.34,-0.88,71.19,74.60,305.86,243.56,413.57,358.84,398.12,270.39,323.59,266.96,358.47,293.46,357.45,358.84,
16.441,0,0.07,0.08,0.03,0.63,0.02,0.20,0.38,9.16,0.01,98.74,2.03,0.00,98.39,9.16,34.07,0.00,0.56,0.01,0.01,0.00,0.00,0.00,11.01,0.01,0.00,0.00,0.00,7.16,2.59,0.00,0.00,0.00,0.01,0.00,0.00,5.40,-1.44,-0.87,71.25,73.93,305.83,243.50,413.27,358.78,397.61,270.13,323.74,267.05,358.26,292.91,357.30,358.78,
16.532,0,0.08,0.08,0.03,0.71,0.02,0.14,0.42,6.35,0.01,98.57,2.20,0.00,98.25,7.89,35.48,0.00,1.82,0.01,0.01,0.00,0.00,0.00,6.35,0.00,0.00,0.00,0.00,10.62,3.44,0.00,0.00,0.00,0.01,0.00,0.00,5.71,-1.86,-0.67,71.42,73.83,306.13,243.69,413.33,358.80,397.63,270.09,323.85,267.42,358.18,292.86,357.71,358.80,
16.694,0,0.10,0.07,0.04,1.04,0.02,0.10,0.62,4.55,0.01,97.92,5.64,0.00,98.36,4.55,43.32,0.00,5.46,0.01,0.01,0.00,0.00,0.00,6.09,0.01,0.00,0.00,0.00,14.95,4.79,0.00,0.00,0.00,0.01,0.00,0.00,2.31,-1.53,-0.77,71.78,75.81,305.60,243.80,413.07,358.23,398.28,270.57,322.57,266.85,357.95,294.51,357.15,358.23,
16.763,0,0.11,0.06,0.04,1.13,0.02,0.09,0.65,4.09,0.00,97.73,7.97,0.00,98.30,4.09,44.46,0.00,5.29,0.01,0.00,0.00,0.00,0.00,4.52,0.01,0.00,0.00,0.00,18.43,5.58,0.00,0.00,0.00,0.01,0.00,0.00,4.13,-1.71,-0.92,71.61,75.02,305.89,243.44,413.50,358.53,398.34,270.21,323.39,266.79,358.22,293.45,357.36,358.53,
16.962,0,0.14,0.06,0.05,1.96,0.02,0.10,1.36,2.79,0.02,96.07,14.11,0.00,98.00,8.47,45.62,0.00,11.21,0.02,0.02,0.00,0.00,0.00,2.79,0.01,0.00,0.00,0.00,25.23,11.94,0.00,0.00,0.00,0.00,0.00,0.00,2.58,-2.53,-0.70,71.69,75.00,305.82,242.85,413.95,358.19,398.39,269.66,323.48,266.07,357.92,293.73,357.78,358.19,
17.028,0,0.21,0.06,0.03,3.75,0.02,0.13,3.22,5.15,0.04,92.50,4.79,0.00,97.49,11.46,45.67,0.00,32.69,0.02,0.04,0.00,0.00,0.00,5.15,0.02,0.00,0.00,0.00,10.47,8.49,0.00,0.00,0.00,0.00,0.00,0.00,3.51,-3.70,-1.24,71.26,74.91,305.78,242.05,414.06,357.68,398.69,269.47,323.91,265.03,357.29,292.58,357.16,357.68,
17.175,0,0.12,0.06,0.02,2.18,0.02,0.17,2.11,7.20,0.02,95.64,3.16,0.00,97.66,13.95,43.56,0.00,21.19,0.01,0.02,0.00,0.00,0.00,7.20,0.01,0.00,0.00,0.00,4.90,9.18,0.00,0.00,0.00,0.00,0.00,0.00,2.84,-3.35,-0.65,71.12,73.78,306.29,241.91,414.85,357.88,398.43,268.88,324.75,265.15,358.15,292.87,358.54,357.88,
17.255,0,0.09,0.07,0.02,1.23,0.02,0.18,1.10,7.24,0.01,97.54,2.29,0.00,98.02,13.12,39.38,0.00,12.51,0.01,0.01,0.00,0.00,0.00,7.24,0.02,0.00,0.00,0.00,1.53,7.10,0.00,0.00,0.00,0.01,0.00,0.00,2.32,-2.49,-0.64,70.82,72.03,306.25,241.19,414.94,357.21,397.52,268.41,325.63,264.08,358.73,292.43,358.64,357.21,
17.322,0,0.07,0.06,0.02,1.75,0.02,0.19,1.83,8.29,0.00,96.33,4.27,0.00,97.73,16.20,46.35,0.00,13.24,0.01,0.00,0.00,0.00,0.00,8.29,0.01,0.00,0.00,0.00,1.13,8.67,0.00,0.00,0.00,0.01,0.00,0.00,1.91,-3.18,-0.73,71.19,74.65,304.62,241.22,414.40,358.40,397.86,268.34,323.30,264.58,357.16,293.14,357.36,358.40,
17.531,0,0.17,0.03,0.02,16.23,0.02,0.12,18.74,9.30,0.01,62.51,32.27,0.00,97.93,16.09,74.81,0.00,49.60,0.01,0.01,0.01,0.00,0.00,9.30,0.03,0.00,0.00,0.00,0.59,4.31,0.00,0.00,0.00,0.00,0.00,0.00,3.25,-2.73,-0.64,71.99,73.63,303.83,241.36,414.32,359.65,396.86,268.66,323.31,265.05,357.03,293.05,357.07,359.65,
17.676,0,0.12,0.03,0.02,13.29,0.02,0.17,14.48,14.36,0.08,71.04,61.88,0.00,97.93,14.36,80.75,0.00,40.25,0.02,0.08,0.01,0.01,0.00,18.61,0.17,0.00,0.00,0.00,0.54,2.02,0.00,0.00,0.00,0.00,0.00,0.00,1.06,-2.72,-0.83,72.17,74.45,303.26,241.09,414.52,360.22,397.22,267.69,322.82,264.89,356.83,294.08,356.64,360.22,
17.838,0,0.08,0.03,0.02,5.14,0.02,0.77,4.68,9.90,0.10,89.71,89.83,-4.21,98.13,9.90,72.37,0.01,25.13,0.01,0.10,0.02,0.01,0.00,48.07,0.29,0.00,0.00,0.00,0.22,0.27,0.00,0.00,0.00,0.00,0.00,0.00,0.77,-2.20,-0.49,72.39,75.76,303.03,241.27,414.52,360.47,397.58,267.65,321.85,265.43,356.97,294.52,356.89,360.47,
17.975,0,0.02,0.02,0.02,4.60,0.02,0.75,4.86,13.89,0.12,90.28,98.20,-5.92,98.74,13.89,92.57,0.01,1.90,0.02,0.12,0.03,0.00,0.00,50.52,0.08,0.00,0.00,0.00,0.50,0.25,0.00,0.01,0.00,0.00,0.00,0.00,8.19,0.18,-0.80,72.75,75.43,302.86,241.31,414.73,361.48,397.54,270.13,322.23,265.77,358.45,291.58,356.62,361.48,
18.062,0,0.02,0.02,0.02,6.18,0.02,2.71,6.96,21.19,0.10,86.07,99.69,-14.19,98.72,21.19,95.26,0.01,1.15,0.02,0.10,0.02,0.00,0.00,69.72,0.08,0.00,0.00,0.00,0.96,0.18,0.00,0.00,0.00,0.00,0.00,0.00,8.64,0.28,-0.74,72.67,76.03,303.09,241.42,414.77,361.46,397.95,270.05,322.02,266.09,358.64,291.41,356.82,361.46,
18.128,0,0.01,0.02,0.01,9.92,0.02,6.48,12.49,34.66,0.12,75.02,99.85,-19.55,98.79,34.66,98.15,0.01,0.30,0.03,0.12,0.02,0.01,0.00,76.35,0.06,0.00,0.00,0.00,1.11,0.18,0.00,0.00,0.00,0.00,0.00,0.00,8.50,0.00,-0.78,72.68,76.11,303.16,241.45,414.83,361.45,398.08,270.13,322.07,266.07,358.53,291.50,356.82,361.45,
18.282,0,0.01,0.02,0.01,13.35,0.02,12.81,17.65,45.45,0.07,64.71,99.89,-23.63,98.66,45.45,97.04,0.00,0.39,0.02,0.07,0.01,0.00,0.00,80.99,0.09,0.00,0.00,0.00,1.56,0.15,0.00,0.00,0.00,0.00,0.00,0.00,8.68,0.50,-0.54,72.66,75.90,303.12,241.34,414.85,361.46,397.82,269.90,322.02,266.13,358.81,291.34,357.10,361.46,
18.356,0,0.01,0.02,0.01,14.71,0.02,13.76,19.29,49.58,0.05,61.41,99.85,-23.73,98.68,49.58,95.37,0.00,0.49,0.02,0.05,0.01,0.00,0.00,78.53,0.09,0.00,0.00,0.00,2.88,0.21,0.00,0.00,0.00,0.00,0.00,0.00,8.74,0.43,-0.65,72.71,75.57,303.11,241.56,414.55,361.54,397.57,269.82,322.08,266.37,358.62,291.39,356.83,361.54,
18.511,0,0.01,0.02,0.01,14.01,0.02,27.00,18.54,56.82,0.44,48.00,99.84,-28.08,98.64,56.82,87.35,0.00,0.14,0.04,0.07,0.44,0.03,0.00,85.79,0.13,0.00,0.00,0.00,2.39,0.16,0.00,7.81,0.00,0.00,0.00,0.00,11.88,-0.57,-1.45,72.86,75.81,303.22,241.81,414.36,361.64,398.08,271.48,322.45,266.28,358.02,290.13,355.83,361.64,
18.596,0,0.02,0.03,0.01,5.77,0.02,17.44,6.32,39.39,0.21,65.13,99.60,-24.16,98.29,39.39,75.74,0.01,0.06,0.03,0.15,0.21,0.02,0.00,86.27,0.18,0.00,0.00,0.00,1.90,0.11,0.00,0.01,0.00,0.00,0.00,0.00,8.45,-1.73,-1.36,72.81,76.30,303.90,242.54,414.07,360.99,398.53,270.91,322.35,266.69,357.51,291.89,356.09,360.99,
18.750,0,0.03,0.04,0.02,1.98,0.02,9.01,1.67,19.42,0.10,81.97,98.72,-19.01,98.29,19.42,62.68,0.00,0.04,0.01,0.10,0.01,0.00,0.00,84.74,0.33,0.00,0.00,0.00,1.37,0.07,0.00,0.00,0.00,0.00,0.00,0.00,6.14,-1.76,-0.96,72.60,75.94,304.77,243.14,414.30,360.67,398.68,270.57,322.82,267.19,358.03,293.19,357.12,360.67,
18.797,0,0.04,0.03,0.02,1.72,0.02,6.52,1.42,9.73,0.04,86.97,99.38,-17.95,98.36,9.73,68.39,0.00,0.13,0.01,0.04,0.03,0.00,0.00,88.11,0.33,0.00,0.00,0.00,0.74,0.04,0.00,0.00,0.00,0.00,0.00,0.00,4.85,-1.55,-0.71,72.84,76.83,305.64,243.95,414.43,360.24,399.49,271.12,322.73,267.80,358.62,294.23,357.88,360.24,
18.863,0,0.03,0.03,0.02,2.33,0.02,7.95,2.08,11.52,0.03,84.10,99.76,-19.99,98.24,11.52,75.43,0.00,0.58,0.01,0.01,0.03,0.00,0.00,92.79,0.40,0.00,0.00,0.00,0.53,0.03,0.00,0.00,0.00,0.00,0.00,0.00,6.07,-1.88,-1.13,72.49,77.09,306.15,243.64,414.68,359.91,400.25,270.96,323.24,267.48,358.82,293.28,357.76,359.91,
19.094,0,0.03,0.03,0.02,2.12,0.02,4.42,1.85,12.14,0.02,91.16,99.12,-15.55,98.17,12.14,72.35,0.00,0.09,0.01,0.00,0.02,0.00,0.00,79.72,0.05,0.00,0.00,0.00,0.80,0.05,0.00,0.17,0.00,0.01,0.00,0.00,5.89,2.08,-1.73,71.78,74.98,308.91,244.42,414.91,357.93,400.94,271.45,326.08,267.26,362.75,293.03,358.72,357.93,
19.172,0,0.06,0.08,0.02,0.64,0.02,2.74,0.41,14.25,0.02,94.53,43.86,-8.05,98.50,14.25,33.71,0.00,0.00,0.01,0.00,0.02,0.00,0.00,56.55,0.01,0.00,0.00,0.00,1.47,0.10,0.00,70.51,0.00,0.02,0.00,0.00,7.81,1.09,-1.47,72.08,77.44,308.82,245.10,414.93,358.55,402.03,272.77,324.72,268.33,362.11,293.00,358.87,358.55,
19.320,0,0.09,0.14,0.02,0.29,0.02,0.24,0.15,8.85,0.03,99.42,0.42,0.00,98.76,8.85,14.10,0.00,0.00,0.02,0.01,0.03,0.00,0.00,9.25,0.01,0.00,0.00,0.00,3.24,0.38,0.00,48.59,0.00,0.02,0.00,0.00,8.03,0.11,-1.25,72.05,77.94,307.99,250.13,413.50,362.72,401.04,277.85,323.23,273.31,360.37,297.67,357.96,362.72,
19.396,0,0.11,0.18,0.02,0.20,0.02,0.21,0.09,3.42,0.04,99.58,0.33,0.00,98.72,8.67,3.74,0.00,0.00,0.01,0.01,0.04,0.00,0.00,3.42,0.01,0.00,0.00,0.01,3.19,0.31,0.00,56.58,0.00,0.03,0.00,0.00,1.45,0.27,-1.18,70.17,77.54,307.93,250.90,414.28,363.49,401.14,278.12,323.76,273.23,360.83,301.47,358.42,363.49,
19.614,0,0.10,0.19,0.02,0.20,0.02,0.25,0.10,3.43,0.16,99.50,0.33,0.00,98.42,11.79,1.60,0.00,0.00,0.08,0.01,0.16,0.01,0.00,3.43,0.12,0.01,0.00,0.05,0.62,0.10,0.00,66.05,0.00,0.04,0.00,0.00,-3.25,-1.33,-3.25,70.73,79.10,302.56,259.58,407.85,370.17,397.26,286.99,318.44,280.30,354.02,311.44,349.90,370.17,
19.688,0,0.09,0.18,0.02,0.24,0.02,0.32,0.12,4.67,0.16,99.36,0.34,0.00,93.78,15.99,2.65,0.00,0.02,0.07,0.09,0.16,0.01,0.01,4.67,0.30,0.02,0.01,0.07,0.09,0.04,0.00,28.29,0.00,0.04,0.00,0.00,-5.98,-8.43,-3.54,69.79,78.54,299.70,259.52,407.24,372.56,395.44,287.66,317.31,279.63,347.86,313.31,347.66,372.56,
19.766,0,0.10,0.18,0.02,0.23,0.02,0.28,0.11,4.36,0.19,99.43,0.33,0.00,91.04,13.93,3.43,0.01,0.01,0.06,0.11,0.19,0.01,0.02,4.36,0.17,0.02,0.01,0.01,0.16,0.05,0.00,32.55,0.00,0.04,0.00,0.00,-5.73,-10.41,-4.06,69.97,78.79,296.91,259.50,406.22,374.46,393.97,288.69,315.71,279.51,344.71,313.93,345.02,374.46,
19.844,0,0.10,0.17,0.02,0.22,0.02,0.43,0.11,12.91,0.43,99.14,0.51,0.00,92.80,12.91,4.14,0.02,0.01,0.09,0.15,0.43,0.03,0.02,13.22,0.39,0.03,0.01,0.01,0.13,0.03,0.00,50.27,0.00,0.04,0.00,0.00,-5.57,-9.22,-5.18,70.62,78.85,291.94,259.77,401.94,375.62,389.97,289.54,311.77,279.43,340.91,314.48,339.07,375.62,
19.925,0,0.10,0.17,0.02,0.21,0.02,0.42,0.11,9.89,0.40,99.17,0.48,0.00,90.10,9.89,5.49,0.05,0.02,0.15,0.23,0.40,0.28,0.01,15.48,0.57,0.11,0.01,0.03,0.21,0.04,0.01,24.86,0.01,0.04,0.00,0.00,-4.78,-10.96,-5.74,71.16,78.57,289.06,259.61,399.89,376.33,387.63,290.56,309.92,278.98,337.41,314.22,335.88,376.33,
20.066,0,0.11,0.16,0.03,0.20,0.02,0.36,0.10,5.70,0.52,99.28,0.46,0.00,90.09,5.70,7.82,0.07,0.02,0.30,0.52,0.38,1.33,0.01,16.83,1.22,0.26,0.02,0.01,0.37,0.07,0.01,27.27,0.01,0.03,0.00,0.00,-5.84,-10.96,-6.09,71.31,78.86,286.44,259.08,397.90,376.28,385.66,290.33,307.73,278.19,335.10,314.42,333.11,376.28,
20.138,0,0.11,0.16,0.03,0.19,0.02,0.45,0.09,3.33,0.73,99.10,0.77,0.00,90.37,3.33,8.62,0.11,0.02,0.41,0.73,0.60,2.14,0.01,23.39,0.62,0.73,0.02,0.01,0.92,0.14,0.01,43.09,0.01,0.03,0.00,0.00,-3.85,-10.81,-5.84,71.60,76.60,285.63,259.27,396.60,376.59,383.26,289.93,307.45,278.90,334.32,313.60,332.62,376.59,
20.313,0,0.15,0.16,0.06,0.19,0.02,1.46,0.08,2.88,2.88,97.08,3.67,-2.05,89.50,2.88,7.16,0.27,0.01,0.57,1.27,0.81,15.97,0.00,45.50,0.73,3.73,0.01,0.00,2.42,0.20,0.00,75.12,0.02,0.02,0.00,0.00,-3.94,-11.29,-6.04,71.78,76.30,285.25,258.71,395.92,375.62,382.65,289.60,307.23,278.08,333.53,312.87,331.87,375.62,
20.450,0,0.12,0.14,0.03,0.24,0.02,1.45,0.11,2.68,2.72,97.10,6.90,-2.68,91.55,2.68,13.78,0.39,0.05,0.44,2.72,0.42,0.93,0.00,47.17,1.43,9.66,0.01,0.01,3.45,0.43,0.00,0.52,0.02,0.00,0.00,0.00,-5.64,-10.09,-5.37,71.57,75.22,285.67,257.23,396.87,374.33,382.58,285.98,307.75,278.33,334.98,312.70,333.48,374.33,
20.607,0,0.05,0.05,0.03,1.02,0.02,1.50,0.71,3.65,3.65,97.00,86.03,-7.42,94.50,3.65,55.81,0.26,1.77,0.12,0.41,0.20,0.10,0.00,60.15,1.74,3.91,0.00,0.01,1.90,0.23,0.00,0.00,0.01,0.00,0.00,0.00,-7.03,-7.78,-6.33,71.59,75.26,286.43,256.90,398.04,373.51,384.11,285.63,309.20,278.44,337.40,313.25,333.40,373.51,
20.703,0,0.07,0.05,0.03,1.39,0.02,2.50,1.02,4.53,2.65,94.99,93.01,-11.15,95.65,4.53,56.84,0.21,8.54,0.14,0.06,0.28,0.09,0.00,68.71,4.21,2.65,0.00,0.03,0.82,0.20,0.00,0.00,0.01,0.00,0.00,0.00,-5.90,-6.55,-5.35,71.13,78.34,287.67,255.01,400.80,373.54,387.21,284.19,309.21,276.91,339.92,311.68,336.27,373.54,
20.845,0,0.06,0.04,0.03,1.43,0.02,2.41,1.06,4.33,0.59,95.18,94.05,-10.86,97.19,4.33,58.56,0.12,8.08,0.10,0.07,0.13,0.09,0.00,69.13,2.98,0.59,0.00,0.00,0.51,0.19,0.00,0.00,0.00,0.01,0.00,0.00,-4.54,-4.28,-5.72,71.35,77.19,290.72,255.40,403.89,374.39,389.80,284.86,313.00,277.11,344.48,311.57,339.11,374.39,
20.914,0,0.06,0.05,0.03,1.11,0.02,2.95,0.79,4.85,0.36,94.09,91.92,-11.65,96.04,4.85,52.90,0.12,6.09,0.09,0.07,0.14,0.07,0.00,70.69,3.52,0.36,0.00,0.01,0.35,0.14,0.00,0.00,0.00,0.01,0.00,0.00,-5.21,-6.05,-5.03,71.02,76.77,291.60,255.08,404.98,374.44,390.22,283.94,313.76,277.08,344.36,311.62,340.89,374.44,
20.998,0,0.06,0.04,0.02,1.69,0.02,2.61,1.29,6.08,0.17,94.79,94.86,-11.14,97.12,6.08,59.47,0.08,10.34,0.07,0.06,0.09,0.03,0.00,70.14,1.04,0.17,0.00,0.00,0.22,0.10,0.00,0.00,0.00,0.01,0.00,0.00,-4.67,-4.41,-5.35,70.93,77.08,292.54,255.21,406.47,375.34,391.73,284.61,315.03,276.96,346.59,311.82,341.76,375.34,
21.066,0,0.06,0.04,0.02,1.88,0.02,3.69,1.46,6.36,0.13,92.62,97.42,-13.70,96.82,6.36,61.41,0.09,11.08,0.05,0.05,0.06,0.03,0.00,77.10,1.48,0.13,0.00,0.00,0.27,0.08,0.00,0.00,0.00,0.01,0.00,0.00,-6.64,-4.92,-4.86,70.51,76.36,294.18,255.53,407.73,375.10,392.54,284.09,316.48,277.23,347.72,312.80,343.84,375.10,
21.147,0,0.07,0.05,0.02,1.87,0.02,3.30,1.42,7.29,0.09,93.40,95.24,-12.45,97.65,7.29,57.55,0.08,13.41,0.03,0.04,0.09,0.02,0.00,73.07,1.10,0.08,0.00,0.00,0.29,0.06,0.00,0.00,0.00,0.01,0.00,0.00,-6.19,-3.36,-4.73,70.42,77.76,295.32,255.51,409.05,375.06,394.44,284.18,316.97,277.55,349.85,312.73,345.14,375.06,
21.292,0,0.07,0.04,0.02,3.17,0.02,1.95,2.65,10.85,0.06,93.65,93.11,-9.33,98.41,10.85,63.70,0.06,18.94,0.01,0.02,0.03,0.00,0.00,62.03,0.62,0.02,0.00,0.00,0.25,0.05,0.00,0.00,0.00,0.01,0.00,0.00,-5.25,1.36,-3.05,70.13,78.06,298.58,254.84,412.84,375.28,397.15,282.33,319.20,278.21,356.21,312.05,350.78,375.28,
21.425,0,0.06,0.04,0.02,4.40,0.02,1.32,4.07,28.12,0.04,91.20,59.37,-5.18,97.50,28.12,59.18,0.04,16.81,0.01,0.02,0.01,0.00,0.00,38.88,0.04,0.01,0.00,0.00,0.25,0.05,0.00,0.00,0.00,0.00,0.00,0.00,-3.55,3.69,-0.68,69.85,77.55,303.53,253.67,416.86,374.14,399.95,279.98,322.45,277.51,362.00,309.69,358.18,374.14,
21.505,0,0.06,0.05,0.02,2.30,0.02,0.62,1.88,22.59,0.03,95.40,21.52,0.00,97.91,22.59,50.75,0.03,11.69,0.01,0.01,0.01,0.00,0.00,26.48,0.03,0.00,0.00,0.00,0.27,0.03,0.00,0.00,0.00,0.00,0.00,0.00,-5.02,2.76,0.40,69.68,74.95,304.96,252.97,417.05,372.09,398.84,278.09,323.90,276.91,362.14,308.99,360.29,372.09,
21.672,0,0.06,0.08,0.02,0.87,0.02,0.37,0.59,14.01,0.02,98.26,2.33,0.00,97.05,19.19,32.83,0.01,4.94,0.01,0.02,0.00,0.00,0.00,14.01,0.02,0.00,0.00,0.00,0.08,0.02,0.00,0.00,0.00,0.00,0.00,0.00,-0.90,4.54,1.87,70.29,75.35,309.23,251.02,420.97,370.07,402.25,276.06,326.91,276.36,367.23,305.08,366.13,370.07,
21.740,0,0.07,0.10,0.02,0.54,0.02,0.54,0.33,16.16,0.02,98.91,2.17,0.00,97.21,16.16,24.57,0.01,2.44,0.01,0.02,0.00,0.00,0.00,21.35,0.02,0.00,0.00,0.00,0.07,0.02,0.00,0.00,0.00,0.00,0.00,0.00,-2.94,4.24,2.93,69.77,75.74,309.61,250.29,421.41,368.76,402.24,274.88,326.51,275.87,367.41,305.24,367.78,368.76,
21.818,0,0.08,0.14,0.02,0.33,0.02,0.53,0.18,13.35,0.02,98.94,0.90,0.00,96.89,13.35,14.13,0.01,0.86,0.01,0.02,0.00,0.00,0.00,20.05,0.02,0.00,0.00,0.00,0.10,0.02,0.00,0.00,0.00,0.00,0.00,0.00,-2.08,4.80,4.20,69.63,75.69,310.87,249.38,422.49,367.61,402.62,273.38,326.97,275.93,368.85,303.84,370.46,367.61,
21.898,0,0.08,0.13,0.02,0.35,0.02,0.37,0.20,13.38,0.03,99.26,0.63,0.00,96.69,13.96,15.88,0.01,0.49,0.01,0.03,0.00,0.00,0.00,13.38,0.01,0.00,0.00,0.00,0.15,0.03,0.00,0.00,0.00,0.00,0.00,0.00,-0.23,5.12,4.80,69.52,76.88,312.15,248.73,423.69,366.98,404.03,272.46,327.24,276.23,370.29,302.34,372.49,366.98,
22.035,0,0.08,0.13,0.02,0.35,0.02,0.39,0.19,13.16,0.02,99.23,0.76,0.00,95.07,13.16,16.77,0.00,0.06,0.01,0.02,0.00,0.00,0.00,14.96,0.00,0.00,0.00,0.00,0.21,0.02,0.00,0.00,0.00,0.00,0.00,0.00,1.33,7.21,6.32,69.05,76.87,314.61,248.46,424.87,365.76,404.78,270.30,328.26,277.71,373.29,300.59,376.17,365.76,
22.182,0,0.06,0.12,0.02,0.58,0.02,0.44,0.37,8.72,0.08,98.83,0.88,0.00,97.83,25.09,20.54,0.00,0.01,0.03,0.08,0.00,0.00,0.00,8.72,0.01,0.00,0.00,0.00,0.36,0.03,0.00,0.04,0.00,0.01,0.00,0.00,3.76,2.95,8.75,69.29,76.49,316.06,248.84,425.38,364.88,404.06,269.50,328.28,279.89,371.52,299.72,379.81,364.88,
22.249,0,0.08,0.15,0.02,0.34,0.02,0.31,0.19,2.87,0.19,99.32,0.40,0.00,98.30,19.73,9.55,0.01,0.00,0.02,0.19,0.00,0.00,0.00,2.87,0.01,0.00,0.00,0.00,0.80,0.05,0.00,0.18,0.00,0.00,0.00,0.00,4.40,1.70,9.59,68.99,76.82,316.16,247.65,426.27,363.82,404.25,269.15,328.07,279.07,371.22,298.78,381.33,363.82,
22.323,0,0.09,0.17,0.02,0.29,0.02,0.33,0.15,1.78,1.16,99.35,0.39,0.00,98.27,20.47,4.14,0.01,0.00,0.03,1.16,0.01,0.00,0.00,1.78,0.02,0.00,0.00,0.00,0.90,0.06,0.00,0.14,0.00,0.00,0.00,0.00,5.23,1.80,10.55,69.14,76.77,315.51,247.50,426.13,364.28,403.16,268.49,327.25,279.96,370.83,298.50,382.05,364.28,
22.404,0,0.09,0.18,0.02,0.31,0.02,0.39,0.17,3.16,1.37,99.21,0.50,0.00,98.78,22.75,3.66,0.01,0.00,0.03,1.37,0.01,0.00,0.00,3.16,0.02,0.00,0.00,0.00,0.52,0.04,0.00,0.44,0.00,0.00,0.00,0.00,5.12,0.01,10.89,69.31,77.99,314.22,247.34,425.28,364.39,402.36,267.89,325.38,280.46,368.65,298.74,381.50,364.39,
22.550,0,0.10,0.18,0.02,0.27,0.02,0.32,0.14,1.81,1.77,99.36,0.36,0.00,98.21,19.43,2.39,0.02,0.00,0.03,1.77,0.02,0.00,0.00,1.81,0.01,0.00,0.00,0.00,0.44,0.04,0.00,1.07,0.00,0.00,0.00,0.00,6.39,-1.98,11.89,69.28,78.78,312.79,247.57,424.46,364.89,400.89,267.99,323.33,281.80,366.23,298.93,381.66,364.89,
22.627,0,0.10,0.18,0.02,0.26,0.02,0.32,0.13,1.60,1.60,99.36,0.35,0.00,98.35,19.15,1.80,0.02,0.00,0.03,2.04,0.02,0.00,0.00,1.60,0.01,0.00,0.00,0.00,0.60,0.04,0.00,2.93,0.00,0.00,0.00,0.00,6.30,-1.58,8.19,69.99,77.43,304.94,247.63,416.54,366.79,394.87,268.65,318.21,279.49,358.83,298.80,369.15,366.79,
22.765,0,0.10,0.18,0.02,0.22,0.02,0.28,0.11,2.81,1.97,99.44,0.33,0.00,97.76,14.87,1.78,0.02,0.00,0.01,1.97,0.02,0.00,0.00,2.81,0.00,0.01,0.00,0.00,0.46,0.03,0.00,0.08,0.00,0.00,0.00,0.00,2.13,-3.13,8.28,69.97,75.78,304.37,246.42,416.99,365.86,394.18,268.51,318.84,276.62,357.87,299.90,369.03,365.86,
22.834,0,0.09,0.18,0.02,0.31,0.02,0.54,0.17,7.59,0.93,98.91,0.76,0.00,97.68,24.19,2.25,0.02,0.02,0.01,0.93,0.02,0.00,0.00,7.59,0.02,0.01,0.00,0.00,0.34,0.02,0.00,0.02,0.00,0.01,0.00,0.00,1.40,-3.30,7.02,69.93,77.46,301.84,245.95,415.41,366.45,393.69,268.70,316.54,275.63,355.71,300.18,365.65,366.45,
22.910,0,0.06,0.19,0.01,0.63,0.02,1.27,0.41,6.12,0.32,97.45,3.27,0.00,96.32,45.07,2.94,0.01,0.11,0.42,0.32,0.02,0.00,0.00,6.12,0.39,0.02,0.01,0.09,0.31,0.02,0.00,0.00,0.01,0.51,0.00,0.00,1.97,-5.68,7.08,69.49,78.56,301.50,246.02,414.33,365.99,393.35,267.39,315.33,276.53,353.47,299.84,365.06,365.99,
22.987,0,0.06,0.42,0.01,0.99,3.30,4.14,0.72,7.44,0.99,91.73,51.77,16.71,97.12,58.95,2.55,0.01,0.14,86.77,2.13,0.09,0.00,0.00,0.99,0.31,0.02,0.21,7.44,0.56,0.04,0.00,0.01,0.34,8.27,0.00,0.00,-2.69,-4.41,5.91,68.57,79.64,298.71,246.63,412.65,367.20,392.43,268.73,313.09,275.64,352.03,302.85,361.51,367.20,
23.072,0,0.03,77.47,0.00,1.65,22.00,6.63,1.48,0.75,0.18,0.00,64.79,33.04,97.22,77.01,1.97,0.01,0.21,99.78,6.38,0.26,0.00,45.86,0.18,0.37,0.02,25.60,0.75,1.14,0.09,0.00,0.01,12.66,79.85,0.00,0.00,-0.34,-4.22,5.23,68.36,79.51,298.72,246.32,412.74,367.34,392.84,268.79,313.62,275.63,352.25,301.54,360.73,367.34,
23.214,0,0.04,0.08,0.00,0.42,99.93,0.78,1.93,0.09,0.03,0.00,99.89,81.99,97.20,84.56,0.73,0.01,0.17,99.81,85.26,0.14,0.00,10.59,0.03,0.02,0.02,97.03,0.09,1.63,0.26,0.01,0.02,89.10,55.15,0.00,0.00,4.50,-4.26,3.15,69.18,80.87,298.24,246.86,412.71,368.63,394.58,271.22,313.87,276.36,352.02,300.17,357.96,368.63,
23.278,0,0.04,0.02,0.00,0.20,99.98,0.35,1.28,0.06,0.03,0.00,99.98,84.13,97.51,74.36,0.46,0.01,0.12,99.84,89.21,0.22,0.01,0.00,0.00,0.01,0.03,93.29,0.06,3.35,0.86,0.02,0.00,99.84,49.60,0.00,0.00,3.97,-3.66,2.53,69.32,80.31,298.48,246.73,412.79,368.37,394.88,271.46,314.68,275.57,352.62,300.14,357.35,368.37,
23.356,0,0.05,0.02,0.00,0.16,99.98,0.28,1.08,0.04,0.01,0.00,99.98,85.21,97.43,69.57,0.37,0.01,0.11,99.83,91.29,0.10,0.00,0.00,0.00,0.00,0.01,81.50,0.04,5.66,1.58,0.02,0.00,100.00,49.26,0.00,0.00,0.99,-3.83,2.78,69.48,77.78,298.65,246.41,412.91,367.85,393.62,270.37,315.98,274.85,352.75,301.09,357.74,367.85,
23.422,0,0.05,0.02,0.00,0.17,99.98,0.29,1.14,0.03,0.01,0.00,99.98,85.11,97.43,70.15,0.41,0.01,0.11,99.77,89.15,0.03,0.00,0.00,0.00,0.00,0.00,77.51,0.03,10.61,2.19,0.01,0.00,100.00,49.28,0.00,0.00,0.99,-3.83,2.78,69.48,77.78,298.65,246.41,412.91,367.85,393.62,270.37,315.98,274.85,352.75,301.09,357.74,367.85,
23.488,0,0.03,0.02,0.00,0.19,99.98,0.33,1.30,0.04,0.01,0.00,99.98,84.47,97.43,73.16,0.64,0.01,0.13,99.28,79.24,0.03,0.00,0.00,0.00,0.00,0.00,73.80,0.04,13.80,2.10,0.00,0.01,100.00,49.24,0.00,0.00,-0.45,-3.81,2.24,69.96,79.07,298.63,246.35,412.82,367.24,394.54,270.44,315.58,274.47,352.68,301.60,357.06,367.24,
23.575,0,0.01,0.02,0.00,0.18,99.97,0.36,1.47,0.09,0.01,0.00,99.98,83.72,98.25,76.67,0.96,0.01,0.11,95.13,56.50,0.03,0.00,0.00,0.00,0.01,0.00,66.75,0.09,9.58,1.39,0.00,0.00,100.00,49.25,0.00,0.00,1.12,-1.86,1.59,70.39,77.12,298.99,246.66,412.84,367.61,394.15,271.20,317.10,274.52,354.18,301.00,356.49,367.61,
23.641,0,0.00,0.02,0.00,0.13,99.95,0.27,1.35,0.09,0.01,0.00,99.98,84.50,98.46,73.02,2.24,0.01,0.07,84.00,28.46,0.01,0.00,0.00,0.00,0.01,0.00,47.30,0.09,9.37,1.66,0.00,0.01,100.00,48.80,0.00,0.00,3.47,-1.20,0.73,70.58,77.57,299.19,246.32,413.13,367.41,395.14,271.62,317.62,274.43,354.86,299.69,355.72,367.41,
23.707,0,0.00,0.02,0.00,0.10,99.90,0.19,1.20,0.11,0.01,0.00,99.98,85.41,97.92,68.70,4.31,0.01,0.07,71.26,9.96,0.01,0.00,0.00,0.00,0.02,0.00,39.26,0.11,6.69,1.03,0.00,0.01,100.00,48.34,0.00,0.00,0.50,-2.75,1.01,70.56,78.08,300.09,246.12,414.07,366.83,396.16,270.93,318.14,273.86,354.80,300.82,356.93,366.83,
23.907,0,0.00,0.01,0.00,0.06,99.85,0.12,1.00,0.04,0.01,0.00,99.98,86.83,97.02,61.76,7.36,0.01,0.18,64.57,6.94,0.15,0.01,0.00,0.00,0.04,0.00,10.94,0.01,5.09,0.41,0.01,0.01,99.97,43.31,0.00,0.00,0.34,-4.58,1.68,70.88,77.93,301.23,246.10,414.97,367.15,396.74,271.00,318.83,272.97,354.65,300.74,358.72,367.15,
24.058,0,0.00,0.00,0.00,0.07,98.76,0.09,1.47,3.36,0.01,0.00,99.98,85.39,97.70,65.09,13.50,0.01,0.16,27.87,7.81,0.12,0.01,0.00,0.01,0.23,0.01,2.35,3.36,1.74,0.35,0.01,0.00,99.67,27.51,0.00,0.00,2.53,-3.26,1.82,71.34,78.20,301.35,246.43,414.66,367.08,396.67,271.28,318.52,274.03,355.35,299.93,358.83,367.08,
24.192,0,0.00,0.00,0.00,0.07,96.51,0.04,1.51,1.50,0.13,0.00,99.97,87.95,96.67,53.87,25.66,0.01,0.09,14.37,4.23,0.17,0.01,0.00,0.13,1.50,0.01,0.99,0.92,0.78,0.16,0.03,0.00,97.06,5.73,0.00,0.00,2.28,-5.16,2.22,71.36,77.45,301.67,246.14,414.44,366.80,396.14,271.16,318.71,272.67,354.23,299.46,359.31,366.80,
24.352,0,0.01,0.00,0.00,0.06,96.10,0.08,0.95,0.11,0.11,0.00,99.90,88.40,97.05,53.82,14.12,0.03,0.05,27.05,31.12,0.30,0.03,0.00,0.11,0.10,0.04,0.27,0.00,1.55,0.57,0.02,35.54,89.59,0.00,0.00,0.00,5.99,-4.54,1.46,71.60,76.34,301.71,247.23,413.55,367.42,395.62,272.97,319.29,273.73,354.28,298.49,357.98,367.42,
24.421,0,0.02,0.00,0.00,0.11,83.32,0.18,1.07,0.21,0.21,0.00,99.10,72.08,96.87,61.68,8.81,0.05,0.02,25.84,48.43,0.42,0.07,0.00,0.21,0.05,0.10,0.20,0.00,2.08,0.82,0.02,63.54,75.92,0.00,0.00,0.00,6.09,-4.84,1.18,71.81,76.09,301.59,247.38,412.90,367.06,395.28,273.28,319.19,273.47,353.74,298.33,357.26,367.06,
24.494,0,0.04,0.00,0.00,0.16,33.03,0.27,1.05,0.31,0.31,41.97,94.11,51.50,96.47,64.13,6.17,0.05,0.01,8.65,58.89,0.49,0.04,0.00,0.31,0.03,0.15,0.06,0.01,1.64,0.49,0.01,6.59,63.91,0.00,0.00,0.00,5.83,-5.46,1.33,73.55,78.63,299.26,247.67,410.41,366.60,394.06,274.08,315.43,273.63,350.81,298.68,355.01,366.60,
24.646,0,0.03,0.01,0.00,0.26,3.67,0.35,0.81,0.99,0.69,92.66,36.59,28.83,94.50,56.10,8.11,0.07,0.01,4.18,30.02,1.01,0.07,0.00,0.69,0.20,0.37,0.06,0.99,1.13,0.34,0.01,2.98,43.24,0.00,0.00,0.00,3.72,-7.78,0.13,73.50,77.83,295.61,248.20,406.74,366.93,390.74,274.55,312.92,273.50,345.80,300.06,349.86,366.93,
24.790,0,0.02,0.01,0.00,0.63,0.51,0.34,1.20,0.70,0.97,97.59,3.77,11.96,93.73,49.20,24.51,0.09,0.01,1.76,5.07,0.34,0.02,0.00,0.51,0.70,0.97,0.07,0.01,1.50,0.47,0.01,1.08,26.51,0.00,0.00,0.00,4.22,-8.48,0.26,73.10,77.04,293.96,248.77,405.43,368.04,388.80,275.06,311.76,274.32,343.93,300.59,348.52,368.04,
24.935,0,0.04,0.07,0.01,1.07,0.08,0.61,1.12,4.64,4.64,97.76,2.84,0.00,92.77,44.74,27.56,0.08,0.02,4.67,4.97,1.02,0.07,0.00,4.64,0.24,2.59,0.05,0.04,0.36,0.12,0.01,5.56,7.89,2.04,0.00,0.00,5.10,-9.24,0.65,74.13,77.42,292.27,247.68,404.09,367.24,387.24,273.69,309.83,274.06,341.88,299.36,347.46,367.24,
25.013,0,0.05,0.10,0.01,0.89,0.04,1.37,0.75,21.39,6.51,97.26,6.51,0.00,91.91,38.78,23.98,0.12,0.03,3.05,6.51,1.03,0.05,0.00,21.39,1.01,2.88,0.07,0.25,0.23,0.09,0.02,7.27,3.97,1.99,0.00,0.00,4.18,-9.85,0.96,73.58,76.24,292.88,246.86,404.40,366.34,386.94,272.61,310.70,272.77,342.05,298.77,348.29,366.34,
25.081,0,0.07,0.11,0.01,0.67,0.04,1.24,0.52,21.33,10.53,97.51,4.56,0.00,93.49,34.15,19.64,0.12,0.05,2.08,10.53,0.57,0.03,0.00,21.33,2.97,2.27,0.12,0.52,0.45,0.13,0.02,10.04,3.78,2.05,0.00,0.00,5.95,-8.68,0.78,73.26,76.70,293.39,245.90,404.71,365.32,387.67,272.00,310.97,271.99,343.16,296.94,348.51,365.32,
25.154,0,0.06,0.20,0.02,0.76,0.04,1.06,0.58,20.19,2.09,97.88,3.08,0.00,96.65,30.23,25.68,0.06,0.19,1.71,2.09,0.03,0.00,0.00,20.19,11.75,1.17,0.36,7.44,1.72,0.25,0.15,0.00,3.41,8.82,0.00,0.00,4.47,-5.18,-0.85,72.55,77.19,292.82,245.46,405.15,364.55,388.78,271.57,311.60,272.65,345.33,297.70,346.57,364.55,
25.299,0,0.31,42.41,0.17,1.96,0.07,25.16,1.78,50.47,0.28,32.59,98.62,-43.53,97.85,50.47,28.37,0.02,4.54,8.70,0.07,0.01,0.00,0.31,42.61,86.83,0.28,6.34,96.00,1.60,0.39,7.72,0.00,5.22,66.30,0.00,0.00,-0.51,-2.91,0.75,70.17,76.39,296.18,248.50,407.88,367.07,390.45,273.26,314.07,274.58,349.71,302.48,351.58,367.07,
25.530,0,0.49,84.80,0.12,16.39,0.20,62.93,10.85,80.56,0.03,0.00,99.91,-43.47,98.02,80.56,17.28,0.00,30.33,9.22,0.00,0.03,0.00,61.90,45.29,99.80,0.02,72.52,95.42,3.73,1.29,95.95,0.00,14.36,89.20,0.00,0.00,-4.15,-2.50,1.34,68.38,75.25,298.76,254.05,410.22,371.74,391.96,277.49,316.76,280.42,352.42,309.47,354.74,371.74,
25.692,0,0.39,29.99,0.07,5.97,1.88,68.06,7.47,70.51,0.01,6.94,99.80,-26.81,97.48,70.51,11.72,0.00,35.56,9.70,0.00,0.01,0.00,61.56,68.74,99.57,0.00,65.16,98.49,1.05,1.80,99.98,0.00,34.29,77.80,0.00,0.00,-5.20,-3.73,0.47,69.14,75.66,299.23,252.85,411.54,371.78,393.61,277.42,317.95,277.73,352.61,309.11,354.60,371.78,
25.832,0,1.13,55.52,0.10,5.55,0.66,70.92,6.84,61.99,0.01,4.08,99.60,-36.45,97.96,61.99,3.81,0.00,49.99,5.74,0.01,0.01,0.00,70.27,72.05,99.66,0.00,37.85,98.94,1.49,1.54,99.93,0.00,26.86,80.76,0.00,0.00,-0.26,-2.64,0.45,70.96,77.39,299.38,250.43,412.71,371.18,395.14,276.19,317.75,275.97,353.88,305.05,355.24,371.18,
25.979,0,2.11,60.53,0.15,3.54,0.66,59.41,4.53,44.36,0.01,14.47,98.36,-33.54,98.33,44.36,3.87,0.00,57.37,11.29,0.01,0.00,0.00,55.93,74.56,99.63,0.00,16.58,96.99,1.90,1.24,99.88,0.00,24.00,80.70,0.00,0.00,5.97,-1.62,-1.58,72.90,76.23,300.93,243.69,414.41,365.60,397.29,272.57,321.20,267.96,356.27,295.60,354.52,365.60,
26.037,0,3.46,75.79,0.20,5.31,0.36,72.44,5.18,39.70,0.01,0.00,97.61,-42.67,98.53,39.70,5.25,0.00,64.59,12.05,0.01,0.01,0.00,66.31,86.09,99.69,0.00,20.19,96.43,2.00,0.69,99.77,0.00,18.16,83.62,0.00,0.00,4.31,-0.98,-2.06,73.03,75.70,301.74,242.20,415.39,364.09,398.21,270.29,322.59,266.79,357.58,294.94,354.89,364.09,
26.110,0,4.07,70.55,0.23,5.07,0.48,66.72,5.41,32.95,0.01,4.45,95.96,-38.37,98.72,32.95,8.62,0.00,69.13,16.17,0.01,0.01,0.00,62.92,87.21,99.76,0.00,11.70,92.93,2.48,0.63,99.81,0.00,18.57,82.18,0.00,0.00,6.95,-0.27,-2.09,73.73,75.82,302.25,240.53,416.50,363.60,399.09,269.23,323.37,265.42,358.83,292.38,355.68,363.60,
26.245,0,3.40,73.59,0.23,7.18,0.39,73.20,6.83,37.39,0.01,1.41,97.16,-37.03,98.67,37.39,7.76,0.00,71.59,16.92,0.01,0.00,0.00,73.74,87.49,99.82,0.00,16.98,72.85,2.98,0.55,99.89,0.00,16.40,81.87,0.00,0.00,6.74,-0.47,-2.92,73.76,75.46,303.44,240.54,416.82,362.55,400.10,269.64,324.81,264.64,359.51,292.07,355.48,362.55,
26.312,0,3.24,80.93,0.23,7.24,0.18,78.08,7.22,42.71,0.00,0.00,98.13,-47.01,98.04,42.71,7.94,0.00,67.50,7.59,0.00,0.00,0.00,72.60,88.51,99.80,0.00,10.61,80.73,3.26,0.58,99.91,0.00,14.38,84.44,0.00,0.00,5.80,-2.45,-2.23,73.17,76.08,303.74,241.03,416.02,361.23,399.85,269.08,323.84,265.85,358.02,292.50,355.95,361.23,
26.455,0,1.52,76.95,0.23,2.67,0.38,75.27,2.62,37.23,0.01,0.00,97.14,-37.02,98.25,37.23,5.40,0.00,49.79,15.26,0.00,0.01,0.01,47.79,89.64,99.79,0.00,12.10,69.72,3.22,0.77,99.95,0.00,17.06,83.49,0.00,0.00,2.64,-1.85,-1.10,70.80,75.18,304.03,244.63,415.57,363.99,398.62,272.16,323.54,268.36,358.26,297.08,357.24,363.99,
26.755,0,0.21,76.05,0.11,2.46,0.33,92.74,1.60,71.42,0.08,0.00,99.81,-51.93,98.56,71.42,3.20,0.00,2.62,6.13,0.00,0.08,0.00,28.94,90.78,99.96,0.00,78.11,97.07,1.67,3.88,100.00,0.02,20.43,84.87,0.00,0.00,-7.28,-0.88,-0.87,68.36,76.55,304.75,254.39,415.77,371.74,399.67,279.84,323.16,277.21,359.27,310.82,357.95,371.74,
26.825,0,0.26,40.04,0.11,0.57,1.29,62.96,0.59,43.62,0.04,12.04,98.27,-28.66,98.71,43.62,1.49,0.00,6.63,7.54,0.01,0.04,0.00,32.68,82.84,99.89,0.00,59.68,95.95,0.55,5.25,100.00,0.00,31.95,77.93,0.00,0.00,-5.08,-0.32,-1.36,68.02,78.09,301.76,252.18,418.23,375.46,400.49,278.90,322.43,276.89,359.35,310.41,357.05,375.46,
26.904,0,0.24,23.09,0.10,0.48,2.87,52.83,0.58,41.79,0.06,22.17,98.00,-18.47,97.45,41.79,2.18,0.01,9.15,12.68,0.01,0.06,0.00,37.61,78.79,99.80,0.00,53.31,93.26,0.45,3.47,99.99,0.01,36.66,73.89,0.00,0.00,-3.48,-3.79,-1.35,68.60,79.45,302.93,252.90,418.19,374.99,401.79,280.03,322.39,277.31,357.71,309.80,357.49,374.99,
26.995,0,0.34,14.65,0.11,0.39,5.95,36.46,0.45,40.28,0.09,38.54,94.73,-9.20,98.15,29.31,3.36,0.00,15.77,18.97,0.01,0.09,0.00,41.10,78.24,99.79,0.00,54.94,96.80,0.34,1.90,99.98,0.00,40.28,71.46,0.00,0.00,-1.20,-2.13,-2.38,69.89,76.25,303.71,252.02,418.45,373.99,401.22,279.52,325.04,276.38,359.41,307.67,356.98,373.99,
27.128,0,0.67,6.86,0.10,0.73,11.53,24.09,1.38,42.71,0.02,51.81,93.69,0.00,98.16,26.11,8.30,0.00,40.60,26.94,0.02,0.01,0.00,35.52,71.59,99.20,0.00,29.38,88.90,0.46,2.48,99.96,0.00,42.71,66.38,0.00,0.00,3.41,-2.13,-4.06,70.94,77.03,304.99,246.01,419.42,368.43,403.64,275.92,326.91,269.14,360.62,299.44,356.06,368.43,
27.210,0,0.96,13.57,0.13,0.82,4.68,24.23,1.57,38.53,0.01,51.53,91.05,-8.06,98.10,22.24,11.33,0.00,44.37,17.95,0.01,0.01,0.00,36.29,74.89,99.59,0.00,19.03,93.49,0.63,2.81,99.96,0.00,38.53,71.26,0.00,0.00,3.59,-2.28,-2.58,72.48,79.10,306.32,246.94,418.86,367.19,404.29,275.92,325.40,270.29,360.78,299.43,358.08,367.19,
27.343,0,0.48,11.67,0.09,1.03,4.84,31.30,2.61,41.55,0.00,43.70,97.94,-9.15,98.40,41.55,13.45,0.00,35.73,16.67,0.00,0.00,0.00,13.62,66.80,99.38,0.00,9.88,93.61,1.36,2.37,99.86,0.00,39.50,70.82,0.00,0.00,5.25,-1.41,-2.73,73.28,75.49,306.84,242.46,420.11,363.94,403.31,272.16,328.10,265.72,362.28,294.57,359.02,363.94,
27.423,0,0.60,32.21,0.14,1.03,1.36,49.35,1.72,38.37,0.00,25.65,97.36,-25.66,98.38,38.37,12.57,0.00,30.23,11.69,0.00,0.00,0.00,26.67,78.56,99.72,0.00,12.09,94.97,2.26,1.71,99.86,0.00,30.33,76.19,0.00,0.00,7.08,-1.47,-1.72,73.64,76.76,307.75,241.71,420.82,362.73,404.19,271.81,327.70,265.46,362.98,292.96,360.95,362.73,
27.499,0,0.52,41.90,0.15,1.28,0.58,70.33,1.85,48.58,0.00,4.67,98.82,-37.49,97.53,48.58,10.27,0.00,24.55,8.89,0.00,0.00,0.00,0.00,82.48,99.66,0.00,8.90,93.31,2.78,1.26,99.87,0.00,24.00,75.11,0.00,0.00,6.52,-3.62,-2.12,73.50,75.57,308.04,241.61,420.09,361.76,403.63,271.20,328.30,265.04,361.51,292.56,360.27,361.76,
27.661,0,0.36,55.00,0.16,0.77,0.60,77.34,0.96,47.04,0.01,0.00,98.68,-35.52,98.02,47.04,5.43,0.00,15.11,14.43,0.00,0.01,0.00,0.00,86.44,99.83,0.00,9.03,78.57,2.66,1.10,99.94,0.00,21.48,77.15,0.00,0.00,6.14,-2.49,-2.77,71.65,76.60,308.16,241.56,420.18,361.71,404.64,271.11,328.29,264.79,362.30,292.69,359.58,361.71,
27.829,0,0.37,64.00,0.18,0.38,1.08,71.65,0.37,38.34,0.04,3.35,97.38,-31.57,97.64,38.34,1.00,0.00,5.69,21.91,0.02,0.04,0.01,0.00,86.30,99.96,0.00,22.08,92.90,2.07,0.87,99.98,0.00,23.05,80.75,0.00,0.00,5.00,-3.38,-2.76,70.71,76.67,307.29,243.08,419.40,363.26,403.89,271.90,327.40,266.63,360.92,294.73,358.73,363.26,
27.897,0,0.37,47.42,0.19,0.33,0.66,71.26,0.32,33.48,0.03,3.74,96.18,-34.83,98.34,33.48,1.02,0.00,6.61,13.29,0.01,0.03,0.02,0.00,91.65,99.94,0.00,19.01,86.62,2.06,1.46,99.99,0.00,23.02,74.34,0.00,0.00,4.81,-1.58,-1.94,71.11,77.71,306.54,244.65,418.99,364.93,403.34,273.72,325.83,268.27,361.38,296.60,359.13,364.93,
28.061,0,0.33,20.20,0.18,0.27,0.84,47.37,0.39,27.63,0.01,27.63,93.89,-21.62,98.23,27.34,0.56,0.00,13.52,8.49,0.01,0.01,0.00,0.00,81.46,99.94,0.00,12.66,63.94,1.89,5.65,100.00,0.00,27.63,65.53,0.00,0.00,0.75,-1.93,-1.22,70.12,76.84,306.46,246.50,418.42,365.89,402.19,274.04,325.45,270.03,360.82,299.96,359.68,365.89,
28.206,0,1.36,7.61,0.21,0.82,0.63,48.93,1.27,27.17,0.04,26.07,93.81,-29.68,98.12,27.17,0.53,0.00,39.42,10.55,0.00,0.04,0.01,0.00,80.09,99.90,0.00,9.00,86.90,2.47,8.46,100.00,0.00,23.94,52.34,0.00,0.00,1.66,-2.24,-1.62,70.22,77.23,307.15,246.00,419.24,365.78,403.39,273.69,326.26,269.60,361.40,299.12,359.94,365.78,
28.282,0,0.86,7.00,0.25,0.50,0.29,56.22,0.70,24.52,0.02,18.78,92.46,-36.21,98.50,24.52,1.11,0.00,26.34,5.23,0.00,0.02,0.02,0.00,86.27,99.83,0.00,5.59,76.27,2.39,8.97,99.99,0.00,19.54,48.53,0.00,0.00,1.69,-1.09,-0.64,70.70,77.26,307.68,246.33,420.15,366.25,403.53,273.97,326.36,270.37,362.77,299.65,361.85,366.25,
28.375,0,0.63,7.05,0.28,0.47,0.15,62.44,0.62,27.66,0.01,12.56,94.03,-43.24,98.14,27.66,2.71,0.00,16.13,2.26,0.00,0.01,0.02,0.00,86.88,99.72,0.00,8.93,75.68,2.69,11.85,99.98,0.00,15.27,45.97,0.00,0.00,0.53,-2.16,-0.95,70.30,76.72,308.72,246.48,420.69,365.94,404.25,273.63,327.60,270.24,362.93,300.04,362.26,365.94,
28.517,0,0.55,38.67,0.21,1.19,0.08,77.52,1.37,51.85,0.00,0.00,99.10,-56.03,97.93,51.85,5.65,0.00,13.54,1.23,0.00,0.00,0.00,0.00,78.22,99.64,0.00,7.97,93.67,1.52,6.25,99.99,0.00,10.35,63.12,0.00,0.00,2.64,-2.70,-0.49,71.52,76.84,308.73,245.52,421.15,365.39,404.27,273.57,327.53,269.55,362.81,298.38,363.03,365.39,
28.583,0,0.47,73.75,0.18,2.08,0.06,86.51,2.02,65.78,0.00,0.00,99.70,-60.71,98.01,65.78,3.68,0.00,14.25,1.35,0.00,0.00,0.00,0.00,75.78,99.53,0.00,12.48,90.52,0.91,3.18,99.97,0.00,7.62,74.79,0.00,0.00,2.38,-2.52,-0.17,71.38,76.64,308.70,244.80,421.69,365.22,404.23,272.88,327.69,269.02,363.16,298.06,363.67,365.22,
28.719,0,0.49,77.93,0.19,2.13,0.05,85.96,1.79,64.92,0.01,0.00,99.68,-60.38,97.81,64.92,2.07,0.00,15.04,1.69,0.00,0.01,0.00,1.15,74.04,99.49,0.00,14.60,84.83,0.48,1.87,99.96,0.00,5.94,75.38,0.00,0.00,2.43,-2.99,-0.53,71.31,76.54,308.39,244.67,420.96,364.90,403.89,272.39,327.43,268.83,362.38,297.70,362.72,364.90,
28.793,0,0.32,52.43,0.23,0.88,0.06,61.65,0.72,49.43,0.01,13.35,98.91,-44.77,98.30,49.43,1.77,0.00,8.97,2.54,0.00,0.01,0.00,0.00,62.60,98.80,0.00,6.77,56.45,0.55,1.69,99.97,0.00,6.86,65.00,0.00,0.00,3.11,-1.71,-0.55,71.29,77.31,308.37,244.38,420.33,363.88,403.95,272.13,326.72,268.56,362.82,296.86,362.38,363.88,
28.953,0,0.18,49.95,0.22,0.91,0.06,65.78,0.82,52.72,0.02,9.22,99.16,-38.32,98.41,52.72,2.95,0.00,7.33,3.88,0.01,0.02,0.02,0.00,63.18,98.99,0.00,3.07,26.17,0.71,2.04,99.96,0.00,6.77,64.28,0.00,0.00,3.33,-1.38,-0.63,70.95,76.53,308.88,244.14,420.45,363.38,403.91,271.72,327.46,268.25,363.35,296.33,362.63,363.38,
29.034,0,0.14,54.24,0.18,0.99,0.10,83.55,1.16,60.70,0.02,0.00,99.55,-41.28,98.47,60.70,3.94,0.00,4.63,5.78,0.01,0.02,0.03,0.00,76.20,99.25,0.00,0.99,28.50,1.30,4.13,99.94,0.00,9.45,68.02,0.00,0.00,3.85,-1.17,-0.45,71.02,77.12,308.63,244.03,420.46,363.49,403.98,271.83,326.94,268.32,363.34,296.14,362.70,363.49,
29.134,0,0.14,55.97,0.18,0.94,0.10,90.20,1.29,61.56,0.02,0.00,99.58,-45.77,98.32,61.56,2.89,0.00,3.68,5.56,0.01,0.02,0.04,0.00,86.55,99.65,0.00,0.92,33.75,2.01,7.73,99.92,0.00,10.03,68.84,0.00,0.00,4.27,-1.65,-0.68,71.07,77.69,308.66,244.17,420.21,363.38,404.31,272.02,326.70,268.42,362.94,295.97,362.29,363.38,
29.281,0,0.14,38.01,0.19,0.91,0.08,91.14,1.45,60.60,0.01,0.00,99.55,-47.49,98.06,60.60,2.33,0.00,3.33,2.26,0.01,0.00,0.01,0.00,89.77,99.58,0.00,0.81,29.81,3.23,12.42,99.90,0.00,9.81,61.70,0.00,0.00,4.35,-2.39,-0.71,71.06,77.75,308.42,244.08,420.26,363.66,404.27,272.00,326.60,268.40,362.39,295.97,362.16,363.66,
29.354,0,0.15,29.20,0.22,0.82,0.07,89.74,1.18,55.01,0.01,0.00,99.30,-46.67,97.74,55.01,2.22,0.00,4.37,2.33,0.00,0.01,0.01,0.00,90.61,99.13,0.00,0.60,23.42,2.63,12.12,99.89,0.00,8.27,56.85,0.00,0.00,5.56,-3.16,-0.63,71.18,77.25,308.21,243.90,420.34,364.08,403.91,271.91,326.74,268.49,361.86,295.38,362.17,364.08,
29.572,0,0.24,3.74,0.31,0.48,0.05,70.45,0.55,32.45,0.02,4.55,95.82,-39.76,98.21,32.45,1.87,0.00,8.70,1.71,0.01,0.02,0.03,0.00,84.69,96.86,0.00,0.45,14.75,2.27,12.09,99.86,0.00,6.07,32.99,0.00,0.00,6.08,-1.99,-1.13,71.06,76.89,307.52,243.52,419.87,364.09,403.42,271.88,326.63,267.93,362.03,294.88,361.04,364.09,
29.648,0,0.27,0.84,0.35,0.31,0.07,65.75,0.29,25.46,0.04,9.25,92.90,-38.91,98.62,25.46,1.03,0.00,5.04,4.11,0.04,0.04,0.06,0.00,85.97,99.18,0.00,1.44,26.25,1.71,8.16,99.87,0.00,7.61,19.58,0.00,0.00,5.97,-0.65,-0.45,71.26,76.83,307.06,243.56,419.03,363.47,402.33,271.76,325.58,268.12,362.17,294.83,361.23,363.47,
29.852,0,0.16,2.21,0.27,0.42,0.11,81.38,0.45,41.66,0.27,0.00,97.95,-38.24,98.06,41.66,0.81,0.00,0.34,9.21,0.14,0.27,0.11,0.00,87.69,99.35,0.00,1.39,21.90,2.97,7.78,99.81,17.19,9.16,29.81,0.00,0.00,7.88,-2.39,-1.17,71.61,76.12,307.09,244.06,418.98,364.06,402.36,273.38,326.41,268.17,361.15,294.43,360.35,364.06,
29.920,0,0.12,1.58,0.20,0.50,0.17,87.14,0.64,50.67,0.44,0.00,99.00,-36.62,98.25,50.67,0.63,0.01,0.07,8.81,0.44,0.23,0.11,0.00,91.10,98.08,0.00,0.84,20.01,3.72,7.59,99.79,0.83,12.92,29.21,0.00,0.00,5.91,-1.85,-0.80,71.60,77.58,307.36,244.43,418.43,363.29,402.77,272.59,325.29,268.69,361.28,295.30,360.62,363.29,
30.072,0,0.15,1.51,0.27,0.34,0.09,77.92,0.38,37.16,0.12,0.00,97.07,-37.70,98.13,37.16,0.92,0.00,0.24,2.04,0.12,0.03,0.03,0.00,90.45,97.98,0.00,0.88,17.05,3.73,7.80,99.73,0.00,11.10,27.55,0.00,0.00,2.76,-2.20,-0.87,71.41,77.46,307.24,244.82,418.21,363.17,402.59,272.49,325.23,268.60,360.91,296.97,360.36,363.17,
30.219,0,0.37,0.36,0.41,0.20,0.12,59.53,0.19,15.65,0.03,15.47,85.48,-38.23,98.22,15.65,1.79,0.00,3.21,4.79,0.01,0.03,0.01,0.00,91.87,99.33,0.00,1.52,45.95,5.40,8.65,99.74,0.00,11.71,14.57,0.00,0.00,3.65,-1.96,-0.40,71.07,76.98,307.86,243.92,418.71,362.52,402.65,270.90,325.71,268.31,361.60,295.65,361.49,362.52,
30.365,0,0.25,0.91,0.35,0.20,0.18,54.78,0.19,19.83,0.04,20.22,89.28,-29.57,98.27,19.83,0.90,0.00,2.08,6.32,0.01,0.04,0.03,0.00,86.14,99.23,0.00,3.15,31.38,5.44,6.57,99.89,0.00,14.83,25.35,0.00,0.00,4.96,-1.79,-1.26,70.87,76.96,307.27,243.03,418.52,362.02,402.71,271.38,325.89,266.84,361.36,294.37,360.09,362.02,
30.522,0,0.22,6.47,0.34,0.22,0.11,60.51,0.19,22.37,0.02,14.49,91.10,-32.97,98.41,22.37,0.82,0.00,1.61,4.03,0.02,0.02,0.02,0.00,87.14,98.45,0.00,2.27,23.06,4.06,5.13,99.91,0.00,11.77,42.18,0.00,0.00,5.08,-1.36,-0.70,71.21,76.71,307.23,243.90,418.27,362.79,402.13,271.63,325.49,268.15,361.45,295.11,360.61,362.79,
30.674,0,0.21,3.39,0.29,0.22,0.15,66.68,0.21,25.21,0.01,8.32,92.80,-33.91,98.33,25.21,1.42,0.00,1.73,4.29,0.01,0.01,0.01,0.00,91.08,99.19,0.00,1.13,29.75,2.60,3.44,99.94,0.00,14.07,37.56,0.00,0.00,4.93,-1.62,-0.71,71.20,76.49,307.22,244.16,418.09,362.83,401.93,271.88,325.52,268.32,361.20,295.35,360.52,362.83,
30.739,0,0.19,2.67,0.27,0.19,0.19,64.54,0.18,25.16,0.02,10.46,92.77,-31.74,98.13,25.16,1.08,0.00,0.92,4.10,0.01,0.02,0.02,0.00,90.67,99.21,0.00,1.33,31.72,1.74,1.81,99.94,0.00,16.32,36.77,0.00,0.00,4.05,-2.20,-1.01,70.79,76.96,307.49,243.95,418.53,362.68,402.70,271.77,325.84,267.86,361.21,295.58,360.49,362.68,
30.881,0,0.31,2.89,0.31,0.17,0.13,68.42,0.14,20.36,0.14,6.58,89.66,-41.69,98.46,20.36,0.98,0.00,0.30,3.27,0.02,0.14,0.06,0.00,96.27,99.48,0.00,1.38,55.04,0.86,0.90,99.85,0.08,13.45,35.46,0.00,0.00,5.79,-1.21,-0.72,71.37,77.21,306.94,244.30,417.86,362.89,402.03,272.55,324.93,268.43,361.19,295.16,360.24,362.89,
31.064,0,0.38,1.68,0.32,0.15,0.16,65.56,0.12,17.68,0.19,9.44,87.41,-42.12,98.52,17.68,0.71,0.00,0.06,4.85,0.08,0.19,0.03,0.00,96.48,99.57,0.00,1.22,68.43,1.06,0.69,99.77,2.10,14.69,31.08,0.00,0.00,6.50,-1.00,-1.24,71.63,78.13,307.13,244.56,417.77,362.88,402.85,273.14,324.86,268.50,361.38,295.00,359.64,362.88,
31.151,0,0.30,3.62,0.26,0.25,0.15,79.92,0.22,32.26,0.27,0.00,95.72,-46.78,98.47,32.26,0.46,0.00,0.08,4.35,0.08,0.27,0.04,0.00,97.68,99.51,0.00,1.68,68.26,1.24,0.60,99.73,1.45,14.09,38.00,0.00,0.00,6.38,-1.19,-1.17,71.92,78.01,307.14,245.12,417.25,362.81,402.49,273.54,324.61,268.97,361.00,295.37,359.47,362.81,
31.221,0,0.23,2.28,0.25,0.29,0.14,82.25,0.26,35.97,0.26,0.00,96.74,-44.53,98.39,35.97,0.75,0.00,0.07,3.21,0.11,0.26,0.05,0.00,97.80,99.08,0.00,1.15,52.27,2.38,0.75,99.57,1.05,13.99,33.51,0.00,0.00,4.93,-1.44,-0.91,72.12,77.72,307.29,245.79,417.17,362.96,402.23,273.95,324.64,269.47,360.87,296.55,359.82,362.96,
31.289,0,0.26,1.64,0.31,0.26,0.09,79.29,0.20,28.82,0.25,0.00,94.17,-46.00,98.49,28.82,0.92,0.00,0.06,2.00,0.08,0.25,0.04,0.00,98.45,99.13,0.00,1.19,45.92,2.58,0.75,99.15,1.59,10.70,28.03,0.00,0.00,5.19,-1.10,-0.53,71.90,77.93,307.98,245.65,417.45,362.42,402.61,273.38,324.78,269.63,361.55,296.12,360.76,362.42,
31.437,0,0.33,0.49,0.37,0.23,0.07,75.92,0.16,23.12,0.37,0.00,91.03,-48.46,98.54,23.12,1.85,0.00,0.05,1.55,0.07,0.37,0.06,0.00,98.72,99.05,0.01,0.88,50.17,2.84,0.95,99.03,1.84,8.56,15.28,0.00,0.00,5.72,-0.93,-0.43,71.89,77.67,307.91,245.70,417.34,362.53,402.33,273.38,324.75,269.82,361.56,295.94,360.80,362.53,
31.545,0,0.28,0.28,0.40,0.23,0.06,75.43,0.15,21.60,0.31,0.00,90.33,-46.66,98.50,21.60,2.07,0.00,0.05,1.23,0.05,0.31,0.03,0.00,98.78,99.53,0.01,0.68,37.32,2.62,0.79,98.98,3.10,7.47,9.27,0.00,0.00,6.45,-1.07,-0.57,71.92,77.67,307.85,245.66,417.44,362.76,402.43,273.63,324.86,269.78,361.51,295.66,360.65,362.76,
31.616,0,0.30,0.34,0.39,0.27,0.05,79.44,0.18,25.28,0.39,0.00,92.59,-50.33,98.55,25.28,1.78,0.00,0.04,1.40,0.06,0.39,0.05,0.00,99.03,99.48,0.01,0.71,42.59,2.59,0.78,98.77,3.32,6.09,10.00,0.00,0.00,5.81,-0.92,-0.64,71.91,77.76,307.83,245.71,417.32,362.61,402.44,273.59,324.78,269.70,361.53,295.94,360.50,362.61,
31.758,0,0.39,0.38,0.40,0.30,0.04,81.50,0.19,26.90,0.47,0.00,93.44,-56.37,98.43,26.90,1.77,0.01,0.04,1.38,0.07,0.47,0.06,0.00,99.08,99.48,0.02,0.65,58.47,1.64,0.55,98.58,3.24,4.38,9.98,0.00,0.00,6.29,-1.31,-0.58,72.04,78.17,308.03,245.81,417.28,362.50,402.72,273.60,324.63,269.93,361.36,295.72,360.63,362.50,
31.825,0,0.36,0.66,0.38,0.32,0.05,83.47,0.21,30.26,0.49,0.00,94.87,-55.34,98.38,30.26,1.09,0.01,0.04,2.17,0.10,0.49,0.10,0.00,98.99,99.39,0.02,0.70,56.40,2.66,0.62,98.53,8.11,5.18,15.49,0.00,0.00,6.44,-1.46,-1.27,71.84,78.26,308.15,245.55,417.33,362.22,403.24,273.73,325.11,269.26,361.38,295.35,359.88,362.22,
32.009,0,0.33,4.14,0.34,0.36,0.06,85.80,0.26,35.46,0.71,0.00,96.57,-54.49,98.41,35.46,0.68,0.01,0.05,4.11,0.12,0.71,0.08,0.00,98.54,99.42,0.02,0.72,59.68,3.32,0.68,98.60,13.51,6.80,34.21,0.00,0.00,7.18,-1.36,-1.34,71.88,78.01,308.41,245.53,417.36,362.16,403.30,273.63,325.41,269.33,361.60,294.91,359.95,362.16,
32.229,0,0.29,4.97,0.34,0.33,0.08,83.05,0.25,34.06,0.72,0.00,96.25,-49.64,98.29,34.06,0.77,0.01,0.03,2.83,0.09,0.72,0.08,0.00,97.48,99.65,0.03,0.33,50.69,4.98,1.03,98.84,19.51,9.20,37.73,0.00,0.00,7.00,-1.74,-1.39,71.75,78.05,308.60,245.68,417.30,362.07,403.43,273.58,325.48,269.45,361.44,295.01,359.95,362.07,
32.444,0,0.23,2.92,0.33,0.37,0.08,84.38,0.29,37.58,0.69,0.00,97.14,-47.71,98.27,37.58,0.59,0.00,0.02,2.47,0.10,0.69,0.07,0.00,96.36,99.64,0.04,0.16,39.92,5.55,1.83,99.16,24.02,9.23,32.48,0.00,0.00,6.87,-1.79,-1.30,71.79,78.42,308.49,245.66,417.31,362.08,403.51,273.61,325.21,269.47,361.34,295.10,359.99,362.08,
32.597,0,0.23,1.47,0.30,0.56,0.06,90.83,0.44,47.35,0.72,0.00,98.68,-54.33,98.33,47.35,0.58,0.00,0.02,2.72,0.08,0.72,0.10,0.00,97.77,99.63,0.05,0.18,43.85,5.57,1.94,99.13,35.19,6.53,23.98,0.00,0.00,7.30,-1.61,-1.42,71.88,78.47,308.48,245.58,417.43,362.20,403.65,273.73,325.30,269.39,361.51,294.91,359.90,362.20,
32.665,0,0.25,1.48,0.31,0.51,0.06,89.95,0.40,44.88,0.76,0.00,98.39,-54.97,98.34,44.88,0.48,0.01,0.02,2.70,0.09,0.76,0.08,0.00,97.82,99.66,0.04,0.14,48.04,4.95,1.94,99.15,29.20,6.35,23.91,0.00,0.00,7.09,-1.59,-1.35,71.95,78.58,308.52,245.70,417.35,362.15,403.65,273.69,325.19,269.54,361.49,295.06,359.97,362.15,
32.733,0,0.27,1.33,0.32,0.50,0.05,89.86,0.38,43.70,0.83,0.00,98.23,-56.51,98.40,43.70,0.47,0.01,0.01,2.27,0.08,0.83,0.06,0.00,98.18,99.65,0.05,0.14,50.15,4.49,1.98,99.22,31.48,5.50,22.27,0.00,0.00,6.41,-1.39,-1.38,71.89,78.53,308.53,245.72,417.29,361.98,403.62,273.65,325.20,269.41,361.60,295.33,359.91,361.98,
32.878,0,0.23,1.07,0.35,0.40,0.06,86.67,0.28,36.99,0.39,0.00,96.95,-49.57,98.20,36.99,0.38,0.01,0.01,3.54,0.11,0.39,0.14,0.00,98.00,99.39,0.05,0.09,32.58,4.86,1.59,98.78,26.07,5.91,20.49,0.00,0.00,7.17,-1.99,-1.52,71.75,78.56,308.27,245.37,417.56,362.36,403.73,273.63,325.30,269.16,361.24,294.88,359.73,362.36,
32.948,0,0.20,0.45,0.34,0.36,0.06,84.12,0.25,34.43,0.36,0.00,95.79,-44.81,98.25,34.43,0.53,0.01,0.01,3.89,0.18,0.36,0.10,0.00,97.15,97.59,0.05,0.07,20.25,5.01,1.39,97.80,22.92,6.32,12.60,0.00,0.00,6.83,-1.85,-1.47,71.65,79.13,308.00,245.25,417.57,362.49,403.86,273.48,324.85,269.14,361.18,295.05,359.64,362.49,
33.014,0,0.15,0.17,0.17,0.31,0.03,67.63,0.17,24.80,1.25,7.37,90.45,-38.22,98.53,24.80,2.01,0.01,0.01,0.66,0.59,1.25,0.09,0.00,96.52,67.61,0.09,0.00,0.05,3.59,0.74,62.93,14.60,1.56,0.44,0.00,0.00,9.55,-0.96,-0.06,72.00,78.63,307.67,245.18,417.95,363.18,402.77,273.81,324.24,270.07,361.69,294.20,361.41,363.18,
33.153,0,0.08,0.15,0.05,0.33,0.03,32.11,0.21,23.39,10.37,42.89,86.13,-29.93,98.70,23.39,8.34,0.01,0.01,0.14,1.64,10.37,2.48,0.00,92.66,13.37,0.40,0.00,0.00,3.63,0.59,7.48,8.38,0.35,0.00,0.00,0.00,9.79,-0.34,0.98,72.41,78.84,306.82,245.07,417.98,363.74,401.84,273.83,323.07,270.60,361.61,294.43,362.28,363.74,
33.362,0,0.15,0.11,0.03,0.86,0.03,13.00,0.42,25.44,16.11,74.01,64.37,-17.45,98.22,25.44,22.67,0.02,0.01,0.62,16.11,1.50,1.10,0.00,75.26,0.26,0.84,0.00,0.00,17.35,0.74,0.03,7.44,0.07,0.00,0.00,0.00,6.28,-1.96,-0.96,72.34,77.31,305.87,245.68,417.23,364.93,401.38,274.08,324.18,269.91,359.89,296.51,359.09,364.93,
33.438,0,0.61,0.11,0.05,0.79,0.02,4.40,0.29,15.31,41.96,91.20,33.53,-10.44,98.31,15.31,23.02,0.03,0.08,0.39,41.96,1.11,1.28,0.00,61.80,0.06,0.59,0.00,0.00,28.57,1.06,0.00,0.17,0.01,0.00,0.00,0.00,6.09,-1.68,-0.75,71.94,76.67,305.95,244.97,417.88,364.97,401.30,273.18,324.72,269.43,360.42,296.14,359.72,364.97,
33.508,0,0.21,0.10,0.06,0.97,0.02,3.18,0.33,15.19,12.76,93.64,30.86,-8.44,98.33,15.19,26.73,0.03,0.19,0.07,12.76,0.40,0.46,0.00,56.56,0.04,0.15,0.00,0.00,31.93,1.10,0.00,0.00,0.00,0.00,0.00,0.00,6.22,-1.63,-0.93,71.56,76.36,305.75,243.96,417.91,364.29,401.16,272.33,324.90,268.35,360.39,295.17,359.44,364.29,
33.642,0,0.21,0.08,0.11,1.78,0.02,1.57,0.48,11.96,3.07,96.44,37.47,-5.06,98.19,11.96,37.19,0.03,0.67,0.05,3.07,0.30,0.29,0.00,48.97,0.05,0.02,0.00,0.00,49.77,1.94,0.00,0.00,0.00,0.00,0.00,0.00,6.15,-2.04,-0.92,71.50,76.91,305.56,243.87,417.41,363.93,401.11,271.89,324.28,268.39,359.78,294.98,359.07,363.93,
33.810,0,0.10,0.05,0.06,2.65,0.02,2.19,1.09,14.87,0.57,94.69,81.88,-8.79,98.23,14.87,54.04,0.03,1.38,0.04,0.57,0.14,0.31,0.00,58.07,0.09,0.00,0.00,0.00,35.68,1.54,0.00,0.00,0.00,0.00,0.00,0.00,5.18,-1.92,-0.57,71.17,76.08,305.90,243.55,417.14,362.75,400.51,271.24,324.50,267.89,359.88,294.80,359.54,362.75,
33.873,0,0.05,0.05,0.02,1.75,0.02,3.91,1.20,17.33,0.49,92.19,91.43,-12.58,98.37,17.33,55.23,0.02,0.96,0.04,0.49,0.08,0.20,0.00,67.56,0.06,0.00,0.00,0.00,9.18,0.64,0.00,0.00,0.00,0.00,0.00,0.00,4.75,-1.51,-0.43,71.53,76.64,305.46,243.94,416.59,362.74,400.21,271.75,323.65,268.18,359.62,295.33,359.21,362.74,
34.083,0,0.03,0.06,0.01,2.69,0.03,1.87,2.35,34.69,0.17,94.63,35.10,-5.57,98.35,37.71,51.00,0.01,1.29,0.74,0.17,0.00,0.00,0.00,34.69,0.03,0.00,0.00,0.02,3.39,0.59,0.00,0.00,0.01,0.41,0.00,0.00,2.52,-1.58,-1.26,71.73,77.43,305.24,244.93,415.15,362.04,400.26,272.57,322.96,268.24,358.78,296.68,357.37,362.04,
34.155,0,0.03,0.28,0.01,3.07,0.03,1.28,2.82,13.31,0.12,93.87,8.81,-1.26,98.29,50.95,41.01,0.01,2.35,0.62,0.12,0.00,0.01,0.28,13.31,0.06,0.00,0.00,0.02,2.76,0.76,0.00,0.00,0.05,13.18,0.00,0.00,1.67,-1.75,-0.98,71.74,77.03,305.83,245.07,415.01,361.24,400.12,272.32,323.20,268.26,358.89,296.84,357.94,361.24,
34.232,0,0.03,0.10,0.01,2.72,0.02,1.04,2.45,15.67,0.16,94.56,6.63,-0.85,98.12,44.76,44.17,0.01,1.95,0.19,0.16,0.01,0.01,0.00,15.67,0.07,0.00,0.00,0.00,2.40,0.65,0.00,0.00,0.05,4.22,0.00,0.00,1.56,-2.22,0.08,72.34,77.49,306.57,245.66,415.38,361.11,400.30,272.53,322.88,269.31,359.08,297.32,359.74,361.11,
34.406,0,0.03,0.04,0.02,2.23,0.02,0.23,1.92,6.97,0.22,95.53,9.32,0.00,98.16,26.13,58.04,0.00,0.75,0.02,0.22,0.03,0.01,0.00,6.97,0.04,0.00,0.00,0.00,2.94,0.67,0.00,0.00,0.21,0.05,0.00,0.00,1.81,-2.13,0.02,72.31,77.15,306.23,245.48,415.38,361.51,400.00,272.25,322.91,269.27,358.99,297.20,359.50,361.51,
34.584,0,0.07,0.07,0.02,1.25,0.02,6.08,0.94,24.03,0.08,87.84,75.43,-19.43,97.81,24.03,42.95,0.00,1.06,0.21,0.04,0.08,0.45,0.00,64.34,7.27,0.01,0.00,21.53,1.20,0.24,0.00,0.00,0.08,0.29,0.00,0.00,1.19,-3.01,-0.03,71.85,76.98,306.50,245.74,415.04,361.00,399.92,272.34,323.00,269.28,358.42,297.41,359.39,361.00,
34.726,0,0.55,0.22,0.46,0.36,0.02,73.56,0.20,18.94,0.03,1.44,86.60,-61.44,97.34,18.94,9.37,0.00,2.22,0.28,0.00,0.03,0.27,0.03,97.61,97.48,0.01,0.07,69.78,0.27,0.15,0.00,0.00,0.05,3.46,0.00,0.00,1.01,-4.00,-0.88,70.46,76.30,308.24,246.59,414.12,359.19,400.50,272.44,324.25,269.45,358.29,297.05,358.79,359.19,
34.796,0,0.76,0.25,0.50,0.32,0.02,75.33,0.17,16.95,0.05,0.00,86.80,-65.30,97.29,16.95,7.14,0.00,2.80,0.29,0.00,0.05,0.53,0.00,99.82,99.07,0.02,0.08,83.88,0.06,0.13,0.01,0.00,0.09,4.25,0.00,0.00,-0.02,-4.09,-0.45,70.40,74.99,307.79,245.99,414.27,359.04,399.41,272.07,324.50,268.67,358.11,297.13,359.17,359.04,
35.020,0,0.21,0.17,0.45,0.43,0.02,78.99,0.25,22.12,0.07,0.00,90.97,-47.51,97.09,22.12,8.88,0.00,5.13,0.14,0.00,0.07,0.02,0.00,99.96,99.17,0.04,0.01,0.88,0.02,0.17,0.10,0.00,0.17,1.01,0.00,0.00,-0.88,-4.46,-1.38,71.21,75.25,307.14,245.76,413.85,359.10,399.54,272.11,324.41,267.92,357.40,297.33,357.54,359.10,
35.159,0,0.12,0.13,0.15,0.84,0.02,77.03,0.57,33.88,0.04,0.00,96.24,-43.67,97.69,33.88,16.59,0.00,5.56,0.08,0.00,0.02,0.00,0.00,99.81,71.37,0.04,0.00,0.19,0.01,0.20,0.05,0.00,0.12,0.26,0.00,0.00,1.67,-3.28,-1.10,71.11,76.21,306.47,244.98,413.69,359.17,399.46,271.51,323.33,267.87,357.65,295.79,357.45,359.17,
35.313,0,0.06,0.10,0.02,0.97,0.02,28.43,0.69,27.26,0.03,46.57,90.55,-24.03,97.60,27.26,28.62,0.00,4.56,0.01,0.00,0.00,0.00,0.00,92.83,2.37,0.03,0.00,0.00,0.01,0.14,0.00,0.00,0.02,0.25,0.00,0.00,2.41,-3.47,-1.00,71.18,77.02,305.84,245.01,413.07,359.19,399.21,271.36,322.25,268.41,356.88,295.55,356.92,359.19,
35.395,0,0.04,0.06,0.02,1.69,0.02,23.05,1.37,28.75,0.01,53.91,97.13,-23.83,97.22,28.75,45.36,0.00,3.26,0.01,0.00,0.01,0.00,0.00,91.79,1.54,0.01,0.00,0.00,0.01,0.08,0.00,0.00,0.01,0.14,0.00,0.00,0.52,-4.22,-0.63,71.54,77.32,305.79,245.52,413.47,359.87,399.32,271.92,322.07,268.62,356.56,297.02,357.50,359.87,
35.562,0,0.04,0.04,0.02,2.37,0.02,10.70,2.10,24.60,0.01,78.60,98.06,-19.55,97.07,24.60,59.31,0.00,3.76,0.01,0.01,0.01,0.01,0.00,82.86,0.39,0.01,0.00,0.00,0.02,0.07,0.00,0.00,0.00,0.06,0.00,0.00,2.57,-4.50,-0.64,71.09,75.53,305.74,245.05,413.57,360.22,398.45,271.37,322.97,268.50,356.48,295.78,357.55,360.22,
35.700,0,0.06,0.07,0.02,1.18,0.02,15.07,0.85,20.05,0.02,69.87,93.30,-20.17,97.19,20.05,38.61,0.00,7.10,0.01,0.02,0.01,0.01,0.00,87.50,0.65,0.00,0.00,0.00,0.03,0.04,0.00,0.00,0.00,0.04,0.00,0.00,2.73,-4.28,-0.52,71.16,75.02,305.71,245.18,413.49,360.40,398.06,271.33,323.08,268.72,356.58,295.83,357.66,360.40,
35.904,0,0.06,0.08,0.02,1.11,0.02,24.01,0.79,24.34,0.01,51.97,93.26,-23.01,97.43,24.34,33.00,0.00,6.56,0.01,0.01,0.01,0.00,0.00,93.03,0.43,0.00,0.00,0.00,0.03,0.08,0.00,0.00,0.00,0.04,0.00,0.00,3.05,-3.83,-0.39,71.36,75.84,305.93,245.21,413.61,360.23,398.57,271.41,322.77,268.87,356.97,295.70,357.97,360.23,
35.976,0,0.04,0.05,0.02,1.83,0.02,17.85,1.50,24.15,0.01,64.30,98.07,-22.45,97.73,24.15,50.50,0.00,4.91,0.01,0.00,0.01,0.00,0.00,91.73,0.14,0.01,0.00,0.00,0.04,0.07,0.00,0.00,0.00,0.05,0.00,0.00,2.77,-3.19,-0.67,71.23,76.39,305.99,245.24,413.48,359.94,398.97,271.42,322.63,268.82,357.33,295.76,357.60,359.94,
36.054,0,0.04,0.04,0.02,2.28,0.02,13.05,2.01,21.42,0.01,73.91,99.16,-21.47,97.74,21.42,62.05,0.00,3.14,0.00,0.00,0.01,0.00,0.00,90.71,0.11,0.01,0.00,0.00,0.07,0.06,0.00,0.00,0.00,0.07,0.00,0.00,2.65,-3.18,-0.83,71.14,76.57,306.14,245.29,413.56,359.87,399.27,271.59,322.76,268.71,357.45,295.82,357.52,359.87,
36.121,0,0.03,0.04,0.02,2.41,0.02,13.59,2.16,23.12,0.01,72.82,99.21,-21.77,97.78,23.12,62.98,0.00,2.33,0.01,0.00,0.00,0.00,0.00,90.46,0.10,0.01,0.00,0.00,0.10,0.05,0.00,0.00,0.00,0.09,0.00,0.00,2.64,-3.08,-0.82,71.11,76.26,306.04,245.34,413.42,359.89,398.98,271.56,322.77,268.81,357.39,295.86,357.43,359.89,
36.342,0,0.03,0.04,0.02,2.33,0.02,9.74,2.09,21.46,0.02,80.51,99.06,-19.72,97.79,21.46,65.62,0.00,0.57,0.01,0.00,0.01,0.00,0.00,85.64,0.07,0.02,0.00,0.00,0.20,0.05,0.00,0.00,0.00,0.07,0.00,0.00,2.66,-3.05,-0.66,71.03,75.91,305.87,245.26,413.45,359.97,398.63,271.81,322.79,268.56,357.35,295.85,357.56,359.97,
36.490,0,0.04,0.05,0.02,1.55,0.02,9.15,1.26,18.09,0.18,81.71,98.00,-18.67,97.84,18.09,57.20,0.00,0.05,0.01,0.01,0.18,0.00,0.00,84.59,0.07,0.02,0.00,0.00,0.17,0.03,0.00,68.94,0.00,0.04,0.00,0.00,5.18,-2.94,-0.93,71.80,76.28,306.19,246.08,413.32,360.50,399.06,273.23,322.88,269.41,357.52,295.43,357.33,360.50,
36.557,0,0.03,0.04,0.02,1.77,0.02,8.67,1.50,18.34,0.19,82.66,98.53,-18.71,97.82,18.34,61.17,0.00,0.07,0.01,0.02,0.19,0.00,0.00,84.53,0.07,0.01,0.00,0.00,0.09,0.01,0.00,0.00,0.00,0.03,0.00,0.00,1.73,-2.99,-0.86,72.17,77.25,305.82,246.85,413.14,361.09,399.26,273.10,322.07,270.13,357.18,297.71,357.11,361.09,
36.624,0,0.02,0.03,0.02,3.64,0.02,11.03,3.69,28.05,0.07,77.93,99.48,-21.11,97.78,28.05,73.58,0.00,0.11,0.01,0.03,0.07,0.01,0.00,85.19,0.07,0.01,0.00,0.00,0.05,0.01,0.00,0.00,0.00,0.05,0.00,0.00,-0.02,-3.07,-0.97,72.06,77.82,305.81,246.85,413.16,360.81,399.62,273.04,321.87,269.82,357.12,298.43,356.96,360.81,
36.782,0,0.02,0.02,0.01,6.76,0.02,13.28,7.90,36.57,0.03,73.44,99.76,-22.97,97.50,36.57,83.38,0.00,1.08,0.01,0.03,0.01,0.00,0.00,84.99,0.07,0.01,0.00,0.00,0.05,0.01,0.00,0.00,0.00,0.05,0.00,0.00,-0.61,-3.68,-0.85,71.58,77.51,305.84,245.83,414.11,360.85,399.89,272.00,322.44,268.92,357.23,298.09,357.59,360.85,
36.859,0,0.02,0.02,0.01,11.63,0.02,18.86,14.97,45.29,0.02,62.28,99.87,-25.72,97.62,45.29,88.79,0.00,4.22,0.01,0.01,0.02,0.00,0.00,87.13,0.13,0.00,0.00,0.00,0.02,0.01,0.00,0.00,0.00,0.09,0.00,0.00,-1.54,-3.43,-0.94,71.28,76.10,307.50,246.08,414.50,359.54,400.24,271.65,324.19,269.01,358.47,298.11,358.56,359.54,
37.188,0,0.01,0.03,0.01,20.54,0.02,48.19,28.63,77.69,0.03,26.81,99.48,-31.05,96.74,77.69,73.61,0.00,6.76,0.01,0.03,0.01,0.00,0.00,81.07,0.05,0.00,0.00,0.00,0.01,0.01,0.00,0.00,0.00,0.04,0.00,0.00,-0.99,-5.05,-0.57,71.13,75.38,307.33,245.44,415.12,360.11,399.90,271.16,324.57,268.44,357.72,297.61,359.20,360.11,
37.261,0,0.01,0.03,0.01,20.61,0.02,44.46,28.97,76.56,0.04,30.54,99.39,-30.46,96.77,76.56,76.50,0.00,5.40,0.01,0.04,0.01,0.00,0.00,80.10,0.09,0.00,0.00,0.00,0.01,0.02,0.00,0.00,0.00,0.03,0.00,0.00,-0.57,-4.99,-0.95,71.16,75.45,307.10,245.28,415.32,360.51,400.14,271.41,324.76,268.18,357.75,297.48,358.73,360.51,
37.329,0,0.01,0.03,0.01,18.40,0.02,42.31,25.51,68.97,0.02,32.69,99.71,-30.75,97.80,68.97,80.09,0.00,5.21,0.01,0.02,0.01,0.00,0.00,85.99,0.10,0.00,0.00,0.00,0.01,0.02,0.00,0.00,0.00,0.04,0.00,0.00,-1.82,-3.03,-0.42,71.14,75.67,307.70,245.71,415.36,360.06,400.26,270.99,324.62,268.92,359.22,298.19,359.71,360.06,
37.536,0,0.02,0.02,0.01,13.34,0.02,21.31,17.38,52.11,0.02,57.37,99.73,-25.78,96.65,52.11,83.97,0.01,6.49,0.01,0.02,0.02,0.00,0.00,82.75,0.11,0.00,0.00,0.00,0.01,0.02,0.00,0.00,0.00,0.04,0.00,0.00,-0.41,-5.19,-0.96,70.97,75.44,307.32,244.98,415.76,360.49,400.47,271.14,325.10,267.95,357.97,297.21,359.05,360.49,
37.765,0,0.02,0.02,0.01,11.15,0.02,15.33,14.20,49.40,0.04,69.34,99.52,-23.18,97.70,49.40,82.65,0.00,4.74,0.00,0.04,0.01,0.00,0.00,77.09,0.05,0.00,0.00,0.00,0.02,0.04,0.00,0.00,0.00,0.03,0.00,0.00,0.63,-3.25,-0.72,70.78,74.61,307.09,244.74,415.12,359.99,399.45,270.78,324.90,267.88,358.72,296.37,358.96,359.99,
37.834,0,0.02,0.02,0.01,12.32,0.02,6.27,15.95,50.38,0.01,68.09,98.06,-16.85,97.66,50.38,84.10,0.00,5.52,0.01,0.01,0.01,0.00,0.00,58.04,0.04,0.00,0.00,0.00,0.02,0.12,0.00,0.00,0.00,0.02,0.00,0.00,0.72,-3.34,-0.56,70.75,74.75,306.90,244.63,415.10,360.09,399.33,270.57,324.63,267.94,358.54,296.31,359.04,360.09,
37.939,0,0.02,0.02,0.01,11.52,0.02,5.01,14.64,48.71,0.02,70.72,97.05,-15.24,97.15,48.71,82.34,0.00,6.48,0.01,0.02,0.01,0.00,0.00,54.46,0.04,0.00,0.00,0.00,0.02,0.15,0.00,0.00,0.00,0.02,0.00,0.00,0.50,-4.36,-0.77,70.67,74.72,306.75,244.43,415.06,360.02,399.34,270.49,324.68,267.61,357.85,296.24,358.68,360.02,
38.014,0,0.02,0.02,0.01,12.10,0.02,4.68,15.45,49.03,0.02,69.11,96.73,-14.78,97.37,49.03,82.58,0.01,7.41,0.01,0.02,0.01,0.00,0.00,52.89,0.04,0.00,0.00,0.00,0.03,0.18,0.00,0.00,0.00,0.02,0.00,0.00,0.49,-3.94,-0.58,70.69,74.76,306.56,244.29,415.04,359.98,399.15,270.42,324.45,267.54,357.99,296.19,358.80,359.98,
38.306,0,0.03,0.03,0.01,14.75,0.02,7.81,18.05,47.42,0.02,63.90,97.65,-17.84,97.59,47.42,77.05,0.01,19.07,0.01,0.02,0.02,0.00,0.00,62.68,0.30,0.00,0.00,0.00,0.04,0.15,0.00,0.00,0.00,0.02,0.00,0.00,0.05,-3.49,0.00,70.77,74.98,306.77,244.24,415.19,359.76,399.12,269.92,324.17,267.81,358.40,296.32,359.66,359.76,
38.391,0,0.03,0.03,0.01,9.43,0.02,8.51,10.74,43.03,0.02,78.52,97.17,-18.06,97.51,43.03,71.06,0.01,15.02,0.01,0.01,0.02,0.00,0.00,66.27,0.30,0.00,0.00,0.00,0.02,0.07,0.00,0.00,0.00,0.02,0.00,0.00,0.36,-3.66,-0.02,70.79,74.87,306.77,244.21,415.31,359.87,399.13,270.05,324.30,267.77,358.36,296.21,359.69,359.87,
38.459,0,0.03,0.03,0.01,7.94,0.02,12.60,8.76,40.95,0.02,74.79,98.44,-20.82,97.55,40.95,69.24,0.01,13.56,0.01,0.01,0.02,0.00,0.00,75.69,0.26,0.00,0.00,0.00,0.01,0.02,0.00,0.00,0.00,0.02,0.00,0.00,-0.02,-3.59,0.10,70.74,75.00,306.95,244.25,415.26,359.64,399.20,269.81,324.22,267.86,358.46,296.31,359.89,359.64,
38.559,0,0.03,0.04,0.01,5.47,0.02,16.56,5.65,38.37,0.02,66.88,98.55,-22.45,97.54,38.37,63.72,0.01,10.33,0.01,0.01,0.02,0.00,0.00,82.12,0.27,0.00,0.00,0.00,0.01,0.01,0.00,0.00,0.00,0.02,0.00,0.00,-0.36,-3.59,-0.02,70.66,75.39,306.81,244.07,415.45,359.76,399.49,269.74,324.13,267.65,358.48,296.43,359.78,359.76,
38.715,0,0.03,0.05,0.01,3.35,0.02,19.09,3.18,38.24,0.02,61.83,97.04,-22.57,97.81,38.24,54.29,0.01,5.47,0.01,0.02,0.02,0.00,0.00,82.48,0.40,0.00,0.00,0.00,0.00,0.01,0.00,0.00,0.00,0.01,0.00,0.00,-2.06,-3.01,0.00,70.63,75.00,307.06,244.09,415.49,359.34,399.42,269.44,324.44,267.39,358.98,297.04,359.97,359.34,
38.867,0,0.03,0.04,0.01,3.02,0.02,16.13,2.84,33.17,0.01,67.73,98.19,-22.02,98.06,33.17,58.67,0.01,3.42,0.01,0.01,0.01,0.00,0.00,84.33,0.32,0.00,0.00,0.00,0.00,0.01,0.00,0.00,0.00,0.01,0.00,0.00,-1.67,-2.38,0.22,70.91,75.42,307.36,244.08,415.67,359.22,399.74,269.25,324.33,267.63,359.57,296.83,360.47,359.22,
39.029,0,0.03,0.03,0.02,3.25,0.02,9.01,3.08,21.39,0.01,81.98,99.40,-19.78,97.98,21.39,71.18,0.01,4.68,0.01,0.01,0.01,0.00,0.00,85.77,0.19,0.00,0.00,0.00,0.00,0.01,0.00,0.00,0.00,0.03,0.00,0.00,-2.26,-2.58,0.04,71.27,75.48,308.19,244.41,415.65,358.52,400.29,269.23,324.82,267.83,359.87,296.99,360.65,358.52,
39.098,0,0.03,0.03,0.02,4.60,0.02,6.47,4.75,24.94,0.01,87.05,99.37,-17.98,97.28,24.94,78.02,0.00,5.06,0.01,0.01,0.01,0.00,0.00,78.24,0.09,0.00,0.00,0.00,0.00,0.01,0.00,0.00,0.00,0.03,0.00,0.00,1.36,-4.12,0.21,71.53,75.09,306.87,243.18,415.93,359.41,399.47,269.43,324.42,266.98,358.43,295.02,360.30,359.41,
39.175,0,0.02,0.02,0.02,6.52,0.02,5.74,7.25,23.41,0.01,85.49,99.78,-18.43,98.18,23.41,89.10,0.00,6.32,0.01,0.01,0.01,0.00,0.00,80.59,0.06,0.00,0.00,0.00,0.01,0.01,0.00,0.00,0.00,0.03,0.00,0.00,1.07,-2.07,0.30,71.88,75.62,305.67,243.11,415.32,359.75,398.76,269.69,323.18,266.93,358.73,295.36,359.54,359.75,
39.263,0,0.03,0.02,0.02,6.90,0.02,6.73,7.69,22.60,0.02,84.62,99.85,-19.65,98.52,22.60,89.79,0.00,7.95,0.02,0.01,0.02,0.00,0.00,84.67,0.06,0.00,0.00,0.00,0.01,0.01,0.00,0.00,0.00,0.02,0.00,0.00,-0.28,-1.02,0.21,71.84,77.25,305.64,243.45,415.53,360.21,399.72,269.59,322.50,267.42,359.43,296.40,359.53,360.21,
39.410,0,0.02,0.02,0.01,12.56,0.02,10.98,15.66,34.37,0.02,68.67,99.91,-22.86,98.41,34.37,94.19,0.00,11.01,0.02,0.02,0.01,0.00,0.00,86.18,0.05,0.00,0.00,0.00,0.02,0.02,0.00,0.00,0.00,0.01,0.00,0.00,-0.33,-1.37,0.27,71.86,77.06,305.61,243.17,415.71,360.12,399.67,269.41,322.64,267.14,359.30,296.24,359.68,360.12,
39.724,0,0.01,0.02,0.01,12.75,0.02,21.16,16.81,41.65,0.02,57.69,99.96,-27.69,97.98,41.65,96.39,0.00,3.53,0.01,0.02,0.01,0.00,0.00,95.26,0.17,0.00,0.00,0.00,0.04,0.05,0.00,0.00,0.00,0.02,0.00,0.00,1.24,-2.58,0.38,72.28,77.28,305.74,243.53,415.36,360.44,399.63,269.15,322.36,268.07,358.43,295.72,359.66,360.44,
39.879,0,0.02,0.02,0.01,16.20,0.02,23.71,21.67,45.40,0.02,52.58,99.96,-28.35,98.31,45.40,95.98,0.00,7.73,0.02,0.02,0.01,0.00,0.00,94.74,0.11,0.00,0.00,0.00,0.07,0.05,0.00,0.00,0.00,0.01,0.00,0.00,0.51,-1.70,0.09,72.10,77.29,305.88,243.30,415.80,360.20,400.07,269.61,322.82,267.30,359.28,295.92,359.63,360.20,
40.020,0,0.02,0.02,0.01,19.13,0.02,26.24,25.74,48.38,0.02,48.76,99.96,-28.94,98.30,48.38,95.10,0.00,11.03,0.02,0.02,0.01,0.00,0.00,94.49,0.07,0.00,0.00,0.00,0.06,0.06,0.00,0.00,0.00,0.01,0.00,0.00,0.67,-1.70,0.11,72.05,77.38,306.00,243.37,415.82,360.16,400.18,269.69,322.83,267.39,359.34,295.88,359.72,360.16,
40.087,0,0.02,0.02,0.01,18.95,0.02,26.00,25.46,48.42,0.02,49.00,99.95,-28.82,98.22,48.42,94.68,0.00,11.07,0.02,0.02,0.02,0.00,0.00,94.10,0.09,0.00,0.00,0.00,0.06,0.05,0.00,0.00,0.00,0.01,0.00,0.00,0.60,-1.94,0.02,72.03,76.96,305.96,243.38,415.72,360.13,399.95,269.75,323.03,267.27,359.14,295.88,359.54,360.13,
40.261,0,0.02,0.02,0.01,18.62,0.02,25.82,25.08,49.12,0.02,49.18,99.95,-28.69,98.37,49.12,94.43,0.00,10.15,0.01,0.02,0.01,0.00,0.00,93.24,0.08,0.00,0.00,0.00,0.07,0.05,0.00,0.00,0.00,0.01,0.00,0.00,0.65,-1.51,0.29,72.04,76.68,305.66,243.27,415.72,360.31,399.49,269.70,322.85,267.29,359.24,295.91,359.72,360.31,
40.327,0,0.02,0.02,0.01,13.73,0.02,19.99,17.91,42.69,0.03,60.02,99.94,-26.85,98.00,42.69,93.56,0.00,7.14,0.02,0.03,0.02,0.00,0.00,92.19,0.07,0.00,0.00,0.00,0.07,0.06,0.00,0.00,0.00,0.01,0.00,0.00,1.33,-2.55,0.23,72.33,77.24,305.85,243.87,415.41,360.58,399.77,269.91,322.55,268.11,358.54,295.98,359.57,360.58,
40.488,0,0.02,0.02,0.02,6.67,0.02,11.43,7.73,26.26,0.19,77.14,99.94,-23.51,98.40,26.26,92.00,0.00,2.19,0.02,0.14,0.19,0.02,0.00,93.24,0.05,0.00,0.00,0.00,0.07,0.06,0.00,0.01,0.00,0.01,0.00,0.00,4.14,-1.40,0.96,72.84,77.53,305.51,243.46,415.46,360.54,399.32,270.27,321.81,268.31,359.05,294.61,360.32,360.54,
40.629,0,0.02,0.02,0.02,6.12,0.02,9.86,6.91,22.90,0.28,80.29,99.94,-22.55,98.45,22.90,91.88,0.01,2.73,0.02,0.28,0.02,0.01,0.00,92.86,0.08,0.00,0.00,0.00,0.05,0.08,0.00,0.00,0.00,0.00,0.00,0.00,1.82,-1.23,0.79,72.55,75.72,305.24,243.12,415.64,360.36,398.45,270.33,322.80,267.17,359.16,295.44,360.08,360.36,
40.703,0,0.02,0.02,0.01,10.71,0.02,12.55,12.97,29.21,0.12,74.06,99.95,-24.18,98.21,29.21,94.37,0.01,10.65,0.02,0.12,0.02,0.00,0.00,93.41,0.09,0.00,0.00,0.00,0.07,0.09,0.00,0.00,0.00,0.00,0.00,0.00,1.91,-1.98,0.55,72.65,76.07,305.02,243.41,415.62,360.92,398.65,270.70,322.65,267.44,358.59,295.77,359.66,360.92,
40.903,0,0.13,0.02,0.01,65.49,0.02,21.68,74.89,43.80,0.01,0.11,99.96,-27.83,98.36,43.80,97.20,0.01,65.13,0.00,0.01,0.00,0.00,0.00,94.30,0.06,0.00,0.00,0.00,0.09,0.09,0.00,0.00,0.00,0.00,0.00,0.00,0.87,-1.52,1.08,72.45,75.61,304.85,243.34,415.56,360.80,398.00,270.29,322.44,267.50,358.73,296.20,360.17,360.80,
40.971,0,0.07,0.02,0.01,56.85,0.02,28.49,68.20,51.95,0.03,6.80,99.96,-29.58,98.65,51.95,96.28,0.01,49.99,0.02,0.03,0.01,0.01,0.00,93.96,0.07,0.00,0.00,0.00,0.07,0.09,0.00,0.00,0.00,0.00,0.00,0.00,1.50,-0.54,1.44,72.24,74.62,304.59,242.76,415.92,361.24,397.35,269.43,322.75,267.39,359.37,295.66,360.66,361.24,
41.042,0,0.06,0.02,0.01,50.66,0.02,27.03,62.20,51.24,0.05,12.80,99.95,-29.13,98.30,51.24,96.05,0.01,44.55,0.04,0.05,0.02,0.02,0.00,93.12,0.08,0.00,0.00,0.00,0.07,0.11,0.00,0.00,0.00,0.00,0.00,0.00,2.70,-1.70,0.80,72.12,73.95,304.22,242.53,415.42,361.39,396.95,269.17,323.03,267.10,358.29,294.83,359.47,361.39,
41.108,0,0.05,0.02,0.01,49.22,0.02,30.66,61.11,53.55,0.06,13.89,99.96,-30.10,98.40,53.55,95.77,0.01,41.42,0.04,0.06,0.01,0.03,0.00,94.39,0.11,0.00,0.00,0.00,0.07,0.10,0.00,0.00,0.00,0.00,0.00,0.00,2.85,-1.40,0.96,72.44,74.39,304.24,243.03,415.02,361.33,396.89,269.64,322.53,267.64,358.26,295.09,359.47,361.33,
41.176,0,0.02,0.02,0.01,19.05,0.02,33.81,26.06,55.93,0.22,41.19,99.93,-30.34,98.53,55.93,90.58,0.01,8.36,0.03,0.22,0.04,0.02,0.00,93.48,0.09,0.00,0.00,0.00,0.10,0.10,0.00,0.79,0.00,0.00,0.00,0.00,5.08,-0.99,0.55,72.53,76.20,304.71,243.26,415.37,361.55,398.44,270.44,322.28,268.05,358.91,294.33,359.40,361.55,
41.333,0,0.01,0.03,0.01,12.14,0.02,37.41,16.12,57.63,0.21,37.59,99.84,-30.26,98.26,57.63,81.45,0.01,1.24,0.01,0.21,0.02,0.00,0.00,92.15,0.05,0.00,0.00,0.00,0.09,0.10,0.00,0.00,0.00,0.00,0.00,0.00,1.60,-1.83,0.33,72.43,75.51,305.38,244.07,415.10,361.01,398.43,270.45,322.95,268.13,358.62,296.14,359.34,361.01,
41.486,0,0.01,0.03,0.01,10.28,0.02,31.49,13.22,52.19,0.06,43.51,99.84,-28.92,98.25,52.19,81.64,0.01,0.92,0.02,0.06,0.02,0.00,0.00,91.88,0.05,0.00,0.00,0.00,0.09,0.09,0.00,0.00,0.00,0.01,0.00,0.00,0.63,-1.86,-0.05,72.22,77.16,305.64,244.31,415.56,361.29,399.85,270.63,322.73,268.28,358.95,296.88,359.22,361.29,
41.557,0,0.02,0.03,0.01,8.73,0.02,26.72,10.85,47.46,0.05,48.28,99.83,-27.65,98.28,47.46,81.07,0.01,0.83,0.02,0.05,0.02,0.00,0.00,91.34,0.06,0.00,0.00,0.00,0.11,0.10,0.00,0.00,0.00,0.01,0.00,0.00,0.03,-1.78,0.30,72.12,77.04,305.73,244.39,415.44,361.03,399.57,270.39,322.56,268.43,358.97,297.11,359.62,361.03,
41.691,0,0.02,0.03,0.01,6.10,0.02,14.54,6.99,35.83,0.03,70.93,99.75,-23.44,98.24,35.83,81.10,0.00,0.79,0.02,0.03,0.01,0.00,0.00,86.87,0.08,0.00,0.00,0.00,0.15,0.17,0.00,0.00,0.00,0.01,0.00,0.00,-0.15,-1.88,0.12,72.01,77.08,305.62,244.40,415.33,361.14,399.59,270.27,322.54,268.42,358.81,297.20,359.30,361.14,
41.798,0,0.02,0.02,0.01,6.08,0.02,10.95,6.93,31.41,0.02,78.10,99.80,-22.03,98.03,31.41,84.99,0.00,1.16,0.01,0.02,0.01,0.00,0.00,85.73,0.06,0.00,0.00,0.00,0.17,0.12,0.00,0.00,0.00,0.01,0.00,0.00,-0.08,-2.45,0.17,71.89,76.05,305.39,244.26,415.27,361.37,398.90,270.02,322.87,268.32,358.33,297.11,359.21,361.37,
41.865,0,0.02,0.02,0.01,7.16,0.02,9.66,8.39,32.25,0.01,80.68,99.81,-21.41,97.83,32.25,88.05,0.00,2.21,0.01,0.01,0.01,0.00,0.00,83.38,0.03,0.00,0.00,0.00,0.25,0.11,0.00,0.00,0.00,0.01,0.00,0.00,0.38,-2.97,0.18,71.94,76.04,305.28,244.16,415.12,361.34,398.78,269.88,322.75,268.32,357.89,296.80,359.08,361.34,
42.091,0,0.02,0.02,0.01,8.10,0.02,5.29,9.61,33.14,0.01,80.78,99.53,-17.29,97.75,33.14,89.15,0.00,3.85,0.01,0.00,0.01,0.00,0.00,70.81,0.01,0.00,0.00,0.00,0.35,0.07,0.00,0.00,0.00,0.02,0.00,0.00,1.22,-3.14,0.32,72.19,75.83,305.15,244.17,415.08,361.50,398.50,270.05,322.68,268.47,357.70,296.49,359.16,361.50,
42.182,0,0.02,0.02,0.01,7.68,0.02,5.18,9.03,32.08,0.01,81.94,99.54,-17.18,97.75,32.08,88.95,0.00,3.47,0.01,0.00,0.01,0.00,0.00,71.20,0.01,0.00,0.00,0.00,0.32,0.06,0.00,0.00,0.00,0.01,0.00,0.00,0.72,-3.15,0.10,72.11,75.59,305.01,244.09,415.07,361.57,398.43,270.03,322.86,268.20,357.64,296.68,358.83,361.57,
42.249,0,0.02,0.02,0.02,6.31,0.02,3.75,7.08,25.27,0.01,85.84,99.53,-15.46,97.45,25.27,89.34,0.00,3.57,0.01,0.01,0.01,0.00,0.00,70.74,0.01,0.00,0.00,0.00,0.31,0.03,0.00,0.00,0.00,0.02,0.00,0.00,0.00,-3.77,0.43,72.02,75.82,305.32,244.34,415.00,361.31,398.48,269.79,322.67,268.57,357.35,297.07,359.32,361.31,
42.629,0,0.02,0.02,0.02,3.99,0.02,4.16,4.08,19.34,0.02,91.69,99.51,-15.89,97.90,19.34,83.56,0.00,1.29,0.01,0.02,0.01,0.00,0.00,75.95,0.02,0.00,0.00,0.00,0.28,0.04,0.00,0.00,0.00,0.01,0.00,0.00,0.56,-2.79,0.13,72.16,76.50,305.09,244.40,414.27,360.79,398.51,270.04,322.03,268.48,357.47,296.65,358.50,360.79,
42.708,0,0.02,0.02,0.01,8.69,0.02,6.35,10.72,39.90,0.04,78.55,99.37,-18.00,97.98,39.90,88.01,0.01,1.15,0.01,0.04,0.01,0.00,0.00,68.36,0.01,0.00,0.00,0.00,0.25,0.07,0.00,0.00,0.00,0.01,0.00,0.00,0.89,-2.59,-0.24,72.06,76.29,305.38,244.20,414.57,360.67,398.91,270.13,322.65,268.07,357.91,296.30,358.37,360.67,
42.786,0,0.01,0.02,0.01,13.63,0.02,7.94,18.47,52.82,0.04,63.07,99.18,-19.01,98.02,52.82,90.29,0.01,1.08,0.01,0.04,0.02,0.00,0.00,62.68,0.01,0.00,0.00,0.00,0.32,0.17,0.00,0.00,0.00,0.01,0.00,0.00,0.77,-2.49,-0.23,72.10,76.50,305.28,244.10,414.66,360.64,399.00,270.30,322.53,267.88,357.96,296.35,358.38,360.64,
42.856,0,0.01,0.02,0.01,10.98,0.02,6.20,14.23,45.05,0.04,71.54,99.28,-17.78,98.07,45.05,90.41,0.01,1.28,0.01,0.04,0.01,0.00,0.00,64.30,0.01,0.00,0.00,0.00,0.37,0.15,0.00,0.00,0.00,0.01,0.00,0.00,0.59,-2.35,0.22,72.27,76.82,305.10,244.38,414.38,360.85,398.68,269.92,321.87,268.62,357.78,296.66,358.68,360.85,
43.064,0,0.02,0.02,0.01,7.39,0.02,4.44,8.78,32.17,0.04,82.43,99.48,-16.28,98.03,32.17,90.25,0.01,1.28,0.01,0.04,0.03,0.00,0.00,68.50,0.02,0.00,0.00,0.00,0.35,0.14,0.00,0.00,0.00,0.02,0.00,0.00,0.95,-2.45,-0.35,72.20,76.79,305.60,244.18,414.65,360.44,399.37,270.17,322.61,268.02,358.13,296.19,358.38,360.44,
43.209,0,0.02,0.02,0.01,7.29,0.02,6.03,8.66,35.26,0.06,82.68,99.46,-17.85,98.10,35.26,87.28,0.00,0.79,0.01,0.06,0.01,0.00,0.00,71.04,0.01,0.00,0.00,0.00,0.33,0.13,0.00,0.00,0.00,0.02,0.00,0.00,0.31,-2.28,-0.10,72.06,76.68,305.59,244.28,414.60,360.38,399.14,270.11,322.49,268.11,358.20,296.55,358.65,360.38,
43.281,0,0.02,0.02,0.01,6.04,0.02,5.01,6.88,30.41,0.06,86.24,99.42,-16.75,98.10,30.41,86.16,0.00,0.78,0.01,0.06,0.01,0.00,0.00,71.08,0.01,0.00,0.00,0.00,0.25,0.12,0.00,0.00,0.00,0.01,0.00,0.00,0.94,-2.28,-0.04,72.07,76.90,305.45,244.31,414.54,360.56,399.12,270.21,322.24,268.30,358.09,296.35,358.62,360.56,
43.360,0,0.02,0.02,0.02,5.02,0.02,5.30,5.48,28.01,0.04,89.05,99.34,-16.90,98.12,28.01,82.64,0.00,0.88,0.01,0.04,0.01,0.00,0.00,73.11,0.01,0.00,0.00,0.00,0.13,0.10,0.00,0.00,0.00,0.01,0.00,0.00,1.56,-2.22,-0.11,72.13,76.59,305.49,244.33,414.55,360.68,399.03,270.32,322.46,268.35,358.16,296.10,358.57,360.68,
43.427,0,0.02,0.02,0.01,7.96,0.02,8.47,9.68,39.70,0.04,80.64,99.50,-19.77,98.26,39.70,85.65,0.00,0.95,0.01,0.04,0.01,0.00,0.00,73.64,0.01,0.00,0.00,0.00,0.14,0.11,0.00,0.00,0.00,0.01,0.00,0.00,2.14,-1.84,-0.07,72.28,76.14,305.07,244.10,414.64,360.92,398.60,270.74,322.50,268.02,358.24,295.88,358.46,360.92,
43.585,0,0.01,0.02,0.01,9.15,0.02,11.57,11.51,47.52,0.04,76.86,99.33,-21.22,98.28,47.52,82.85,0.00,0.58,0.02,0.04,0.01,0.00,0.00,72.64,0.02,0.00,0.00,0.00,0.10,0.10,0.00,0.00,0.00,0.01,0.00,0.00,2.63,-1.78,0.61,72.64,76.25,304.78,244.41,414.45,361.22,398.01,270.99,321.80,268.73,357.99,296.04,359.03,361.22,
43.659,0,0.01,0.03,0.01,9.62,0.02,16.26,12.25,51.71,0.05,67.47,99.38,-23.28,98.29,51.71,80.61,0.00,0.34,0.02,0.05,0.02,0.00,0.00,75.83,0.03,0.00,0.00,0.00,0.10,0.08,0.00,0.00,0.00,0.01,0.00,0.00,3.33,-1.74,0.67,72.80,75.99,305.02,244.76,414.22,361.33,397.86,270.96,321.89,269.29,358.02,295.88,359.11,361.33,
43.735,0,0.02,0.03,0.01,4.35,0.02,8.50,4.61,30.53,0.09,83.01,99.31,-19.38,98.51,30.53,76.53,0.00,0.18,0.02,0.09,0.03,0.01,0.00,78.58,0.05,0.00,0.00,0.00,0.09,0.07,0.00,0.00,0.00,0.01,0.00,0.00,4.57,-1.03,0.66,72.60,76.72,304.92,244.09,414.59,361.10,398.36,270.93,321.67,268.75,358.59,294.93,359.24,361.10,
43.903,0,0.03,0.03,0.02,3.06,0.02,6.92,2.98,20.77,0.17,86.15,99.44,-18.45,98.28,20.77,75.45,0.01,0.11,0.03,0.17,0.09,0.01,0.00,82.34,0.04,0.00,0.00,0.00,0.09,0.06,0.00,0.05,0.00,0.01,0.00,0.00,5.28,-1.76,0.27,72.82,77.16,304.76,244.75,413.95,361.36,398.42,271.69,321.30,269.27,357.75,295.06,358.36,361.36,
44.037,0,0.04,0.05,0.02,1.13,0.02,9.01,0.86,13.43,0.33,81.98,97.55,-18.30,98.36,13.43,52.47,0.01,0.03,0.02,0.33,0.12,0.00,0.00,86.71,0.06,0.00,0.00,0.00,0.05,0.03,0.00,0.07,0.00,0.01,0.00,0.00,5.31,-1.53,0.00,72.46,77.32,305.10,244.69,413.43,360.40,398.56,271.46,321.28,269.00,357.81,294.60,357.95,360.40,
44.121,0,0.05,0.06,0.02,0.83,0.02,7.59,0.58,10.70,0.27,84.81,94.73,-16.54,97.77,10.70,45.83,0.01,0.02,0.01,0.27,0.10,0.01,0.00,83.45,0.03,0.00,0.00,0.00,0.04,0.01,0.00,0.37,0.00,0.01,0.00,0.00,4.96,-3.09,-0.50,71.92,76.06,306.56,244.87,413.31,358.96,398.91,270.95,322.87,268.88,357.58,294.17,358.01,358.96,
44.267,0,0.07,0.10,0.02,0.47,0.02,7.58,0.28,13.39,0.11,84.84,64.13,-14.20,97.88,13.39,25.71,0.01,0.01,0.00,0.11,0.10,0.00,0.00,74.85,0.03,0.00,0.00,0.00,0.02,0.01,0.00,6.36,0.00,0.01,0.00,0.00,5.86,-2.85,-0.40,71.55,75.93,306.45,244.04,413.29,358.24,398.69,270.86,322.83,267.73,357.67,293.00,358.08,358.24,
44.345,0,0.08,0.13,0.02,0.35,0.02,4.25,0.19,13.50,0.08,91.50,21.16,-9.24,97.85,13.50,16.56,0.01,0.01,0.00,0.06,0.08,0.00,0.00,60.40,0.01,0.00,0.00,0.00,0.04,0.01,0.00,14.62,0.00,0.01,0.00,0.00,5.94,-2.91,-0.59,71.58,76.40,306.79,244.26,413.14,357.93,399.15,271.00,322.81,267.85,357.73,292.96,357.94,357.93,
44.514,0,0.07,0.12,0.02,0.39,0.02,1.39,0.23,13.90,0.06,97.22,6.26,-2.17,98.15,13.90,20.04,0.01,0.01,0.00,0.04,0.06,0.00,0.00,39.61,0.00,0.00,0.00,0.00,0.07,0.01,0.00,14.66,0.00,0.01,0.00,0.00,7.25,-2.13,-0.20,72.18,75.73,306.63,245.09,412.54,358.65,398.21,271.15,322.50,269.30,357.81,293.08,358.04,358.65,
44.596,0,0.06,0.07,0.02,0.55,0.02,0.17,0.34,4.46,0.08,98.90,3.92,0.00,98.28,4.46,39.48,0.00,0.01,0.00,0.05,0.08,0.00,0.00,14.05,0.00,0.00,0.00,0.00,0.28,0.04,0.00,10.38,0.00,0.01,0.00,0.00,7.93,-1.78,-0.35,72.54,76.69,306.21,245.34,412.05,358.82,398.32,271.73,321.66,269.49,357.55,293.03,357.40,358.82,
44.673,0,0.07,0.09,0.02,0.42,0.02,0.12,0.24,3.71,0.08,99.15,1.14,0.00,98.26,3.71,31.86,0.00,0.01,0.01,0.05,0.08,0.00,0.00,5.65,0.00,0.00,0.00,0.00,1.07,0.14,0.00,12.08,0.00,0.01,0.00,0.00,7.93,-1.83,-0.15,72.56,76.80,306.14,245.29,412.14,358.82,398.27,271.79,321.50,269.50,357.52,293.05,357.65,358.82,
44.805,0,0.09,0.11,0.03,0.30,0.02,0.12,0.15,2.43,0.15,99.40,0.44,0.00,98.30,3.16,20.90,0.00,0.02,0.01,0.07,0.15,0.00,0.00,2.43,0.00,0.00,0.00,0.00,3.09,0.31,0.00,15.87,0.00,0.01,0.00,0.00,8.29,-1.73,-0.09,72.40,76.30,306.12,245.17,412.31,359.00,398.05,271.74,321.79,269.44,357.66,292.87,357.80,359.00,
44.898,0,0.12,0.13,0.04,0.35,0.02,0.13,0.14,1.42,0.14,99.30,0.75,0.00,98.54,4.74,17.25,0.00,0.01,0.01,0.14,0.08,0.01,0.00,1.42,0.00,0.00,0.00,0.00,14.44,0.82,0.00,41.84,0.00,0.01,0.00,0.00,8.75,-0.94,0.30,72.63,76.34,305.66,245.05,412.91,359.94,397.90,272.06,321.60,269.63,358.19,293.05,358.35,359.94,
44.976,0,0.21,0.14,0.07,0.54,0.02,0.15,0.15,0.86,0.31,98.91,3.15,0.00,98.29,7.68,14.12,0.00,0.01,0.01,0.31,0.08,0.04,0.00,0.86,0.00,0.00,0.00,0.00,36.57,1.58,0.00,59.39,0.00,0.01,0.00,0.00,9.17,-1.74,-0.02,73.14,76.21,305.18,245.41,412.93,361.27,397.81,272.23,321.63,270.21,357.50,293.42,357.73,361.27,
45.085,0,0.53,0.14,0.27,1.48,0.02,0.20,0.21,0.46,0.46,97.05,49.10,0.00,98.10,14.04,12.73,0.01,0.01,0.03,1.15,0.25,0.14,0.00,0.46,0.00,0.00,0.00,0.00,78.84,5.57,0.00,37.36,0.00,0.00,0.00,0.00,10.81,-2.28,-0.55,72.98,76.11,304.80,244.05,413.90,361.80,398.37,271.48,322.29,269.18,357.50,291.93,357.40,361.80,
45.301,0,0.38,0.06,0.40,9.70,0.02,0.22,2.75,0.33,0.33,80.59,98.32,0.00,96.78,28.29,45.73,0.01,0.10,0.05,1.00,0.01,0.00,0.00,0.33,0.00,0.00,0.00,0.00,98.24,20.32,0.00,0.04,0.00,0.00,0.00,0.00,7.93,-4.98,-0.30,74.20,74.93,302.96,240.72,414.74,361.28,397.15,268.35,322.26,265.84,355.39,290.98,357.15,361.28,
45.380,0,0.19,0.02,0.45,30.87,0.02,0.08,35.89,0.24,0.13,39.11,99.96,0.00,98.18,23.90,91.61,0.01,0.31,0.02,0.13,0.01,0.00,0.00,0.24,0.00,0.00,0.00,0.00,99.89,50.26,0.00,0.02,0.00,0.00,0.00,0.00,7.58,-2.05,-1.04,74.01,75.21,303.00,240.06,414.80,360.44,397.71,268.31,322.59,264.59,357.23,290.50,356.40,360.44,
45.451,0,0.18,0.02,0.44,34.52,0.02,0.09,58.16,0.32,0.11,16.84,99.97,0.00,97.48,25.76,94.32,0.01,0.61,0.02,0.11,0.00,0.00,0.00,0.32,0.00,0.00,0.00,0.00,99.97,67.21,0.00,0.00,0.00,0.00,0.00,0.00,7.22,-3.72,-1.18,74.20,75.04,303.07,239.64,414.74,359.98,397.73,267.65,322.77,264.13,356.24,290.15,356.21,359.98,
45.592,0,0.19,0.02,0.46,32.53,0.02,0.07,72.50,0.49,0.06,2.50,99.97,0.00,98.01,22.31,94.73,0.00,0.91,0.00,0.06,0.00,0.00,0.00,0.49,0.00,0.00,0.00,0.00,99.99,85.32,0.00,0.00,0.00,0.00,0.00,0.00,6.87,-2.51,-1.02,73.80,74.42,303.20,238.92,414.98,359.24,397.48,267.05,323.16,263.30,357.17,289.65,356.64,359.24,
45.671,0,0.22,0.02,0.49,29.29,0.02,0.06,64.77,0.46,0.03,10.23,99.97,0.00,97.88,18.24,93.12,0.00,1.84,0.01,0.03,0.00,0.00,0.00,0.46,0.00,0.00,0.00,0.00,99.99,81.42,0.00,0.00,0.00,0.00,0.00,0.00,9.89,-2.84,-0.65,73.62,74.51,302.12,238.22,414.22,359.51,396.42,266.30,321.97,263.49,356.02,287.77,356.12,359.51,
45.804,0,0.23,0.02,0.49,27.14,0.02,0.07,56.57,0.36,0.02,18.43,99.96,0.00,98.14,18.26,89.91,0.00,1.84,0.01,0.02,0.00,0.00,0.00,0.36,0.00,0.00,0.00,0.00,99.98,76.33,0.00,0.00,0.00,0.00,0.00,0.00,8.57,-2.18,-0.35,73.75,73.88,302.49,238.78,414.19,359.40,396.09,266.48,322.25,263.87,356.59,288.74,356.67,359.40,
45.944,0,0.23,0.02,0.50,29.92,0.02,0.06,43.84,0.43,0.01,31.16,99.97,0.00,97.73,17.67,93.56,0.01,2.71,0.00,0.01,0.00,0.00,0.00,0.43,0.00,0.00,0.00,0.00,99.96,60.11,0.00,0.00,0.00,0.00,0.00,0.00,9.83,-3.18,-0.54,73.53,74.76,301.74,238.33,413.77,359.51,396.07,266.31,321.36,263.67,355.40,287.87,355.83,359.51,
46.010,0,0.23,0.02,0.52,28.88,0.02,0.05,21.09,0.41,0.01,46.12,99.97,0.00,97.94,15.22,94.55,0.00,2.70,0.00,0.01,0.00,0.00,0.00,0.41,0.00,0.00,0.00,0.00,99.93,35.86,0.00,0.00,0.00,0.00,0.00,0.00,9.93,-2.70,-0.80,73.79,74.66,301.92,238.98,413.31,359.38,396.04,266.63,321.41,264.45,355.56,288.22,355.40,359.38,
46.146,0,0.26,0.02,0.58,23.36,0.02,0.04,6.93,0.56,0.00,53.29,99.97,0.00,97.98,7.99,93.56,0.00,2.40,0.00,0.00,0.00,0.00,0.00,0.56,0.00,0.00,0.00,0.00,99.85,13.72,0.00,0.00,0.00,0.00,0.00,0.00,9.63,-2.59,-0.88,73.52,73.90,301.80,238.36,413.69,359.36,395.83,265.99,321.95,263.93,355.78,287.96,355.45,359.36,
46.314,0,0.29,0.02,0.61,18.01,0.02,0.04,3.46,1.07,0.01,63.98,99.95,0.00,98.08,5.22,87.99,0.00,1.24,0.00,0.00,0.01,0.00,0.00,1.07,0.00,0.00,0.00,0.00,99.73,5.65,0.00,0.00,0.00,0.00,0.00,0.00,10.33,-2.33,-1.06,73.52,73.87,301.90,238.42,413.69,359.40,395.95,266.27,322.12,263.93,355.99,287.65,355.31,359.40,
46.451,0,0.28,0.02,0.58,17.91,0.02,0.05,3.28,1.83,0.01,64.18,99.94,0.00,98.19,7.67,86.16,0.00,0.66,0.01,0.01,0.01,0.00,0.00,1.83,0.00,0.00,0.00,0.00,99.51,4.31,0.00,0.00,0.00,0.00,0.00,0.00,10.69,-2.03,-0.76,73.29,74.25,301.93,238.48,413.61,359.44,395.95,266.28,321.74,264.06,356.12,287.51,355.62,359.44,
46.618,0,0.24,0.02,0.51,21.28,0.02,0.06,4.19,2.07,0.11,57.45,99.94,0.00,98.24,14.34,86.95,0.00,0.14,0.02,0.11,0.04,0.02,0.00,2.07,0.00,0.00,0.00,0.00,98.86,3.49,0.00,1.29,0.00,0.00,0.00,0.00,12.73,-1.90,-0.73,73.01,76.38,301.47,238.46,413.14,359.23,396.55,267.45,320.24,263.90,355.69,286.60,355.14,359.23,
46.685,0,0.22,0.02,0.44,21.91,0.02,0.09,4.59,3.91,0.20,56.18,99.92,0.00,98.00,18.89,84.87,0.01,0.08,0.01,0.20,0.03,0.01,0.00,3.91,0.00,0.00,0.00,0.00,96.69,3.33,0.00,0.92,0.00,0.00,0.00,0.00,13.68,-2.55,-1.11,72.57,76.95,301.52,238.58,412.93,359.17,396.97,267.86,320.13,263.93,355.22,286.16,354.57,359.17,
46.914,0,0.12,0.04,0.10,3.64,0.02,0.26,1.17,12.70,0.20,92.73,76.96,0.00,97.62,12.70,60.04,0.01,0.02,0.00,0.20,0.12,0.01,0.00,21.18,0.03,0.00,0.00,0.00,48.31,0.72,0.00,0.67,0.00,0.00,0.00,0.00,10.49,-3.44,-0.73,72.91,77.39,301.76,242.06,411.15,359.92,396.24,269.97,318.91,266.95,353.86,290.20,354.21,359.92,
47.078,0,0.07,0.10,0.02,0.45,0.02,6.20,0.26,9.35,0.48,87.59,66.77,-13.75,97.78,9.35,27.83,0.01,0.01,0.04,0.13,0.48,0.04,0.00,74.19,2.42,0.00,0.00,0.00,1.81,0.20,0.00,0.31,0.00,0.00,0.00,0.00,7.84,-3.08,-1.15,74.72,76.65,302.28,243.27,410.12,358.90,395.83,271.00,319.28,267.03,353.88,291.84,353.51,358.90,
47.161,0,0.08,0.11,0.04,0.42,0.02,27.77,0.25,11.85,0.92,47.23,91.73,-26.44,97.79,11.85,24.20,0.00,0.01,0.03,0.07,0.92,0.17,0.00,99.08,16.99,0.01,0.00,0.00,0.08,0.04,0.00,0.40,0.00,0.00,0.00,0.00,7.99,-3.06,-1.06,73.29,75.68,302.77,243.04,410.43,358.44,395.66,270.91,320.10,266.65,354.31,291.45,354.04,358.44,
47.307,0,0.09,0.13,0.04,0.30,0.02,30.92,0.17,10.60,0.60,44.08,85.74,-26.61,97.16,10.60,15.92,0.00,0.01,0.01,0.10,0.60,0.04,0.00,99.74,18.63,0.01,0.00,0.00,0.01,0.01,0.00,0.87,0.00,0.00,0.00,0.00,7.96,-4.34,-1.93,72.60,77.12,302.78,243.34,410.27,358.62,396.85,271.43,319.88,266.64,353.46,291.64,352.85,358.62,
47.447,0,0.10,0.15,0.02,0.20,0.02,20.82,0.10,4.17,1.33,58.37,78.87,-21.32,97.74,4.17,9.95,0.00,0.01,0.02,0.20,1.33,0.07,0.00,99.77,0.50,0.02,0.00,0.00,0.00,0.01,0.00,2.20,0.00,0.00,0.00,0.00,8.60,-3.16,-1.41,73.22,76.37,302.58,243.18,410.16,358.58,395.98,271.26,319.75,266.74,354.02,291.30,353.37,358.58,
47.527,0,0.10,0.16,0.02,0.20,0.02,21.83,0.10,5.39,0.77,56.33,75.93,-21.13,96.88,5.39,8.34,0.01,0.01,0.01,0.30,0.77,0.02,0.00,99.29,0.26,0.01,0.00,0.00,0.01,0.01,0.00,37.57,0.00,0.00,0.00,0.00,7.57,-4.82,-2.43,72.74,77.03,302.83,243.27,410.31,358.36,397.14,271.54,320.28,266.42,353.23,291.72,352.30,358.36,
47.621,0,0.11,0.18,0.02,0.18,0.02,24.24,0.09,7.69,1.05,51.52,73.53,-21.39,96.93,7.69,3.34,0.01,0.00,0.02,1.05,0.88,0.01,0.00,98.35,0.27,0.00,0.00,0.00,0.01,0.01,0.00,21.04,0.00,0.00,0.00,0.00,8.15,-4.74,-2.52,72.08,77.11,302.17,243.28,410.06,358.85,396.78,271.73,319.84,266.64,352.83,291.68,351.73,358.85,
47.688,0,0.11,0.18,0.02,0.18,0.02,17.10,0.09,8.07,0.79,65.80,58.42,-18.39,97.31,8.07,2.46,0.01,0.00,0.02,0.74,0.79,0.02,0.00,89.50,0.29,0.00,0.00,0.00,0.02,0.01,0.00,4.73,0.00,0.00,0.00,0.00,8.48,-4.06,-2.79,71.99,76.83,301.29,244.39,408.89,359.80,395.73,273.11,319.11,267.34,352.25,292.50,350.42,359.80,
47.754,0,0.10,0.18,0.02,0.19,0.02,20.67,0.09,9.76,0.39,58.65,66.85,-19.51,96.89,9.76,2.74,0.01,0.02,0.01,0.39,0.20,0.02,0.00,92.30,0.46,0.00,0.00,0.01,0.02,0.01,0.00,0.09,0.00,0.00,0.00,0.00,4.45,-4.81,-2.04,71.76,77.72,300.77,246.35,408.72,361.40,395.47,273.97,317.88,269.59,351.37,296.34,350.89,361.40,
47.864,0,0.14,0.18,0.03,0.18,0.02,24.65,0.09,8.06,0.50,50.70,70.41,-25.29,97.49,8.06,2.97,0.01,0.09,0.11,0.10,0.50,0.05,0.00,96.06,6.52,0.00,0.00,14.78,0.01,0.01,0.00,0.03,0.00,0.01,0.00,0.00,2.03,-3.70,-2.42,72.33,77.47,299.45,252.32,407.15,366.68,394.10,279.75,316.77,275.06,350.64,303.20,349.03,366.68,
48.079,0,1.05,0.21,0.82,0.14,0.03,62.31,0.07,4.68,6.86,12.69,74.74,-66.99,97.09,4.68,0.46,0.01,0.14,3.87,0.01,6.86,0.32,0.07,98.42,97.79,0.01,1.29,99.97,0.03,0.01,0.00,91.34,0.00,0.69,0.00,0.00,-5.47,-4.45,-2.94,68.97,78.93,299.86,266.61,405.64,377.59,394.59,293.61,315.91,287.28,349.60,319.50,347.75,377.59,
48.146,0,1.09,0.85,0.71,0.44,0.03,64.06,0.07,4.93,4.24,10.94,71.64,-66.76,95.77,4.93,0.07,0.01,0.01,2.20,0.00,4.24,0.15,12.16,99.04,97.68,0.02,86.12,99.94,0.02,0.01,0.06,88.36,0.02,14.04,0.00,0.00,-6.97,-6.40,-1.54,68.40,79.79,300.05,266.76,405.13,376.77,394.10,292.76,314.47,287.78,348.08,319.90,349.21,376.77,
48.223,0,1.16,0.58,0.59,0.38,0.03,62.12,0.06,2.79,1.19,12.88,67.35,-64.79,95.49,2.79,0.08,0.00,0.01,1.15,0.00,1.19,0.13,13.14,99.31,95.54,0.03,77.22,99.55,0.03,0.01,0.67,88.70,0.09,10.54,0.00,0.00,-7.95,-6.73,-1.72,68.43,80.40,301.04,266.81,405.42,375.77,395.18,292.54,314.93,287.72,348.48,319.99,349.59,375.77,
48.388,0,0.97,0.36,0.82,0.32,0.03,57.12,0.06,2.64,9.18,17.88,77.93,-66.36,96.84,2.64,0.11,0.01,0.01,1.55,0.00,9.18,0.24,9.99,99.11,95.03,0.02,78.30,99.85,0.04,0.01,32.41,95.63,1.63,6.97,0.00,0.00,-9.33,-4.89,-2.86,69.63,78.27,302.16,265.93,406.11,374.49,395.55,292.27,317.58,285.46,350.73,319.40,349.27,374.49,
48.606,0,0.88,0.24,0.37,0.40,0.03,64.87,0.09,10.89,0.43,10.13,77.58,-61.91,97.67,10.89,0.27,0.01,0.02,0.99,0.02,0.43,0.01,6.58,97.89,88.17,0.01,62.28,96.05,0.02,0.01,20.00,86.63,1.38,3.20,0.00,0.00,-6.80,-3.31,-3.66,71.10,80.27,304.16,264.31,407.96,372.50,398.97,291.76,319.09,283.87,353.63,316.72,350.13,372.50,
48.745,0,0.83,0.21,0.27,0.23,0.03,54.56,0.08,7.92,2.40,20.44,75.18,-59.47,96.73,7.92,0.36,0.01,0.03,0.95,0.03,2.40,0.51,4.71,98.02,73.75,0.01,31.38,99.21,0.04,0.01,11.27,50.34,1.50,1.78,0.00,0.00,-9.12,-5.06,-3.97,70.00,81.26,305.34,263.95,409.52,372.26,401.03,291.85,320.28,282.70,353.86,317.37,350.99,372.26,
48.812,0,0.67,0.23,0.11,0.20,0.03,38.25,0.07,6.45,1.28,36.75,66.97,-51.18,96.01,6.45,0.50,0.01,0.02,1.00,0.04,1.28,0.13,9.65,95.22,48.09,0.01,22.94,95.68,0.05,0.01,6.52,46.18,1.30,2.72,0.00,0.00,-7.90,-6.09,-3.54,69.25,80.26,305.35,262.81,411.01,373.22,401.04,290.43,321.19,282.40,353.96,316.51,352.31,373.22,
49.036,0,0.18,0.33,0.02,0.17,0.04,6.12,0.07,4.25,0.81,87.76,18.17,-15.25,97.24,4.25,0.95,0.01,0.01,2.91,0.17,0.81,0.04,17.87,70.35,3.77,0.01,15.95,32.64,0.14,0.03,1.46,21.50,2.30,6.90,0.00,0.00,-7.83,-4.20,-2.69,69.04,79.38,305.73,262.01,411.99,373.28,400.76,288.90,321.66,282.31,355.83,316.10,354.15,373.28,
49.210,0,0.14,0.39,0.02,0.19,0.03,1.02,0.07,6.03,0.54,97.95,1.52,-0.25,97.08,6.03,0.82,0.02,0.00,0.80,0.41,0.54,0.03,6.53,35.37,1.09,0.01,19.06,15.65,0.26,0.04,0.73,27.65,2.05,8.25,0.00,0.00,-7.10,-4.47,-1.60,68.52,79.96,305.72,262.65,412.29,374.41,400.62,288.62,320.79,284.06,355.72,316.65,355.60,374.41,
49.292,0,0.14,0.39,0.02,0.23,0.03,0.35,0.10,9.23,0.65,99.21,1.11,0.00,98.15,13.00,0.89,0.03,0.00,0.82,0.40,0.65,0.03,3.79,9.23,1.62,0.02,14.82,24.16,0.32,0.06,0.28,33.14,2.07,8.42,0.00,0.00,-5.18,-2.16,-1.06,70.19,78.96,304.17,260.37,413.68,375.46,399.65,287.52,320.85,282.42,357.11,315.10,356.28,375.46,
49.358,0,0.11,0.30,0.02,0.23,0.03,0.33,0.11,7.73,0.39,99.33,0.45,0.00,97.82,13.91,1.63,0.07,0.01,0.86,0.27,0.39,0.02,4.34,7.73,1.76,0.07,10.55,10.47,0.70,0.05,0.11,6.67,2.43,6.30,0.00,0.00,-6.32,-2.98,-1.53,70.61,78.84,304.26,259.67,412.99,373.99,399.59,286.33,320.91,281.36,356.32,314.46,355.39,373.99,
49.543,0,0.11,0.23,0.02,0.23,0.03,0.32,0.11,7.20,0.94,99.36,0.40,0.00,98.19,13.70,3.40,0.12,0.02,1.30,0.32,0.94,0.03,2.49,7.20,1.43,0.15,5.40,8.96,1.49,0.06,0.10,82.38,1.47,3.52,0.00,0.00,-3.11,-2.03,-0.02,68.93,79.94,304.00,259.73,412.39,373.76,398.83,286.08,318.96,282.77,356.38,313.09,356.80,373.76,
49.609,0,0.13,0.20,0.02,0.20,0.03,0.28,0.09,6.64,0.86,99.45,0.41,0.00,97.72,10.46,1.16,0.11,0.01,1.21,0.86,0.76,0.02,0.47,6.64,1.24,0.12,6.52,12.52,1.67,0.11,0.08,81.07,1.56,1.54,0.00,0.00,-0.07,-3.21,0.88,68.63,79.01,302.52,258.82,409.43,371.58,395.63,284.69,316.65,282.57,353.39,310.26,355.67,371.58,
49.758,0,0.13,0.20,0.02,0.20,0.03,0.45,0.09,11.17,2.21,99.10,0.51,0.00,98.06,11.17,0.57,0.12,0.00,0.38,0.63,2.21,0.03,1.40,14.96,2.60,0.14,6.78,14.15,1.19,0.08,0.06,87.16,1.19,1.35,0.00,0.00,-1.79,-2.39,1.92,68.07,79.37,302.41,258.12,409.04,370.31,394.92,282.74,315.55,282.54,353.58,310.15,356.70,370.31,
49.832,0,0.13,0.19,0.02,0.22,0.03,0.85,0.10,12.55,0.56,98.31,1.10,0.00,98.06,12.55,0.38,0.12,0.01,0.65,0.47,0.56,0.01,2.83,24.42,4.27,0.07,10.84,13.08,1.21,0.07,0.05,66.72,1.17,0.88,0.00,0.00,2.00,-2.38,3.03,68.43,75.02,297.66,256.90,402.55,368.49,386.49,279.95,311.51,282.31,348.03,306.61,352.31,368.49,
50.065,0,0.09,0.19,0.02,0.31,0.03,2.38,0.13,19.91,0.35,95.24,5.43,-3.48,98.19,19.91,1.47,0.15,0.00,0.38,0.35,0.23,0.00,4.30,37.88,3.84,0.02,14.09,0.90,0.43,0.04,0.05,60.65,0.48,0.43,0.00,0.00,4.55,-2.04,5.30,67.47,73.28,300.00,257.47,402.75,367.07,385.54,278.62,312.49,284.46,349.43,305.23,356.10,367.07,
50.146,0,0.09,0.19,0.02,0.26,0.02,2.28,0.13,18.03,0.23,95.44,5.45,-3.15,98.36,18.03,2.24,0.11,0.00,0.21,0.23,0.08,0.00,0.71,39.79,0.62,0.01,4.26,0.17,0.26,0.01,0.03,42.94,0.16,0.34,0.00,0.00,4.86,-1.53,6.93,67.94,71.93,302.47,257.47,403.48,365.00,385.51,277.41,314.00,285.18,351.28,304.33,359.42,365.00,
50.227,0,0.09,0.18,0.02,0.28,0.02,3.19,0.14,20.29,0.17,93.62,9.08,-5.33,98.61,20.29,2.35,0.13,0.00,0.10,0.17,0.04,0.00,0.17,44.38,0.59,0.01,2.21,0.03,0.28,0.01,0.02,15.96,0.09,0.20,0.00,0.00,3.69,-0.70,8.74,67.10,73.31,304.24,257.33,404.50,362.88,386.39,276.46,313.73,286.19,353.04,304.31,362.99,362.88,
50.459,0,0.09,0.19,0.02,0.25,0.02,0.90,0.13,18.20,0.07,98.19,1.39,0.00,98.76,18.20,1.82,0.07,0.00,0.10,0.07,0.01,0.00,0.02,22.06,0.11,0.00,0.21,0.02,0.35,0.01,0.01,65.46,0.02,0.11,0.00,0.00,0.08,0.11,10.30,64.94,72.05,304.84,258.89,403.38,361.96,384.53,276.14,313.49,288.18,353.18,306.36,364.30,361.96,
50.527,0,0.10,0.19,0.02,0.21,0.02,0.73,0.10,13.24,0.08,98.55,0.97,0.00,98.78,13.24,1.35,0.07,0.00,0.12,0.08,0.02,0.00,0.13,21.98,0.04,0.00,0.16,0.03,0.23,0.01,0.01,66.92,0.02,0.17,0.00,0.00,-0.59,-0.04,9.90,64.95,73.08,305.15,259.20,403.12,361.29,385.26,276.58,313.12,288.21,353.13,306.66,364.02,361.29,
50.626,0,0.10,0.19,0.02,0.23,0.02,0.48,0.11,11.33,0.08,99.03,0.58,0.00,98.71,16.62,0.93,0.04,0.00,0.14,0.08,0.01,0.00,0.16,11.33,0.03,0.00,0.23,0.04,0.36,0.01,0.01,73.94,0.02,0.18,0.00,0.00,-0.52,0.33,9.19,65.40,73.78,306.63,259.19,404.58,361.50,387.47,276.62,314.57,287.97,354.84,306.58,364.79,361.50,
50.851,0,0.08,0.19,0.02,0.31,0.02,0.55,0.17,7.09,0.06,98.91,0.76,0.00,95.60,24.70,1.61,0.02,0.00,0.04,0.06,0.00,0.00,0.55,7.09,0.05,0.00,0.59,0.24,0.19,0.03,0.01,34.35,0.03,0.19,0.00,0.00,-1.05,6.60,7.30,66.17,73.28,310.70,258.12,409.15,361.08,392.76,277.61,319.86,285.09,362.90,305.60,367.15,361.08,
50.918,0,0.08,0.18,0.02,0.36,0.02,0.53,0.20,5.22,0.00,98.93,0.80,0.00,94.19,27.22,4.06,0.00,0.01,0.02,0.00,0.00,0.00,1.28,5.22,0.11,0.00,0.42,1.75,0.10,0.05,0.00,87.45,0.02,0.26,0.00,0.00,-0.08,8.07,5.22,65.09,71.62,312.73,259.53,410.26,362.16,394.83,280.19,323.35,284.59,365.37,306.26,366.30,362.16,
51.000,0,0.09,0.18,0.02,0.33,0.02,0.41,0.18,2.09,0.00,99.18,0.85,0.00,94.11,24.99,3.46,0.00,0.00,0.01,0.00,0.00,0.00,1.73,2.09,0.06,0.00,0.55,8.40,0.04,0.06,0.00,72.30,0.02,0.39,0.00,0.00,-0.89,8.14,5.59,63.93,72.99,314.07,261.09,412.76,364.29,397.19,282.42,324.31,286.35,367.39,308.71,368.75,364.29,
51.067,0,0.08,0.19,0.02,0.34,0.02,0.40,0.19,0.24,0.00,99.21,0.67,0.00,95.37,26.15,2.89,0.00,0.00,0.03,0.00,0.00,0.00,2.31,0.24,0.03,0.00,0.64,3.83,0.03,0.11,0.00,55.16,0.02,0.63,0.00,0.00,-1.98,6.87,3.26,63.64,73.16,314.32,261.67,413.11,366.04,398.94,282.59,325.85,285.88,367.08,309.76,366.37,366.04,
51.200,0,0.07,0.18,0.02,0.41,0.02,0.39,0.25,0.05,0.00,99.18,0.58,0.00,95.16,27.83,7.45,0.00,0.00,0.01,0.00,0.00,0.00,0.48,0.05,0.00,0.00,0.06,0.00,0.12,0.91,0.00,85.14,0.01,1.10,0.00,0.00,-0.25,7.10,4.06,63.11,75.73,313.22,260.35,417.06,369.85,401.14,282.98,325.46,286.00,368.72,310.24,368.82,369.85,
51.341,0,0.03,0.06,0.01,1.91,0.02,0.22,1.81,0.03,0.01,96.18,3.26,0.00,95.08,30.84,50.71,0.00,0.01,0.01,0.01,0.00,0.00,0.00,0.03,0.00,0.01,0.00,0.00,0.45,2.65,0.00,81.05,0.01,0.31,0.00,0.00,-0.91,7.19,3.18,64.44,74.64,313.70,260.43,418.25,370.89,401.97,283.70,327.36,285.26,369.60,310.97,368.60,370.89,
51.572,0,0.34,0.07,0.33,7.77,0.02,0.21,31.77,0.00,0.38,43.23,96.71,0.00,96.70,27.16,43.36,0.02,0.02,0.01,0.02,0.00,0.00,0.01,0.00,0.00,0.38,0.00,0.00,92.06,91.11,0.00,80.60,0.00,0.16,0.00,0.00,0.77,5.12,3.16,65.67,77.15,313.39,259.46,419.77,371.59,403.84,283.99,326.70,284.72,369.04,310.28,369.19,371.59,
51.638,0,0.29,0.05,0.36,13.89,0.02,0.21,50.86,0.00,0.16,24.14,99.13,0.00,96.92,31.68,55.32,0.02,0.04,0.02,0.12,0.00,0.00,0.00,0.00,0.00,0.16,0.00,0.00,97.00,93.78,0.00,93.74,0.00,0.08,0.00,0.00,1.24,4.75,3.65,66.57,75.83,312.00,259.24,419.89,373.26,402.29,283.97,326.46,284.91,368.12,310.59,369.09,373.26,
51.799,0,0.28,0.05,0.35,15.43,0.02,0.24,52.55,0.00,0.05,22.45,99.21,0.00,97.34,34.62,55.43,0.01,0.07,0.03,0.14,0.00,0.00,0.00,0.00,0.00,0.05,0.00,0.00,98.03,92.33,0.00,92.60,0.00,0.08,0.00,0.00,1.00,4.00,3.57,66.89,75.61,310.51,258.87,419.96,374.49,401.54,284.36,325.93,284.44,366.96,311.09,368.25,374.49,
52.042,0,0.36,0.06,0.38,10.56,0.02,0.25,31.45,0.00,0.01,43.55,98.27,0.00,96.57,31.80,44.57,0.01,0.10,0.02,0.23,0.00,0.00,0.00,0.00,0.00,0.01,0.00,0.00,99.02,84.84,0.00,78.16,0.00,0.04,0.00,0.00,6.75,5.31,0.76,67.06,76.40,309.91,259.71,419.50,376.71,403.01,287.14,326.65,284.54,367.40,309.65,364.46,376.71,
52.194,0,0.42,0.06,0.44,7.86,0.02,0.17,9.37,0.01,0.01,81.25,98.09,0.00,96.80,23.05,43.82,0.01,0.13,0.03,0.37,0.00,0.00,0.00,0.01,0.00,0.01,0.00,0.00,98.54,58.54,0.00,79.50,0.00,0.01,0.00,0.00,4.73,4.96,2.23,67.82,76.25,308.58,259.16,419.72,377.30,401.53,286.31,325.29,284.67,366.54,310.65,365.63,377.30,
52.255,0,0.44,0.06,0.46,7.21,0.02,0.14,7.92,0.00,0.01,84.17,98.33,0.00,96.47,18.35,45.90,0.01,0.17,0.02,0.29,0.00,0.00,0.00,0.00,0.00,0.00,0.00,0.00,98.16,56.69,0.00,73.59,0.00,0.01,0.00,0.00,4.95,5.46,2.62,68.48,76.93,307.09,259.48,419.51,378.74,400.76,287.21,323.85,285.32,366.00,311.49,365.28,378.74,
52.335,0,0.35,0.05,0.44,10.68,0.02,0.13,5.72,0.00,0.01,78.64,99.24,0.00,96.70,21.07,56.17,0.01,0.28,0.03,0.46,0.00,0.00,0.00,0.00,0.00,0.01,0.00,0.00,97.85,35.22,0.00,89.35,0.00,0.02,0.00,0.00,6.63,5.12,3.24,68.22,76.64,306.61,259.31,419.77,379.61,400.15,287.18,323.53,285.86,365.63,310.94,365.88,379.61,
52.487,0,0.36,0.06,0.39,10.00,0.02,0.19,4.94,0.01,0.02,80.01,98.54,0.00,97.59,27.03,48.37,0.02,0.21,0.04,0.76,0.00,0.00,0.00,0.01,0.00,0.00,0.00,0.00,97.35,33.44,0.00,93.92,0.00,0.02,0.00,0.00,7.96,3.50,0.94,67.94,77.68,307.92,260.43,419.65,379.89,402.64,288.48,325.00,285.99,365.39,310.81,363.72,379.89,
52.632,0,0.40,0.08,0.32,9.19,0.02,0.43,4.95,0.01,0.02,81.63,97.01,0.00,96.82,39.39,33.24,0.02,0.24,0.03,2.06,0.00,0.00,0.00,0.01,0.00,0.00,0.00,0.00,97.23,36.20,0.00,87.94,0.00,0.01,0.00,0.00,7.31,4.91,0.54,67.90,78.64,308.92,260.59,420.41,379.30,404.20,289.28,325.65,285.55,367.19,311.21,364.14,379.30,
52.789,0,0.36,0.07,0.32,11.78,0.02,0.41,4.44,0.01,0.04,76.44,97.52,0.00,96.47,40.85,39.30,0.04,0.43,0.04,1.90,0.00,0.00,0.00,0.01,0.00,0.00,0.00,0.00,98.17,25.78,0.00,92.56,0.00,0.01,0.00,0.00,7.65,5.46,0.53,67.97,78.77,309.12,260.60,420.88,379.58,404.59,289.55,325.92,285.58,367.87,311.21,364.47,379.58,
52.856,0,0.37,0.06,0.38,10.58,0.02,0.22,4.00,0.01,0.03,78.85,98.44,0.00,96.77,29.78,46.93,0.03,0.37,0.05,1.34,0.00,0.00,0.00,0.01,0.00,0.00,0.00,0.00,97.97,26.66,0.00,88.28,0.00,0.01,0.00,0.00,8.52,4.99,1.07,68.47,78.96,308.59,260.26,421.03,379.76,404.17,289.83,325.33,285.52,367.37,310.85,364.93,379.76,
52.922,0,0.40,0.06,0.40,8.51,0.02,0.18,2.33,0.02,0.02,82.98,98.06,0.00,97.38,24.89,45.41,0.02,0.34,0.06,1.19,0.00,0.00,0.00,0.02,0.00,0.00,0.00,0.00,96.71,19.70,0.00,86.15,0.00,0.02,0.00,0.00,6.92,3.93,1.68,68.71,77.83,308.22,260.32,421.28,380.32,403.20,289.58,325.47,285.68,366.58,311.84,365.57,380.32,
53.133,0,0.67,0.09,0.46,2.97,0.02,0.12,0.45,0.01,0.02,94.07,91.58,0.00,98.03,9.24,29.82,0.02,0.30,0.19,3.57,0.01,0.00,0.00,0.01,0.00,0.00,0.00,0.00,93.22,10.84,0.00,0.62,0.00,0.04,0.00,0.00,6.42,2.47,0.90,70.49,74.68,302.83,258.95,416.69,380.55,397.11,288.12,322.55,283.90,360.68,310.97,359.62,380.55,
53.213,0,0.60,0.08,0.39,2.78,0.02,0.09,0.44,0.02,0.02,94.44,91.06,0.00,98.68,5.41,35.68,0.02,0.28,0.09,5.66,0.01,0.00,0.00,0.02,0.00,0.00,0.00,0.00,86.53,8.27,0.00,0.24,0.00,0.02,0.00,0.00,3.73,0.43,1.58,70.34,75.89,302.41,258.39,415.82,378.84,396.72,286.88,320.91,283.32,358.79,311.35,359.72,378.84,
53.281,0,0.38,0.06,0.29,3.32,0.02,0.08,0.65,0.01,0.02,93.36,91.65,0.00,98.68,6.55,44.66,0.02,0.45,0.03,2.79,0.01,0.00,0.00,0.01,0.00,0.00,0.00,0.00,78.48,7.65,0.00,0.09,0.00,0.01,0.00,0.00,3.24,0.44,1.84,69.79,74.33,301.20,258.17,414.92,379.36,394.76,285.87,320.47,283.41,357.73,311.45,358.94,379.36,
53.455,0,0.10,0.04,0.07,3.12,0.02,0.06,1.59,0.00,0.01,93.77,67.26,0.00,98.38,8.11,64.89,0.01,1.21,0.02,0.54,0.01,0.00,0.00,0.00,0.00,0.01,0.00,0.00,37.40,6.80,0.00,0.06,0.00,0.01,0.00,0.00,3.59,1.47,3.02,70.09,75.10,297.81,257.78,412.88,379.82,391.73,286.28,316.68,283.56,355.57,311.59,357.64,379.82,
53.689,0,0.07,0.02,0.06,5.15,0.02,0.04,3.31,0.01,0.01,89.70,85.22,0.00,98.76,7.07,82.40,0.01,2.90,0.01,0.07,0.00,0.00,0.00,0.01,0.00,0.01,0.00,0.00,32.73,6.65,0.00,0.01,0.00,0.01,0.00,0.00,3.30,0.09,2.98,69.52,72.37,297.65,255.95,410.73,376.63,389.31,282.74,316.94,281.67,353.61,308.91,356.32,376.63,
53.765,0,0.08,0.02,0.08,8.05,0.02,0.06,4.63,0.01,0.01,83.90,94.08,0.00,98.64,13.34,83.59,0.01,2.92,0.02,0.17,0.01,0.00,0.00,0.01,0.00,0.01,0.00,0.00,44.17,7.56,0.00,0.01,0.00,0.00,0.00,0.00,6.24,0.59,1.72,69.91,74.49,296.71,255.28,410.25,376.86,390.33,283.12,315.87,281.04,353.24,307.18,354.23,376.86,
53.837,0,0.10,0.02,0.12,10.40,0.02,0.06,4.94,0.02,0.02,79.19,97.75,0.00,98.69,13.67,85.56,0.01,2.78,0.02,0.12,0.01,0.00,0.00,0.02,0.00,0.01,0.00,0.00,54.72,7.01,0.00,0.01,0.00,0.00,0.00,0.00,6.44,-0.38,1.93,70.48,73.73,296.44,255.35,410.09,377.03,389.63,283.40,315.93,281.07,352.45,307.22,354.22,377.03,
53.911,0,0.11,0.02,0.14,12.29,0.02,0.06,5.57,0.02,0.02,75.42,98.59,0.00,98.59,14.77,86.85,0.01,3.20,0.02,0.13,0.01,0.00,0.00,0.02,0.00,0.01,0.00,0.00,59.29,7.25,0.00,0.01,0.00,0.00,0.00,0.00,6.75,-0.76,1.79,70.58,73.76,296.45,255.32,410.10,377.14,389.74,283.34,316.02,281.08,352.25,307.04,354.07,377.14,
54.058,0,0.10,0.02,0.14,13.42,0.02,0.06,5.50,0.04,0.04,73.15,98.90,0.00,98.63,15.21,89.34,0.01,2.92,0.01,0.11,0.01,0.00,0.00,0.04,0.00,0.00,0.00,0.00,60.03,4.28,0.00,0.02,0.00,0.00,0.00,0.00,7.15,-0.62,1.64,70.48,74.55,296.74,255.51,410.07,376.92,390.34,283.63,315.83,281.24,352.46,306.92,354.05,376.92,
54.203,0,0.11,0.02,0.15,9.17,0.02,0.05,3.20,0.03,0.03,81.66,98.19,0.00,98.46,11.26,82.78,0.01,0.85,0.02,0.14,0.01,0.00,0.00,0.03,0.00,0.00,0.00,0.00,60.25,3.29,0.00,0.03,0.00,0.00,0.00,0.00,7.12,-1.21,1.48,70.42,74.99,296.52,255.54,409.79,376.89,390.41,283.66,315.46,281.24,351.86,306.93,353.60,376.89,
54.292,0,0.09,0.02,0.11,7.66,0.02,0.06,2.99,0.04,0.04,84.67,96.25,0.00,98.08,11.66,81.86,0.01,0.58,0.01,0.12,0.01,0.00,0.00,0.04,0.00,0.00,0.00,0.00,51.87,2.41,0.00,0.02,0.00,0.00,0.00,0.00,5.66,-2.33,1.32,70.15,75.99,296.99,255.82,409.01,375.56,390.86,283.31,314.91,281.20,351.02,307.28,353.23,375.56,
54.440,0,0.07,0.04,0.06,3.27,0.02,0.07,1.54,0.09,0.09,93.45,60.93,0.00,98.72,12.00,66.80,0.01,0.33,0.04,0.21,0.03,0.00,0.00,0.09,0.00,0.00,0.00,0.00,32.06,1.16,0.00,0.03,0.00,0.00,0.00,0.00,6.60,-0.25,1.42,70.05,76.11,295.34,255.09,408.67,376.13,389.84,283.51,313.78,280.62,351.27,306.76,352.41,376.13,
54.542,0,0.08,0.04,0.07,3.28,0.02,0.07,1.39,0.08,0.08,93.44,65.14,0.00,98.21,11.09,65.25,0.01,0.49,0.02,0.32,0.01,0.00,0.00,0.08,0.00,0.00,0.00,0.00,35.86,0.96,0.00,0.02,0.00,0.00,0.00,0.00,5.71,-1.98,1.62,70.09,75.46,295.75,255.68,408.24,375.92,389.42,283.23,313.98,281.22,350.22,307.33,352.58,375.92,
54.609,0,0.08,0.04,0.06,2.85,0.02,0.06,1.25,0.06,0.06,94.31,61.86,0.00,98.44,7.10,66.62,0.02,0.62,0.02,0.41,0.01,0.00,0.00,0.06,0.00,0.00,0.00,0.00,32.73,0.71,0.00,0.03,0.00,0.00,0.00,0.00,4.97,-1.27,1.37,69.96,75.46,296.08,255.53,408.22,375.44,389.71,282.71,314.28,280.92,350.82,307.33,352.46,375.44,
54.870,0,0.06,0.02,0.06,5.36,0.02,0.04,2.90,0.03,0.02,89.28,86.63,0.00,98.61,8.32,85.64,0.02,1.11,0.00,0.01,0.00,0.00,0.00,0.03,0.00,0.00,0.00,0.00,30.95,0.71,0.00,0.00,0.00,0.00,0.00,0.00,5.41,-0.70,1.65,70.20,75.11,296.85,255.69,408.26,374.72,389.77,282.81,314.68,281.06,351.55,306.97,353.21,374.72,
54.936,0,0.05,0.02,0.05,6.40,0.02,0.05,3.76,0.03,0.01,87.20,86.89,0.00,98.39,12.33,87.39,0.01,1.75,0.00,0.01,0.00,0.00,0.00,0.03,0.00,0.00,0.00,0.00,29.48,0.74,0.00,0.00,0.00,0.00,0.00,0.00,5.45,-1.45,0.88,69.96,74.51,297.46,255.72,408.30,374.41,390.25,282.82,315.77,280.63,351.48,306.71,352.62,374.41,
55.004,0,0.05,0.02,0.05,5.92,0.02,0.05,3.56,0.03,0.02,88.16,82.96,0.00,98.63,12.40,85.72,0.01,2.11,0.01,0.02,0.00,0.00,0.00,0.03,0.00,0.00,0.00,0.00,27.31,0.58,0.00,0.00,0.00,0.00,0.00,0.00,6.04,0.62,0.68,69.68,75.07,297.15,254.96,408.80,374.44,390.70,282.77,315.69,279.86,352.81,306.09,352.53,374.44,
55.096,0,0.04,0.02,0.03,4.35,0.02,0.05,3.19,0.04,0.02,91.29,61.32,0.00,98.50,11.49,83.70,0.02,2.41,0.02,0.02,0.01,0.00,0.00,0.04,0.00,0.00,0.00,0.00,15.36,0.53,0.00,0.00,0.00,0.00,0.00,0.00,6.51,1.08,0.71,69.48,75.11,296.78,254.53,408.59,374.26,390.41,282.36,315.35,279.57,352.79,305.52,352.29,374.26,
55.238,0,0.04,0.03,0.03,3.82,0.02,0.07,3.13,0.11,0.07,92.36,38.95,0.00,98.49,14.44,78.88,0.02,3.81,0.02,0.07,0.01,0.00,0.00,0.11,0.02,0.00,0.00,0.00,8.87,0.48,0.00,0.00,0.00,0.01,0.00,0.00,5.23,1.12,0.59,69.23,75.63,296.53,254.57,408.33,374.05,390.49,282.31,314.92,279.38,352.57,306.11,351.89,374.05,
55.406,0,0.04,0.03,0.02,4.16,0.02,0.09,3.57,0.25,0.07,91.67,31.26,0.00,98.36,20.49,75.92,0.03,4.10,0.03,0.07,0.00,0.00,0.00,0.25,0.01,0.00,0.00,0.00,7.61,0.39,0.00,0.00,0.00,0.01,0.00,0.00,6.27,1.53,1.33,69.30,76.09,296.16,254.26,408.40,374.20,390.14,282.00,314.09,279.73,352.64,305.57,352.61,374.20,
55.483,0,0.03,0.03,0.02,4.52,0.02,0.09,4.07,0.33,0.04,90.95,34.95,0.00,98.56,20.19,79.32,0.03,4.35,0.01,0.04,0.00,0.00,0.00,0.33,0.01,0.01,0.00,0.00,6.29,0.32,0.00,0.00,0.00,0.01,0.00,0.00,5.94,0.87,1.23,69.39,75.55,295.68,254.42,408.37,375.02,389.69,282.10,314.16,279.90,351.99,306.07,352.23,375.02,
55.718,0,0.03,0.03,0.02,6.44,0.02,0.13,5.91,0.20,0.04,87.12,43.32,0.00,98.75,29.73,79.87,0.03,3.37,0.02,0.04,0.00,0.00,0.00,0.20,0.00,0.01,0.00,0.00,10.12,0.61,0.00,0.00,0.00,0.01,0.00,0.00,6.49,0.17,1.50,69.53,75.77,295.05,254.78,408.06,375.69,389.17,282.60,313.43,280.50,351.07,306.34,352.05,375.69,
55.800,0,0.02,0.02,0.02,11.86,0.02,0.19,11.47,0.07,0.07,76.29,64.39,0.00,98.76,40.90,85.71,0.03,3.49,0.01,0.07,0.00,0.00,0.00,0.07,0.00,0.00,0.00,0.00,14.99,0.85,0.00,0.00,0.00,0.01,0.00,0.00,5.80,-0.13,1.23,69.42,75.09,295.79,255.12,408.15,375.43,389.41,282.56,314.35,280.54,351.33,306.66,352.14,375.43,
55.942,0,0.03,0.02,0.02,13.87,0.02,0.15,13.37,0.03,0.03,72.26,78.26,0.00,98.70,37.65,92.36,0.03,4.20,0.01,0.04,0.00,0.00,0.00,0.03,0.00,0.00,0.00,0.00,16.91,0.94,0.00,0.00,0.00,0.01,0.00,0.00,4.39,-0.36,1.55,69.80,74.59,296.00,255.63,408.09,375.37,389.05,282.84,314.49,280.85,351.25,307.67,352.59,375.37,
56.032,0,0.03,0.02,0.03,15.80,0.02,0.11,14.91,0.02,0.02,68.41,86.09,0.00,98.64,33.28,96.76,0.02,6.82,0.01,0.02,0.00,0.00,0.00,0.02,0.00,0.00,0.00,0.00,19.26,1.34,0.00,0.00,0.00,0.00,0.00,0.00,4.40,-0.56,1.43,69.80,74.85,296.33,255.77,408.10,375.23,389.43,282.75,314.60,281.00,351.31,307.64,352.61,375.23,
56.109,0,0.03,0.02,0.02,16.86,0.02,0.14,15.96,0.03,0.02,66.29,86.45,0.00,98.71,37.63,96.46,0.02,5.05,0.01,0.02,0.00,0.00,0.00,0.03,0.00,0.00,0.00,0.00,19.93,0.99,0.00,0.00,0.00,0.00,0.00,0.00,5.28,0.30,1.00,69.65,74.68,296.55,255.35,408.35,374.85,389.80,283.03,315.18,280.26,352.08,306.87,352.37,374.85,
56.175,0,0.02,0.02,0.02,15.28,0.02,0.14,14.56,0.04,0.02,69.43,83.57,0.00,98.53,37.44,95.17,0.02,4.13,0.01,0.02,0.00,0.00,0.00,0.04,0.00,0.00,0.00,0.00,18.41,0.78,0.00,0.00,0.00,0.00,0.00,0.00,5.43,0.98,1.15,69.83,74.72,296.51,255.24,408.48,374.78,389.77,283.19,315.11,280.14,352.52,306.79,352.60,374.78,
56.335,0,0.02,0.02,0.02,14.08,0.02,0.20,13.89,0.05,0.02,71.85,73.93,0.00,98.57,43.14,90.38,0.01,2.21,0.01,0.02,0.00,0.00,0.00,0.05,0.00,0.00,0.00,0.00,15.93,0.49,0.00,0.00,0.00,0.00,0.00,0.00,5.02,0.83,1.09,69.87,75.10,296.59,255.40,408.38,374.64,389.99,283.27,314.95,280.22,352.43,307.04,352.52,374.64,
56.435,0,0.02,0.02,0.02,16.78,0.02,0.26,16.41,0.05,0.01,66.43,76.95,0.00,98.58,49.42,89.64,0.01,1.41,0.01,0.01,0.00,0.00,0.00,0.05,0.00,0.00,0.00,0.00,18.70,0.47,0.00,0.01,0.00,0.00,0.00,0.00,5.28,0.82,0.97,69.67,75.27,296.84,255.48,408.44,374.65,390.30,283.18,315.08,280.37,352.58,306.92,352.54,374.65,
56.576,0,0.02,0.02,0.02,17.80,0.02,0.28,17.03,0.07,0.01,64.41,79.90,0.00,98.49,50.66,89.93,0.01,0.96,0.02,0.01,0.00,0.00,0.00,0.07,0.00,0.00,0.00,0.00,20.57,0.44,0.00,0.01,0.00,0.01,0.00,0.00,5.47,1.12,0.68,69.51,75.30,296.84,255.53,408.39,374.74,390.45,283.31,315.20,280.32,352.75,306.87,352.18,374.74,
56.719,0,0.02,0.02,0.02,20.49,0.02,0.31,18.93,0.03,0.01,59.03,85.44,0.00,98.49,53.36,90.51,0.01,0.45,0.02,0.01,0.00,0.00,0.00,0.03,0.00,0.00,0.00,0.00,24.85,0.78,0.00,0.01,0.00,0.01,0.00,0.00,5.47,1.12,0.68,69.51,75.30,296.84,255.53,408.39,374.74,390.45,283.31,315.20,280.32,352.75,306.87,352.18,374.74,
56.798,0,0.02,0.02,0.02,12.38,0.02,0.24,13.64,0.32,0.01,72.73,60.38,0.00,98.78,46.14,88.70,0.01,0.43,0.02,0.01,0.01,0.00,0.00,0.32,0.03,0.01,0.00,0.00,9.87,0.42,0.00,0.00,0.00,0.02,0.00,0.00,6.64,-0.05,1.08,69.92,74.90,296.47,255.60,407.36,374.29,389.34,283.07,314.48,280.69,351.33,306.12,351.92,374.29,
57.048,0,0.04,0.03,0.03,6.64,0.02,0.55,7.53,6.54,0.02,84.94,84.13,-11.88,98.72,42.39,76.73,0.01,0.36,0.11,0.00,0.01,0.00,0.47,6.54,26.46,0.02,0.01,37.36,1.88,0.34,0.00,0.00,0.01,0.52,0.00,0.00,6.88,0.29,0.97,69.54,75.36,296.54,255.21,407.36,373.86,389.67,282.67,314.34,280.35,351.58,305.60,351.84,373.86,
57.272,0,0.03,0.04,0.02,5.07,0.02,40.18,5.58,44.49,0.05,34.82,99.56,-37.16,98.63,44.49,67.40,0.01,0.16,0.02,0.00,0.00,0.00,0.77,93.43,22.17,0.05,0.03,19.23,0.05,0.05,0.00,0.00,0.01,1.45,0.00,0.00,6.43,-0.61,1.14,70.11,75.21,296.38,255.45,406.27,373.01,388.88,282.48,313.70,280.49,350.40,305.61,351.39,373.01,
57.503,0,0.20,0.05,0.31,3.08,0.02,81.37,3.00,42.59,0.10,0.00,99.20,-70.43,98.63,42.59,53.57,0.00,0.33,0.13,0.00,0.10,0.09,0.25,99.78,97.93,0.06,0.03,80.95,0.03,0.05,0.01,0.00,0.01,0.63,0.00,0.00,7.40,0.61,0.39,69.71,73.63,296.36,256.42,404.86,372.91,387.79,283.30,314.19,280.94,350.46,305.52,349.84,372.91,
57.579,0,0.48,0.12,0.38,0.88,0.02,83.93,0.62,34.20,0.21,0.00,96.39,-72.29,98.76,34.20,23.19,0.00,0.63,0.17,0.00,0.07,0.07,0.05,100.00,100.00,0.21,0.08,95.19,0.01,0.02,0.01,0.00,0.00,0.61,0.00,0.00,4.32,-0.13,-0.87,69.35,72.13,298.58,258.01,402.65,369.34,387.74,283.27,315.64,281.24,350.10,306.33,348.45,369.34,
57.691,0,0.67,0.15,0.43,0.51,0.03,82.28,0.31,27.73,0.20,0.00,94.07,-71.55,98.54,27.73,13.24,0.00,0.64,0.96,0.00,0.09,0.14,0.05,100.00,100.00,0.20,0.18,99.99,0.01,0.01,0.02,0.00,0.00,0.92,0.00,0.00,6.85,-0.93,0.67,69.91,73.63,298.61,258.61,401.85,369.09,387.28,283.78,313.66,282.46,349.16,305.56,349.76,369.09,
57.828,0,0.97,0.20,0.55,0.25,0.02,72.83,0.12,12.84,0.48,2.17,82.75,-68.26,98.65,12.84,5.84,0.00,0.64,0.67,0.00,0.08,0.12,0.06,100.00,100.00,0.48,1.06,99.98,0.00,0.02,0.03,0.00,0.00,1.74,0.00,0.00,4.58,-0.55,0.51,69.98,73.66,298.77,259.34,400.23,367.37,386.64,284.18,313.01,282.37,348.66,306.39,348.84,367.37,
57.916,0,1.10,0.26,0.59,0.20,0.03,69.78,0.09,8.53,0.40,5.22,77.22,-67.18,98.68,8.53,3.22,0.00,0.84,0.94,0.00,0.14,0.21,0.34,100.00,100.00,0.40,2.51,99.99,0.00,0.02,0.04,0.00,0.00,3.54,0.00,0.00,3.71,0.42,0.66,69.83,73.57,299.09,259.58,400.07,366.66,386.58,284.63,313.04,282.24,349.30,306.75,349.12,366.66,
58.061,0,1.23,0.30,0.71,0.17,0.03,66.10,0.07,4.79,0.48,8.90,71.51,-64.47,98.55,3.75,2.44,0.00,0.82,4.79,0.00,0.48,1.86,0.64,100.00,100.00,0.36,5.97,100.00,0.00,0.02,0.06,0.00,0.01,4.83,0.00,0.00,5.07,-0.90,1.05,69.25,75.20,298.87,258.63,400.99,366.91,387.54,284.05,312.37,281.98,348.84,305.82,349.88,366.91,
58.162,0,1.35,0.32,1.36,0.15,0.04,63.88,0.06,10.37,4.97,11.12,79.72,-63.42,98.59,1.43,0.86,0.00,0.48,10.37,0.00,4.97,9.81,0.59,100.00,100.00,0.28,9.15,100.00,0.00,0.02,0.16,0.00,0.03,4.95,0.00,0.00,5.47,-0.78,1.06,69.02,72.83,298.64,258.89,400.25,367.24,385.87,283.57,313.05,282.32,348.46,305.67,349.41,367.24,
58.464,0,1.65,0.20,85.58,0.08,0.08,44.01,0.06,20.66,56.33,0.00,99.37,-81.65,98.68,0.01,0.01,0.00,0.01,20.66,0.00,56.33,79.47,0.00,100.00,100.00,0.36,36.66,100.00,0.01,0.01,0.54,0.00,0.27,0.69,0.00,0.00,7.38,-0.41,0.73,69.20,73.54,299.06,258.53,400.09,366.18,386.53,283.95,313.02,281.74,348.81,304.32,349.17,366.18,
58.532,0,1.67,0.19,90.69,0.07,0.08,42.34,0.06,21.12,60.68,0.00,99.56,-83.44,98.60,0.00,0.01,0.00,0.02,21.12,0.00,60.68,85.01,0.00,100.00,100.00,0.45,29.46,100.00,0.01,0.01,0.45,0.00,0.27,0.29,0.00,0.00,7.35,-0.71,1.09,69.26,74.31,299.73,258.56,399.90,365.11,386.96,283.53,312.66,281.96,348.84,304.00,349.82,365.11,
58.691,0,1.70,0.20,92.84,0.06,0.06,40.33,0.06,16.11,62.79,0.00,99.62,-86.79,98.73,0.00,0.01,0.00,0.01,16.11,0.00,62.79,88.59,0.00,100.00,100.00,0.84,21.87,100.00,0.00,0.00,0.23,0.00,0.19,0.26,0.00,0.00,7.25,-0.25,0.16,69.09,72.73,300.10,258.60,399.13,364.33,386.48,283.33,313.78,281.30,348.98,303.52,348.58,364.33,
58.764,0,1.92,0.19,83.24,0.06,0.04,44.17,0.06,10.05,49.80,0.00,98.94,-83.66,98.60,0.01,0.01,0.00,0.02,10.05,0.00,49.80,82.36,0.00,100.00,100.00,0.73,10.19,99.99,0.00,0.00,0.17,0.00,0.15,0.17,0.00,0.00,6.62,0.74,0.85,69.49,73.33,300.50,258.72,399.14,363.44,386.59,283.52,313.29,281.45,349.73,303.73,349.59,363.44,
59.032,0,1.52,0.20,2.79,0.12,0.03,59.80,0.06,2.03,8.21,15.20,76.78,-68.45,98.67,0.50,0.38,0.00,0.09,2.03,0.00,8.21,20.99,0.00,100.00,100.00,1.64,1.82,99.96,0.00,0.01,0.11,0.00,0.08,0.48,0.00,0.00,4.31,0.46,0.27,69.20,73.04,301.16,258.84,399.14,362.96,387.10,282.85,314.09,281.12,349.91,304.38,349.25,362.96,
59.099,0,1.32,0.20,1.11,0.13,0.03,61.48,0.06,0.94,3.15,13.52,68.75,-66.54,98.77,0.64,1.00,0.00,0.10,0.94,0.00,3.15,7.39,0.00,100.00,100.00,2.00,1.10,99.29,0.00,0.01,0.04,0.00,0.05,0.51,0.00,0.00,2.70,-0.06,0.04,69.17,72.41,301.51,258.64,399.12,362.28,387.09,282.41,314.71,280.50,349.80,304.60,349.16,362.28,
59.261,0,0.27,0.18,0.66,0.15,0.02,61.62,0.07,0.89,0.44,13.38,70.14,-43.06,98.72,0.89,3.96,0.00,0.10,0.02,0.00,0.01,0.00,0.00,100.00,99.99,0.44,0.24,0.96,0.00,0.01,0.01,0.00,0.02,0.29,0.00,0.00,1.18,-0.26,-0.02,69.27,72.54,301.19,258.15,399.78,362.82,387.36,281.77,314.84,280.07,349.86,305.12,349.26,362.82,
59.467,0,0.07,0.07,0.03,0.51,0.02,13.96,0.31,1.97,0.07,72.08,97.61,-21.24,98.45,1.97,39.48,0.00,0.05,0.01,0.00,0.01,0.00,0.00,100.00,4.62,0.07,0.00,0.02,0.01,0.01,0.00,0.00,0.00,0.07,0.00,0.00,-0.86,1.23,0.22,70.18,73.77,300.74,258.33,400.43,363.49,387.92,282.50,314.19,280.09,350.81,306.60,349.65,363.49,
59.685,0,0.04,0.04,0.02,1.16,0.02,7.76,0.88,3.23,0.01,84.49,99.48,-19.00,98.62,3.23,63.27,0.00,0.11,0.01,0.00,0.01,0.00,0.00,95.51,0.33,0.00,0.00,0.00,0.01,0.02,0.00,0.00,0.00,0.03,0.00,0.00,-1.29,0.64,0.83,69.82,73.55,300.50,257.23,401.98,364.35,388.14,281.43,314.61,279.56,351.09,306.52,350.98,364.35,
59.825,0,0.03,0.02,0.02,2.57,0.02,4.76,2.37,5.86,0.01,90.49,99.85,-17.76,98.77,5.86,84.23,0.00,0.70,0.01,0.00,0.01,0.00,0.00,89.98,0.61,0.00,0.00,0.01,0.01,0.02,0.00,0.00,0.00,0.02,0.00,0.00,-0.51,0.07,0.64,70.03,72.48,299.49,257.19,401.71,365.50,387.07,281.56,314.61,279.62,350.13,306.54,350.12,365.50,
59.963,0,0.03,0.03,0.02,1.78,0.02,6.82,1.50,6.06,0.02,86.37,99.72,-19.03,98.45,6.06,72.95,0.00,0.51,0.01,0.00,0.02,0.00,0.00,93.36,0.85,0.00,0.00,0.00,0.01,0.01,0.00,0.00,0.00,0.02,0.00,0.00,-0.35,1.23,0.52,70.33,72.15,299.61,258.00,401.36,366.00,386.85,281.99,314.72,280.45,350.69,307.06,349.89,366.00,
60.116,0,0.04,0.03,0.02,1.63,0.02,7.21,1.34,4.17,0.01,85.58,99.76,-19.42,98.77,4.17,72.19,0.00,0.51,0.00,0.00,0.01,0.00,0.00,95.94,0.60,0.00,0.00,0.00,0.01,0.01,0.00,0.00,0.00,0.01,0.00,0.00,-0.96,-0.07,0.55,69.93,72.77,299.60,257.35,401.55,365.31,387.24,281.58,314.49,279.69,350.02,306.74,349.99,365.31,
60.186,0,0.04,0.03,0.02,1.47,0.02,7.07,1.19,3.61,0.01,85.86,99.69,-19.06,98.73,3.61,69.88,0.00,0.36,0.01,0.00,0.01,0.00,0.00,95.32,0.51,0.00,0.00,0.00,0.01,0.00,0.00,0.00,0.00,0.01,0.00,0.00,0.86,0.21,0.85,70.15,72.18,299.52,257.50,401.31,365.55,386.62,281.73,314.46,280.18,350.02,306.12,350.18,365.55,
60.317,0,0.04,0.03,0.02,1.41,0.02,6.82,1.12,2.32,0.01,86.35,99.70,-18.87,98.72,2.32,69.84,0.00,0.29,0.01,0.00,0.01,0.00,0.00,95.72,0.38,0.00,0.00,0.00,0.01,0.00,0.00,0.00,0.00,0.01,0.00,0.00,1.37,0.27,0.99,70.21,72.65,299.54,257.41,401.36,365.44,386.81,281.72,314.18,280.25,350.08,305.85,350.37,365.44,
60.552,0,0.05,0.05,0.02,0.82,0.02,7.87,0.57,0.95,0.01,84.26,98.98,-18.37,98.74,0.95,55.14,0.00,0.14,0.01,0.00,0.01,0.01,0.00,95.16,0.41,0.00,0.00,0.00,0.01,0.00,0.00,0.00,0.00,0.02,0.00,0.00,1.46,0.18,1.10,70.28,72.33,299.50,257.37,401.31,365.48,386.55,281.57,314.23,280.30,349.97,305.78,350.44,365.48,
60.711,0,0.05,0.05,0.02,0.79,0.02,8.97,0.55,0.80,0.02,82.05,99.11,-19.23,98.79,0.80,54.28,0.00,0.10,0.01,0.00,0.02,0.01,0.00,97.67,0.52,0.00,0.00,0.00,0.01,0.00,0.00,0.00,0.00,0.01,0.00,0.00,2.55,0.00,1.14,70.22,72.29,299.32,257.19,401.31,365.57,386.41,281.68,314.14,280.24,349.78,305.26,350.39,365.57,
60.860,0,0.06,0.06,0.02,0.68,0.02,9.89,0.45,0.87,0.02,80.22,98.75,-19.42,98.72,0.87,49.57,0.00,0.06,0.01,0.01,0.02,0.00,0.00,98.13,0.60,0.00,0.00,0.00,0.02,0.00,0.00,0.00,0.00,0.01,0.00,0.00,2.28,0.29,1.24,70.10,72.93,299.29,257.19,401.41,365.57,386.71,281.68,313.79,280.32,349.97,305.43,350.53,365.57,
60.926,0,0.06,0.07,0.02,0.56,0.02,10.29,0.35,0.83,0.04,79.43,97.83,-19.04,98.48,0.83,43.54,0.00,0.03,0.01,0.01,0.04,0.01,0.00,97.19,0.35,0.00,0.00,0.00,0.02,0.00,0.00,4.57,0.00,0.01,0.00,0.00,3.55,1.14,0.54,70.44,72.58,299.07,257.90,400.87,366.30,386.53,282.61,313.98,280.79,350.12,305.49,349.40,366.30,
61.095,0,0.07,0.08,0.02,0.42,0.02,10.93,0.25,0.76,0.06,78.15,95.43,-18.59,98.45,0.76,35.20,0.00,0.01,0.01,0.01,0.06,0.00,0.00,95.94,0.27,0.00,0.00,0.00,0.04,0.00,0.00,0.33,0.00,0.01,0.00,0.00,2.45,1.23,0.40,70.22,73.11,298.88,257.79,400.08,365.31,386.39,282.29,313.30,280.42,349.69,305.52,348.75,365.31,
61.170,0,0.07,0.09,0.02,0.38,0.02,11.43,0.22,0.99,0.04,77.13,93.90,-18.52,98.72,0.99,31.74,0.00,0.01,0.01,0.00,0.04,0.00,0.00,95.61,0.27,0.00,0.00,0.00,0.04,0.00,0.00,0.01,0.00,0.01,0.00,0.00,2.17,0.27,0.56,69.87,72.47,299.21,257.28,400.45,364.73,386.34,281.95,313.90,279.76,349.48,305.14,349.26,364.73,
61.398,0,0.07,0.07,0.02,0.47,0.02,7.12,0.29,1.65,0.01,85.77,92.76,-15.78,98.65,1.65,37.91,0.00,0.02,0.01,0.00,0.01,0.00,0.00,87.15,0.39,0.00,0.00,0.00,0.11,0.00,0.00,0.00,0.00,0.02,0.00,0.00,1.39,0.56,0.56,70.11,72.37,299.39,257.35,400.56,364.54,386.42,282.10,314.09,279.62,349.79,305.48,349.42,364.54,
61.533,0,0.07,0.07,0.02,0.48,0.02,8.09,0.29,1.40,0.03,83.81,94.42,-16.83,98.64,1.40,38.55,0.00,0.04,0.02,0.00,0.03,0.00,0.00,89.98,0.97,0.00,0.00,0.00,0.14,0.01,0.00,0.00,0.00,0.06,0.00,0.00,1.16,0.58,0.70,70.24,72.15,299.50,257.45,400.48,364.40,386.25,282.07,314.13,279.72,349.81,305.59,349.59,364.40,
61.599,0,0.17,0.13,0.16,0.23,0.02,38.09,0.12,1.87,0.09,36.91,85.16,-34.54,98.72,1.87,15.76,0.00,0.05,0.13,0.00,0.09,0.02,0.00,99.32,57.95,0.00,0.05,5.89,0.06,0.02,0.00,0.00,0.00,0.21,0.00,0.00,2.14,0.26,1.63,70.08,72.33,299.62,257.32,400.63,364.15,385.97,281.89,313.66,280.15,349.71,305.11,350.76,364.15,
61.831,0,1.15,0.34,0.65,0.20,0.03,67.42,0.07,5.10,0.92,7.58,72.03,-65.46,98.79,5.10,1.25,0.00,0.05,3.64,0.00,0.92,0.31,0.38,99.96,100.00,0.01,18.90,99.86,0.05,0.02,0.01,0.00,0.01,5.65,0.00,0.00,2.96,-0.01,1.77,69.89,74.37,300.35,257.26,400.88,363.42,387.40,281.70,313.04,280.47,350.03,304.53,351.42,363.42,
62.049,0,1.10,0.86,0.64,0.28,0.03,69.30,0.08,6.86,1.35,5.70,74.79,-64.76,98.43,6.86,0.95,0.00,0.03,5.63,0.01,1.35,0.16,0.83,100.00,100.00,0.01,43.28,99.90,0.01,0.01,0.69,0.00,0.38,14.65,0.00,0.00,3.38,-1.32,1.19,69.49,74.53,301.02,257.19,400.89,362.86,388.16,281.54,313.64,280.13,349.62,303.98,351.07,362.86,
62.209,0,1.14,1.25,0.61,0.37,0.03,66.56,0.07,4.60,0.12,8.44,71.20,-64.45,98.71,4.60,1.27,0.00,0.06,2.96,0.00,0.12,0.02,0.32,100.00,99.99,0.00,67.98,99.80,0.01,0.00,4.28,0.00,0.74,18.49,0.00,0.00,3.77,-0.31,0.57,69.41,73.46,301.17,257.40,400.42,362.64,387.80,281.87,314.37,279.84,350.10,303.74,350.21,362.64,
62.373,0,1.09,0.83,0.59,0.34,0.03,66.71,0.08,5.85,0.05,8.29,73.21,-65.18,98.73,5.85,2.87,0.00,0.10,1.35,0.00,0.05,0.01,0.00,100.00,99.92,0.00,55.24,99.66,0.01,0.00,7.71,0.00,0.93,15.11,0.00,0.00,3.05,-0.24,0.80,69.76,73.96,301.40,258.23,399.82,362.45,387.74,282.08,313.79,280.77,349.94,304.46,350.29,362.45,
62.440,0,1.06,0.50,0.59,0.29,0.03,66.63,0.08,6.14,0.04,8.37,73.67,-65.64,98.49,6.14,3.84,0.00,0.08,0.62,0.00,0.04,0.00,0.00,99.99,99.75,0.00,38.04,98.67,0.01,0.01,4.34,0.00,0.64,10.36,0.00,0.00,1.15,-1.10,0.96,69.81,74.53,301.10,258.72,399.37,362.54,387.57,282.08,313.05,281.23,349.04,305.58,350.08,362.54,
62.593,0,0.45,0.24,0.56,0.23,0.02,64.90,0.10,6.44,0.02,10.10,76.54,-53.93,98.25,6.44,8.06,0.00,0.05,0.10,0.00,0.02,0.00,0.00,99.98,98.33,0.00,7.43,46.02,0.01,0.01,1.41,0.00,0.29,4.25,0.00,0.00,1.27,-1.86,0.29,69.58,74.41,301.00,258.77,399.19,362.66,387.76,282.17,313.37,281.09,348.48,305.54,349.16,362.66,
62.662,0,0.34,0.15,0.50,0.24,0.02,58.42,0.12,4.57,0.02,16.58,84.47,-50.08,98.27,4.57,14.44,0.00,0.05,0.10,0.00,0.02,0.00,0.00,99.97,93.64,0.00,2.12,35.51,0.02,0.01,0.72,0.00,0.23,1.39,0.00,0.00,1.03,-1.80,0.25,69.39,74.15,300.75,258.69,399.12,362.82,387.50,282.12,313.36,280.94,348.37,305.63,348.96,362.82,
62.879,0,0.46,0.15,0.29,0.31,0.03,47.26,0.15,3.95,0.01,27.74,89.64,-53.91,98.24,3.95,20.57,0.00,0.06,0.54,0.00,0.01,0.00,0.00,99.62,76.94,0.00,6.99,70.84,0.06,0.04,0.81,0.00,0.21,2.76,0.00,0.00,2.36,-1.90,0.86,69.24,74.31,300.59,258.55,399.24,363.08,387.21,282.02,312.91,281.27,348.26,305.14,349.63,363.08,
63.113,0,0.66,0.94,0.27,0.43,0.03,40.33,0.14,5.33,0.01,34.67,78.99,-55.79,98.08,5.33,16.47,0.00,0.06,0.65,0.00,0.01,0.00,0.00,92.74,75.88,0.00,38.74,93.34,0.46,0.34,9.80,0.00,1.02,19.60,0.00,0.00,2.42,-2.32,0.71,69.32,74.64,300.65,258.60,399.14,362.92,387.44,282.15,312.81,281.21,347.98,305.09,349.42,362.92,
63.178,0,0.61,0.67,0.40,0.52,0.04,19.47,0.19,3.57,0.01,61.06,87.52,-49.20,98.23,3.57,24.55,0.00,0.09,0.56,0.00,0.00,0.00,0.00,74.66,88.66,0.01,43.17,93.02,1.12,1.21,62.02,0.00,3.52,19.99,0.00,0.00,1.49,-1.92,0.72,69.22,74.72,300.42,258.28,399.49,363.06,387.54,282.02,312.82,280.80,348.28,305.39,349.50,363.06,
63.263,0,0.64,1.41,0.39,0.53,0.04,25.49,0.17,4.79,0.01,49.51,86.98,-50.50,98.71,4.61,21.27,0.00,0.10,0.65,0.00,0.00,0.00,0.00,79.77,89.42,0.01,52.91,95.69,1.24,1.12,69.91,0.00,4.79,27.26,0.00,0.00,0.59,-0.31,0.88,69.52,75.27,299.85,258.55,399.11,363.06,387.22,282.71,311.98,280.88,348.75,306.09,349.25,363.06,
63.397,0,0.61,3.83,0.37,0.63,0.07,30.45,0.17,8.95,0.00,44.55,87.83,-48.32,98.75,6.84,19.08,0.00,0.15,1.90,0.00,0.00,0.00,0.00,82.91,93.19,0.00,74.56,98.85,1.64,0.68,76.76,0.00,8.95,39.30,0.00,0.00,0.47,-0.16,0.98,69.39,75.57,299.74,258.56,399.18,363.23,387.29,282.63,311.74,281.02,348.81,306.23,349.35,363.23,
63.465,0,0.60,22.80,0.32,0.60,0.07,36.46,0.15,11.60,0.00,38.54,79.33,-48.42,98.37,11.60,12.19,0.00,0.24,1.48,0.00,0.00,0.00,0.00,82.77,91.43,0.00,78.38,97.88,1.42,0.59,72.87,0.00,9.40,56.85,0.00,0.00,1.96,-1.50,1.19,69.13,74.32,300.53,258.35,399.55,363.16,387.15,281.77,312.83,281.24,348.60,305.27,350.14,363.16,
63.622,0,0.47,17.33,0.26,0.71,0.13,39.68,0.20,16.56,0.00,35.32,84.80,-44.54,98.58,16.56,13.64,0.00,0.33,2.18,0.00,0.00,0.00,0.00,84.24,91.95,0.00,85.27,98.17,1.74,0.49,77.26,0.00,14.10,57.28,0.00,0.00,-0.41,-0.80,0.93,68.89,75.09,299.63,258.47,399.33,363.47,387.10,282.36,312.03,280.85,348.45,306.59,349.29,363.47,
63.703,0,0.30,4.16,0.17,0.85,0.29,46.18,0.38,26.26,0.00,28.82,92.41,-39.31,98.49,26.26,18.31,0.00,1.05,3.05,0.00,0.00,0.00,0.00,86.82,91.22,0.00,77.71,98.18,1.90,0.47,78.77,0.00,20.88,48.35,0.00,0.00,-0.97,-1.11,0.72,68.11,75.01,299.36,257.13,400.80,364.11,387.80,281.42,312.80,279.58,348.88,306.28,349.64,364.11,
63.854,0,0.31,12.04,0.20,1.67,0.17,66.19,0.66,37.65,0.00,8.81,97.21,-49.76,98.67,37.65,19.82,0.00,1.74,1.14,0.00,0.00,0.00,0.00,89.21,96.51,0.00,84.35,99.86,2.31,0.32,76.49,0.00,16.92,56.71,0.00,0.00,-1.56,-0.46,1.33,68.58,73.28,299.29,257.80,399.88,364.24,386.09,280.70,312.80,280.65,348.76,306.77,349.87,364.24,
63.929,0,0.37,21.98,0.21,2.03,0.11,78.53,0.70,43.90,0.00,0.00,98.28,-56.19,98.53,43.90,14.22,0.00,2.75,1.55,0.00,0.00,0.00,0.00,91.16,97.41,0.00,84.77,99.77,2.56,0.24,71.95,0.00,13.15,59.52,0.00,0.00,-0.20,-0.98,0.37,69.17,73.62,299.72,257.01,399.51,362.73,386.83,280.37,313.22,279.43,348.54,305.08,348.80,362.73,
64.071,0,0.39,20.07,0.23,1.97,0.10,81.15,0.68,42.55,0.00,0.00,97.80,-58.39,98.19,42.55,14.51,0.00,2.93,1.45,0.00,0.00,0.00,0.00,94.46,97.65,0.00,79.91,98.02,3.10,0.23,74.69,0.00,11.69,57.49,0.00,0.00,-1.91,-2.02,0.57,68.29,74.18,300.16,257.05,399.81,362.26,387.38,280.35,313.21,279.19,348.27,305.69,349.36,362.26,
64.137,0,0.47,4.13,0.25,1.72,0.07,85.10,0.69,42.23,0.00,0.00,97.81,-63.15,98.19,42.23,13.44,0.00,4.74,1.96,0.00,0.00,0.00,0.00,97.59,97.17,0.00,60.40,98.40,2.28,0.16,61.57,0.00,8.19,38.18,0.00,0.00,0.14,-2.02,0.48,68.24,73.87,299.70,256.37,400.42,363.15,387.35,280.12,313.49,278.89,348.36,304.75,349.34,363.15,
64.217,0,0.58,5.22,0.28,1.43,0.05,85.28,0.80,40.01,0.00,0.00,97.54,-65.85,98.02,40.01,15.95,0.00,8.13,2.49,0.00,0.00,0.00,0.00,98.78,97.45,0.00,29.64,99.12,2.08,0.13,45.45,0.00,5.74,39.35,0.00,0.00,0.61,-2.48,0.65,68.28,73.44,299.54,256.35,400.42,363.46,386.97,279.99,313.53,279.08,348.01,304.64,349.45,363.46,
64.378,0,0.81,5.37,0.38,0.64,0.04,79.04,0.33,26.00,0.01,0.00,93.23,-65.16,97.87,26.00,9.99,0.00,7.12,1.53,0.00,0.01,0.00,4.53,99.58,99.33,0.00,20.24,99.96,0.97,0.14,31.78,0.00,4.70,37.48,0.00,0.00,0.30,-2.86,2.10,68.74,72.38,299.43,256.16,400.29,363.08,385.50,279.12,313.13,279.56,347.62,304.58,350.95,363.08,
64.525,0,0.78,4.32,0.44,0.50,0.03,75.21,0.22,19.79,0.01,0.00,89.22,-65.85,98.06,19.79,10.10,0.00,2.91,0.42,0.00,0.01,0.01,1.62,99.84,99.78,0.00,25.72,98.22,0.60,0.11,27.76,0.00,3.13,34.26,0.00,0.00,3.51,-2.40,1.31,69.16,73.76,299.50,256.79,399.71,363.33,386.37,280.40,312.62,280.17,347.64,303.69,349.82,363.33,
64.669,0,0.66,3.40,0.42,0.57,0.03,77.33,0.24,22.34,0.00,0.00,91.10,-67.07,98.46,22.34,11.88,0.00,1.29,0.17,0.00,0.00,0.00,0.00,99.94,98.29,0.00,26.51,93.32,0.26,0.06,22.88,0.00,1.42,31.13,0.00,0.00,4.35,-1.21,0.75,68.92,73.39,299.45,256.88,398.70,362.54,385.97,280.39,312.58,280.06,347.84,302.99,348.68,362.54,
64.736,0,0.70,3.87,0.46,0.60,0.03,72.20,0.24,17.70,0.01,2.80,87.58,-67.21,98.32,17.70,16.68,0.00,0.80,0.42,0.00,0.01,0.00,0.00,99.94,98.84,0.00,31.35,97.98,0.21,0.03,42.89,0.00,1.32,33.45,0.00,0.00,3.68,-1.67,0.76,69.47,72.23,299.19,257.08,397.82,362.08,384.82,280.28,312.58,280.05,347.03,303.16,348.12,362.08,
64.831,0,0.66,4.25,0.44,0.71,0.03,74.75,0.28,20.83,0.01,0.25,90.06,-68.23,98.51,20.83,17.69,0.00,0.40,0.74,0.00,0.01,0.00,0.00,99.93,99.03,0.00,34.96,99.64,0.26,0.03,41.09,0.00,1.29,34.58,0.00,0.00,3.45,-1.06,1.03,70.13,72.47,299.62,257.99,397.30,361.80,384.73,280.78,312.26,281.03,347.32,303.72,348.38,361.80,
64.980,0,0.86,3.33,0.52,0.48,0.03,70.41,0.14,12.78,0.21,4.59,82.60,-66.24,98.38,12.78,8.84,0.00,0.08,0.66,0.00,0.21,0.04,0.00,99.93,99.55,0.00,49.37,99.28,0.31,0.01,54.75,1.44,1.56,30.30,0.00,0.00,4.37,-1.46,0.65,69.72,72.52,299.80,258.17,396.70,361.21,384.76,281.49,312.24,280.59,346.89,303.19,347.74,361.21,
65.125,0,1.14,1.18,0.60,0.29,0.03,63.57,0.06,2.96,0.22,11.43,68.33,-63.40,98.48,2.96,0.67,0.00,0.01,1.29,0.01,0.22,0.02,0.00,99.95,99.70,0.00,56.50,99.91,0.30,0.01,53.71,29.02,1.98,18.68,0.00,0.00,5.40,-1.14,0.78,70.36,72.56,299.71,258.73,396.31,361.56,384.47,281.83,311.91,281.49,346.83,303.24,347.65,361.56,
65.203,0,1.10,0.93,0.60,0.25,0.04,63.78,0.07,3.52,0.50,11.22,69.36,-62.46,98.04,3.52,0.45,0.00,0.01,1.97,0.01,0.50,0.08,0.00,99.98,99.92,0.00,48.65,99.94,0.26,0.01,68.09,24.66,2.82,17.00,0.00,0.00,6.32,-2.44,0.65,69.75,74.17,300.46,258.66,396.35,360.53,385.76,282.02,311.60,281.35,346.44,302.54,347.87,360.53,
65.436,0,1.16,0.51,0.76,0.32,0.03,62.04,0.06,2.11,2.47,12.96,67.57,-63.89,98.69,1.93,0.18,0.00,0.01,1.90,0.00,2.47,2.23,0.00,100.00,100.00,0.00,72.76,99.99,0.05,0.00,79.42,3.98,2.11,10.76,0.00,0.00,3.13,0.39,0.63,68.28,76.11,299.68,260.73,395.91,362.02,386.10,284.54,310.00,282.89,347.49,305.93,347.29,362.02,
65.514,0,1.24,0.30,0.82,0.31,0.03,62.00,0.06,2.33,1.77,13.00,67.33,-63.79,97.85,1.16,0.23,0.00,0.02,2.33,0.00,1.77,3.72,0.00,100.00,100.00,0.00,70.47,99.99,0.03,0.01,66.38,0.32,1.58,5.49,0.00,0.00,3.26,-2.91,0.08,68.65,73.85,298.23,259.44,396.14,363.35,384.69,283.34,310.87,281.57,344.97,305.33,345.99,363.35,
65.599,0,1.29,0.34,0.93,0.29,0.03,63.40,0.06,4.12,1.61,11.60,70.40,-63.42,97.47,1.76,0.15,0.00,0.02,4.12,0.00,1.61,6.48,0.00,100.00,100.00,0.00,62.25,99.99,0.03,0.01,60.22,0.13,1.24,6.25,0.00,0.00,1.65,-3.74,0.78,68.99,74.02,298.07,259.47,396.10,362.90,384.29,283.47,310.29,281.55,344.35,306.01,346.67,362.90,
65.677,0,1.31,0.29,1.00,0.28,0.04,63.71,0.06,5.46,2.22,11.29,72.61,-63.51,97.70,1.68,0.14,0.00,0.03,5.46,0.00,2.22,6.98,0.00,100.00,100.00,0.00,58.95,99.99,0.02,0.02,60.98,0.22,0.85,4.53,0.00,0.00,2.06,-3.25,0.29,68.94,74.28,297.34,259.98,395.77,363.92,384.15,284.46,309.92,281.85,344.12,306.54,345.58,363.92,
65.928,0,1.20,0.25,0.88,0.18,0.03,66.38,0.07,5.14,2.83,8.62,72.09,-66.73,97.49,5.14,0.15,0.00,0.04,1.59,0.00,2.83,4.75,0.00,100.00,100.00,0.01,16.61,99.98,0.02,0.03,34.76,2.88,0.53,2.97,0.00,0.00,5.07,-3.70,-0.76,68.99,74.94,296.31,260.07,394.64,364.46,384.01,285.19,309.14,281.84,342.81,305.44,343.27,364.46,
65.998,0,1.18,0.22,0.90,0.20,0.03,64.98,0.07,3.98,3.77,10.02,70.17,-66.48,97.00,3.98,0.09,0.00,0.04,2.33,0.00,3.77,3.84,0.00,100.00,100.00,0.01,29.04,99.98,0.03,0.06,21.24,0.97,0.60,1.63,0.00,0.00,3.41,-4.62,-0.34,69.81,73.87,295.84,260.59,394.00,364.66,382.70,284.64,308.86,282.84,341.73,306.53,343.20,364.66,
66.065,0,1.14,0.22,0.79,0.20,0.03,66.12,0.07,4.86,3.52,8.88,71.64,-66.34,96.74,4.86,0.20,0.00,0.07,2.97,0.00,3.52,1.82,0.00,100.00,100.00,0.01,27.65,99.98,0.03,0.06,24.70,0.03,0.54,1.70,0.00,0.00,2.07,-5.04,-0.05,69.35,73.81,295.80,260.45,394.14,364.53,382.56,284.08,308.77,282.86,341.51,306.99,343.57,364.53,
66.148,0,1.13,0.21,0.68,0.22,0.03,68.51,0.08,6.84,1.67,6.49,74.75,-66.46,97.25,6.84,0.40,0.00,0.15,1.99,0.00,1.67,1.14,0.00,100.00,100.00,0.01,25.63,99.98,0.05,0.06,19.53,0.00,0.48,1.32,0.00,0.00,0.70,-4.17,-0.26,68.66,74.47,295.64,259.97,394.86,364.93,383.28,283.91,308.84,282.09,342.30,307.43,343.63,364.93,
66.214,0,1.07,0.21,0.60,0.26,0.03,72.98,0.10,11.59,0.65,2.02,81.27,-67.54,97.60,11.59,1.15,0.00,0.46,1.32,0.00,0.65,1.30,0.00,100.00,100.00,0.01,20.90,99.98,0.06,0.06,11.89,0.00,0.35,1.37,0.00,0.00,0.34,-3.47,-0.31,68.63,73.98,295.29,259.72,394.61,364.59,382.76,283.38,308.79,282.17,342.43,307.37,343.30,364.59,
66.444,0,0.66,0.23,0.35,0.84,0.03,90.68,0.49,41.96,0.49,0.00,98.03,-74.27,98.73,41.96,6.86,0.00,3.72,1.88,0.00,0.49,0.35,0.00,100.00,100.00,0.01,9.65,99.96,0.08,0.06,12.19,0.00,0.27,3.37,0.00,0.00,-1.37,-0.22,0.14,68.65,73.64,296.65,260.01,395.67,364.35,383.51,282.94,309.88,282.65,345.54,308.16,345.10,364.35,
66.511,0,0.76,0.26,0.38,0.64,0.03,88.97,0.33,36.37,0.37,0.00,96.95,-73.21,98.74,36.37,3.16,0.00,3.39,1.52,0.00,0.37,0.25,0.00,100.00,100.00,0.01,13.44,99.96,0.10,0.05,7.01,0.00,0.17,3.77,0.00,0.00,-3.38,0.21,0.11,68.56,73.72,296.88,260.23,396.08,364.46,383.88,282.90,310.17,282.75,346.11,309.20,345.39,364.46,
66.661,0,0.79,0.26,0.39,0.58,0.03,86.92,0.29,32.46,0.12,0.00,95.87,-72.46,98.67,32.46,4.03,0.00,3.40,0.61,0.00,0.12,0.01,0.00,100.00,99.99,0.00,13.25,98.99,0.19,0.03,2.63,0.00,0.11,3.70,0.00,0.00,-3.60,-0.45,-0.10,68.74,73.09,297.73,260.38,396.68,364.51,384.41,283.22,311.33,282.39,346.46,309.31,345.87,364.51,
66.738,0,0.80,0.24,0.44,0.50,0.02,81.67,0.25,25.25,0.06,0.00,92.86,-70.45,98.35,25.25,8.25,0.00,3.04,0.25,0.00,0.06,0.00,0.00,100.00,99.84,0.00,9.33,96.95,0.43,0.02,1.92,0.00,0.10,4.20,0.00,0.00,-4.09,-1.56,0.38,68.18,71.56,298.08,259.26,397.47,364.00,383.95,281.56,312.39,281.65,346.39,308.60,346.98,364.00,
66.806,0,0.39,0.12,0.36,0.75,0.02,71.14,0.48,22.19,0.02,3.86,93.79,-62.36,98.19,22.19,27.13,0.00,2.54,0.11,0.00,0.02,0.00,0.00,99.98,92.30,0.00,2.48,72.03,0.32,0.02,0.98,0.00,0.09,2.00,0.00,0.00,-1.76,-2.05,0.78,68.71,72.65,298.20,258.62,398.57,364.52,384.89,281.06,312.25,282.04,346.68,307.60,348.01,364.52,
66.948,0,0.03,0.04,0.02,3.60,0.02,19.00,3.51,24.25,0.00,62.00,99.83,-26.09,98.65,24.25,74.21,0.00,1.91,0.02,0.00,0.00,0.00,0.00,98.52,5.92,0.00,0.05,0.00,0.99,0.11,0.08,0.00,0.04,1.44,0.00,0.00,1.88,0.53,2.25,69.16,72.53,298.72,258.12,399.89,365.74,384.90,280.91,312.38,282.11,349.02,306.06,350.64,365.74,
67.033,0,0.02,0.02,0.02,6.20,0.02,1.40,6.78,23.60,0.02,86.44,98.40,-9.21,98.72,23.60,90.89,0.00,2.11,0.02,0.01,0.01,0.00,0.00,53.68,0.12,0.02,0.00,0.00,2.50,0.50,0.01,0.00,0.02,0.80,0.00,0.00,2.12,0.28,3.21,69.59,73.22,299.28,258.53,400.19,365.56,385.13,281.02,311.94,283.10,349.25,306.28,352.15,365.56,
67.097,0,0.02,0.02,0.02,7.23,0.02,0.45,8.16,24.23,0.08,83.68,94.33,-2.31,98.70,24.23,95.07,0.00,1.71,0.03,0.05,0.03,0.00,0.00,33.25,0.01,0.08,0.00,0.00,3.50,0.88,0.01,0.00,0.01,0.80,0.00,0.00,3.57,0.36,3.82,69.39,72.73,299.75,257.94,401.43,365.83,385.40,280.84,312.70,282.96,350.12,305.51,353.67,365.83,
67.280,0,0.03,0.02,0.02,6.05,0.02,0.07,7.95,2.64,1.96,84.11,61.45,0.00,98.66,19.15,92.19,0.00,1.91,0.07,0.19,0.17,0.04,0.01,2.64,0.02,1.96,0.00,0.00,6.94,7.95,0.00,0.00,0.00,0.54,0.00,0.00,5.93,0.51,3.88,69.15,72.46,300.02,257.52,401.99,365.89,385.65,281.09,313.21,282.73,350.62,304.32,354.15,365.89,
67.506,0,0.03,0.02,0.03,6.80,0.02,0.08,11.44,2.98,19.88,77.13,75.64,0.00,98.38,19.88,90.17,0.00,1.08,0.12,0.65,0.46,0.23,0.03,2.98,0.20,68.72,0.00,0.01,17.26,19.74,0.00,0.00,0.00,0.78,0.00,0.00,5.97,1.46,3.93,69.09,72.30,300.01,257.29,402.21,365.87,385.64,281.05,313.35,282.48,351.27,304.16,354.33,365.87,
67.586,0,0.04,0.02,0.05,9.56,0.02,0.16,9.21,15.12,21.29,80.88,91.57,0.00,98.76,21.29,92.92,0.00,0.48,0.11,0.28,0.50,0.36,0.03,15.12,0.39,74.55,0.00,0.00,30.11,10.39,0.00,0.00,0.00,0.99,0.00,0.00,6.08,-0.10,3.79,69.16,73.35,299.81,257.12,402.95,366.63,386.52,281.27,313.18,282.45,350.64,304.41,354.45,366.63,
67.652,0,0.06,0.02,0.10,15.73,0.02,1.06,9.69,23.45,23.45,68.55,98.58,-8.20,98.71,23.45,95.09,0.00,0.64,0.10,0.23,0.55,0.60,0.02,49.75,0.77,82.40,0.00,0.00,50.99,7.23,0.00,0.00,0.00,0.90,0.00,0.00,3.83,0.33,3.24,69.44,73.63,299.30,257.36,402.54,366.93,386.50,281.19,312.88,282.27,350.46,305.56,353.39,366.93,
67.891,0,0.10,0.02,0.20,22.21,0.02,2.64,8.97,22.67,22.67,55.57,99.74,-14.52,98.67,22.67,96.56,0.00,0.76,0.11,0.17,0.55,0.39,0.02,67.85,1.98,75.17,0.00,0.01,70.89,4.39,0.00,0.00,0.00,0.77,0.00,0.00,3.50,0.45,3.28,69.60,73.54,299.37,257.30,402.67,366.88,386.53,281.11,313.00,282.17,350.62,305.64,353.53,366.88,
67.959,0,0.10,0.02,0.19,21.45,0.02,3.24,8.30,23.21,23.21,57.10,99.71,-15.60,98.75,23.21,94.65,0.00,0.62,0.11,0.21,0.55,0.37,0.02,70.93,1.55,70.03,0.00,0.01,71.21,3.87,0.00,0.00,0.00,0.68,0.00,0.00,3.39,-0.14,3.16,69.65,73.63,299.30,257.29,402.60,366.90,386.58,281.07,312.96,282.11,350.22,305.69,353.32,366.90,
68.038,0,0.11,0.02,0.22,25.03,0.02,4.65,8.70,24.59,24.59,49.97,99.83,-17.99,98.75,24.59,95.80,0.00,0.92,0.10,0.17,0.45,0.28,0.02,77.21,1.34,57.47,0.00,0.01,76.36,2.26,0.00,0.00,0.00,0.60,0.00,0.00,3.39,-0.15,3.42,69.73,73.44,299.25,257.21,402.65,366.92,386.34,280.90,312.91,282.18,350.20,305.66,353.60,366.92,
68.119,0,0.09,0.02,0.17,26.15,0.02,4.13,10.32,28.35,28.35,48.85,99.77,-16.94,98.52,28.35,96.61,0.00,1.15,0.05,0.10,0.31,0.10,0.01,72.08,0.86,48.12,0.00,0.00,71.12,1.99,0.00,0.00,0.00,0.48,0.00,0.00,6.62,-1.00,3.02,69.18,73.10,299.57,256.88,403.12,367.36,386.81,281.06,313.71,282.05,350.13,304.12,353.52,367.36,
68.261,0,0.07,0.02,0.12,17.26,0.02,1.22,7.75,20.48,20.48,65.48,99.24,-9.29,98.66,20.48,97.06,0.00,1.14,0.02,0.05,0.16,0.02,0.00,55.67,0.25,35.91,0.00,0.00,56.90,1.88,0.00,0.00,0.00,0.11,0.00,0.00,6.24,-0.51,3.23,68.36,73.60,299.91,255.77,404.05,366.75,387.56,280.01,313.97,281.16,351.03,303.44,354.42,366.75,
68.328,0,0.07,0.02,0.10,11.34,0.02,0.67,5.28,13.22,13.22,77.31,98.41,-5.61,98.54,13.22,94.81,0.00,0.60,0.02,0.04,0.18,0.02,0.00,49.85,0.13,33.31,0.00,0.00,49.43,2.09,0.00,0.00,0.00,0.03,0.00,0.00,8.56,-0.94,2.78,68.12,72.50,299.23,255.56,403.63,367.47,386.74,280.19,314.24,280.98,350.26,302.39,353.31,367.47,
68.393,0,0.06,0.02,0.07,6.21,0.02,0.41,3.39,7.56,7.56,87.57,96.17,-2.25,98.42,7.56,89.71,0.00,0.37,0.02,0.06,0.29,0.02,0.00,43.72,0.12,28.14,0.00,0.00,35.01,1.99,0.00,0.00,0.00,0.01,0.00,0.00,6.95,-1.33,2.52,68.13,73.10,299.34,255.88,402.92,366.77,386.88,279.86,313.78,281.05,349.75,302.98,352.74,366.77,
68.474,0,0.04,0.02,0.04,4.57,0.02,0.29,3.21,8.83,8.83,90.87,91.30,0.00,98.64,8.83,87.43,0.00,0.37,0.02,0.05,0.29,0.02,0.00,35.16,0.11,21.94,0.00,0.00,20.41,1.64,0.00,0.00,0.00,0.01,0.00,0.00,7.91,-0.57,2.37,68.14,72.50,298.63,255.56,402.23,366.58,385.96,280.00,313.47,280.59,349.50,302.28,351.86,366.58,
68.690,0,0.04,0.03,0.03,2.49,0.02,0.50,1.95,14.04,12.71,95.03,72.84,-1.07,98.53,14.04,69.73,0.00,0.38,0.01,0.04,0.37,0.02,0.00,35.88,0.11,12.71,0.00,0.00,9.77,1.82,0.00,0.00,0.00,0.01,0.00,0.00,8.26,-0.96,1.91,68.22,72.39,298.38,255.56,402.26,367.12,386.06,280.16,313.67,280.47,349.18,302.25,351.22,367.12,
68.828,0,0.04,0.04,0.03,2.04,0.02,0.27,1.53,12.90,4.40,95.92,40.01,0.00,98.64,12.90,64.86,0.00,0.42,0.00,0.03,0.06,0.00,0.00,23.43,0.01,4.40,0.00,0.00,9.32,1.84,0.00,0.00,0.00,0.01,0.00,0.00,7.68,-0.57,1.75,68.60,72.92,297.93,255.97,401.82,367.28,385.96,280.84,313.04,280.64,348.97,302.91,350.62,367.28,
68.904,0,0.05,0.05,0.03,1.36,0.02,0.13,0.92,8.46,0.44,97.28,8.47,0.00,98.77,11.03,54.28,0.00,0.41,0.00,0.04,0.05,0.01,0.00,8.46,0.01,0.44,0.00,0.00,9.44,2.05,0.00,0.00,0.00,0.01,0.00,0.00,6.35,-0.06,1.55,68.19,72.78,298.06,255.77,401.46,366.50,385.89,280.24,313.10,280.16,349.16,303.01,350.29,366.50,
69.094,0,0.10,0.10,0.03,0.54,0.02,0.14,0.28,3.95,0.07,98.93,1.44,0.00,98.75,7.26,27.99,0.00,0.36,0.01,0.05,0.05,0.01,0.00,3.95,0.00,0.07,0.00,0.00,12.74,3.08,0.00,0.00,0.00,0.00,0.00,0.00,6.52,-0.14,1.26,67.98,73.03,298.08,255.66,401.35,366.36,386.12,280.07,313.09,280.00,349.08,302.76,349.92,366.36,
69.139,0,0.07,0.07,0.03,0.74,0.02,0.11,0.45,4.61,0.05,98.53,2.61,0.00,98.73,7.18,40.53,0.00,0.43,0.00,0.03,0.05,0.01,0.00,4.61,0.00,0.02,0.00,0.00,7.76,2.21,0.00,0.00,0.00,0.00,0.00,0.00,4.47,-0.23,1.07,68.16,72.88,298.32,256.35,400.95,366.14,386.08,280.34,313.20,280.23,348.97,303.96,349.62,366.14,
69.295,0,0.05,0.05,0.03,1.13,0.02,0.08,0.79,4.58,0.06,97.74,6.99,0.00,98.69,6.00,56.54,0.00,0.48,0.00,0.01,0.06,0.00,0.00,4.58,0.01,0.00,0.00,0.00,4.54,0.95,0.00,0.00,0.00,0.00,0.00,0.00,1.30,-0.39,1.39,68.50,71.84,298.29,257.17,400.18,365.76,384.99,280.43,313.15,280.60,348.47,305.66,349.57,365.76,
69.455,0,0.03,0.03,0.02,1.84,0.02,0.87,1.58,5.14,1.22,96.32,95.23,-6.22,98.51,5.14,75.04,0.00,0.46,0.01,0.01,1.22,0.32,0.00,55.54,0.23,0.00,0.00,0.00,0.90,0.19,0.00,0.00,0.00,0.00,0.00,0.00,0.89,-1.04,0.66,68.49,71.87,298.71,257.67,400.13,365.67,385.59,281.07,313.72,280.69,348.32,306.10,348.94,365.67,
69.532,0,0.04,0.05,0.03,0.98,0.02,3.81,0.74,4.15,2.63,92.39,97.30,-15.03,98.70,4.15,58.17,0.00,0.09,0.01,0.03,2.63,0.25,0.00,79.77,0.48,0.00,0.00,0.00,0.59,0.08,0.00,1.05,0.00,0.00,0.00,0.00,2.26,-0.33,0.99,68.85,71.80,298.27,257.82,399.67,365.89,384.92,281.56,313.12,280.92,348.25,305.71,348.87,365.89,
69.743,0,0.08,0.11,0.03,0.27,0.02,17.47,0.15,2.89,3.12,65.06,89.74,-22.59,98.41,2.89,20.80,0.00,0.00,0.01,0.07,3.12,0.31,0.00,99.52,4.08,0.00,0.00,0.00,0.11,0.01,0.00,3.44,0.00,0.00,0.00,0.00,4.89,-1.38,0.27,68.65,73.19,297.67,258.31,398.46,365.82,385.12,282.89,311.95,281.22,346.76,304.92,347.13,365.82,
69.812,0,0.08,0.10,0.05,0.32,0.02,19.89,0.20,4.48,6.02,60.22,93.24,-26.94,98.17,4.48,26.05,0.00,0.01,0.01,0.06,6.02,0.76,0.00,99.94,15.03,0.00,0.00,0.00,0.07,0.00,0.00,0.71,0.00,0.00,0.00,0.00,3.32,-2.09,0.62,69.03,71.95,297.01,258.82,397.92,366.28,383.71,283.20,311.77,281.54,345.76,306.08,346.92,366.28,
69.896,0,0.07,0.09,0.11,0.36,0.02,20.99,0.26,5.43,11.64,58.01,95.52,-32.34,97.70,5.43,31.44,0.00,0.02,0.01,0.04,11.64,3.04,0.00,99.97,26.34,0.00,0.00,0.00,0.05,0.00,0.00,1.29,0.00,0.00,0.00,0.00,4.51,-3.26,-0.86,68.84,73.91,295.56,258.99,396.33,366.37,384.00,284.33,310.17,281.11,343.58,305.69,343.67,366.37,
69.967,0,0.11,0.09,0.97,0.30,0.02,31.77,0.24,7.11,20.02,43.23,94.36,-43.74,97.58,7.11,28.40,0.01,0.02,0.02,0.04,20.02,18.06,0.00,100.00,57.60,0.01,0.00,0.00,0.03,0.00,0.00,1.32,0.00,0.00,0.00,0.00,5.27,-3.52,-2.26,69.25,75.28,293.36,259.17,394.33,366.41,383.39,285.57,308.25,280.98,341.36,305.66,339.90,366.41,
70.170,0,0.17,0.09,3.52,0.69,0.02,69.75,0.54,22.98,8.05,5.25,95.64,-51.15,97.26,22.98,31.77,0.01,0.08,0.06,0.10,8.05,34.70,0.00,100.00,98.02,0.02,0.00,0.00,0.02,0.00,0.00,0.13,0.00,0.00,0.00,0.00,3.48,-4.16,-1.67,69.73,74.64,292.76,259.90,393.64,367.08,382.09,285.63,307.56,281.63,340.32,307.01,339.95,367.08,
70.238,0,0.12,0.07,2.39,1.07,0.02,70.33,0.97,27.40,9.87,4.67,97.96,-53.28,97.11,27.40,41.52,0.01,0.10,0.05,0.06,9.87,25.59,0.00,100.00,99.23,0.02,0.00,0.00,0.01,0.00,0.00,0.10,0.00,0.00,0.00,0.00,3.80,-4.43,-1.67,69.80,74.38,292.25,259.79,393.12,366.99,381.46,285.49,307.17,281.64,339.66,306.78,339.43,366.99,
70.377,0,0.16,0.08,5.31,0.65,0.02,65.59,0.57,21.15,13.55,9.41,96.55,-53.66,97.13,21.15,34.81,0.01,0.09,0.12,0.03,13.55,35.98,0.00,100.00,99.86,0.09,0.00,0.04,0.01,0.01,0.00,0.09,0.00,0.00,0.00,0.00,4.31,-4.39,-1.38,69.89,74.44,292.12,259.88,392.99,367.21,381.19,285.46,306.84,281.90,339.53,306.68,339.64,367.21,
70.552,0,0.25,0.12,3.79,0.31,0.02,64.16,0.25,15.89,18.02,10.84,89.59,-60.71,96.40,15.89,20.12,0.01,0.10,0.27,0.01,18.02,22.60,0.00,100.00,100.00,1.08,0.00,27.27,0.02,0.03,0.00,1.34,0.00,0.03,0.00,0.00,5.41,-5.56,-2.01,69.83,74.69,291.48,259.69,392.18,366.59,380.97,285.68,306.37,281.93,338.13,306.00,338.14,366.59,
70.693,0,0.35,0.15,2.45,0.27,0.02,71.60,0.22,21.55,21.34,3.40,90.61,-71.04,96.57,21.55,11.58,0.01,0.09,0.36,0.00,21.34,12.16,0.00,100.00,100.00,5.44,0.03,60.22,0.02,0.05,0.00,2.77,0.00,0.15,0.00,0.00,5.25,-5.32,-1.71,69.60,74.51,291.77,259.98,392.11,366.70,380.81,285.82,306.40,281.92,338.38,306.16,338.61,366.70,
70.764,0,0.44,0.17,1.36,0.24,0.02,75.56,0.17,21.77,15.70,0.00,90.76,-70.55,97.00,21.77,5.49,0.01,0.06,0.28,0.00,15.70,5.87,0.00,100.00,99.99,6.78,0.08,69.08,0.03,0.09,0.01,4.34,0.01,0.19,0.00,0.00,5.31,-4.62,-1.60,69.17,74.09,292.66,259.77,392.32,365.95,381.05,285.55,307.09,281.29,339.35,305.60,339.33,365.95,
70.921,0,0.18,0.18,0.46,0.33,0.02,82.97,0.19,25.77,2.84,0.00,93.13,-49.30,96.84,25.77,3.20,0.01,0.03,0.06,0.01,1.19,0.05,0.00,100.00,99.88,2.84,0.15,1.23,0.03,0.10,0.05,4.56,0.04,0.25,0.00,0.00,5.97,-4.89,-2.07,68.99,73.56,292.82,259.46,392.70,365.83,381.32,285.46,307.88,281.16,339.52,305.14,339.08,365.83,
70.998,0,0.17,0.18,0.43,0.34,0.02,83.76,0.19,27.46,1.20,0.00,93.95,-49.19,96.62,27.46,2.70,0.00,0.02,0.06,0.01,1.20,0.04,0.00,100.00,98.38,0.98,0.12,0.52,0.03,0.09,0.04,4.57,0.04,0.25,0.00,0.00,5.80,-5.24,-1.70,69.11,74.33,293.16,259.61,392.78,365.72,381.73,285.51,307.52,281.21,339.46,305.23,339.67,365.72,
71.094,0,0.16,0.18,0.30,0.34,0.02,79.75,0.20,26.54,1.31,0.00,93.51,-46.38,96.58,26.54,3.80,0.00,0.01,0.05,0.01,1.31,0.03,0.00,99.99,87.06,0.12,0.05,0.33,0.02,0.05,0.04,8.26,0.04,0.16,0.00,0.00,5.38,-5.29,-1.45,69.22,75.21,293.09,259.57,393.06,365.88,382.16,285.36,307.05,281.44,339.48,305.53,340.02,365.88,
71.171,0,0.15,0.18,0.21,0.31,0.02,73.38,0.17,23.36,0.78,1.62,91.77,-42.70,96.92,23.36,4.09,0.00,0.01,0.05,0.01,0.78,0.01,0.00,99.98,75.22,0.07,0.04,0.38,0.03,0.05,0.03,6.39,0.05,0.11,0.00,0.00,6.29,-4.76,-2.11,69.22,74.64,293.38,259.65,393.37,365.94,382.52,285.82,308.01,281.53,340.16,305.28,339.59,365.94,
71.322,0,0.11,0.17,0.05,0.24,0.02,42.97,0.13,14.37,0.87,32.03,84.10,-29.86,97.31,14.37,5.48,0.00,0.01,0.05,0.01,0.87,0.01,0.00,99.68,28.74,0.01,0.01,0.06,0.05,0.04,0.01,42.39,0.04,0.04,0.00,0.00,5.35,-4.05,-1.21,69.50,75.38,294.28,260.21,394.00,366.21,383.16,285.74,307.87,282.22,341.27,306.11,341.39,366.21,
71.471,0,0.10,0.17,0.03,0.22,0.02,29.50,0.11,11.28,0.95,45.50,80.04,-23.86,97.34,11.28,6.15,0.00,0.01,0.04,0.02,0.95,0.01,0.00,99.34,5.92,0.01,0.01,0.16,0.07,0.02,0.01,46.21,0.03,0.02,0.00,0.00,4.19,-4.01,-0.87,69.22,73.82,295.12,260.35,394.68,366.26,382.94,285.23,309.17,282.41,342.10,306.61,342.60,366.26,
71.540,0,0.10,0.17,0.02,0.21,0.02,25.63,0.10,9.36,1.03,49.37,75.55,-22.38,97.62,9.36,5.47,0.00,0.01,0.05,0.04,1.03,0.01,0.00,98.01,3.37,0.00,0.00,0.03,0.14,0.03,0.00,5.11,0.04,0.02,0.00,0.00,2.85,-3.44,-0.61,69.17,72.90,295.20,259.90,395.01,366.09,382.52,284.35,309.66,282.00,342.66,306.80,343.14,366.09,
71.762,0,0.07,0.09,0.02,0.49,0.02,11.95,0.29,9.82,0.02,76.10,88.54,-18.11,98.07,9.82,30.19,0.00,0.13,0.02,0.02,0.02,0.00,0.00,88.59,0.35,0.00,0.00,0.00,0.58,0.05,0.00,0.00,0.02,0.04,0.00,0.00,-1.35,-2.36,-0.07,68.88,73.57,296.26,258.75,396.52,364.76,383.84,282.29,310.28,281.00,344.52,307.47,345.04,364.76,
71.827,0,0.03,0.02,0.02,3.55,0.02,3.45,3.45,11.05,0.02,92.90,99.73,-15.47,98.11,11.05,86.50,0.00,2.37,0.02,0.00,0.02,0.00,0.00,80.24,0.10,0.00,0.00,0.00,0.98,0.09,0.00,0.00,0.02,0.04,0.00,0.00,-0.40,-2.26,0.12,68.74,73.11,296.74,258.19,397.32,364.68,384.15,281.62,311.05,280.90,345.23,306.73,345.91,364.68,
71.905,0,0.03,0.02,0.02,3.43,0.02,2.77,3.32,8.41,0.02,93.14,99.75,-14.41,98.35,8.41,88.81,0.00,1.77,0.01,0.00,0.02,0.00,0.00,78.89,0.11,0.00,0.00,0.00,0.90,0.08,0.00,0.00,0.01,0.04,0.00,0.00,-0.19,-1.55,0.23,68.77,72.52,297.57,258.16,398.13,364.73,384.60,281.45,312.08,280.97,346.46,306.60,346.88,364.73,
72.063,0,0.03,0.02,0.02,3.75,0.02,0.86,3.67,9.80,0.01,92.50,98.60,-6.85,98.07,9.80,90.24,0.00,1.36,0.01,0.00,0.01,0.00,0.00,56.00,0.08,0.00,0.00,0.00,1.64,0.20,0.00,0.00,0.01,0.05,0.00,0.00,0.28,-2.37,0.44,68.75,72.83,298.45,258.15,398.89,364.70,385.47,281.47,312.64,280.97,346.79,306.36,347.90,364.70,
72.217,0,0.02,0.02,0.02,4.03,0.02,1.43,4.06,17.10,0.01,91.88,98.33,-9.23,98.24,17.10,86.00,0.00,0.83,0.01,0.00,0.01,0.00,0.00,58.07,0.06,0.00,0.00,0.00,1.37,0.16,0.00,0.00,0.00,0.08,0.00,0.00,0.54,-1.88,0.51,68.82,73.35,298.43,258.18,398.84,364.66,385.64,281.51,312.30,281.11,347.02,306.28,347.96,364.66,
72.301,0,0.02,0.02,0.02,3.90,0.02,0.87,3.90,16.86,0.01,92.21,96.31,-5.92,98.21,16.86,85.31,0.00,0.75,0.02,0.00,0.01,0.00,0.00,48.63,0.04,0.00,0.00,0.00,1.30,0.15,0.00,0.00,0.00,0.06,0.00,0.00,0.33,-1.98,0.46,68.71,73.38,298.54,258.17,399.00,364.59,385.83,281.45,312.45,281.18,347.10,306.38,348.03,364.59,
72.380,0,0.02,0.02,0.02,3.98,0.02,0.48,4.03,15.94,0.02,91.94,92.94,-2.28,98.44,15.94,86.75,0.00,1.04,0.02,0.00,0.02,0.00,0.00,38.66,0.03,0.00,0.00,0.00,0.92,0.17,0.00,0.00,0.00,0.06,0.00,0.00,0.41,-1.27,1.14,68.63,72.19,299.47,258.44,399.68,364.90,385.64,281.51,313.45,281.29,348.30,306.48,349.62,364.90,
72.454,0,0.02,0.02,0.02,4.90,0.02,0.21,5.24,20.07,0.02,89.52,77.76,0.00,98.32,20.11,88.84,0.00,1.20,0.01,0.00,0.02,0.00,0.00,20.07,0.02,0.00,0.00,0.00,1.12,0.38,0.00,0.00,0.00,0.07,0.00,0.00,0.82,-1.66,0.85,68.56,71.97,299.43,258.40,399.69,365.10,385.68,281.54,313.72,281.19,348.09,306.31,349.28,365.10,
72.625,0,0.02,0.02,0.02,7.70,0.02,0.18,9.19,9.87,0.01,81.62,67.00,0.00,98.38,30.21,92.28,0.00,1.87,0.01,0.00,0.01,0.00,0.00,9.87,0.01,0.00,0.00,0.00,1.25,0.67,0.00,0.00,0.00,0.08,0.00,0.00,0.59,-1.47,0.96,68.56,72.28,299.40,258.34,399.84,365.17,385.85,281.42,313.56,281.23,348.25,306.42,349.46,365.17,
72.694,0,0.02,0.02,0.02,8.21,0.02,0.16,9.95,5.74,0.01,80.09,59.54,0.00,98.39,32.01,92.41,0.00,1.65,0.01,0.00,0.01,0.00,0.00,5.74,0.00,0.00,0.00,0.00,1.97,1.07,0.00,0.00,0.00,0.07,0.00,0.00,1.28,-1.43,1.02,68.57,72.41,299.36,258.15,399.97,365.23,385.92,281.34,313.51,281.18,348.31,306.04,349.57,365.23,
72.898,0,0.03,0.02,0.02,6.07,0.02,0.08,7.17,0.55,0.02,85.66,61.05,0.00,98.31,21.65,89.22,0.00,0.94,0.01,0.01,0.02,0.00,0.00,0.55,0.00,0.00,0.00,0.00,9.71,6.73,0.00,0.00,0.00,0.05,0.00,0.00,1.48,-1.68,0.95,68.72,72.71,299.28,258.08,399.92,365.20,386.04,281.37,313.33,281.12,348.10,305.93,349.42,365.20,
72.964,0,0.04,0.02,0.04,6.35,0.02,0.06,6.10,0.21,0.02,87.30,79.45,0.00,98.25,16.65,88.79,0.00,0.84,0.01,0.01,0.02,0.00,0.00,0.21,0.00,0.00,0.00,0.00,21.37,8.12,0.00,0.00,0.00,0.05,0.00,0.00,1.35,-1.86,0.91,68.79,72.32,299.35,258.14,399.92,365.15,385.91,281.52,313.59,281.03,348.04,306.00,349.41,365.15,
73.122,0,0.04,0.02,0.04,5.64,0.02,0.07,4.86,0.19,0.01,88.73,75.65,0.00,98.19,17.63,82.28,0.00,0.38,0.01,0.01,0.01,0.00,0.00,0.19,0.00,0.00,0.00,0.00,25.16,8.30,0.00,0.00,0.00,0.06,0.00,0.00,2.00,-2.04,1.18,68.51,72.07,298.82,257.59,400.08,365.34,385.45,281.34,313.38,280.68,347.74,305.53,349.53,365.34,
73.339,0,0.09,0.04,0.08,4.31,0.02,0.08,2.39,0.11,0.01,91.39,77.54,0.00,98.18,14.85,66.81,0.00,0.13,0.01,0.01,0.01,0.00,0.00,0.11,0.00,0.00,0.00,0.00,41.94,9.16,0.00,0.00,0.00,0.05,0.00,0.00,2.65,-2.07,1.14,68.34,71.92,298.77,257.32,400.30,365.53,385.48,281.12,313.57,280.54,347.82,305.13,349.56,365.53,
73.409,0,0.05,0.03,0.04,3.67,0.02,0.06,2.51,0.24,0.01,92.65,61.37,0.00,98.43,12.43,74.74,0.00,0.18,0.01,0.01,0.01,0.00,0.00,0.24,0.00,0.00,0.00,0.00,24.35,4.85,0.00,0.00,0.00,0.04,0.00,0.00,2.79,-1.30,1.01,68.68,72.19,298.00,257.48,399.98,366.21,385.14,281.45,312.95,280.76,347.72,305.44,348.89,366.21,
73.478,0,0.06,0.03,0.04,2.54,0.02,0.06,1.61,0.35,0.01,94.92,42.18,0.00,98.63,9.14,69.06,0.00,0.16,0.01,0.01,0.01,0.00,0.00,0.35,0.00,0.00,0.00,0.00,20.35,3.00,0.00,0.00,0.00,0.03,0.00,0.00,1.89,-0.60,0.68,68.92,72.93,297.94,257.85,399.03,365.50,385.18,281.46,312.25,280.86,347.62,305.73,348.04,365.50,
73.726,0,0.06,0.04,0.04,2.10,0.02,0.06,1.25,0.21,0.01,95.81,34.70,0.00,98.50,7.17,64.81,0.00,0.26,0.01,0.01,0.00,0.00,0.00,0.21,0.00,0.00,0.00,0.00,20.65,2.94,0.00,0.00,0.00,0.05,0.00,0.00,2.26,-1.07,1.07,68.81,72.11,298.49,257.31,399.58,364.98,385.10,280.93,313.00,280.43,347.89,305.06,349.00,364.98,
73.798,0,0.05,0.03,0.04,2.84,0.02,0.06,1.87,0.15,0.01,94.32,47.96,0.00,98.49,9.18,72.22,0.00,0.49,0.01,0.01,0.01,0.00,0.00,0.15,0.00,0.00,0.00,0.00,20.09,3.10,0.00,0.00,0.00,0.09,0.00,0.00,2.21,-1.11,0.92,69.00,71.87,298.43,257.39,399.50,365.07,385.00,281.09,313.13,280.39,347.81,305.15,348.77,365.07,
73.872,0,0.06,0.03,0.04,2.62,0.02,0.06,1.68,0.10,0.01,94.76,42.43,0.00,98.47,9.40,69.63,0.00,0.45,0.01,0.01,0.01,0.00,0.00,0.10,0.00,0.00,0.00,0.00,19.91,2.84,0.00,0.00,0.00,0.08,0.00,0.00,2.39,-1.18,0.92,68.93,71.94,298.42,257.28,399.57,365.04,385.06,281.10,313.13,280.28,347.80,305.01,348.79,365.04,
74.014,0,0.06,0.04,0.05,2.82,0.02,0.07,1.85,0.03,0.01,94.35,47.87,0.00,98.35,11.00,67.55,0.00,0.38,0.01,0.01,0.00,0.00,0.00,0.03,0.00,0.00,0.00,0.00,24.72,5.73,0.00,0.00,0.00,0.07,0.00,0.00,2.26,-1.57,0.81,68.88,72.22,298.44,257.37,399.51,365.05,385.25,281.10,313.04,280.35,347.55,305.11,348.64,365.05,
74.091,0,0.06,0.04,0.04,2.45,0.02,0.08,1.56,0.04,0.01,95.11,35.19,0.00,98.41,12.16,63.32,0.00,0.41,0.01,0.01,0.01,0.00,0.00,0.04,0.00,0.00,0.00,0.00,22.42,4.62,0.00,0.00,0.00,0.04,0.00,0.00,1.61,-1.36,1.22,68.90,71.24,298.00,257.14,399.62,365.29,384.36,280.97,313.12,280.14,347.50,305.39,348.94,365.29,
74.275,0,0.05,0.03,0.03,2.67,0.02,0.06,1.94,0.09,0.01,94.66,37.51,0.00,98.52,10.32,71.58,0.00,0.81,0.00,0.01,0.01,0.00,0.00,0.09,0.00,0.00,0.00,0.00,15.40,3.16,0.00,0.00,0.00,0.02,0.00,0.00,2.41,-1.02,1.08,69.31,72.07,297.56,257.62,399.05,365.82,384.35,281.25,312.28,280.87,347.19,305.49,348.28,365.82,
74.343,0,0.04,0.03,0.03,3.24,0.02,0.05,2.54,0.16,0.00,93.53,51.31,0.00,98.54,7.94,81.10,0.00,1.07,0.00,0.00,0.00,0.00,0.00,0.16,0.00,0.00,0.00,0.00,12.89,2.34,0.00,0.00,0.00,0.02,0.00,0.00,1.94,-0.94,1.22,69.35,71.67,297.62,257.68,399.06,365.79,384.10,281.20,312.43,280.90,347.27,305.72,348.48,365.79,
74.410,0,0.04,0.03,0.03,2.55,0.02,0.05,1.96,0.30,0.01,94.90,35.05,0.00,98.43,7.89,75.54,0.00,1.02,0.00,0.01,0.00,0.00,0.00,0.30,0.00,0.00,0.00,0.00,10.12,1.69,0.00,0.00,0.00,0.02,0.00,0.00,2.13,-1.32,1.30,69.41,71.40,297.54,257.49,399.20,365.84,383.96,281.17,312.56,280.73,347.08,305.57,348.59,365.84,
74.573,0,0.05,0.04,0.03,1.73,0.02,0.06,1.25,0.54,0.01,96.54,16.91,0.00,98.38,7.55,65.87,0.00,0.65,0.01,0.01,0.01,0.00,0.00,0.54,0.00,0.00,0.00,0.00,7.66,1.08,0.00,0.00,0.00,0.02,0.00,0.00,2.04,-1.47,1.14,69.42,71.73,297.57,257.48,399.18,365.83,384.22,281.03,312.49,280.73,347.01,305.56,348.42,365.83,
74.733,0,0.05,0.04,0.02,1.57,0.02,0.09,1.12,1.28,0.01,96.87,9.63,0.00,98.33,12.63,58.73,0.00,0.30,0.00,0.01,0.01,0.00,0.00,1.28,0.00,0.00,0.00,0.00,6.74,0.79,0.00,0.00,0.00,0.03,0.00,0.00,2.04,-1.63,1.10,69.44,71.64,297.32,257.39,399.17,365.94,384.07,281.17,312.43,280.56,346.79,305.58,348.24,365.94,
74.804,0,0.05,0.05,0.02,1.65,0.02,0.11,1.20,1.47,0.02,96.69,8.86,0.00,98.21,15.26,57.23,0.00,0.59,0.01,0.02,0.01,0.00,0.00,1.47,0.00,0.00,0.00,0.00,7.09,0.98,0.00,0.00,0.00,0.03,0.00,0.00,0.06,-1.97,0.67,69.21,70.79,297.18,257.18,399.38,365.95,383.92,281.14,313.14,279.75,346.67,306.29,347.79,365.95,
74.884,0,0.04,0.03,0.03,3.36,0.02,0.11,2.57,1.56,0.04,93.28,27.90,0.00,98.37,21.47,69.16,0.00,1.00,0.02,0.04,0.00,0.00,0.00,1.56,0.00,0.00,0.00,0.00,12.36,1.12,0.00,0.00,0.00,0.03,0.00,0.00,0.47,-1.50,1.10,69.52,72.26,296.88,257.45,399.17,366.27,384.15,281.08,311.90,280.58,346.63,306.46,348.02,366.27,
75.018,0,0.04,0.03,0.03,6.93,0.02,0.15,5.18,1.56,0.06,86.13,57.98,0.00,98.33,30.58,76.35,0.00,2.14,0.01,0.06,0.00,0.00,0.00,1.56,0.00,0.00,0.00,0.00,20.99,1.17,0.00,0.00,0.00,0.02,0.00,0.00,0.83,-1.63,1.15,69.58,72.22,296.94,257.52,399.10,366.39,384.11,280.82,311.89,280.85,346.55,306.33,348.07,366.39,
75.091,0,0.04,0.02,0.04,12.96,0.02,0.17,8.40,1.49,0.02,74.07,88.22,0.00,98.27,35.49,83.07,0.00,2.60,0.01,0.02,0.00,0.00,0.00,1.49,0.00,0.00,0.00,0.00,35.32,1.49,0.00,0.00,0.00,0.02,0.00,0.00,1.06,-1.79,1.15,69.63,72.22,297.00,257.49,399.14,366.34,384.16,280.88,311.94,280.82,346.50,306.20,348.12,366.34,
75.321,0,0.08,0.02,0.10,19.02,0.02,0.11,8.75,1.05,0.02,61.95,98.39,0.00,98.52,28.52,88.93,0.00,4.80,0.01,0.02,0.00,0.00,0.00,1.05,0.00,0.00,0.00,0.00,55.55,1.48,0.00,0.00,0.00,0.02,0.00,0.00,0.88,-1.02,1.19,69.96,71.93,296.72,257.14,399.39,366.47,383.96,280.86,312.03,280.41,346.93,306.17,348.16,366.47,
75.389,0,0.08,0.02,0.06,31.19,0.02,0.16,20.62,1.54,0.05,43.81,97.14,0.00,98.41,37.02,91.95,0.00,16.77,0.02,0.05,0.00,0.00,0.00,1.54,0.00,0.00,0.00,0.00,45.27,1.91,0.00,0.00,0.00,0.03,0.00,0.00,2.38,-1.36,1.43,69.89,71.37,296.26,256.05,400.19,366.65,383.72,280.94,312.36,279.39,346.91,305.09,348.59,366.65,
75.455,0,0.09,0.02,0.05,38.01,0.02,0.17,28.04,1.39,0.09,36.99,96.91,0.00,98.25,38.85,92.07,0.01,23.27,0.03,0.09,0.00,0.00,0.00,1.39,0.00,0.00,0.00,0.00,44.15,3.19,0.00,0.00,0.00,0.03,0.00,0.00,0.20,-1.85,1.49,69.30,71.07,296.07,255.36,400.60,366.67,383.66,279.47,312.59,278.80,346.74,305.54,348.75,366.67,
75.660,0,0.12,0.02,0.04,28.49,0.02,0.10,24.99,1.59,0.22,46.51,88.37,0.00,98.18,26.69,88.96,0.01,32.48,0.04,0.22,0.01,0.00,0.00,1.59,0.00,0.00,0.00,0.00,29.61,5.49,0.00,0.00,0.00,0.02,0.00,0.00,3.30,-2.06,1.13,69.49,70.51,295.81,255.34,399.94,366.86,383.12,279.65,312.61,279.01,346.20,304.09,347.89,366.86,
75.727,0,0.09,0.02,0.05,14.25,0.02,0.07,11.28,1.38,0.12,71.50,87.15,0.00,98.76,16.85,87.60,0.01,19.98,0.03,0.12,0.00,0.00,0.00,1.38,0.00,0.00,0.00,0.00,29.55,6.08,0.00,0.00,0.00,0.01,0.00,0.00,3.23,0.12,1.90,69.88,71.20,295.37,255.44,399.61,366.58,382.63,280.07,311.44,279.32,346.99,304.30,348.40,366.58,
75.982,0,0.04,0.02,0.04,12.08,0.02,0.09,11.95,0.93,0.04,75.84,85.50,0.00,98.70,24.67,91.13,0.00,8.40,0.02,0.04,0.00,0.00,0.00,0.93,0.00,0.00,0.00,0.00,24.28,7.86,0.00,0.00,0.01,0.02,0.00,0.00,1.76,-0.35,1.32,69.75,71.98,295.59,255.63,399.55,366.39,383.43,279.96,311.45,279.16,346.83,304.92,347.84,366.39,
76.048,0,0.04,0.02,0.03,7.45,0.02,0.10,6.73,1.21,0.04,85.10,66.96,0.00,98.47,24.23,82.40,0.00,4.97,0.02,0.04,0.01,0.00,0.00,1.21,0.01,0.00,0.00,0.00,19.72,5.31,0.00,0.00,0.00,0.02,0.00,0.00,1.97,-1.19,0.73,69.49,71.92,296.40,255.70,399.24,365.50,383.98,279.63,312.06,278.95,346.62,304.37,347.41,365.50,
76.120,0,0.04,0.03,0.03,5.89,0.02,0.10,5.67,1.20,0.04,88.21,50.24,0.00,98.02,22.67,78.90,0.00,5.49,0.01,0.04,0.01,0.00,0.00,1.20,0.00,0.00,0.00,0.00,14.56,5.45,0.00,0.00,0.00,0.01,0.00,0.00,5.22,-2.48,0.69,69.26,71.43,297.03,255.32,399.60,365.26,384.27,279.43,312.84,279.12,346.40,302.61,347.84,365.26,
76.214,0,0.03,0.03,0.02,4.74,0.02,0.10,4.36,1.58,0.06,90.53,43.21,0.00,98.67,22.03,78.75,0.00,2.06,0.01,0.06,0.01,0.00,0.00,1.58,0.00,0.00,0.00,0.00,11.18,3.06,0.00,0.05,0.00,0.02,0.00,0.00,2.67,-0.47,0.95,70.03,71.32,296.91,256.13,398.96,365.07,383.67,280.04,312.35,279.34,347.15,304.16,347.79,365.07,
76.440,0,0.03,0.03,0.02,3.73,0.02,0.09,3.34,2.01,0.08,92.54,37.43,0.00,98.57,18.39,78.84,0.00,0.31,0.01,0.08,0.02,0.00,0.00,2.01,0.00,0.00,0.00,0.00,8.10,1.68,0.00,0.00,0.00,0.03,0.00,0.00,0.03,-0.85,0.69,70.16,73.24,296.56,257.01,398.33,365.13,384.29,280.47,311.05,280.03,346.43,305.93,346.99,365.13,
76.576,0,0.03,0.03,0.02,3.13,0.02,0.08,2.81,2.70,0.03,93.74,28.19,0.00,98.52,15.62,77.20,0.01,1.26,0.01,0.03,0.01,0.00,0.00,2.70,0.02,0.00,0.00,0.00,4.49,0.86,0.00,0.00,0.00,0.02,0.00,0.00,-1.63,-0.99,0.64,69.70,71.81,296.74,257.05,398.55,365.16,383.80,280.17,311.99,279.85,346.57,306.63,347.14,365.16,
76.644,0,0.03,0.03,0.02,3.58,0.02,0.08,3.19,3.69,0.03,92.84,34.41,0.00,98.59,16.08,79.89,0.01,1.65,0.01,0.03,0.01,0.00,0.00,3.69,0.02,0.00,0.00,0.00,5.41,0.48,0.00,0.00,0.00,0.02,0.00,0.00,-1.39,-0.77,0.78,69.82,71.56,296.75,257.11,398.40,365.15,383.52,280.17,311.97,279.90,346.62,306.52,347.23,365.15,
76.796,0,0.03,0.02,0.02,4.60,0.02,0.08,4.36,3.96,0.03,90.80,45.57,0.00,98.63,16.49,86.13,0.01,2.84,0.01,0.03,0.01,0.00,0.00,3.96,0.02,0.00,0.00,0.00,4.99,0.42,0.00,0.00,0.00,0.02,0.00,0.00,-1.26,-0.62,0.90,69.78,71.33,296.74,257.05,398.62,365.38,383.45,280.04,312.12,280.02,346.81,306.52,347.47,365.38,
77.028,0,0.03,0.02,0.02,5.69,0.02,0.10,5.72,6.93,0.01,88.55,57.40,0.00,98.48,19.22,90.12,0.01,3.07,0.01,0.01,0.01,0.00,0.00,6.93,0.03,0.00,0.00,0.00,4.55,0.36,0.00,0.00,0.00,0.02,0.00,0.00,-0.42,-1.13,0.65,70.13,72.31,297.24,257.44,398.57,365.08,384.30,280.68,312.00,280.32,346.74,306.33,347.40,365.08,
77.095,0,0.03,0.02,0.02,4.60,0.02,0.15,4.57,11.87,0.01,90.80,56.06,0.00,98.50,20.61,84.49,0.00,1.70,0.01,0.00,0.01,0.00,0.00,11.87,0.06,0.00,0.00,0.00,3.15,0.27,0.00,0.00,0.00,0.02,0.00,0.00,0.26,-1.07,0.72,70.23,72.31,297.91,257.37,398.62,364.42,384.63,280.73,312.32,280.04,347.13,305.70,347.84,364.42,
77.161,0,0.02,0.02,0.02,4.53,0.02,0.17,4.61,12.81,0.01,90.78,56.84,0.00,98.58,22.07,83.95,0.00,1.04,0.01,0.00,0.01,0.00,0.00,12.81,0.04,0.00,0.00,0.00,2.17,0.21,0.00,0.00,0.00,0.02,0.00,0.00,2.15,-0.81,1.00,70.65,72.13,297.90,257.48,398.66,364.58,384.39,281.44,312.26,280.31,347.28,305.13,348.18,364.58,
77.346,0,0.04,0.04,0.02,1.72,0.02,0.19,1.39,14.47,0.08,96.56,22.29,0.00,98.37,14.47,63.03,0.00,0.08,0.01,0.01,0.08,0.00,0.00,14.77,0.01,0.00,0.00,0.00,1.78,0.21,0.00,29.25,0.00,0.03,0.00,0.00,4.63,1.51,1.68,70.62,72.97,298.26,257.88,398.35,364.38,384.43,281.54,311.46,281.50,348.62,304.28,349.02,364.38,
77.415,0,0.07,0.08,0.02,0.55,0.02,0.20,0.33,9.53,0.09,98.90,1.84,0.00,98.48,9.53,32.96,0.00,0.01,0.01,0.04,0.09,0.00,0.00,10.91,0.01,0.00,0.00,0.00,2.51,0.37,0.00,22.32,0.00,0.04,0.00,0.00,4.27,1.14,2.04,69.95,73.15,299.62,257.91,399.15,363.58,385.40,281.35,312.25,281.58,349.46,304.20,350.50,363.58,
77.561,0,0.08,0.11,0.02,0.41,0.02,0.19,0.23,4.42,0.03,99.19,0.50,0.00,97.33,11.99,21.52,0.00,0.00,0.01,0.03,0.01,0.00,0.00,4.42,0.00,0.00,0.00,0.00,2.31,0.60,0.00,84.52,0.00,0.05,0.00,0.00,3.53,4.02,4.82,69.04,73.29,304.42,262.84,403.00,366.89,388.13,284.43,314.94,288.32,355.31,308.89,358.04,366.89,
77.631,0,0.08,0.16,0.02,0.39,0.02,0.38,0.22,0.85,0.02,99.23,0.54,0.00,97.19,25.81,6.92,0.00,0.00,0.01,0.02,0.01,0.00,0.00,0.85,0.00,0.01,0.00,0.00,1.15,0.66,0.00,84.23,0.00,0.11,0.00,0.00,1.91,4.29,5.58,67.92,76.21,305.37,263.87,403.23,366.50,389.57,284.15,313.62,290.40,356.09,310.14,359.71,366.50,
77.709,0,0.06,0.19,0.01,0.52,0.02,0.74,0.32,0.34,0.01,98.53,1.37,0.00,97.61,39.60,2.32,0.00,0.00,0.02,0.01,0.01,0.00,0.04,0.34,0.00,0.01,0.00,0.01,0.51,0.58,0.00,72.38,0.00,0.18,0.00,0.00,0.50,3.45,6.71,66.63,72.76,307.87,265.62,404.59,367.35,389.21,284.45,316.87,292.26,357.39,311.84,362.63,367.35,
77.774,0,0.06,0.19,0.01,0.66,0.02,1.03,0.44,0.26,0.01,97.94,2.47,0.00,97.28,47.20,2.18,0.00,0.00,0.03,0.01,0.00,0.00,0.08,0.26,0.00,0.01,0.00,0.01,0.40,0.61,0.00,79.07,0.00,0.21,0.00,0.00,0.29,4.12,9.12,65.44,73.28,309.45,266.84,406.64,368.78,389.63,283.86,317.33,295.83,359.47,313.26,367.18,368.78,
77.991,0,0.03,0.20,0.01,2.36,0.02,6.08,2.19,0.04,0.04,87.83,38.92,-5.34,97.95,87.51,0.67,0.00,0.00,0.14,0.25,0.00,0.00,1.40,0.04,0.00,0.04,0.00,0.00,0.22,0.69,0.00,82.49,0.01,0.37,0.00,0.00,1.65,2.67,12.68,64.51,74.91,307.08,264.83,409.27,371.25,388.10,281.63,314.91,297.58,358.57,313.24,371.52,371.25,
78.156,0,0.04,0.20,0.01,1.88,0.02,4.62,1.63,0.04,0.04,90.77,27.46,-3.61,98.44,80.83,0.34,0.01,0.00,0.54,6.56,0.04,0.00,1.76,0.04,0.01,0.02,0.02,0.00,0.41,0.42,0.00,7.90,0.04,0.48,0.00,0.00,0.26,1.27,14.61,64.61,74.22,304.10,264.68,408.65,373.19,384.74,281.00,312.66,298.72,355.87,314.89,371.73,373.19,
78.229,0,0.05,0.20,0.01,1.24,0.02,2.60,0.95,0.05,0.05,94.80,11.85,-0.67,98.66,67.72,0.59,0.03,0.00,0.36,7.02,0.02,0.00,2.00,0.05,0.01,0.01,0.02,0.00,0.64,0.25,0.00,3.63,0.05,0.51,1.00,6.00,0.29,-0.51,14.95,64.74,74.21,301.73,265.64,406.06,374.48,381.85,280.45,310.36,300.35,352.36,315.93,369.47,374.48,
78.294,0,0.12,0.20,0.01,0.45,0.02,0.63,0.26,0.07,0.10,98.75,1.11,0.00,98.73,35.84,1.04,0.10,0.00,0.18,14.25,0.01,0.00,0.99,0.03,0.01,0.00,0.03,0.00,1.35,0.17,0.01,3.22,0.07,0.55,0.00,6.00,2.45,-0.25,16.26,65.04,73.60,300.66,264.58,406.49,374.61,380.54,280.46,309.62,300.16,352.13,314.72,370.56,374.61,
78.372,0,0.13,0.20,0.02,0.33,0.02,0.42,0.18,0.07,0.10,99.17,0.58,0.00,98.63,26.68,1.11,0.10,0.00,0.12,11.86,0.01,0.00,0.68,0.03,0.01,0.00,0.02,0.00,1.27,0.14,0.01,5.60,0.07,0.43,0.00,6.00,2.40,-0.63,16.59,65.15,74.00,298.67,264.50,405.20,375.23,378.80,280.19,307.66,300.58,350.26,315.04,369.35,375.23,
78.542,0,0.12,0.19,0.02,0.25,0.02,0.28,0.13,0.07,0.09,99.44,0.33,0.00,98.26,18.09,1.74,0.09,0.00,0.12,7.60,0.01,0.00,0.08,0.04,0.00,0.00,0.01,0.00,0.78,0.07,0.01,8.68,0.07,0.27,0.00,6.00,3.85,-1.83,16.74,65.53,73.79,295.56,265.21,402.12,376.29,375.50,280.80,304.68,301.56,346.49,315.35,366.34,376.29,
78.697,0,0.10,0.17,0.02,0.24,0.02,0.22,0.12,0.04,0.05,99.52,0.33,0.00,96.83,14.12,4.39,0.05,0.00,0.02,1.14,0.00,0.00,0.00,0.03,0.00,0.00,0.02,0.00,0.58,0.05,0.00,2.54,0.04,0.12,0.00,6.00,12.85,-4.91,22.07,65.61,75.57,288.79,264.78,393.66,372.36,363.99,277.03,295.16,308.21,336.97,311.23,364.53,372.36,
78.771,0,0.11,0.18,0.02,0.20,0.02,0.19,0.10,0.04,0.05,99.60,0.33,0.00,96.37,10.34,2.86,0.05,0.00,0.04,2.50,0.01,0.00,0.00,0.03,0.00,0.00,0.01,0.00,0.52,0.06,0.00,9.05,0.04,0.16,0.00,6.00,6.23,-5.61,21.09,65.77,72.10,290.22,264.78,393.87,371.34,364.67,277.12,297.99,304.56,337.60,313.38,363.47,371.34,
78.909,0,0.10,0.16,0.02,0.22,0.02,0.16,0.11,0.04,0.04,99.57,0.33,0.00,97.03,7.98,7.96,0.02,0.00,0.02,1.25,0.00,0.00,0.00,0.04,0.00,0.00,0.01,0.00,0.19,0.04,0.00,0.02,0.02,0.12,0.00,6.00,6.73,-4.57,23.70,66.40,71.93,287.69,261.11,393.04,368.56,361.22,273.85,295.26,302.52,336.38,310.20,364.62,368.56,
78.984,0,0.08,0.12,0.02,0.35,0.02,0.16,0.20,0.06,0.06,99.29,0.33,0.00,96.87,11.59,19.04,0.01,0.00,0.02,0.55,0.00,0.00,0.00,0.06,0.01,0.00,0.01,0.00,0.09,0.04,0.00,0.02,0.01,0.13,0.00,6.00,7.71,-4.84,23.02,66.48,72.31,287.63,259.70,393.93,368.98,362.21,272.60,295.71,301.01,336.65,308.82,364.41,368.98,
79.131,0,0.03,0.04,0.02,2.27,0.02,0.11,2.04,0.14,0.04,95.47,10.47,0.00,96.98,20.52,66.48,0.01,0.00,0.01,0.04,0.00,0.00,0.00,0.14,0.01,0.00,0.00,0.00,0.14,0.02,0.00,0.00,0.01,0.08,0.00,6.00,12.77,-4.65,18.71,66.90,72.31,284.86,253.88,391.35,365.60,362.62,268.94,294.51,293.24,334.22,300.73,357.19,365.60,
79.286,0,0.03,0.03,0.02,2.88,0.02,0.13,2.76,1.23,0.01,94.23,14.09,0.00,98.02,24.84,69.61,0.00,0.01,0.01,0.01,0.00,0.00,0.00,1.23,0.04,0.00,0.00,0.00,0.08,0.01,0.00,0.00,0.00,0.03,0.00,6.00,14.24,-2.50,16.76,67.96,71.03,288.37,253.38,392.88,364.27,366.21,269.68,298.23,290.26,338.01,298.31,357.44,364.27,
79.388,0,0.03,0.04,0.02,2.21,0.02,0.13,1.97,2.17,0.00,95.58,10.50,0.00,98.69,21.70,64.50,0.00,0.00,0.00,0.00,0.00,0.00,0.00,2.17,0.06,0.00,0.00,0.00,0.13,0.01,0.00,0.00,0.00,0.02,0.00,6.00,12.35,0.39,14.61,68.71,71.22,292.50,253.08,394.83,361.41,370.88,270.42,301.76,287.59,342.69,297.54,358.36,361.41,
79.473,0,0.03,0.04,0.02,1.77,0.02,0.13,1.49,6.74,0.00,96.45,13.06,0.00,98.50,16.44,63.00,0.00,0.01,0.00,0.00,0.00,0.00,0.00,6.74,0.04,0.00,0.00,0.00,0.19,0.00,0.00,0.00,0.00,0.01,0.00,6.00,12.66,1.07,12.38,69.64,70.92,296.75,253.25,397.36,360.44,375.60,271.09,306.26,285.94,346.58,296.73,359.32,360.44,
79.546,0,0.04,0.05,0.02,1.12,0.02,0.23,0.84,9.97,0.00,97.76,19.21,0.00,98.72,9.97,55.44,0.00,0.01,0.01,0.00,0.00,0.00,0.00,20.02,0.03,0.00,0.00,0.00,0.35,0.00,0.00,0.00,0.00,0.01,0.00,6.00,8.78,0.27,10.70,70.39,70.90,299.29,252.70,398.86,357.95,378.83,271.62,308.85,282.97,348.23,297.38,359.56,357.95,
79.611,0,0.05,0.06,0.02,0.91,0.02,0.33,0.64,10.22,0.00,98.19,16.28,0.00,98.41,10.22,48.72,0.00,0.00,0.01,0.00,0.00,0.00,0.00,24.23,0.03,0.00,0.00,0.00,0.34,0.00,0.00,0.00,0.00,0.01,0.00,6.00,8.12,-1.38,8.51,70.44,72.18,302.15,252.80,399.37,355.93,382.37,271.23,310.96,281.72,349.07,296.76,358.96,355.93,
79.792,0,0.07,0.08,0.02,0.48,0.02,0.89,0.29,6.26,0.00,98.22,19.00,-1.14,98.45,6.26,33.49,0.00,0.01,0.01,0.00,0.00,0.00,0.00,41.81,0.02,0.00,0.00,0.00,0.49,0.01,0.00,0.00,0.00,0.01,0.00,6.00,6.99,-1.23,6.10,70.22,70.93,303.99,252.59,400.26,355.09,384.66,271.87,314.14,279.47,350.67,296.47,357.58,355.09,
79.921,0,0.04,0.04,0.02,1.38,0.02,1.47,1.08,7.91,0.00,97.05,91.55,-7.57,98.21,7.91,63.60,0.00,0.04,0.00,0.00,0.00,0.00,0.00,59.39,0.01,0.00,0.00,0.00,0.56,0.01,0.00,0.00,0.00,0.01,0.00,6.00,7.87,1.98,-2.28,71.60,71.78,308.81,253.59,404.75,355.97,394.42,279.16,322.80,274.21,357.55,296.91,353.11,355.97,
80.080,0,0.02,0.02,0.02,5.54,0.02,2.00,5.97,24.82,0.00,88.07,98.74,-11.26,98.35,24.82,88.80,0.00,0.09,0.00,0.00,0.00,0.00,0.00,58.86,0.01,0.00,0.00,0.00,1.99,0.11,0.00,0.00,0.00,0.04,0.00,6.00,8.27,1.57,-6.74,71.67,73.44,310.46,253.22,406.08,354.22,398.89,282.67,326.40,270.93,359.04,296.32,349.52,354.22,
80.147,0,0.02,0.02,0.02,5.15,0.02,0.76,5.16,20.44,0.00,89.69,96.12,-5.25,98.26,20.44,88.98,0.00,0.16,0.01,0.00,0.00,0.00,0.00,44.30,0.01,0.00,0.00,0.00,4.98,0.53,0.00,0.00,0.00,0.04,0.00,6.00,9.98,1.82,-8.74,71.20,73.39,310.55,252.76,408.66,356.54,400.94,284.89,329.18,269.50,360.62,296.34,348.68,356.54,
80.215,0,0.02,0.02,0.02,7.45,0.02,0.87,8.23,26.41,0.00,83.54,97.28,-6.31,98.04,26.41,94.45,0.00,0.66,0.01,0.00,0.00,0.00,0.00,43.42,0.00,0.00,0.00,0.00,4.61,0.61,0.00,0.00,0.00,0.06,0.00,6.00,11.31,2.44,-9.38,72.22,74.15,309.85,253.26,408.52,357.70,401.24,286.12,328.87,269.94,360.60,296.63,347.44,357.70,
80.362,0,0.02,0.02,0.02,6.07,0.02,0.41,6.22,18.32,0.00,87.55,95.07,-1.88,98.71,18.32,94.22,0.00,1.62,0.00,0.00,0.00,0.00,0.00,35.93,0.00,0.00,0.00,0.00,5.53,0.74,0.00,0.00,0.00,0.03,0.00,6.00,5.57,0.29,-10.07,72.25,73.46,311.23,253.97,409.27,356.73,402.30,286.21,330.67,269.94,360.46,299.06,347.80,356.73,
80.600,0,0.02,0.02,0.02,4.46,0.02,0.19,4.42,15.26,0.00,91.08,82.51,0.00,98.37,15.26,89.74,0.00,0.44,0.00,0.00,0.00,0.00,0.00,22.90,0.00,0.00,0.00,0.00,4.23,0.77,0.00,0.02,0.00,0.01,0.00,6.00,8.68,1.50,-13.84,72.66,76.30,315.29,256.94,412.48,357.09,408.68,293.97,336.12,270.36,365.00,300.70,346.85,357.09,
80.669,0,0.03,0.02,0.02,3.67,0.02,0.32,3.53,13.94,0.00,92.66,88.85,0.00,97.47,13.94,86.32,0.00,0.13,0.00,0.00,0.00,0.00,0.00,32.85,0.00,0.00,0.00,0.00,2.59,0.25,0.00,0.00,0.00,0.02,0.00,6.00,11.03,3.75,-13.77,71.77,74.99,314.98,255.77,414.11,359.09,408.49,292.94,337.22,269.61,366.92,299.72,347.91,359.09,
80.739,0,0.02,0.02,0.02,4.31,0.02,0.67,4.34,17.74,0.00,91.32,95.58,-4.47,98.03,17.74,87.74,0.00,0.19,0.00,0.00,0.00,0.00,0.00,43.83,0.00,0.00,0.00,0.00,2.15,0.10,0.00,0.00,0.00,0.02,0.00,6.00,10.69,2.47,-12.19,72.38,74.88,313.80,256.17,413.17,360.24,406.84,292.13,335.03,270.91,365.06,300.17,348.58,360.24,
80.961,0,0.02,0.02,0.02,5.54,0.02,1.56,5.98,21.26,0.00,88.04,98.96,-10.18,98.68,21.26,91.89,0.00,0.67,0.00,0.00,0.00,0.00,0.00,58.08,0.00,0.00,0.00,0.00,1.66,0.07,0.00,0.00,0.00,0.02,0.00,6.00,10.21,0.43,-11.08,72.49,74.48,311.30,256.04,411.85,361.72,404.30,291.43,332.50,271.63,361.92,300.49,347.93,361.72,
81.097,0,0.03,0.02,0.02,3.67,0.02,1.87,3.61,15.45,0.00,92.66,98.91,-11.00,98.71,15.45,85.05,0.00,0.60,0.00,0.00,0.00,0.00,0.00,64.33,0.00,0.00,0.00,0.00,1.23,0.04,0.00,0.00,0.00,0.01,0.00,6.00,6.57,-0.30,-10.36,72.51,74.47,309.08,255.94,410.71,362.56,402.36,290.53,330.31,271.70,359.79,302.22,347.02,362.56,
81.168,0,0.03,0.03,0.02,3.17,0.02,3.34,3.02,14.85,0.00,93.33,99.35,-14.43,98.74,14.85,81.14,0.00,0.69,0.00,0.00,0.00,0.00,0.00,74.71,0.01,0.00,0.00,0.00,1.02,0.03,0.00,0.01,0.00,0.00,0.00,6.00,4.89,-0.20,-9.76,72.21,74.61,308.53,255.41,411.02,362.99,402.12,289.34,329.67,271.55,359.68,302.75,347.53,362.99,
81.243,0,0.03,0.03,0.02,3.50,0.02,2.94,3.40,18.68,0.00,92.99,98.86,-13.25,98.71,18.68,80.13,0.00,0.86,0.01,0.00,0.00,0.00,0.00,68.74,0.01,0.00,0.00,0.00,1.14,0.03,0.00,0.00,0.00,0.00,0.00,6.00,7.88,0.33,-9.04,72.38,74.86,307.94,255.37,411.48,364.55,401.89,289.50,329.00,272.42,359.89,302.06,348.24,364.55,
81.378,0,0.02,0.02,0.02,5.66,0.02,3.40,6.15,27.75,0.00,87.70,99.02,-14.22,98.36,27.75,85.29,0.00,1.52,0.01,0.00,0.00,0.00,0.00,65.50,0.01,0.00,0.00,0.00,1.22,0.04,0.00,0.00,0.00,0.00,0.00,6.00,9.07,-1.52,-9.12,72.07,73.46,307.51,254.84,412.01,365.49,401.20,289.24,329.71,272.34,358.88,301.29,348.37,365.49,
81.541,0,0.01,0.02,0.01,14.38,0.02,5.51,19.02,53.58,0.00,61.96,98.07,-16.21,98.60,54.33,88.65,0.00,2.20,0.01,0.00,0.00,0.00,0.00,53.58,0.00,0.00,0.00,0.00,1.43,0.05,0.00,0.00,0.00,0.01,0.00,6.00,8.79,-0.74,-8.79,72.22,74.55,306.98,254.57,412.01,365.53,401.34,289.26,328.80,272.07,359.04,301.46,348.34,365.53,
81.608,0,0.01,0.02,0.01,15.15,0.02,3.88,20.24,43.17,0.00,59.52,95.17,-13.47,98.36,57.99,87.25,0.00,1.74,0.01,0.00,0.00,0.00,0.00,43.17,0.00,0.00,0.00,0.00,1.66,0.11,0.00,0.01,0.00,0.01,0.00,6.00,9.18,-1.52,-8.33,72.08,73.86,307.01,254.28,412.42,366.06,401.05,288.42,328.96,272.37,358.79,301.11,349.13,366.06,
81.860,0,0.01,0.02,0.01,12.38,0.02,4.61,16.06,46.19,0.01,67.89,98.98,-15.89,98.18,46.19,92.29,0.00,1.71,0.03,0.00,0.01,0.00,0.00,57.99,0.14,0.00,0.00,0.00,1.27,0.11,0.00,0.00,0.00,0.01,0.00,6.00,9.48,-2.06,-8.72,72.84,73.93,305.22,254.55,411.41,367.32,399.91,288.96,327.77,272.78,357.10,301.54,347.27,367.32,
81.937,0,0.01,0.02,0.01,12.05,0.02,6.26,15.56,47.37,0.01,68.88,99.21,-17.74,98.32,47.37,90.85,0.00,1.10,0.03,0.00,0.01,0.00,0.00,62.63,0.08,0.00,0.00,0.00,1.37,0.08,0.00,0.01,0.00,0.01,0.00,6.00,9.77,-1.65,-9.24,72.91,74.34,304.17,254.41,411.12,367.87,399.65,289.59,327.31,272.45,356.69,301.64,345.98,367.87,
82.007,0,0.02,0.02,0.01,9.19,0.02,8.91,11.38,40.15,0.01,77.24,99.69,-20.54,98.20,40.15,89.60,0.00,0.96,0.03,0.00,0.01,0.00,0.00,75.45,0.27,0.00,0.00,0.00,0.65,0.04,0.00,0.01,0.00,0.01,0.00,6.00,10.84,-2.00,-9.09,73.25,73.98,303.49,254.70,410.13,368.16,398.60,289.54,326.48,273.07,355.65,301.30,345.35,368.16,
82.223,0,0.24,0.04,0.31,3.63,0.03,72.01,3.64,35.99,0.19,2.99,99.65,-70.24,98.36,35.99,64.19,0.00,1.22,4.05,0.00,0.19,0.53,0.03,99.47,93.82,0.00,0.01,99.00,0.19,0.01,0.00,0.01,0.01,0.33,0.00,6.00,11.13,-1.52,-8.88,72.36,74.56,304.92,255.41,409.14,366.33,399.14,289.26,326.25,273.59,356.12,300.89,345.70,366.33,
82.409,0,0.46,0.20,0.35,1.18,0.03,87.71,0.87,40.71,0.13,0.00,97.82,-72.51,98.77,40.71,24.02,0.00,1.70,4.29,0.00,0.13,0.15,1.68,99.92,99.97,0.00,0.96,98.28,0.09,0.01,0.00,0.00,0.08,6.13,0.00,6.00,10.78,-0.09,-8.14,72.26,73.38,304.99,255.66,408.61,365.70,397.80,289.26,326.07,273.74,356.69,301.17,346.53,365.70,
82.482,0,0.67,0.21,0.46,0.52,0.03,77.96,0.31,23.24,0.12,0.00,91.70,-69.53,98.71,23.24,17.36,0.00,1.07,1.83,0.00,0.12,0.08,0.31,99.99,99.94,0.00,1.29,98.55,0.02,0.01,0.03,0.00,0.23,5.09,0.00,6.00,9.70,-0.30,-7.92,72.01,74.06,306.00,255.58,408.83,364.70,398.76,288.52,326.21,273.61,357.17,301.17,347.27,364.70,
82.549,0,0.51,0.16,0.40,0.76,0.03,80.70,0.52,29.60,0.09,0.00,94.85,-70.07,98.58,29.60,22.95,0.00,1.20,0.58,0.00,0.09,0.03,0.00,100.00,99.85,0.00,0.75,94.06,0.02,0.01,0.26,0.00,0.60,3.83,0.00,6.00,10.42,-0.79,-7.38,72.19,74.64,306.14,255.38,409.05,364.51,398.97,288.51,325.83,273.61,357.03,300.69,347.98,364.51,
82.702,0,0.22,0.10,0.35,1.27,0.03,84.76,1.01,38.80,0.23,0.00,97.48,-63.94,98.64,38.80,30.66,0.00,0.47,1.11,0.00,0.23,0.04,0.00,100.00,99.57,0.00,0.32,58.92,0.01,0.01,0.21,0.01,0.56,1.78,0.00,6.00,9.11,-0.59,-7.48,71.90,73.11,305.54,254.99,409.51,365.50,398.16,287.62,326.43,273.48,357.09,301.28,347.99,365.50,
82.779,0,0.04,0.05,0.10,2.97,0.02,72.84,2.88,44.43,0.09,2.16,99.02,-44.39,98.61,44.43,50.80,0.00,0.30,0.17,0.00,0.09,0.01,0.00,99.96,64.09,0.00,0.01,0.10,0.02,0.01,0.02,0.01,0.18,0.17,0.00,6.00,9.36,0.69,-7.01,71.85,73.85,304.88,254.76,408.94,365.16,397.68,287.58,325.21,273.31,357.19,301.12,347.84,365.16,
82.898,0,0.02,0.04,0.01,3.39,0.02,32.09,3.38,35.84,0.01,42.91,99.64,-28.29,98.57,35.84,63.48,0.00,0.21,0.02,0.01,0.00,0.00,0.00,99.85,2.13,0.00,0.00,0.00,0.05,0.02,0.01,0.00,0.08,0.01,0.00,6.00,6.86,-0.83,-7.20,71.88,74.62,304.20,254.63,408.71,365.43,397.84,286.93,324.51,273.12,355.86,302.07,347.01,365.43,
83.045,0,0.03,0.03,0.02,2.96,0.02,12.22,2.83,16.88,0.01,75.56,99.87,-22.93,98.66,16.88,77.80,0.00,0.45,0.02,0.00,0.01,0.00,0.00,98.10,0.03,0.00,0.00,0.00,0.18,0.05,0.00,0.00,0.01,0.01,0.00,6.00,6.82,-0.52,-6.42,71.78,74.36,303.70,254.90,408.34,365.94,396.91,286.65,323.66,273.85,355.57,302.45,347.51,365.94,
83.238,0,0.04,0.05,0.02,1.71,0.02,6.16,1.41,25.75,0.31,87.68,90.01,-14.95,98.70,25.75,52.12,0.00,0.13,0.05,0.06,0.31,0.01,0.00,68.56,0.06,0.00,0.00,0.00,1.08,0.12,0.00,0.82,0.00,0.00,0.00,6.00,9.71,0.37,-5.08,71.28,74.32,302.84,255.01,407.99,367.18,395.66,286.22,322.15,275.27,355.41,301.68,348.42,367.18,
83.306,0,0.04,0.09,0.01,1.18,0.02,13.92,0.87,36.42,0.30,72.15,73.21,-17.62,98.77,36.42,29.70,0.00,0.08,0.04,0.30,0.16,0.01,0.00,69.43,0.04,0.00,0.00,0.00,1.52,0.15,0.00,0.03,0.00,0.00,0.00,6.00,6.64,-0.05,-5.67,71.33,74.99,302.78,255.80,407.79,367.39,396.21,286.86,322.10,275.37,355.06,303.63,347.55,367.39,
83.514,0,0.03,0.05,0.01,2.49,0.02,14.27,2.18,34.08,0.04,71.46,96.14,-20.49,98.74,34.08,53.88,0.00,0.53,0.02,0.04,0.04,0.02,0.00,79.46,0.03,0.00,0.00,0.00,2.23,0.17,0.00,0.00,0.00,0.00,0.00,6.00,6.65,-0.18,-3.08,70.76,74.27,301.87,255.74,407.16,367.90,393.80,284.99,319.96,276.95,354.08,303.69,349.78,367.90,
83.589,0,0.02,0.04,0.01,5.20,0.02,18.27,5.36,40.13,0.04,63.45,99.15,-23.58,98.56,40.13,68.19,0.01,2.65,0.02,0.03,0.04,0.03,0.00,84.35,0.07,0.00,0.00,0.00,2.40,0.13,0.00,0.00,0.00,0.00,0.00,6.00,4.77,-0.86,-2.33,70.28,73.13,301.30,255.71,406.67,368.11,392.34,283.66,319.48,277.36,353.12,304.42,350.14,368.11,
83.655,0,0.03,0.04,0.02,3.40,0.02,16.43,3.10,34.29,0.04,67.13,98.49,-22.30,98.63,34.29,60.78,0.01,2.16,0.03,0.04,0.04,0.03,0.00,84.55,0.07,0.00,0.00,0.00,3.23,0.15,0.00,0.00,0.00,0.00,0.00,6.00,5.52,-0.61,-2.12,70.39,73.91,300.44,255.95,406.08,368.75,391.92,283.88,318.24,277.97,352.52,304.50,349.62,368.75,
83.732,0,0.03,0.05,0.02,2.91,0.02,15.47,2.55,32.29,0.05,69.06,98.00,-21.64,98.73,32.29,57.79,0.01,2.37,0.04,0.05,0.05,0.05,0.00,83.95,0.07,0.00,0.00,0.00,3.05,0.15,0.00,0.00,0.00,0.00,0.00,6.00,4.32,-0.22,-1.83,70.16,73.89,300.34,255.92,406.03,368.67,391.69,283.35,317.99,278.03,352.66,304.98,349.88,368.67,
83.850,0,0.05,0.07,0.02,1.37,0.02,18.70,0.99,26.33,0.14,62.61,94.74,-21.73,98.45,26.33,41.21,0.01,1.75,0.05,0.14,0.13,0.05,0.00,88.09,0.11,0.00,0.00,0.00,3.69,0.17,0.00,0.00,0.00,0.00,0.00,6.00,3.72,-1.26,-1.96,69.58,72.95,299.52,255.99,405.30,369.02,390.52,283.13,317.74,278.07,351.30,305.30,348.97,369.02,
84.138,0,0.07,0.10,0.02,0.48,0.02,13.64,0.27,11.32,0.08,72.72,85.78,-18.63,98.18,11.32,26.56,0.01,0.55,0.02,0.03,0.08,0.03,0.00,89.13,0.09,0.00,0.00,0.00,2.04,0.11,0.00,0.00,0.00,0.00,0.00,6.00,2.74,-2.05,-1.28,69.38,72.86,299.19,256.29,404.41,368.56,389.51,282.76,316.77,278.53,350.20,305.73,349.12,368.56,
84.283,0,0.07,0.10,0.02,0.49,0.02,18.83,0.30,13.59,0.08,62.33,89.91,-20.95,98.27,13.59,26.23,0.01,0.41,0.01,0.02,0.08,0.03,0.00,94.32,0.09,0.00,0.00,0.00,0.82,0.06,0.00,0.00,0.00,0.00,0.00,6.00,3.03,-1.80,-1.06,69.64,72.58,299.09,256.75,404.06,368.74,389.02,283.19,316.55,279.05,350.11,305.97,349.15,368.74,
84.352,0,0.06,0.10,0.02,0.57,0.02,21.67,0.35,17.39,0.10,56.66,90.53,-21.93,98.28,17.39,26.82,0.01,0.42,0.01,0.02,0.10,0.02,0.00,94.60,0.11,0.00,0.00,0.00,0.57,0.05,0.00,0.00,0.00,0.00,0.00,6.00,2.86,-1.78,-1.06,69.62,72.64,298.91,256.68,404.06,368.83,388.96,283.18,316.44,278.97,350.03,306.05,349.06,368.83,
84.583,0,0.05,0.10,0.01,0.84,0.02,32.30,0.58,30.56,0.13,42.70,92.09,-24.53,98.17,30.56,25.61,0.01,0.38,0.01,0.02,0.13,0.02,0.00,93.32,0.14,0.00,0.00,0.00,0.55,0.05,0.00,0.00,0.00,0.00,0.00,6.00,3.65,-2.10,-1.14,69.54,72.92,298.63,256.68,403.72,368.85,388.84,283.31,316.04,279.05,349.53,305.71,348.63,368.85,
84.655,0,0.05,0.09,0.02,0.79,0.02,23.95,0.54,24.79,0.08,52.11,90.12,-22.59,98.40,24.79,29.34,0.01,0.50,0.01,0.03,0.08,0.01,0.00,91.51,0.26,0.00,0.00,0.00,0.40,0.05,0.00,0.00,0.00,0.00,0.00,6.00,2.45,-1.40,-0.90,69.60,71.86,298.38,256.94,403.00,368.60,387.68,282.95,315.91,279.24,349.46,306.24,348.48,368.60,
84.733,0,0.06,0.09,0.02,0.64,0.02,18.35,0.42,15.78,0.07,63.29,93.14,-21.26,98.19,15.78,32.14,0.01,0.55,0.01,0.02,0.07,0.02,0.00,93.66,0.26,0.00,0.00,0.00,0.33,0.04,0.00,0.00,0.00,0.00,0.00,6.00,3.75,-2.02,-0.64,69.39,72.51,298.76,256.79,402.78,367.84,387.96,282.77,315.54,279.32,349.16,305.30,348.81,367.84,
84.894,0,0.07,0.10,0.02,0.45,0.02,15.00,0.27,9.45,0.04,69.99,89.97,-19.60,98.38,9.45,27.63,0.01,0.69,0.01,0.01,0.04,0.01,0.00,93.01,0.39,0.00,0.00,0.00,0.20,0.03,0.00,0.00,0.00,0.00,0.00,6.00,2.52,-1.45,-0.39,69.63,72.53,298.41,257.00,402.31,367.76,387.42,282.56,314.96,279.54,349.06,305.94,348.69,367.76,
85.035,0,0.09,0.13,0.02,0.29,0.02,15.58,0.15,8.25,0.05,68.84,74.77,-18.65,98.08,8.25,15.64,0.00,0.55,0.01,0.01,0.05,0.01,0.00,91.21,0.14,0.00,0.00,0.00,0.29,0.04,0.00,0.00,0.00,0.01,0.00,6.00,2.44,-2.34,-0.53,69.52,72.99,299.21,256.87,402.28,366.59,388.13,282.45,315.22,279.15,348.93,305.45,348.89,366.59,
85.188,0,0.09,0.14,0.02,0.28,0.02,17.01,0.15,11.03,0.17,65.99,66.57,-18.83,98.14,11.03,12.12,0.00,0.38,0.01,0.01,0.17,0.01,0.00,89.79,0.05,0.00,0.00,0.00,0.23,0.04,0.00,0.00,0.00,0.01,0.00,6.00,1.56,-2.16,-1.02,69.86,72.36,299.31,257.53,401.74,366.53,387.85,283.02,315.58,279.29,348.85,306.13,348.14,366.53,
85.327,0,0.08,0.12,0.02,0.31,0.02,9.54,0.17,5.95,0.05,80.92,70.94,-15.67,98.35,5.95,20.30,0.00,0.29,0.00,0.01,0.05,0.01,0.00,84.14,0.06,0.00,0.00,0.00,0.24,0.03,0.00,0.00,0.00,0.01,0.00,6.00,1.54,-1.55,-0.57,70.49,73.95,299.19,258.00,401.23,366.42,388.11,283.08,314.23,280.14,348.84,306.46,348.30,366.42,
85.403,0,0.07,0.09,0.02,0.45,0.02,7.11,0.27,5.69,0.06,85.78,83.83,-14.86,98.40,5.69,31.85,0.00,0.34,0.00,0.01,0.06,0.01,0.00,81.96,0.05,0.00,0.00,0.00,0.36,0.02,0.00,0.00,0.00,0.01,0.00,6.00,1.52,-1.40,-0.84,71.03,73.04,299.48,259.20,401.06,367.30,387.85,284.10,314.87,281.14,349.02,307.44,348.09,367.30,
85.643,0,0.04,0.04,0.02,1.28,0.02,6.90,0.99,8.75,0.06,86.20,98.78,-17.53,98.46,8.75,60.36,0.00,0.38,0.00,0.00,0.06,0.01,0.00,87.69,0.06,0.00,0.00,0.00,0.23,0.00,0.00,0.00,0.00,0.01,0.00,6.00,0.43,-1.22,-1.04,70.92,71.81,300.21,259.61,401.63,367.44,387.96,284.57,316.24,281.09,349.80,308.18,348.56,367.44,
85.709,0,0.04,0.04,0.02,1.52,0.02,10.94,1.22,14.54,0.04,78.12,99.08,-20.35,98.49,14.54,59.53,0.00,0.49,0.00,0.00,0.04,0.01,0.00,91.99,0.11,0.00,0.00,0.00,0.25,0.00,0.00,0.00,0.00,0.00,0.00,6.00,0.31,-1.11,-1.06,71.03,72.44,300.32,259.57,401.62,367.24,388.35,284.40,315.99,281.10,349.90,308.13,348.56,367.24,
85.869,0,0.04,0.05,0.02,1.62,0.02,12.19,1.33,18.36,0.02,75.61,98.79,-20.69,98.36,18.36,57.65,0.00,0.58,0.00,0.01,0.02,0.01,0.00,90.49,0.05,0.00,0.00,0.00,0.31,0.00,0.00,0.00,0.00,0.01,0.00,6.00,-0.66,-1.52,-0.85,70.96,72.12,300.55,259.09,401.64,366.43,388.21,283.59,316.15,280.58,349.79,307.91,348.92,366.43,
86.091,0,0.03,0.05,0.01,2.46,0.02,25.76,2.23,35.28,0.02,49.24,98.49,-25.08,98.39,35.28,53.26,0.01,0.73,0.00,0.02,0.01,0.01,0.00,92.02,0.01,0.00,0.00,0.00,0.28,0.00,0.00,0.00,0.00,0.01,0.00,6.00,-1.24,-1.44,-0.92,70.91,72.28,300.63,259.02,401.79,366.42,388.45,283.38,316.22,280.49,349.95,308.11,348.95,366.42,
86.316,0,0.03,0.05,0.01,2.36,0.02,19.82,2.11,34.41,0.01,60.36,97.51,-22.89,98.39,34.41,52.74,0.01,0.72,0.00,0.01,0.01,0.01,0.00,86.23,0.01,0.00,0.00,0.00,0.48,0.01,0.00,0.00,0.00,0.01,0.00,6.00,-0.91,-1.42,-0.85,70.80,71.79,300.60,259.01,401.65,366.38,388.07,283.33,316.34,280.51,349.88,307.92,348.97,366.38,
86.389,0,0.03,0.05,0.02,1.94,0.02,17.99,1.65,28.42,0.01,64.02,98.01,-22.49,98.40,28.42,52.79,0.01,0.61,0.00,0.01,0.01,0.01,0.00,89.07,0.01,0.00,0.00,0.00,0.53,0.01,0.00,0.00,0.00,0.01,0.00,6.00,-1.01,-1.40,-0.80,70.75,71.90,300.53,258.95,401.73,366.46,388.11,283.30,316.26,280.49,349.89,307.98,349.03,366.46,
86.458,0,0.03,0.04,0.02,2.83,0.02,15.08,2.64,26.63,0.02,69.84,99.37,-22.63,98.22,26.63,65.72,0.01,1.09,0.00,0.00,0.02,0.01,0.00,90.65,0.01,0.00,0.00,0.00,0.40,0.01,0.00,0.00,0.00,0.01,0.00,6.00,0.54,-1.94,-0.50,70.65,73.21,300.16,257.98,401.81,365.87,388.47,282.83,315.32,279.89,349.40,306.63,349.17,365.87,
86.651,0,0.02,0.02,0.02,5.50,0.02,8.63,5.96,24.45,0.02,82.75,99.83,-20.86,98.18,24.45,85.85,0.00,3.50,0.00,0.00,0.02,0.01,0.00,86.95,0.02,0.00,0.00,0.00,0.31,0.01,0.00,0.00,0.00,0.01,0.00,6.00,0.90,-2.05,-0.93,70.75,72.31,300.00,257.98,401.31,365.69,387.91,282.94,315.68,279.59,349.04,306.31,348.38,365.69,
86.803,0,0.02,0.02,0.02,5.99,0.02,5.58,6.59,26.05,0.02,86.82,99.65,-17.80,98.34,26.05,86.51,0.00,3.79,0.00,0.00,0.02,0.00,0.00,77.01,0.00,0.00,0.00,0.00,0.55,0.02,0.00,0.00,0.00,0.01,0.00,6.00,1.37,-1.58,-0.92,70.49,72.83,300.52,257.47,401.59,364.90,388.57,282.47,315.82,279.14,349.71,305.52,348.79,364.90,
86.892,0,0.02,0.02,0.02,6.34,0.02,1.71,7.01,28.63,0.02,85.97,97.03,-9.62,98.30,28.63,85.21,0.00,4.07,0.00,0.00,0.02,0.00,0.00,51.51,0.00,0.00,0.00,0.00,0.82,0.06,0.00,0.00,0.00,0.02,0.00,6.00,1.29,-1.72,-1.18,70.58,73.02,300.47,257.54,401.45,364.85,388.72,282.67,315.79,279.03,349.54,305.57,348.38,364.85,
86.961,0,0.02,0.02,0.01,7.39,0.02,0.50,8.24,25.38,0.01,83.52,78.87,-1.29,98.31,31.51,84.34,0.00,6.15,0.00,0.00,0.01,0.00,0.00,25.38,0.00,0.00,0.00,0.00,1.54,0.15,0.00,0.00,0.00,0.03,0.00,6.00,1.24,-1.69,-1.04,70.48,73.04,300.35,257.33,401.64,364.91,388.68,282.60,315.73,278.88,349.59,305.53,348.58,364.91,
87.029,0,0.02,0.02,0.01,7.70,0.02,0.54,8.66,25.36,0.01,82.69,78.01,-1.68,98.32,33.26,83.73,0.00,6.27,0.00,0.00,0.01,0.00,0.00,25.36,0.00,0.00,0.00,0.00,1.62,0.18,0.00,0.00,0.00,0.03,0.00,6.00,1.67,-1.65,-0.97,70.50,73.01,300.39,257.37,401.69,364.99,388.66,282.66,315.75,279.01,349.65,305.41,348.70,364.99,
87.112,0,0.03,0.02,0.01,7.31,0.02,0.57,8.05,26.56,0.02,83.90,77.36,-1.92,98.23,32.53,82.07,0.00,6.75,0.00,0.00,0.02,0.00,0.00,26.56,0.00,0.00,0.00,0.00,1.89,0.21,0.00,0.00,0.00,0.03,0.00,6.00,2.05,-1.92,-0.99,70.37,73.13,300.52,257.34,401.61,364.84,388.77,282.53,315.72,279.06,349.52,305.14,348.69,364.84,
87.257,0,0.03,0.03,0.02,5.94,0.02,0.37,6.16,20.88,0.02,87.68,64.23,0.00,98.27,28.52,79.74,0.00,5.97,0.00,0.00,0.02,0.00,0.00,20.88,0.00,0.00,0.00,0.00,2.83,0.40,0.00,0.00,0.00,0.02,0.00,6.00,2.11,-1.81,-1.14,70.39,72.81,300.37,257.45,401.45,365.02,388.53,282.63,315.81,279.11,349.43,305.22,348.39,365.02,
87.449,0,0.03,0.03,0.02,3.45,0.02,0.28,3.20,17.48,0.02,93.09,63.45,0.00,98.38,17.48,76.13,0.00,4.20,0.00,0.00,0.02,0.00,0.00,24.07,0.00,0.00,0.00,0.00,2.37,0.36,0.00,0.00,0.00,0.03,0.00,6.00,1.94,-1.46,-1.30,70.40,73.43,300.57,257.59,401.41,364.81,389.03,282.70,315.67,279.20,349.72,305.31,348.28,364.81,
87.525,0,0.03,0.03,0.02,2.58,0.02,0.22,2.26,9.96,0.01,94.85,70.08,0.00,98.29,9.96,77.49,0.00,1.84,0.00,0.00,0.01,0.00,0.00,26.43,0.00,0.00,0.00,0.00,2.26,0.25,0.00,0.00,0.00,0.02,0.00,6.00,2.75,-1.73,-1.09,70.52,73.63,300.65,257.57,401.49,364.88,389.10,282.65,315.54,279.43,349.63,304.98,348.57,364.88,
87.686,0,0.03,0.03,0.02,2.41,0.02,0.21,2.10,8.79,0.01,95.17,69.09,0.00,98.34,8.79,77.26,0.00,1.53,0.00,0.00,0.01,0.00,0.00,26.08,0.00,0.00,0.00,0.00,1.89,0.16,0.00,0.00,0.00,0.02,0.00,6.00,2.38,-1.58,-1.02,70.59,73.46,300.72,257.55,401.55,364.80,389.03,282.64,315.64,279.31,349.78,305.10,348.73,364.80,
87.772,0,0.03,0.03,0.02,2.19,0.02,0.26,1.89,7.79,0.01,95.62,74.55,0.00,98.31,7.79,76.26,0.00,0.99,0.00,0.00,0.01,0.00,0.00,30.45,0.00,0.00,0.00,0.00,1.35,0.10,0.00,0.00,0.00,0.02,0.00,6.00,2.92,-1.69,-1.12,70.60,73.72,300.72,257.51,401.63,364.92,389.26,282.71,315.62,279.34,349.76,304.89,348.65,364.92,
87.852,0,0.03,0.03,0.02,2.07,0.02,0.34,1.77,8.12,0.02,95.85,78.72,0.00,98.35,8.12,74.53,0.00,0.90,0.00,0.00,0.02,0.00,0.00,35.08,0.01,0.00,0.00,0.00,1.07,0.08,0.00,0.00,0.00,0.02,0.00,6.00,3.15,-1.57,-1.02,70.56,73.42,300.64,257.49,401.54,364.96,388.96,282.64,315.62,279.39,349.74,304.78,348.68,364.96,
87.928,0,0.04,0.03,0.02,1.91,0.02,0.34,1.60,7.53,0.02,96.19,76.00,0.00,98.42,7.53,72.66,0.00,0.88,0.00,0.00,0.02,0.00,0.00,35.02,0.01,0.00,0.00,0.00,0.94,0.07,0.00,0.00,0.00,0.02,0.00,6.00,3.69,-1.35,-1.07,70.51,73.46,300.61,257.48,401.57,365.07,389.01,282.73,315.63,279.43,349.87,304.59,348.63,365.07,
87.998,0,0.04,0.03,0.02,1.65,0.02,0.47,1.34,7.67,0.02,96.69,76.73,-0.74,98.35,7.67,68.51,0.00,0.67,0.00,0.00,0.02,0.00,0.00,39.67,0.01,0.00,0.00,0.00,0.77,0.06,0.00,0.00,0.00,0.02,0.00,6.00,3.59,-1.56,-0.91,70.47,73.27,300.73,257.49,401.60,364.94,388.90,282.72,315.71,279.45,349.82,304.61,348.89,364.94,
88.220,0,0.04,0.04,0.02,1.48,0.02,0.75,1.18,8.65,0.02,97.05,80.03,-3.20,98.44,8.65,64.45,0.00,0.48,0.00,0.00,0.02,0.00,0.00,46.16,0.01,0.00,0.00,0.00,0.50,0.06,0.00,0.00,0.00,0.02,0.00,6.00,3.17,-1.27,-1.08,70.49,73.40,300.59,257.47,401.58,364.92,388.97,282.91,315.66,279.23,349.91,304.80,348.62,364.92,
88.290,0,0.04,0.04,0.02,1.41,0.02,0.60,1.11,7.52,0.03,97.18,75.15,-1.85,98.40,7.52,64.11,0.00,0.61,0.00,0.00,0.03,0.00,0.00,43.00,0.01,0.00,0.00,0.00,0.48,0.05,0.00,0.00,0.00,0.03,0.00,0.00,3.59,-1.41,-1.05,70.55,73.63,300.55,257.45,401.54,364.94,389.04,282.92,315.50,279.31,349.79,304.62,348.61,364.94,
88.426,0,0.04,0.04,0.02,1.35,0.02,0.50,1.05,7.51,0.02,97.30,66.52,-0.48,98.44,7.51,62.85,0.00,0.51,0.00,0.00,0.02,0.00,0.00,39.02,0.01,0.00,0.00,0.00,0.57,0.06,0.00,0.00,0.00,0.02,0.00,0.00,3.80,-1.28,-1.01,70.55,72.91,300.72,257.48,401.55,364.98,388.73,282.70,315.90,279.41,349.96,304.49,348.77,364.98,
88.527,0,0.05,0.05,0.02,1.04,0.02,0.37,0.75,5.71,0.11,97.93,42.15,0.00,98.39,5.71,56.43,0.00,0.69,0.00,0.00,0.11,0.00,0.00,32.97,0.01,0.00,0.00,0.00,0.54,0.07,0.00,0.00,0.00,0.02,0.00,0.00,4.01,-1.42,-0.98,70.90,73.52,300.70,257.43,401.76,365.06,389.12,282.94,315.69,279.38,349.96,304.48,348.86,365.06,
88.663,0,0.04,0.04,0.02,1.27,0.02,0.42,0.97,6.91,0.06,97.47,56.76,0.00,98.21,6.91,61.16,0.00,0.84,0.00,0.00,0.06,0.00,0.00,35.56,0.01,0.00,0.00,0.00,0.48,0.07,0.00,0.00,0.00,0.01,0.00,0.00,2.79,-1.99,-1.36,70.78,72.96,300.68,257.44,401.80,365.16,389.07,282.69,316.19,279.19,349.67,304.96,348.46,365.16,
88.803,0,0.03,0.03,0.02,2.98,0.02,0.35,2.76,11.74,0.02,94.03,81.86,0.00,98.34,11.74,78.31,0.00,4.33,0.00,0.00,0.02,0.00,0.00,33.77,0.01,0.00,0.00,0.00,0.52,0.09,0.00,0.00,0.00,0.01,0.00,0.00,2.10,-1.59,-1.28,70.61,72.89,300.72,257.39,401.85,365.00,389.02,282.68,316.23,278.96,349.95,305.18,348.62,365.00,
89.015,0,0.04,0.02,0.02,5.92,0.02,0.44,6.16,18.61,0.02,87.69,88.40,-1.33,98.34,18.61,84.50,0.00,11.38,0.01,0.00,0.02,0.00,0.00,34.11,0.01,0.00,0.00,0.00,0.48,0.13,0.00,0.00,0.00,0.02,0.00,0.00,2.59,-1.59,-1.24,70.51,72.56,300.74,257.28,402.05,365.22,388.94,282.58,316.47,278.97,350.06,304.97,348.77,365.22,
89.103,0,0.02,0.02,0.01,7.33,0.02,1.59,8.31,30.79,0.02,83.39,95.92,-8.94,98.15,30.79,84.55,0.00,6.87,0.01,0.00,0.02,0.00,0.00,48.09,0.02,0.00,0.00,0.00,0.49,0.16,0.00,0.00,0.00,0.01,0.00,0.00,1.92,-2.15,-0.96,70.26,72.67,301.30,257.05,402.83,365.08,389.52,282.30,316.93,278.80,350.39,305.10,349.74,365.08,
89.173,0,0.02,0.02,0.01,6.67,0.02,1.60,7.37,30.55,0.01,85.26,95.19,-8.78,98.38,30.55,82.66,0.00,5.88,0.01,0.00,0.01,0.00,0.00,47.81,0.01,0.00,0.00,0.00,0.96,0.16,0.00,0.00,0.00,0.02,0.00,0.00,1.71,-1.46,-0.89,70.82,72.47,300.85,257.60,402.51,365.61,388.98,283.11,316.61,279.22,350.41,305.80,349.46,365.61,
89.314,0,0.02,0.03,0.01,6.14,0.02,2.32,6.66,32.48,0.01,86.68,95.88,-10.83,98.31,32.48,80.01,0.00,4.00,0.01,0.00,0.01,0.00,0.00,52.49,0.01,0.00,0.00,0.00,1.56,0.16,0.00,0.00,0.00,0.02,0.00,0.00,2.51,-1.68,-0.89,70.88,72.20,301.03,257.67,402.58,365.73,388.96,283.14,316.86,279.41,350.41,305.50,349.58,365.73,
89.389,0,0.02,0.03,0.01,6.37,0.02,2.58,6.96,35.39,0.01,86.08,95.47,-11.29,98.34,35.39,79.37,0.00,2.87,0.01,0.00,0.01,0.00,0.00,51.89,0.01,0.00,0.00,0.00,1.99,0.15,0.00,0.00,0.00,0.02,0.00,0.00,2.44,-1.59,-0.86,70.94,72.91,300.87,257.56,402.67,365.76,389.27,283.23,316.47,279.33,350.41,305.55,349.56,365.76,
89.490,0,0.02,0.03,0.01,6.06,0.02,3.03,6.57,36.34,0.01,86.86,95.58,-12.13,98.34,36.34,77.90,0.00,1.94,0.00,0.00,0.01,0.00,0.00,53.69,0.01,0.00,0.00,0.00,2.03,0.13,0.00,0.00,0.00,0.02,0.00,0.00,2.39,-1.58,-0.98,70.99,72.97,301.12,257.73,402.58,365.56,389.46,283.30,316.60,279.40,350.51,305.56,349.50,365.56,
89.643,0,0.02,0.03,0.01,6.21,0.02,3.65,6.51,40.46,0.01,86.98,93.80,-12.75,98.45,40.46,74.42,0.00,1.11,0.01,0.00,0.01,0.00,0.00,52.73,0.01,0.00,0.00,0.00,3.91,0.08,0.00,0.00,0.00,0.03,0.00,0.00,3.55,-1.26,-0.98,70.94,72.72,300.82,257.71,402.45,365.93,389.11,283.40,316.49,279.57,350.48,305.19,349.31,365.93,
89.722,0,0.02,0.03,0.01,7.44,0.02,4.26,8.04,43.90,0.01,83.91,95.08,-13.82,98.51,43.90,76.62,0.00,0.92,0.01,0.00,0.01,0.00,0.00,53.56,0.01,0.00,0.00,0.00,4.59,0.09,0.00,0.00,0.00,0.03,0.00,0.00,3.37,-1.04,-0.88,70.89,72.45,300.77,257.62,402.56,365.97,388.94,283.39,316.60,279.46,350.63,305.25,349.46,365.97,
89.886,0,0.02,0.03,0.01,8.43,0.02,4.35,9.28,46.51,0.01,81.44,95.05,-13.93,98.45,46.51,77.96,0.00,0.73,0.01,0.00,0.01,0.00,0.00,52.16,0.01,0.00,0.00,0.00,5.19,0.08,0.00,0.00,0.00,0.03,0.00,0.00,3.64,-1.24,-0.92,70.89,72.82,300.72,257.60,402.48,365.93,389.09,283.39,316.37,279.49,350.45,305.11,349.34,365.93,
90.266,0,0.03,0.03,0.02,3.96,0.02,0.92,3.67,23.30,0.01,92.07,89.39,-5.08,98.45,23.30,77.98,0.00,0.25,0.00,0.00,0.01,0.00,0.00,41.88,0.00,0.00,0.00,0.00,4.65,0.06,0.00,0.00,0.00,0.02,0.00,0.00,3.48,-1.25,-0.87,71.15,73.35,301.19,257.79,402.50,365.52,389.58,283.48,316.33,279.64,350.67,305.16,349.63,365.52,
90.334,0,0.03,0.03,0.02,2.88,0.02,0.71,2.60,16.24,0.01,94.25,88.87,-3.72,98.29,16.24,76.54,0.00,0.26,0.00,0.00,0.01,0.00,0.00,42.65,0.01,0.00,0.00,0.00,2.24,0.05,0.00,0.00,0.00,0.01,0.00,0.00,5.16,-1.74,-0.75,70.73,72.83,301.69,257.36,402.81,365.30,389.67,282.79,316.91,279.59,350.80,303.98,350.16,365.30,
90.487,0,0.03,0.04,0.02,1.82,0.02,0.85,1.52,11.86,0.07,96.37,84.89,-4.26,98.25,11.86,67.77,0.00,0.19,0.01,0.00,0.07,0.01,0.00,47.05,0.01,0.00,0.00,0.00,0.80,0.04,0.00,0.00,0.00,0.01,0.00,0.00,5.23,-1.86,-0.79,70.55,73.03,301.45,257.29,402.61,365.32,389.58,282.67,316.62,279.59,350.51,303.90,349.89,365.32,
90.724,0,0.05,0.05,0.02,1.00,0.02,0.97,0.71,8.52,0.02,98.01,63.64,-3.63,98.13,8.52,52.78,0.00,0.16,0.00,0.01,0.02,0.00,0.00,47.52,0.01,0.00,0.00,0.00,0.88,0.05,0.00,0.00,0.00,0.00,0.00,0.00,4.91,-2.20,-0.51,70.32,72.45,301.31,257.03,402.76,365.36,389.14,282.35,316.75,279.42,350.32,303.90,350.22,365.36,
90.793,0,0.04,0.04,0.02,1.31,0.02,0.94,1.01,8.37,0.02,97.37,80.55,-4.38,98.47,8.37,61.22,0.00,0.33,0.00,0.00,0.02,0.00,0.00,49.80,0.00,0.00,0.00,0.00,0.71,0.06,0.00,0.00,0.00,0.00,0.00,0.00,4.51,-1.17,-0.37,70.90,72.81,300.69,257.42,402.54,365.85,388.81,283.19,316.08,279.69,350.48,304.65,349.97,365.85,
90.863,0,0.04,0.04,0.02,1.30,0.02,0.97,0.99,6.92,0.02,97.40,84.04,-4.74,98.49,6.92,62.18,0.00,0.38,0.00,0.00,0.02,0.00,0.00,51.82,0.01,0.00,0.00,0.00,0.90,0.06,0.00,0.00,0.00,0.00,0.00,0.00,4.40,-1.12,-0.36,70.88,72.53,300.70,257.41,402.57,365.90,388.67,283.10,316.22,279.67,350.53,304.68,350.01,365.90,
90.930,0,0.04,0.04,0.02,1.22,0.02,0.82,0.92,6.96,0.01,97.55,76.69,-3.41,98.49,6.96,60.21,0.00,0.38,0.00,0.00,0.01,0.00,0.00,47.94,0.00,0.00,0.00,0.00,1.03,0.06,0.00,0.00,0.00,0.01,0.00,0.00,3.75,-1.12,-0.27,70.89,72.43,300.82,257.45,402.57,365.73,388.63,282.96,316.28,279.67,350.58,304.92,350.17,365.73,
91.085,0,0.05,0.05,0.02,1.00,0.02,0.66,0.71,5.26,0.01,97.99,62.58,-1.66,98.47,5.26,55.75,0.00,0.45,0.00,0.00,0.01,0.00,0.00,43.98,0.00,0.00,0.00,0.00,1.12,0.06,0.00,0.00,0.00,0.01,0.00,0.00,3.49,-1.16,-0.42,70.93,72.82,300.78,257.41,402.58,365.66,388.90,283.07,316.17,279.51,350.55,305.00,349.97,365.66,
91.222,0,0.05,0.06,0.02,0.85,0.02,0.85,0.58,6.71,0.01,98.30,53.88,-2.57,98.55,6.71,49.61,0.00,0.28,0.00,0.00,0.01,0.00,0.00,45.66,0.01,0.00,0.00,0.00,1.10,0.06,0.00,0.00,0.00,0.01,0.00,0.00,4.09,-0.92,-0.48,70.88,72.72,300.76,257.46,402.53,365.87,388.85,282.98,316.20,279.70,350.66,304.81,349.89,365.87,
91.386,0,0.05,0.05,0.02,1.06,0.02,1.13,0.77,10.64,0.01,97.75,64.65,-4.44,98.59,10.64,52.38,0.00,0.18,0.00,0.00,0.01,0.00,0.00,48.47,0.01,0.00,0.00,0.00,1.05,0.05,0.00,0.00,0.00,0.01,0.00,0.00,4.16,-0.76,-0.22,70.75,72.64,300.72,257.34,402.65,365.90,388.70,282.85,316.13,279.74,350.78,304.75,350.22,365.90,
91.453,0,0.04,0.05,0.02,1.12,0.02,1.78,0.83,10.26,0.02,96.45,82.63,-7.69,98.48,10.26,54.58,0.00,0.18,0.00,0.00,0.02,0.00,0.00,58.17,0.01,0.00,0.00,0.00,0.93,0.05,0.00,0.00,0.00,0.01,0.00,0.00,3.91,-1.15,-0.36,70.72,72.55,300.65,257.38,402.47,365.81,388.62,282.90,316.14,279.63,350.44,304.82,349.93,365.81,
91.520,0,0.04,0.05,0.02,1.12,0.02,1.78,0.83,10.23,0.02,96.44,82.71,-7.70,98.52,10.23,54.60,0.00,0.21,0.00,0.00,0.02,0.00,0.00,58.21,0.01,0.00,0.00,0.00,0.94,0.05,0.00,0.00,0.00,0.01,0.00,0.00,4.54,-1.03,0.04,70.79,72.32,300.48,257.20,402.76,366.07,388.33,283.01,316.09,279.67,350.55,304.62,350.44,366.07,
91.649,0,0.05,0.05,0.02,0.98,0.02,2.15,0.69,9.31,0.01,95.71,82.42,-8.61,98.63,9.31,51.08,0.00,0.31,0.00,0.00,0.01,0.00,0.00,61.48,0.01,0.00,0.00,0.00,1.21,0.05,0.00,0.00,0.00,0.01,0.00,0.00,2.89,-0.61,-0.27,71.08,72.97,300.01,257.58,402.51,366.47,388.46,283.34,315.58,279.76,350.44,305.74,349.74,366.47,
91.798,0,0.05,0.06,0.02,0.81,0.02,2.15,0.54,8.11,0.01,95.69,74.71,-8.15,98.63,8.11,45.88,0.00,0.60,0.01,0.00,0.01,0.01,0.00,60.94,0.02,0.00,0.00,0.00,1.47,0.05,0.00,0.00,0.00,0.01,0.00,0.00,2.51,-0.61,-0.43,71.15,72.44,300.06,257.55,402.53,366.39,388.31,283.39,315.97,279.53,350.48,305.85,349.61,366.39,
91.874,0,0.06,0.08,0.02,0.56,0.02,2.11,0.34,6.90,0.05,95.78,53.57,-7.10,98.62,6.90,36.47,0.00,0.19,0.01,0.01,0.05,0.00,0.00,58.64,0.02,0.00,0.00,0.00,1.66,0.05,0.00,0.09,0.00,0.00,0.00,0.00,3.83,-0.67,-0.64,71.39,73.38,300.27,257.77,402.37,366.57,388.95,283.27,315.64,280.09,350.48,305.38,349.37,366.57,
92.109,0,0.09,0.11,0.03,0.36,0.02,1.43,0.18,7.00,0.23,97.15,11.60,-3.02,98.68,7.00,21.57,0.00,0.02,0.01,0.10,0.23,0.01,0.00,46.49,0.01,0.00,0.00,0.00,4.61,0.06,0.00,0.33,0.00,0.00,0.00,0.00,4.62,-0.42,-0.71,71.59,73.99,300.33,257.83,402.41,366.48,389.34,283.75,315.44,280.10,350.67,305.13,349.33,366.48,
92.184,0,0.07,0.08,0.02,0.65,0.02,1.34,0.37,12.30,0.15,97.32,22.08,-3.50,98.47,12.30,33.19,0.00,0.07,0.01,0.10,0.15,0.01,0.00,44.45,0.01,0.00,0.00,0.00,6.23,0.08,0.00,0.02,0.00,0.01,0.00,0.00,3.02,-1.18,-1.33,71.31,73.19,300.46,257.92,402.34,366.33,389.30,283.83,316.23,279.58,350.30,305.72,348.67,366.33,
92.414,0,0.04,0.05,0.02,1.67,0.02,1.34,1.23,18.71,0.02,96.66,65.77,-5.42,98.40,18.71,55.53,0.00,0.36,0.01,0.02,0.01,0.00,0.00,45.93,0.01,0.00,0.00,0.00,5.14,0.10,0.00,0.00,0.00,0.01,0.00,0.00,1.06,-1.39,-1.03,70.81,72.14,300.96,257.45,402.64,365.45,389.00,282.90,316.96,278.90,350.58,305.90,349.44,365.45,
92.478,0,0.04,0.04,0.02,1.94,0.02,1.79,1.53,20.19,0.01,96.13,78.59,-7.55,98.17,20.19,58.38,0.00,1.34,0.00,0.00,0.01,0.00,0.00,51.14,0.01,0.00,0.00,0.00,3.46,0.10,0.00,0.00,0.00,0.01,0.00,0.00,0.16,-2.08,-0.92,70.78,72.68,301.07,257.46,402.61,365.29,389.28,282.43,316.68,279.03,350.20,306.19,349.56,365.29,
92.687,0,0.04,0.05,0.02,1.56,0.02,4.06,1.23,17.52,0.03,91.88,91.05,-12.71,98.08,17.52,54.31,0.00,2.75,0.01,0.01,0.03,0.00,0.00,67.90,0.01,0.00,0.00,0.00,0.97,0.09,0.00,0.00,0.00,0.01,0.00,0.00,-0.62,-2.33,-0.99,70.64,73.13,300.95,257.17,402.69,365.22,389.54,281.87,316.48,278.79,350.03,306.29,349.43,365.22,
92.866,0,0.04,0.05,0.02,1.75,0.02,6.12,1.39,23.32,0.03,87.76,90.04,-14.77,98.01,23.32,50.74,0.00,3.62,0.01,0.02,0.03,0.00,0.00,69.99,0.02,0.00,0.00,0.00,1.18,0.11,0.00,0.00,0.00,0.01,0.00,0.00,-0.70,-2.51,-0.70,70.72,72.97,300.80,257.00,402.83,365.36,389.30,281.59,316.38,278.82,349.91,306.30,349.77,365.36,
92.999,0,0.03,0.04,0.01,3.82,0.02,7.57,3.62,32.58,0.02,84.86,96.06,-16.97,98.14,32.58,62.86,0.01,5.62,0.01,0.02,0.02,0.01,0.00,70.22,0.02,0.00,0.00,0.00,1.76,0.14,0.00,0.00,0.00,0.01,0.00,0.00,1.23,-2.17,-0.83,70.86,71.84,300.29,256.68,402.63,365.69,388.42,281.75,316.65,278.58,349.79,305.37,349.31,365.69,
93.074,0,0.03,0.03,0.01,4.51,0.02,4.71,4.54,31.93,0.01,90.58,96.15,-14.50,98.35,31.93,69.88,0.01,5.03,0.01,0.01,0.01,0.00,0.00,63.51,0.02,0.00,0.00,0.00,0.95,0.09,0.00,0.00,0.00,0.01,0.00,0.00,2.64,-1.55,-0.81,70.80,72.89,300.13,256.76,402.42,365.54,388.74,282.51,315.96,278.67,349.94,304.89,349.13,365.54,
93.225,0,0.03,0.03,0.02,4.25,0.02,1.76,4.27,22.21,0.01,91.45,96.47,-9.52,98.34,22.21,79.00,0.00,4.10,0.01,0.00,0.01,0.00,0.00,55.51,0.03,0.00,0.00,0.00,0.65,0.07,0.00,0.00,0.00,0.01,0.00,0.00,2.97,-1.59,-0.73,70.95,72.86,300.17,256.95,402.34,365.72,388.67,282.52,315.90,279.01,349.89,304.91,349.19,365.72,
93.294,0,0.03,0.03,0.02,3.17,0.02,1.10,3.00,14.85,0.01,93.67,95.66,-6.88,98.29,14.85,79.07,0.00,2.56,0.00,0.00,0.01,0.00,0.00,52.76,0.02,0.00,0.00,0.00,0.65,0.07,0.00,0.00,0.00,0.01,0.00,0.00,3.10,-1.73,-0.76,70.97,72.77,300.37,257.09,402.26,365.65,388.71,282.45,316.02,279.18,349.88,304.86,349.23,365.65,
93.437,0,0.03,0.03,0.02,2.43,0.02,1.16,2.18,17.11,0.01,95.14,89.14,-6.19,98.33,17.11,70.28,0.00,1.30,0.00,0.00,0.01,0.00,0.00,49.24,0.02,0.00,0.00,0.00,0.49,0.06,0.00,0.00,0.00,0.01,0.00,0.00,3.45,-1.61,-0.91,71.18,72.77,300.71,257.48,402.50,365.71,389.06,283.47,316.42,279.24,350.24,305.07,349.34,365.71,
93.623,0,0.03,0.05,0.01,2.82,0.02,6.16,2.65,41.43,0.01,87.69,74.53,-13.78,98.33,41.43,51.61,0.00,0.41,0.01,0.00,0.01,0.00,0.00,55.09,0.02,0.00,0.00,0.00,0.49,0.04,0.00,0.00,0.00,0.01,0.00,0.00,4.08,-1.63,-0.87,71.18,72.59,300.92,257.57,402.63,365.89,389.12,283.43,316.64,279.49,350.40,304.87,349.56,365.89,
93.692,0,0.03,0.06,0.01,2.13,0.02,6.06,1.86,35.70,0.01,87.88,75.63,-13.71,98.35,35.70,48.72,0.00,0.35,0.01,0.00,0.01,0.00,0.00,58.70,0.02,0.00,0.00,0.00,0.58,0.03,0.00,0.00,0.00,0.01,0.00,0.00,4.55,-1.56,-0.87,71.28,72.55,300.79,257.59,402.51,366.01,388.98,283.48,316.53,279.59,350.32,304.72,349.45,366.01,
93.879,0,0.04,0.07,0.01,1.46,0.02,9.65,1.15,31.27,0.01,80.69,80.65,-16.46,98.47,31.27,41.46,0.00,0.30,0.01,0.00,0.01,0.00,0.00,69.64,0.02,0.00,0.00,0.00,0.82,0.02,0.00,0.00,0.00,0.01,0.00,0.00,4.83,-1.17,-1.04,71.16,73.31,300.94,257.70,402.54,365.98,389.55,283.63,316.35,279.71,350.63,304.67,349.33,365.98,
94.034,0,0.06,0.10,0.02,0.56,0.02,5.52,0.34,15.76,0.02,88.95,53.50,-12.06,98.48,15.76,27.89,0.00,0.17,0.00,0.00,0.02,0.00,0.00,67.19,0.01,0.00,0.00,0.00,0.95,0.01,0.00,0.00,0.00,0.01,0.00,0.00,4.18,-1.15,-0.76,71.10,73.36,300.96,257.60,402.60,365.79,389.46,283.36,316.19,279.68,350.66,304.86,349.68,365.79,
94.092,0,0.08,0.11,0.02,0.40,0.02,4.66,0.22,11.61,0.02,90.68,37.73,-10.50,98.56,11.61,21.70,0.00,0.17,0.00,0.00,0.02,0.00,0.00,65.40,0.01,0.00,0.00,0.00,1.06,0.01,0.00,0.00,0.00,0.01,0.00,0.00,4.76,-0.88,-0.58,71.08,73.22,300.90,257.51,402.57,365.85,389.25,283.19,316.11,279.80,350.76,304.56,349.85,365.85,
94.170,0,0.09,0.13,0.02,0.28,0.02,3.42,0.15,6.38,0.03,93.15,24.24,-8.22,98.52,6.38,16.88,0.00,0.13,0.00,0.00,0.03,0.00,0.00,62.28,0.01,0.00,0.00,0.00,1.14,0.01,0.00,0.00,0.00,0.01,0.00,0.00,3.67,-1.01,-0.34,71.07,73.44,300.97,257.46,402.76,365.66,389.35,283.09,315.99,279.69,350.80,304.99,350.24,365.66,
94.251,0,0.09,0.13,0.02,0.28,0.02,3.00,0.15,6.14,0.02,94.00,21.52,-7.39,98.54,6.14,17.21,0.00,0.14,0.00,0.00,0.02,0.00,0.00,60.02,0.01,0.00,0.00,0.00,1.15,0.01,0.00,0.00,0.00,0.01,0.00,0.00,4.18,-0.93,-0.47,71.07,73.20,300.97,257.51,402.62,365.73,389.24,283.09,316.12,279.76,350.80,304.78,350.03,365.73,
94.326,0,0.09,0.12,0.02,0.29,0.02,3.68,0.15,5.86,0.02,92.65,30.04,-8.88,98.62,5.86,18.27,0.00,0.14,0.00,0.00,0.02,0.00,0.00,64.54,0.01,0.00,0.00,0.00,1.14,0.01,0.00,0.00,0.00,0.01,0.00,0.00,4.31,-0.65,-0.46,71.13,73.37,301.04,257.57,402.60,365.68,389.34,283.11,316.05,279.86,350.98,304.75,350.07,365.68,
94.407,0,0.08,0.11,0.02,0.33,0.02,3.38,0.18,5.65,0.03,93.24,35.96,-8.73,98.63,5.65,21.92,0.00,0.12,0.00,0.00,0.03,0.00,0.00,64.23,0.01,0.00,0.00,0.00,1.25,0.02,0.00,0.00,0.00,0.01,0.00,0.00,3.79,-0.61,-0.37,71.15,73.40,301.07,257.54,402.64,365.57,389.34,283.00,316.01,279.80,351.03,304.92,350.21,365.57,
94.481,0,0.08,0.11,0.02,0.35,0.02,3.35,0.19,5.52,0.03,93.29,41.66,-8.93,98.59,5.52,24.24,0.00,0.11,0.00,0.00,0.03,0.00,0.00,64.90,0.01,0.00,0.00,0.00,1.37,0.02,0.00,0.00,0.00,0.01,0.00,0.00,4.20,-0.76,-0.48,71.18,73.05,301.05,257.57,402.58,365.71,389.19,283.01,316.20,279.85,350.91,304.77,350.05,365.71,
94.664,0,0.08,0.11,0.02,0.33,0.02,3.80,0.18,4.66,0.02,92.39,45.91,-9.73,98.56,4.66,23.47,0.00,0.10,0.00,0.00,0.02,0.00,0.00,67.83,0.01,0.00,0.00,0.00,1.42,0.02,0.00,0.00,0.00,0.01,0.00,0.00,4.87,-0.87,-0.55,71.13,73.38,300.90,257.50,402.60,365.86,389.33,283.17,316.03,279.84,350.79,304.52,349.90,365.86,
94.898,0,0.09,0.13,0.02,0.26,0.02,3.82,0.13,4.68,0.04,92.36,29.06,-9.03,98.59,4.68,16.49,0.00,0.10,0.01,0.00,0.04,0.00,0.00,65.74,0.01,0.00,0.00,0.00,1.30,0.02,0.00,0.00,0.00,0.01,0.00,0.00,4.51,-0.75,-0.48,70.92,73.37,300.81,257.28,402.80,365.81,389.33,283.16,316.05,279.54,350.91,304.58,350.03,365.81,
95.032,0,0.08,0.12,0.02,0.31,0.02,2.12,0.16,6.71,0.03,95.76,16.16,-5.29,98.33,6.71,19.33,0.00,0.14,0.00,0.00,0.03,0.00,0.00,53.51,0.01,0.00,0.00,0.00,0.69,0.01,0.00,0.00,0.00,0.00,0.00,0.00,4.64,-1.61,-0.93,71.07,73.58,301.03,257.64,402.56,365.75,389.69,283.54,316.21,279.67,350.41,304.65,349.49,365.75,
95.275,0,0.07,0.09,0.02,0.51,0.02,1.11,0.31,10.85,0.02,97.79,14.43,-1.93,98.22,10.85,30.15,0.00,0.24,0.00,0.00,0.02,0.01,0.00,41.03,0.01,0.00,0.00,0.00,0.67,0.01,0.00,0.00,0.00,0.01,0.00,0.00,4.69,-1.94,-1.01,71.17,73.20,301.18,257.70,402.58,365.82,389.63,283.42,316.52,279.73,350.32,304.63,349.49,365.82,
95.316,0,0.05,0.07,0.02,0.89,0.02,1.21,0.62,17.65,0.02,97.58,25.46,-3.14,98.23,17.65,39.95,0.00,0.39,0.00,0.00,0.02,0.00,0.00,40.01,0.00,0.00,0.00,0.00,0.68,0.02,0.00,0.00,0.00,0.01,0.00,0.00,4.07,-1.90,-1.03,71.17,73.46,301.32,257.73,402.62,365.63,389.87,283.36,316.50,279.67,350.43,304.85,349.55,365.63,
95.391,0,0.05,0.07,0.02,1.01,0.02,1.01,0.72,18.78,0.03,97.98,24.64,-2.22,98.28,18.78,42.87,0.00,0.13,0.00,0.00,0.03,0.00,0.00,36.55,0.00,0.00,0.00,0.00,0.91,0.02,0.00,0.03,0.00,0.01,0.00,0.00,5.99,-1.77,-0.71,70.89,72.70,301.30,257.13,402.68,365.51,389.33,282.67,316.69,279.56,350.52,303.55,349.95,365.51,
95.628,0,0.04,0.06,0.02,1.63,0.02,1.12,1.30,29.09,0.01,96.73,17.75,-2.41,98.37,30.87,45.16,0.00,0.08,0.01,0.01,0.01,0.00,0.00,29.09,0.00,0.00,0.00,0.00,1.61,0.03,0.00,0.00,0.00,0.01,0.00,0.00,4.48,-1.51,-1.10,71.12,72.90,300.95,257.73,402.56,366.09,389.39,283.51,316.59,279.69,350.45,304.83,349.28,366.09,
95.695,0,0.03,0.07,0.01,2.05,0.02,2.87,1.72,33.72,0.01,94.26,22.41,-7.05,98.50,44.16,38.39,0.00,0.37,0.01,0.00,0.01,0.00,0.00,33.72,0.00,0.00,0.00,0.00,1.64,0.03,0.00,0.00,0.00,0.01,0.00,0.00,3.94,-1.09,-0.96,71.12,73.00,300.89,257.68,402.55,365.93,389.32,283.46,316.43,279.60,350.65,305.02,349.41,365.93,
95.811,0,0.04,0.07,0.01,1.93,0.02,2.85,1.59,34.69,0.01,94.29,21.73,-7.05,98.38,42.69,37.92,0.00,0.40,0.01,0.00,0.01,0.00,0.00,34.69,0.00,0.00,0.00,0.00,1.69,0.03,0.00,0.00,0.00,0.01,0.00,0.00,3.93,-1.48,-1.08,71.04,72.50,300.71,257.58,402.45,366.02,389.00,283.36,316.60,279.45,350.30,304.95,349.15,366.02,
95.955,0,0.04,0.07,0.01,1.44,0.02,1.83,1.12,31.58,0.01,96.34,20.79,-5.05,98.41,31.58,40.39,0.00,0.39,0.00,0.00,0.01,0.00,0.00,36.29,0.00,0.00,0.00,0.00,1.22,0.03,0.00,0.00,0.00,0.01,0.00,0.00,4.57,-1.38,-0.87,71.08,72.81,300.92,257.59,402.51,365.91,389.18,283.32,316.46,279.66,350.48,304.66,349.50,365.91,
96.090,0,0.05,0.06,0.02,0.92,0.02,0.90,0.64,14.06,0.02,98.16,30.69,-1.90,98.37,14.06,44.40,0.00,0.50,0.00,0.00,0.02,0.00,0.00,38.79,0.00,0.00,0.00,0.00,0.98,0.03,0.00,0.00,0.00,0.01,0.00,0.00,3.42,-1.50,-0.67,71.22,72.98,300.82,257.58,402.45,365.72,389.08,283.17,316.19,279.59,350.32,305.12,349.64,365.72,
96.238,0,0.06,0.07,0.02,0.71,0.02,0.81,0.47,9.06,0.02,98.38,28.77,-1.26,98.34,9.06,41.79,0.00,0.60,0.00,0.00,0.02,0.00,0.00,40.26,0.01,0.00,0.00,0.00,0.56,0.02,0.00,0.00,0.00,0.01,0.00,0.00,3.25,-1.60,-0.70,71.17,72.70,300.85,257.48,402.59,365.71,389.03,283.14,316.43,279.42,350.35,305.12,349.70,365.71,
96.308,0,0.06,0.07,0.02,0.68,0.02,0.73,0.45,8.22,0.01,98.54,26.04,-0.61,98.42,8.22,41.40,0.00,0.55,0.00,0.00,0.01,0.00,0.00,38.94,0.01,0.00,0.00,0.00,0.59,0.02,0.00,0.00,0.00,0.01,0.00,0.00,3.10,-1.33,-0.61,71.20,72.90,300.86,257.51,402.57,365.65,389.08,283.11,316.27,279.49,350.49,305.21,349.80,365.65,
96.388,0,0.06,0.08,0.02,0.63,0.02,1.05,0.40,10.41,0.01,97.91,24.23,-2.30,98.22,10.41,36.74,0.00,0.40,0.00,0.00,0.01,0.00,0.00,42.41,0.00,0.00,0.00,0.00,0.52,0.02,0.00,0.00,0.00,0.01,0.00,0.00,3.82,-1.95,-0.87,71.11,72.77,301.19,257.73,402.53,365.68,389.31,283.28,316.63,279.67,350.29,304.96,349.64,365.68,
96.550,0,0.06,0.09,0.02,0.55,0.02,1.20,0.34,11.20,0.02,97.59,18.55,-2.66,98.31,11.20,32.01,0.00,0.30,0.00,0.00,0.02,0.00,0.00,42.91,0.00,0.00,0.00,0.00,0.59,0.02,0.00,0.00,0.00,0.01,0.00,0.00,4.12,-1.70,-0.84,71.07,72.99,301.18,257.63,402.70,365.74,389.49,283.34,316.59,279.62,350.52,304.83,349.75,365.74,
96.623,0,0.06,0.10,0.02,0.66,0.02,1.51,0.43,20.85,0.02,96.98,9.97,-3.13,98.32,20.85,28.11,0.00,0.34,0.00,0.00,0.02,0.00,0.00,37.83,0.00,0.00,0.00,0.00,0.61,0.02,0.00,0.00,0.00,0.01,0.00,0.00,3.30,-1.67,-1.16,71.06,73.29,301.36,257.64,402.75,365.51,389.92,283.40,316.75,279.35,350.66,305.10,349.50,365.51,
96.715,0,0.05,0.10,0.02,0.84,0.02,1.94,0.58,28.85,0.03,96.13,8.91,-4.18,98.32,28.85,27.16,0.00,0.44,0.01,0.00,0.03,0.00,0.00,35.55,0.00,0.00,0.00,0.00,0.59,0.03,0.00,0.00,0.00,0.01,0.00,0.00,3.30,-1.67,-1.16,71.06,73.29,301.36,257.64,402.75,365.51,389.92,283.40,316.75,279.35,350.66,305.10,349.50,365.51,
96.783,0,0.05,0.09,0.02,0.97,0.02,1.51,0.69,29.60,0.02,96.97,7.39,-2.89,98.22,29.60,30.57,0.00,0.55,0.00,0.00,0.02,0.00,0.00,31.30,0.00,0.00,0.00,0.00,0.66,0.04,0.00,0.00,0.00,0.01,0.00,0.00,2.27,-1.94,-1.15,71.12,72.79,301.41,257.72,402.66,365.45,389.65,283.09,316.96,279.35,350.49,305.50,349.50,365.45,
96.925,0,0.04,0.06,0.01,1.69,0.02,0.79,1.36,21.67,0.02,96.62,9.73,0.00,98.04,31.39,43.94,0.00,1.79,0.00,0.00,0.02,0.01,0.00,21.67,0.00,0.00,0.00,0.00,1.06,0.11,0.00,0.00,0.00,0.00,0.00,0.00,1.33,-2.44,-0.98,70.95,72.22,301.48,257.24,402.70,365.04,389.34,281.98,317.18,279.03,350.26,305.36,349.75,365.04,
97.145,0,0.04,0.05,0.02,2.51,0.02,0.40,2.06,14.21,0.02,94.98,10.56,0.00,98.04,28.35,52.54,0.01,6.18,0.00,0.00,0.02,0.00,0.00,14.21,0.00,0.00,0.00,0.00,3.16,0.29,0.00,0.00,0.00,0.00,0.00,0.00,-0.31,-2.44,-0.63,70.71,72.77,301.26,256.85,402.98,364.94,389.47,281.24,316.74,278.80,350.26,305.85,350.16,364.94,
97.212,0,0.05,0.05,0.02,2.98,0.02,0.40,2.50,12.99,0.01,94.05,10.88,0.00,98.52,30.03,54.17,0.00,7.40,0.01,0.01,0.01,0.00,0.00,12.99,0.00,0.00,0.00,0.00,4.00,0.45,0.00,0.00,0.00,0.01,0.00,0.00,-0.66,-1.01,-0.58,70.65,71.86,300.67,256.41,402.84,364.80,388.57,281.37,316.79,278.03,350.73,305.76,349.90,364.80,
97.281,0,0.06,0.06,0.02,2.24,0.02,0.34,1.71,11.55,0.01,95.51,6.25,0.00,98.05,25.84,48.08,0.00,8.23,0.01,0.01,0.01,0.00,0.00,11.55,0.00,0.00,0.00,0.00,5.00,0.59,0.00,0.00,0.00,0.01,0.00,0.00,0.44,-2.41,-0.51,70.90,72.17,300.20,256.66,402.61,365.56,388.37,281.56,316.26,278.63,349.57,305.69,349.59,365.56,
97.363,0,0.06,0.06,0.02,2.23,0.02,0.33,1.67,10.90,0.01,95.55,5.28,0.00,98.07,25.55,46.51,0.00,9.34,0.01,0.01,0.01,0.00,0.00,10.90,0.00,0.00,0.00,0.00,5.42,0.75,0.00,0.00,0.00,0.02,0.00,0.00,-0.21,-2.35,-0.44,70.82,72.31,300.15,256.62,402.62,365.49,388.38,281.44,316.13,278.57,349.58,305.94,349.65,365.49,
97.505,0,0.07,0.06,0.02,1.62,0.02,0.25,1.14,13.15,0.03,96.76,6.07,0.00,98.30,16.72,46.09,0.00,9.43,0.02,0.00,0.03,0.01,0.00,13.15,0.01,0.00,0.00,0.00,4.41,0.63,0.00,0.00,0.00,0.02,0.00,0.00,1.57,-1.71,-0.73,71.03,73.17,300.34,256.88,402.48,365.43,388.99,282.19,315.90,278.81,349.97,305.35,349.34,365.43,
97.579,0,0.06,0.06,0.02,1.33,0.02,0.27,0.93,15.04,0.04,97.34,7.52,0.00,98.14,15.04,46.08,0.00,6.49,0.01,0.01,0.04,0.01,0.00,16.03,0.01,0.00,0.00,0.00,3.26,0.46,0.00,0.00,0.00,0.01,0.00,0.00,1.82,-2.16,-0.85,71.08,73.42,300.52,257.11,402.44,365.55,389.27,282.25,315.92,279.10,349.78,305.38,349.26,365.55,
97.733,0,0.07,0.07,0.02,0.83,0.02,0.36,0.54,9.35,0.04,98.35,8.92,0.00,98.04,9.35,40.19,0.00,5.18,0.01,0.01,0.04,0.01,0.00,24.23,0.02,0.00,0.00,0.00,1.08,0.17,0.00,0.00,0.00,0.01,0.00,0.00,-0.06,-2.45,-0.90,70.92,72.77,300.84,257.24,402.70,365.42,389.24,282.20,316.55,278.88,349.91,306.20,349.50,365.42,
97.813,0,0.08,0.09,0.02,0.59,0.02,0.75,0.36,10.52,0.04,98.50,8.13,0.00,98.03,10.52,29.40,0.01,4.72,0.01,0.01,0.04,0.01,0.00,33.76,0.02,0.00,0.00,0.00,1.18,0.12,0.00,0.00,0.00,0.01,0.00,0.00,-1.04,-2.46,-0.78,70.79,73.14,300.77,257.05,402.74,365.29,389.37,281.61,316.28,278.79,349.88,306.44,349.62,365.29,
97.894,0,0.09,0.10,0.02,0.54,0.02,1.36,0.31,9.92,0.03,97.27,13.95,-2.93,98.16,9.92,26.16,0.01,5.40,0.00,0.01,0.03,0.00,0.00,44.53,0.01,0.00,0.00,0.00,1.37,0.12,0.00,0.00,0.00,0.01,0.00,0.00,-1.34,-2.13,-0.53,70.85,73.13,300.70,256.93,402.90,365.36,389.26,281.39,316.18,278.80,350.10,306.56,349.95,365.36,
98.045,0,0.08,0.12,0.02,0.42,0.02,2.06,0.24,13.75,0.23,95.89,11.32,-4.88,98.55,13.75,20.33,0.01,0.68,0.01,0.02,0.23,0.00,0.00,47.38,0.01,0.00,0.00,0.00,1.62,0.08,0.00,15.49,0.00,0.01,0.00,0.00,6.79,-0.91,-0.63,71.77,71.23,300.35,257.15,402.09,366.21,387.75,282.76,316.58,279.71,350.26,303.42,349.34,366.21,
98.127,0,0.07,0.11,0.02,0.58,0.02,2.33,0.35,20.51,0.06,95.34,11.67,-5.51,98.55,20.51,23.21,0.01,0.59,0.01,0.03,0.06,0.00,0.00,44.93,0.01,0.00,0.00,0.00,2.36,0.11,0.00,0.00,0.00,0.01,0.00,0.00,1.72,-0.90,-0.47,71.70,72.25,300.22,257.01,402.94,365.87,388.50,283.21,316.39,278.69,350.61,305.72,349.84,365.87,
98.379,0,0.16,0.03,0.02,24.18,0.02,0.85,24.62,24.18,0.01,50.76,88.02,-4.55,98.44,24.18,78.38,0.00,50.32,0.01,0.01,0.01,0.00,0.00,39.77,0.02,0.00,0.00,0.00,4.61,0.26,0.00,0.00,0.00,0.01,0.00,0.00,1.13,-1.27,-0.32,71.28,72.57,299.68,256.35,403.58,366.64,388.65,282.27,316.19,278.46,350.43,305.85,350.05,366.64,
98.453,0,0.11,0.02,0.02,33.92,0.02,0.98,37.52,34.86,0.01,37.48,89.72,-5.54,98.48,34.86,84.78,0.00,47.84,0.02,0.01,0.00,0.00,0.00,35.52,0.02,0.00,0.00,0.00,4.91,0.28,0.00,0.00,0.00,0.01,0.00,0.00,1.21,-1.14,0.13,70.99,71.66,299.55,255.70,403.97,366.77,388.09,281.26,316.49,278.21,350.63,305.41,350.69,366.77,
98.538,0,0.12,0.03,0.02,28.13,0.02,1.07,30.68,34.77,0.01,44.32,83.90,-5.46,98.38,34.77,78.52,0.00,46.84,0.01,0.01,0.01,0.00,0.00,35.36,0.02,0.00,0.00,0.00,3.94,0.30,0.00,0.00,0.00,0.01,0.00,0.00,2.15,-1.45,-0.37,70.83,71.01,298.96,255.02,403.78,366.66,387.62,281.27,316.72,277.27,350.10,304.54,349.76,366.66,
98.677,0,0.14,0.03,0.02,21.38,0.02,0.97,22.29,30.29,0.01,55.43,74.48,-4.32,98.47,30.29,71.61,0.00,47.55,0.02,0.01,0.01,0.00,0.00,35.05,0.02,0.00,0.00,0.00,3.29,0.57,0.00,0.00,0.00,0.00,0.00,0.00,0.61,-1.17,-0.10,71.06,71.70,298.57,255.32,403.80,367.07,387.64,281.43,316.04,277.59,350.05,305.64,349.87,367.07,
98.747,0,0.16,0.05,0.02,8.77,0.02,0.88,7.66,21.06,0.02,82.46,53.24,-2.84,98.47,21.06,58.08,0.00,40.57,0.02,0.02,0.01,0.01,0.00,36.87,0.02,0.00,0.00,0.00,3.21,0.53,0.00,0.00,0.00,0.00,0.00,0.00,1.05,-1.17,-0.30,71.11,71.82,298.41,255.27,403.73,367.20,387.69,281.56,315.99,277.51,349.94,305.47,349.53,367.20,
98.830,0,0.17,0.05,0.02,6.66,0.02,0.91,5.49,17.37,0.04,86.68,52.94,-2.93,98.59,17.37,55.20,0.00,38.58,0.03,0.04,0.02,0.03,0.00,39.60,0.02,0.00,0.00,0.00,3.21,0.52,0.00,0.00,0.00,0.00,0.00,0.00,0.89,-0.76,-0.20,71.11,71.52,298.41,255.32,403.71,367.21,387.47,281.56,316.06,277.56,350.17,305.58,349.65,367.21,
98.989,0,0.13,0.05,0.02,6.32,0.02,1.10,5.36,20.61,0.06,87.35,57.22,-4.09,98.41,20.61,56.13,0.00,33.86,0.03,0.06,0.01,0.02,0.00,40.82,0.03,0.00,0.00,0.00,2.95,0.49,0.00,0.00,0.00,0.00,0.00,0.00,0.92,-1.36,-0.16,70.89,71.45,298.53,255.37,403.71,367.19,387.49,281.43,316.14,277.67,349.89,305.55,349.74,367.19,
99.123,0,0.13,0.05,0.02,5.56,0.02,1.16,4.59,19.14,0.04,88.87,61.35,-4.53,98.45,19.14,56.03,0.00,31.55,0.03,0.04,0.01,0.02,0.00,43.06,0.03,0.00,0.00,0.00,3.37,0.45,0.00,0.00,0.00,0.00,0.00,0.00,0.84,-1.25,-0.10,70.80,71.95,298.44,255.37,403.72,367.25,387.68,281.41,315.82,277.76,349.90,305.63,349.75,367.25,
99.289,0,0.11,0.04,0.02,4.45,0.02,0.97,3.58,13.92,0.02,91.11,72.00,-4.06,98.50,13.92,59.90,0.01,26.81,0.02,0.02,0.01,0.01,0.00,45.19,0.02,0.00,0.00,0.00,3.32,0.32,0.00,0.00,0.00,0.00,0.00,0.00,0.72,-1.06,-0.14,70.82,71.46,298.57,255.54,403.59,367.19,387.45,281.43,316.07,277.84,350.01,305.72,349.72,367.19,
99.364,0,0.11,0.04,0.02,4.24,0.02,0.80,3.37,12.70,0.02,91.52,67.22,-2.87,98.43,12.70,59.74,0.00,26.77,0.02,0.02,0.01,0.01,0.00,42.53,0.03,0.00,0.00,0.00,3.17,0.25,0.00,0.00,0.00,0.00,0.00,0.00,0.74,-1.31,-0.19,70.88,71.89,298.54,255.52,403.61,367.15,387.69,281.58,315.89,277.79,349.86,305.72,349.64,367.15,
99.434,0,0.10,0.04,0.02,4.69,0.02,0.80,3.83,13.00,0.03,90.62,72.60,-3.12,98.47,13.00,62.40,0.00,26.98,0.02,0.03,0.01,0.01,0.00,43.06,0.03,0.00,0.00,0.00,3.10,0.24,0.00,0.00,0.00,0.00,0.00,0.00,1.36,-1.19,-0.07,70.95,71.85,298.52,255.50,403.68,367.34,387.62,281.51,315.86,277.97,349.95,305.50,349.81,367.34,
99.501,0,0.11,0.04,0.02,5.56,0.02,0.90,4.62,13.24,0.02,88.88,79.46,-4.09,98.59,13.24,64.46,0.00,29.49,0.01,0.02,0.01,0.01,0.00,45.71,0.04,0.00,0.00,0.00,3.26,0.18,0.00,0.00,0.00,0.00,0.00,0.00,2.04,-0.76,-0.03,70.99,72.04,298.47,255.50,403.58,367.42,387.62,281.43,315.66,278.16,350.11,305.22,349.78,367.42,
99.603,0,0.11,0.04,0.02,4.28,0.02,1.03,3.38,12.06,0.01,91.44,77.62,-4.68,98.54,12.06,60.62,0.00,26.71,0.01,0.01,0.01,0.00,0.00,48.19,0.04,0.00,0.00,0.00,3.40,0.17,0.00,0.00,0.00,0.00,0.00,0.00,2.43,-0.93,-0.09,71.07,71.98,298.64,255.70,403.43,367.37,387.64,281.53,315.74,278.37,350.03,305.10,349.73,367.37,
99.783,0,0.10,0.04,0.02,3.23,0.02,0.99,2.47,11.06,0.01,93.53,74.38,-4.28,98.60,11.06,58.88,0.00,21.74,0.01,0.01,0.00,0.00,0.00,47.72,0.03,0.00,0.00,0.00,3.37,0.15,0.00,0.00,0.00,0.00,0.00,0.00,2.55,-0.74,-0.07,70.89,71.98,298.51,255.57,403.46,367.32,387.57,281.68,315.68,278.18,350.09,305.00,349.70,367.32,
99.850,0,0.08,0.04,0.02,3.61,0.02,1.00,2.88,12.20,0.01,92.79,80.88,-4.72,98.64,12.20,63.04,0.00,20.21,0.01,0.01,0.00,0.00,0.00,48.24,0.03,0.00,0.00,0.00,3.21,0.16,0.00,0.00,0.00,0.00,0.00,0.00,3.35,-0.56,-0.08,70.89,71.45,298.52,255.62,403.45,367.52,387.31,281.78,315.95,278.31,350.20,304.73,349.71,367.52,
99.990,0,0.08,0.04,0.02,3.21,0.02,1.01,2.54,13.16,0.01,93.57,77.28,-4.56,98.63,13.16,61.43,0.00,17.75,0.02,0.01,0.00,0.00,0.00,47.13,0.03,0.00,0.00,0.00,3.27,0.15,0.00,0.00,0.00,0.00,0.00,0.00,2.73,-0.63,-0.26,70.75,71.87,298.39,255.64,403.24,367.38,387.46,281.72,315.67,278.21,350.00,304.95,349.32,367.38,
100.132,0,0.08,0.06,0.02,1.39,0.02,0.64,0.96,10.88,0.01,97.22,30.26,-0.19,98.62,10.88,46.99,0.00,10.82,0.01,0.01,0.00,0.00,0.00,35.95,0.02,0.00,0.00,0.00,2.23,0.16,0.00,0.00,0.00,0.00,0.00,0.00,3.41,-0.67,-0.08,70.83,71.50,298.39,255.65,403.37,367.63,387.23,281.82,315.82,278.37,350.04,304.76,349.60,367.63,
100.299,0,0.08,0.07,0.02,1.08,0.02,0.55,0.71,8.74,0.01,97.84,20.90,0.00,98.67,8.74,43.17,0.00,9.51,0.01,0.01,0.01,0.00,0.00,33.60,0.02,0.00,0.00,0.00,2.02,0.16,0.00,0.00,0.00,0.00,0.00,0.00,3.32,-0.48,-0.31,70.83,71.82,298.69,255.80,403.33,367.44,387.65,281.81,315.91,278.43,350.28,304.78,349.48,367.44,
100.371,0,0.07,0.08,0.02,0.98,0.02,0.80,0.66,13.78,0.01,98.04,15.85,-0.48,98.55,13.78,37.71,0.00,7.86,0.02,0.01,0.01,0.00,0.00,34.85,0.03,0.00,0.00,0.00,1.10,0.15,0.00,0.00,0.00,0.00,0.00,0.00,4.65,-0.89,-0.45,70.58,72.50,298.84,255.27,403.35,366.78,388.15,281.77,315.76,277.91,350.13,303.67,349.38,366.78,
100.437,0,0.07,0.09,0.02,0.82,0.02,1.16,0.53,17.89,0.02,97.68,10.14,-1.81,98.64,17.89,30.21,0.00,6.21,0.02,0.01,0.02,0.01,0.00,35.98,0.05,0.00,0.00,0.00,0.84,0.14,0.00,0.00,0.00,0.00,0.00,0.00,4.50,-0.59,-0.34,70.65,72.08,298.85,255.26,403.41,366.84,387.91,281.64,315.92,277.93,350.33,303.73,349.55,366.84,
100.504,0,0.07,0.09,0.02,0.90,0.02,1.18,0.60,18.71,0.02,97.63,11.63,-2.08,98.72,18.71,31.89,0.00,6.53,0.02,0.01,0.02,0.02,0.00,36.21,0.05,0.00,0.00,0.00,0.65,0.13,0.00,0.00,0.00,0.00,0.00,0.00,4.33,-0.28,-0.41,70.69,72.12,298.78,255.27,403.34,366.83,387.90,281.66,315.88,277.88,350.44,303.81,349.40,366.83,
100.656,0,0.08,0.10,0.02,0.81,0.02,1.29,0.52,20.45,0.01,97.42,7.08,-1.96,98.67,20.45,26.60,0.00,6.83,0.02,0.01,0.01,0.02,0.00,34.70,0.05,0.00,0.00,0.00,0.61,0.14,0.00,0.00,0.00,0.00,0.00,0.00,4.83,-0.48,-0.38,70.56,71.76,298.61,255.24,403.25,367.03,387.58,281.64,315.90,277.96,350.20,303.62,349.31,367.03,
100.723,0,0.08,0.10,0.02,0.72,0.02,1.33,0.45,18.30,0.02,97.33,6.90,-2.08,98.60,18.30,24.45,0.00,7.46,0.02,0.02,0.01,0.02,0.00,36.50,0.03,0.00,0.00,0.00,0.69,0.13,0.00,0.00,0.00,0.00,0.00,0.00,4.68,-0.74,-0.35,70.51,71.86,298.51,255.19,403.24,367.06,387.55,281.53,315.78,277.95,349.99,303.67,349.29,367.06,
100.789,0,0.09,0.10,0.02,0.68,0.02,1.08,0.41,14.47,0.02,97.83,7.65,-1.13,98.64,14.47,26.04,0.00,7.72,0.02,0.02,0.01,0.01,0.00,36.29,0.03,0.00,0.00,0.00,0.84,0.14,0.00,0.00,0.00,0.00,0.00,0.00,3.66,-0.58,-0.15,70.78,71.91,298.49,255.69,403.30,367.48,387.50,281.85,315.67,278.42,350.10,304.62,349.53,367.48,
101.078,0,0.08,0.06,0.02,1.13,0.02,0.59,0.75,6.85,0.02,97.75,30.84,0.00,98.61,6.85,45.89,0.01,10.00,0.02,0.02,0.01,0.01,0.00,37.40,0.02,0.00,0.00,0.00,1.74,0.16,0.00,0.00,0.00,0.00,0.00,0.00,3.84,-0.67,-0.14,70.82,72.16,298.48,255.55,403.36,367.39,387.64,281.84,315.57,278.30,350.06,304.44,349.55,367.39,
101.146,0,0.08,0.06,0.02,1.15,0.02,0.66,0.77,7.72,0.01,97.69,30.45,-0.28,98.60,7.72,44.73,0.00,10.80,0.02,0.01,0.01,0.01,0.00,38.32,0.02,0.00,0.00,0.00,1.75,0.15,0.00,0.00,0.00,0.00,0.00,0.00,4.10,-0.74,-0.28,70.86,71.89,298.54,255.61,403.39,367.52,387.62,281.92,315.82,278.33,350.08,304.38,349.45,367.52,
101.315,0,0.08,0.07,0.02,0.83,0.02,0.81,0.52,7.18,0.01,98.35,27.91,-1.18,98.69,7.18,40.22,0.00,6.42,0.02,0.01,0.01,0.01,0.00,41.30,0.02,0.00,0.00,0.00,2.18,0.13,0.00,0.00,0.00,0.00,0.00,0.00,4.66,-0.39,-0.46,71.10,72.25,298.65,255.89,403.18,367.48,387.85,282.29,315.69,278.56,350.24,304.29,349.20,367.48,
101.391,0,0.07,0.07,0.02,0.80,0.02,1.10,0.52,10.51,0.01,97.80,30.23,-2.86,98.62,10.51,38.97,0.00,4.23,0.02,0.01,0.01,0.01,0.00,43.96,0.03,0.00,0.00,0.00,1.58,0.13,0.00,0.00,0.00,0.00,0.00,0.00,5.87,-0.65,-0.62,70.67,72.16,298.97,255.35,403.38,366.88,388.14,282.17,316.10,277.96,350.35,303.21,349.28,366.88,
101.479,0,0.06,0.08,0.02,0.84,0.02,1.59,0.56,15.53,0.02,96.82,31.11,-4.78,98.67,15.53,37.27,0.00,2.77,0.02,0.02,0.01,0.01,0.00,46.17,0.04,0.00,0.00,0.00,1.53,0.12,0.00,0.00,0.00,0.00,0.00,0.00,6.37,-0.47,-0.66,70.57,72.37,298.90,255.35,403.40,367.01,388.24,282.31,316.00,278.01,350.44,303.05,349.21,367.01,
101.690,0,0.05,0.09,0.02,0.98,0.02,4.35,0.68,27.62,0.02,91.30,30.77,-9.95,98.60,27.62,30.10,0.00,2.62,0.02,0.02,0.02,0.01,0.00,53.14,0.06,0.00,0.00,0.00,0.94,0.07,0.00,0.00,0.00,0.00,0.00,0.00,6.56,-0.74,-0.76,70.42,72.77,298.96,255.36,403.39,366.96,388.53,282.36,315.89,278.02,350.31,302.95,349.10,366.96,
101.763,0,0.06,0.10,0.02,0.69,0.02,4.23,0.44,23.77,0.02,91.55,23.65,-9.41,98.60,23.77,24.64,0.00,1.56,0.02,0.02,0.02,0.01,0.00,54.11,0.07,0.00,0.00,0.00,0.78,0.06,0.00,0.00,0.00,0.00,0.00,0.00,5.57,-0.73,-0.80,70.36,72.69,298.98,255.38,403.35,366.84,388.50,282.18,315.94,277.92,350.30,303.35,349.05,366.84,
101.976,0,0.07,0.11,0.02,0.56,0.02,4.45,0.34,19.02,0.02,91.10,28.38,-9.89,98.53,19.02,23.16,0.00,1.63,0.01,0.01,0.02,0.01,0.00,58.66,0.07,0.00,0.00,0.00,0.43,0.03,0.00,0.00,0.00,0.00,0.00,0.00,5.48,-0.96,-1.00,70.40,72.53,298.97,255.54,403.17,366.85,388.44,282.35,316.04,277.93,350.09,303.46,348.73,366.85,
102.054,0,0.08,0.13,0.02,0.41,0.02,5.52,0.23,16.77,0.02,88.97,24.59,-10.74,98.49,16.77,16.22,0.00,1.44,0.02,0.01,0.02,0.01,0.00,62.62,0.10,0.00,0.00,0.00,0.30,0.02,0.00,0.00,0.00,0.00,0.00,0.00,5.13,-1.10,-0.86,70.51,72.59,298.84,255.54,403.34,366.95,388.40,282.61,315.97,277.85,350.02,303.72,348.91,366.95,
102.202,0,0.08,0.14,0.02,0.39,0.02,6.59,0.22,20.19,0.04,86.82,28.86,-11.29,98.58,20.19,11.86,0.01,1.25,0.02,0.01,0.04,0.02,0.00,61.92,0.12,0.00,0.00,0.00,0.26,0.01,0.00,0.00,0.00,0.00,0.00,0.00,5.29,-0.81,-0.91,70.53,72.80,298.92,255.56,403.37,366.90,388.58,282.71,315.95,277.85,350.25,303.67,348.90,366.90,
102.276,0,0.08,0.17,0.02,0.30,0.02,5.32,0.16,20.38,0.17,89.36,19.75,-9.19,98.46,20.38,5.41,0.01,0.19,0.04,0.07,0.17,0.03,0.00,55.51,0.12,0.00,0.00,0.00,0.36,0.01,0.00,1.42,0.00,0.00,0.00,0.00,7.13,-1.20,-1.33,70.64,72.53,299.27,255.92,403.42,367.39,388.88,283.13,316.52,278.32,350.24,303.13,348.63,367.39,
102.345,0,0.09,0.18,0.02,0.28,0.02,4.72,0.15,21.24,0.60,90.56,16.33,-8.27,98.44,21.24,2.87,0.01,0.05,0.07,0.21,0.60,0.06,0.00,51.76,0.11,0.00,0.00,0.00,0.41,0.01,0.00,0.27,0.00,0.00,0.00,0.00,5.77,-1.28,-1.04,70.57,72.08,299.32,255.90,403.50,367.21,388.56,282.85,316.63,278.22,350.26,303.67,349.04,367.21,
102.411,0,0.08,0.18,0.02,0.30,0.02,4.40,0.16,21.74,0.36,91.21,15.11,-7.72,98.41,21.74,3.64,0.01,0.08,0.05,0.17,0.36,0.04,0.00,50.12,0.10,0.00,0.00,0.00,0.41,0.01,0.00,0.01,0.00,0.00,0.00,0.00,3.76,-1.36,-1.07,70.27,71.26,299.16,255.72,403.40,367.08,388.03,282.12,316.91,277.87,350.09,304.32,348.89,367.08,
102.557,0,0.08,0.17,0.02,0.32,0.02,3.52,0.18,21.90,0.07,92.97,11.60,-6.26,98.43,21.90,5.66,0.01,0.23,0.02,0.07,0.05,0.01,0.00,46.16,0.09,0.00,0.00,0.00,0.39,0.02,0.00,0.00,0.00,0.00,0.00,0.00,3.79,-1.32,-1.00,70.00,71.26,299.21,255.51,403.38,366.87,388.03,281.67,316.87,277.79,350.13,304.06,349.00,366.87,
102.654,0,0.08,0.15,0.02,0.39,0.02,4.78,0.22,22.82,0.05,90.45,18.87,-8.61,98.53,22.82,8.85,0.01,1.52,0.02,0.02,0.05,0.01,0.00,52.37,0.10,0.00,0.00,0.00,0.31,0.02,0.00,0.00,0.00,0.01,0.00,0.00,4.11,-0.98,-0.91,70.03,71.39,299.08,255.49,403.39,367.04,387.98,281.62,316.69,277.91,350.25,303.98,349.03,367.04,
102.734,0,0.08,0.14,0.02,0.44,0.02,3.58,0.26,20.73,0.04,92.84,13.82,-7.26,98.41,20.73,13.10,0.01,2.91,0.01,0.01,0.04,0.00,0.00,49.82,0.12,0.00,0.00,0.00,0.24,0.03,0.00,0.00,0.00,0.01,0.00,0.00,3.37,-1.37,-0.86,70.02,71.77,299.26,255.57,403.35,366.72,388.22,281.58,316.55,277.89,350.09,304.25,349.14,366.72,
102.981,0,0.07,0.13,0.02,0.43,0.02,4.58,0.25,19.08,0.04,90.85,19.94,-9.33,98.38,19.08,16.11,0.00,1.34,0.01,0.00,0.04,0.00,0.00,56.96,0.09,0.00,0.00,0.00,0.10,0.05,0.00,0.00,0.00,0.01,0.00,0.00,3.97,-1.48,-1.14,70.22,71.31,299.22,255.82,403.23,366.95,388.05,282.19,316.86,277.94,349.97,304.22,348.76,366.95,
103.050,0,0.08,0.14,0.02,0.37,0.02,3.45,0.21,17.28,0.05,93.09,12.88,-7.30,98.45,17.28,13.78,0.00,0.83,0.01,0.01,0.05,0.00,0.00,52.27,0.07,0.00,0.00,0.00,0.14,0.05,0.00,0.00,0.00,0.01,0.00,0.00,3.91,-1.25,-1.05,70.27,71.62,299.23,255.67,403.33,366.86,388.21,282.01,316.71,277.87,350.15,304.14,348.91,366.86,
103.147,0,0.07,0.13,0.02,0.42,0.02,3.77,0.25,19.76,0.07,92.46,15.45,-7.93,98.49,19.76,15.52,0.00,0.75,0.02,0.01,0.07,0.01,0.00,52.42,0.08,0.00,0.00,0.00,0.20,0.04,0.00,0.00,0.00,0.01,0.00,0.00,5.03,-1.12,-1.25,70.26,71.42,299.08,255.64,403.22,367.07,388.08,282.22,316.80,277.89,350.11,303.69,348.57,367.07,
103.281,0,0.07,0.14,0.02,0.40,0.02,2.47,0.23,21.90,0.15,95.06,8.12,-4.61,98.46,21.90,11.57,0.01,0.38,0.03,0.03,0.15,0.01,0.00,41.24,0.08,0.00,0.00,0.00,0.51,0.04,0.00,0.01,0.00,0.01,0.00,0.00,4.57,-1.20,-1.21,70.10,71.99,298.93,255.66,403.10,367.00,388.22,282.18,316.36,277.90,349.91,303.90,348.46,367.00,
103.426,0,0.07,0.16,0.02,0.42,0.02,3.64,0.24,28.97,0.12,92.72,13.35,-6.17,98.49,28.97,6.29,0.01,0.12,0.02,0.07,0.12,0.02,0.00,41.09,0.07,0.00,0.00,0.00,0.66,0.04,0.00,0.01,0.00,0.01,0.00,0.00,4.78,-1.12,-1.16,70.16,72.65,298.93,255.76,403.12,367.01,388.54,282.44,316.03,278.03,349.95,303.93,348.50,367.01,
103.500,0,0.08,0.16,0.02,0.38,0.02,3.26,0.21,25.67,0.11,93.47,11.19,-5.68,98.52,25.67,6.70,0.01,0.11,0.02,0.06,0.11,0.01,0.00,41.89,0.06,0.00,0.00,0.00,0.81,0.03,0.00,0.01,0.00,0.01,0.00,0.00,4.68,-1.00,-1.15,70.12,72.38,299.00,255.80,402.99,366.88,388.37,282.31,316.11,278.07,350.00,303.93,348.50,366.88,
103.678,0,0.08,0.14,0.02,0.32,0.02,1.85,0.17,15.74,0.07,96.31,4.97,-3.03,98.52,15.74,11.65,0.01,0.10,0.02,0.02,0.07,0.01,0.00,40.87,0.05,0.00,0.00,0.00,0.88,0.03,0.00,0.00,0.00,0.01,0.00,0.00,3.33,-1.00,-0.90,70.35,72.42,299.36,256.17,402.74,366.34,388.32,282.31,316.01,278.26,350.04,304.55,348.82,366.34,
103.748,0,0.09,0.14,0.02,0.26,0.02,1.18,0.13,8.79,0.07,97.64,3.19,-0.59,98.38,8.79,12.46,0.01,0.10,0.03,0.01,0.07,0.01,0.00,38.41,0.05,0.00,0.00,0.00,1.02,0.04,0.00,0.00,0.00,0.01,0.00,0.00,3.84,-1.47,-0.96,70.51,72.08,299.55,256.50,402.64,366.57,388.24,282.38,316.25,278.69,349.83,304.53,348.81,366.57,
103.815,0,0.10,0.13,0.02,0.24,0.02,0.76,0.12,3.82,0.05,98.48,2.89,0.00,98.46,3.82,14.57,0.00,0.12,0.02,0.00,0.05,0.00,0.00,35.02,0.03,0.00,0.00,0.00,0.97,0.03,0.00,0.00,0.00,0.01,0.00,0.00,3.52,-1.21,-0.68,71.05,73.64,299.87,257.31,402.10,366.16,388.78,282.86,315.21,279.57,349.82,305.08,348.97,366.16,
104.047,0,0.11,0.16,0.02,0.20,0.02,0.47,0.09,3.28,0.05,99.05,0.85,0.00,98.43,3.28,8.74,0.00,0.13,0.01,0.00,0.05,0.00,0.00,24.69,0.01,0.00,0.00,0.00,1.21,0.04,0.00,0.00,0.00,0.01,0.00,0.00,3.44,-1.30,-0.91,71.43,73.29,300.25,258.04,402.10,366.47,388.91,283.68,315.71,280.04,349.98,305.67,348.90,366.47,
104.108,0,0.10,0.15,0.02,0.24,0.02,1.03,0.12,8.99,0.06,97.94,1.81,0.00,98.53,8.99,8.98,0.00,0.08,0.01,0.01,0.06,0.00,0.00,34.63,0.02,0.00,0.00,0.00,0.76,0.03,0.00,0.00,0.00,0.00,0.00,0.00,2.68,-0.98,-0.69,71.54,72.73,300.60,258.58,402.30,366.74,388.76,284.02,316.12,280.51,350.44,306.43,349.45,366.74,
104.185,0,0.09,0.15,0.02,0.26,0.02,1.69,0.13,11.05,0.07,96.62,3.94,-2.52,98.55,11.05,9.72,0.00,0.07,0.01,0.01,0.07,0.00,0.00,42.54,0.03,0.00,0.00,0.00,0.56,0.02,0.00,0.00,0.00,0.00,0.00,0.00,2.33,-0.89,-0.59,71.43,73.11,300.67,258.55,402.42,366.61,389.00,284.07,315.98,280.46,350.58,306.57,349.66,366.61,
104.425,0,0.08,0.13,0.02,0.32,0.02,5.12,0.18,13.54,0.07,89.76,22.33,-10.26,98.47,13.54,14.46,0.00,0.07,0.01,0.01,0.07,0.00,0.00,63.36,0.03,0.00,0.00,0.00,0.28,0.01,0.00,0.00,0.00,0.00,0.00,0.00,2.56,-1.17,-0.74,71.43,73.15,300.69,258.74,402.22,366.69,389.03,284.12,315.96,280.65,350.33,306.56,349.38,366.69,
104.561,0,0.07,0.11,0.02,0.44,0.02,6.01,0.26,13.58,0.04,87.99,48.45,-12.28,98.47,13.58,23.31,0.00,0.08,0.01,0.01,0.04,0.00,0.00,69.25,0.01,0.00,0.00,0.00,0.20,0.01,0.00,0.00,0.00,0.01,0.00,0.00,3.49,-1.19,-0.44,71.29,73.14,300.56,258.61,402.41,367.01,388.89,284.02,315.82,280.87,350.33,306.23,349.75,367.01,
104.724,0,0.05,0.08,0.02,0.89,0.02,7.50,0.63,20.78,0.04,85.01,78.96,-14.92,98.47,20.78,37.66,0.00,0.08,0.01,0.01,0.04,0.00,0.00,72.13,0.01,0.00,0.00,0.00,0.45,0.01,0.00,0.00,0.00,0.01,0.00,0.00,2.50,-1.18,-0.43,71.97,72.20,300.89,258.55,402.41,366.54,388.56,283.74,316.44,280.56,350.52,306.39,349.95,366.54,
104.872,0,0.05,0.07,0.02,0.99,0.02,8.49,0.72,22.31,0.08,83.02,83.14,-15.90,98.48,22.31,39.29,0.00,0.06,0.02,0.02,0.08,0.01,0.00,73.90,0.01,0.00,0.00,0.00,0.55,0.01,0.00,0.01,0.00,0.01,0.00,0.00,3.14,-1.13,-0.51,72.43,72.73,300.90,258.49,402.45,366.61,388.91,283.71,316.25,280.64,350.57,306.10,349.87,366.61,
104.967,0,0.08,0.13,0.02,0.33,0.02,6.29,0.18,14.06,0.26,87.41,27.76,-11.73,98.75,14.06,14.36,0.00,0.03,0.02,0.05,0.26,0.01,0.00,67.07,0.01,0.00,0.00,0.00,0.61,0.01,0.00,18.12,0.00,0.01,0.00,0.00,5.24,0.17,0.27,72.35,72.40,300.36,258.42,402.34,367.16,387.97,283.82,315.62,281.24,350.96,305.45,350.46,367.16,
105.177,0,0.12,0.19,0.02,0.16,0.02,3.57,0.07,4.98,0.41,92.86,9.03,-7.15,98.78,4.98,1.61,0.01,0.01,0.03,0.34,0.41,0.01,0.00,59.60,0.01,0.00,0.00,0.00,0.56,0.01,0.00,8.45,0.00,0.00,0.00,0.00,5.33,-0.02,0.31,72.22,72.72,300.18,258.37,402.41,367.15,388.05,284.22,315.40,281.08,350.79,305.48,350.45,367.15,
105.420,0,0.11,0.18,0.02,0.18,0.02,0.64,0.08,6.40,0.45,98.72,0.81,0.00,98.52,6.40,3.51,0.01,0.01,0.01,0.09,0.45,0.05,0.00,26.25,0.00,0.00,0.00,0.00,0.64,0.01,0.00,1.00,0.00,0.00,0.00,0.00,5.58,-0.99,0.05,71.98,72.67,299.72,258.78,402.06,367.85,387.78,284.65,315.17,281.47,349.83,305.83,349.72,367.85,
105.487,0,0.10,0.16,0.02,0.23,0.02,0.84,0.12,10.61,0.69,98.31,1.34,0.00,98.44,10.61,7.39,0.01,0.01,0.01,0.06,0.69,0.05,0.00,29.21,0.01,0.00,0.00,0.00,0.89,0.01,0.00,0.71,0.00,0.00,0.00,0.00,5.33,-1.26,-0.36,71.82,72.87,299.52,258.66,402.04,367.89,387.99,284.83,315.21,281.09,349.59,305.88,349.14,367.89,
105.631,0,0.10,0.17,0.02,0.22,0.02,0.82,0.11,10.11,0.55,98.36,1.23,0.00,98.15,10.11,5.79,0.01,0.01,0.02,0.09,0.55,0.03,0.00,28.50,0.01,0.00,0.00,0.00,0.76,0.01,0.00,0.93,0.00,0.00,0.00,0.00,5.81,-2.13,-0.22,71.94,72.69,299.32,258.60,401.98,368.00,387.70,284.92,315.11,281.11,348.95,305.68,349.15,368.00,
105.701,0,0.10,0.17,0.02,0.22,0.02,0.86,0.11,11.08,0.57,98.28,1.31,0.00,98.40,11.08,5.46,0.02,0.01,0.01,0.14,0.57,0.03,0.00,28.45,0.01,0.00,0.00,0.00,1.20,0.01,0.00,2.72,0.00,0.00,0.00,0.00,6.10,-1.42,-0.50,72.17,73.31,298.67,258.78,401.10,368.02,387.39,285.01,314.18,281.29,348.60,305.65,348.08,368.02,
105.768,0,0.10,0.17,0.02,0.21,0.02,0.75,0.10,9.61,0.73,98.51,1.05,0.00,98.43,9.61,4.41,0.02,0.01,0.02,0.16,0.73,0.03,0.00,26.80,0.01,0.00,0.00,0.00,1.37,0.01,0.00,2.44,0.00,0.01,0.00,0.00,5.88,-1.31,-0.42,72.07,73.22,298.68,258.82,401.07,367.97,387.30,285.01,314.17,281.32,348.65,305.77,348.16,367.97,
106.003,0,0.11,0.17,0.03,0.18,0.02,0.75,0.08,4.27,1.22,98.49,1.10,0.00,98.59,4.27,5.13,0.02,0.02,0.06,0.27,1.22,0.11,0.00,31.86,0.02,0.00,0.00,0.00,1.32,0.01,0.00,2.18,0.00,0.01,0.00,0.00,5.36,-0.78,0.16,72.44,72.84,299.03,258.58,401.47,367.69,387.16,284.43,314.38,281.32,349.31,305.77,349.21,367.69,
106.072,0,0.11,0.16,0.03,0.17,0.02,0.91,0.08,1.64,0.57,98.19,1.93,0.00,98.62,1.64,6.65,0.01,0.01,0.05,0.11,0.57,0.04,0.00,37.81,0.02,0.00,0.00,0.00,1.07,0.01,0.00,0.32,0.00,0.01,0.00,0.00,4.95,-0.67,0.05,72.41,73.18,299.11,258.66,401.26,367.50,387.33,284.17,314.20,281.40,349.31,305.87,349.02,367.50,
106.139,0,0.11,0.15,0.02,0.20,0.02,1.90,0.09,1.96,0.13,96.20,8.41,-3.99,98.62,1.96,10.82,0.01,0.02,0.02,0.04,0.13,0.01,0.00,52.79,0.03,0.00,0.00,0.00,1.00,0.01,0.00,0.00,0.00,0.00,0.00,0.00,3.49,-0.66,-0.37,72.00,71.58,299.48,258.82,401.26,367.37,386.93,284.01,315.42,281.07,349.55,306.40,348.77,367.37,
106.376,0,0.09,0.12,0.02,0.25,0.02,6.46,0.13,2.43,0.04,87.08,54.57,-12.83,98.76,2.43,17.37,0.00,0.07,0.01,0.00,0.04,0.00,0.00,78.25,0.06,0.00,0.00,0.00,0.42,0.01,0.00,0.00,0.00,0.00,0.00,0.00,1.12,0.13,0.33,71.46,71.82,299.71,258.34,401.56,366.31,386.93,283.42,315.17,280.44,350.22,306.89,349.81,366.31,
106.453,0,0.11,0.15,0.02,0.19,0.02,4.42,0.09,1.55,0.03,91.16,24.23,-9.49,98.69,1.55,9.98,0.00,0.09,0.01,0.00,0.03,0.00,0.00,69.16,0.03,0.00,0.00,0.00,0.40,0.01,0.00,0.00,0.00,0.00,0.00,0.00,0.90,0.39,0.04,71.36,71.61,299.88,258.57,401.53,366.32,387.04,283.74,315.50,280.42,350.45,307.11,349.57,366.32,
106.615,0,0.11,0.16,0.02,0.17,0.02,2.06,0.08,1.32,0.10,95.88,7.42,-4.24,98.55,1.32,7.93,0.00,0.04,0.01,0.01,0.10,0.00,0.00,53.99,0.02,0.00,0.00,0.00,0.25,0.01,0.00,0.75,0.00,0.00,0.00,0.00,3.28,0.91,0.16,71.48,71.85,300.01,258.62,401.37,366.39,387.08,283.79,315.29,280.91,350.73,306.12,349.70,366.39,
106.700,0,0.12,0.17,0.02,0.15,0.02,1.60,0.07,0.99,0.19,96.81,3.63,-2.23,98.35,0.99,4.27,0.00,0.02,0.03,0.02,0.19,0.00,0.00,48.25,0.03,0.00,0.00,0.00,0.19,0.01,0.00,0.16,0.00,0.00,0.00,0.00,4.14,1.55,0.08,71.81,72.33,300.36,258.71,401.47,366.23,387.59,284.01,315.32,281.05,351.33,305.78,349.84,366.23,
106.767,0,0.12,0.18,0.02,0.15,0.02,1.78,0.07,1.42,0.21,96.45,3.49,-2.73,97.94,1.42,2.61,0.00,0.01,0.05,0.05,0.21,0.00,0.00,49.41,0.05,0.00,0.00,0.00,0.20,0.01,0.00,0.01,0.00,0.00,0.00,0.00,1.86,2.68,-0.83,71.30,71.82,301.92,258.51,402.65,365.26,389.15,284.19,317.46,279.76,353.38,306.29,350.24,365.26,
106.836,0,0.11,0.17,0.02,0.16,0.02,1.14,0.07,2.63,0.04,97.72,1.97,0.00,98.63,2.63,4.30,0.00,0.02,0.04,0.04,0.04,0.00,0.00,40.43,0.03,0.00,0.00,0.00,0.22,0.02,0.00,0.00,0.00,0.01,0.00,0.00,-1.42,0.62,-4.47,70.09,76.55,312.01,260.94,413.84,367.88,404.14,289.36,328.20,279.71,363.04,310.46,356.43,367.88,
107.166,0,0.10,0.19,0.02,0.21,0.02,0.67,0.10,13.75,0.48,98.66,0.87,0.00,91.67,13.75,0.91,0.03,0.03,0.12,0.48,0.06,0.01,0.00,19.87,0.01,0.00,0.08,0.00,0.12,0.07,0.00,0.03,0.00,0.06,0.00,0.00,-3.39,10.01,-6.29,66.21,66.23,324.53,264.98,428.01,373.05,412.27,295.53,347.56,281.46,381.36,316.82,368.99,373.05,
107.328,0,0.10,0.20,0.02,0.22,0.02,0.28,0.10,1.24,1.03,99.45,0.33,0.00,84.47,14.78,0.19,1.03,0.04,0.18,0.33,0.06,0.00,0.00,1.24,0.01,0.00,0.11,0.02,0.05,0.28,0.00,0.02,0.00,0.02,0.00,0.00,1.38,13.53,-7.57,65.81,70.08,325.29,263.75,430.22,372.49,416.02,297.99,348.49,279.28,385.12,315.07,368.75,372.49,
107.464,0,0.10,0.21,0.02,0.40,0.02,0.58,0.19,2.58,5.89,98.83,0.61,0.00,90.51,26.23,3.24,5.89,0.31,0.03,0.04,0.00,0.00,0.00,2.58,0.02,0.00,0.07,0.01,0.03,0.37,0.00,0.00,0.00,0.02,0.00,0.00,-1.77,10.72,-7.64,67.98,72.91,324.17,263.86,431.45,375.36,417.99,297.31,347.13,280.16,383.88,317.18,368.31,375.36,
107.545,0,0.09,0.17,0.02,0.41,0.02,0.66,0.21,11.32,3.38,98.68,0.90,0.00,95.35,22.79,7.78,3.38,1.34,0.03,0.02,0.01,0.00,0.00,11.32,0.04,0.00,0.07,0.03,0.01,0.15,0.00,0.00,0.00,0.02,0.00,0.00,-2.42,6.90,-8.28,68.62,74.49,321.35,265.33,430.88,379.37,417.55,299.42,345.13,281.94,380.08,319.64,365.67,379.37,
107.691,0,0.07,0.09,0.02,1.13,0.02,0.87,0.75,23.95,2.80,97.74,5.22,-0.69,94.14,24.09,33.31,2.80,5.11,0.04,0.01,0.03,0.05,0.00,23.95,0.04,0.00,0.05,0.01,0.02,0.12,0.00,0.00,0.00,0.02,0.00,0.00,-0.09,8.11,-8.23,68.73,74.53,320.34,265.97,430.72,381.35,416.99,300.30,344.47,283.16,380.21,319.82,365.14,381.35,
107.759,0,0.11,0.16,0.02,0.45,0.02,0.82,0.23,17.37,2.40,98.36,1.28,0.00,94.82,17.37,10.90,2.40,6.26,0.04,0.01,0.02,0.04,0.00,21.81,0.03,0.00,0.04,0.01,0.03,0.09,0.00,0.00,0.00,0.02,0.00,0.00,-1.76,7.46,-8.63,69.05,75.55,318.67,266.21,430.01,382.28,416.54,300.96,343.14,283.10,378.71,321.21,363.34,382.28,
107.842,0,0.10,0.17,0.02,0.38,0.02,3.14,0.20,21.15,0.95,93.73,9.38,-5.83,97.05,21.15,6.18,0.95,3.88,0.05,0.02,0.02,0.02,0.01,43.97,0.02,0.00,0.05,0.02,0.03,0.04,0.00,0.00,0.00,0.02,0.00,0.00,-1.93,4.54,-9.88,70.44,75.62,314.97,266.30,427.54,383.51,413.98,302.35,340.95,282.75,373.94,321.71,358.84,383.51,
107.910,0,0.10,0.17,0.02,0.34,0.02,2.46,0.18,19.60,1.07,95.08,6.43,-4.32,96.20,19.60,5.90,1.07,3.02,0.05,0.02,0.02,0.02,0.01,40.40,0.02,0.00,0.04,0.02,0.03,0.03,0.00,0.00,0.00,0.02,0.00,0.00,-1.30,5.84,-9.04,69.96,75.15,315.66,266.38,428.25,384.13,414.18,301.36,341.15,283.62,375.37,321.61,360.54,384.13,
108.070,0,0.10,0.17,0.02,0.42,0.02,0.71,0.22,13.92,1.60,98.58,1.07,0.00,97.62,22.70,6.77,1.60,4.05,0.02,0.01,0.02,0.00,0.04,13.92,0.01,0.00,0.03,0.00,0.05,0.02,0.00,0.00,0.00,0.02,0.00,0.00,-4.00,3.44,-8.43,70.19,76.01,313.59,266.17,427.00,384.64,412.80,300.51,338.68,283.65,372.29,322.70,359.40,384.64,
108.147,0,0.10,0.17,0.02,0.38,0.02,0.60,0.20,13.14,1.82,98.81,0.82,0.00,97.17,19.73,7.20,1.82,3.56,0.03,0.01,0.01,0.01,0.02,13.14,0.01,0.00,0.02,0.00,0.09,0.02,0.00,0.00,0.00,0.01,0.00,0.00,-4.05,4.31,-8.27,69.95,77.02,313.09,265.99,427.53,385.19,413.19,301.14,338.25,283.35,372.84,323.16,359.49,385.19,
108.214,0,0.10,0.16,0.02,0.40,0.02,0.56,0.21,11.68,1.88,98.89,0.76,0.00,97.06,20.19,8.17,1.88,3.96,0.02,0.01,0.01,0.01,0.02,11.68,0.01,0.00,0.03,0.00,0.08,0.01,0.00,0.00,0.00,0.02,0.00,0.00,-2.72,4.52,-8.67,70.34,76.47,312.66,265.60,427.53,385.63,412.91,300.86,338.50,283.22,372.76,322.42,358.88,385.63,
108.302,0,0.11,0.17,0.02,0.35,0.02,0.58,0.18,15.02,2.20,98.85,0.75,0.00,97.77,16.50,7.54,2.20,4.17,0.03,0.01,0.03,0.01,0.02,15.02,0.01,0.00,0.04,0.02,0.10,0.01,0.00,0.00,0.00,0.02,0.00,0.00,-2.79,3.09,-8.27,69.42,76.18,314.47,264.94,428.38,384.06,413.92,299.69,339.67,282.66,373.21,321.17,360.69,384.06,
108.513,0,0.12,0.18,0.02,0.20,0.02,0.37,0.09,7.43,0.97,99.26,0.36,0.00,97.67,7.43,3.36,0.97,1.38,0.02,0.00,0.00,0.00,0.03,13.89,0.10,0.00,0.10,0.03,0.04,0.01,0.00,0.00,0.00,0.07,0.00,0.00,5.86,3.32,-5.29,75.15,77.13,305.48,258.10,418.05,377.74,403.59,290.90,327.38,279.01,363.57,309.91,354.32,377.74,
108.704,0,0.12,0.18,0.02,0.17,0.02,0.49,0.08,4.05,0.16,99.02,0.54,0.00,98.67,4.05,3.63,0.16,0.66,0.03,0.00,0.00,0.00,0.01,22.86,0.18,0.00,0.05,0.40,0.00,0.00,0.00,0.00,0.00,0.05,0.00,0.00,3.64,0.47,-4.01,75.20,76.61,306.36,256.28,419.09,375.44,403.53,289.05,327.85,277.13,362.72,308.95,356.79,375.44,
108.847,0,0.12,0.19,0.02,0.14,0.02,0.26,0.06,1.45,0.76,99.48,0.33,0.00,97.95,1.45,0.99,0.04,0.10,0.25,0.06,0.76,0.07,0.00,12.62,0.27,0.00,0.00,0.00,0.00,0.00,0.00,0.06,0.00,0.00,0.00,0.00,20.22,2.67,0.80,75.88,68.50,306.11,236.47,417.60,357.68,396.10,267.86,327.84,262.12,362.81,281.22,361.63,357.68,
109.030,0,0.13,0.19,0.02,0.14,0.02,0.25,0.06,0.99,0.59,99.49,0.33,0.00,95.74,0.99,0.82,0.09,0.01,0.05,0.59,0.03,0.00,0.00,12.31,0.24,0.01,0.00,0.00,0.02,0.04,0.00,0.15,0.00,0.00,0.00,0.00,21.08,6.44,2.24,75.83,72.75,308.02,237.18,417.24,355.04,398.21,267.82,325.59,263.52,365.77,280.79,364.10,355.04,
109.095,0,0.12,0.18,0.02,0.14,0.02,0.21,0.06,1.28,0.31,99.57,0.33,0.00,97.19,1.28,2.01,0.08,0.00,0.05,0.31,0.02,0.00,0.00,9.10,0.14,0.01,0.00,0.00,0.03,0.05,0.00,0.04,0.00,0.00,0.00,0.00,23.28,4.28,2.48,75.52,72.55,309.54,237.87,417.07,354.07,398.69,268.37,326.26,264.31,365.17,279.80,364.98,354.07,
109.344,0,0.11,0.17,0.02,0.16,0.02,0.27,0.07,1.55,0.08,99.47,0.33,0.00,96.33,1.55,5.52,0.08,0.00,0.00,0.03,0.00,0.00,0.00,14.26,0.08,0.01,0.00,0.00,0.10,0.07,0.00,0.01,0.00,0.00,0.00,0.00,21.30,5.66,0.66,75.21,74.19,312.16,239.68,416.67,352.71,401.63,268.77,327.54,265.01,367.24,281.25,364.08,352.71,
109.413,0,0.11,0.17,0.02,0.16,0.02,0.34,0.07,2.90,0.02,99.31,0.38,0.00,95.06,2.90,4.31,0.02,0.00,0.00,0.02,0.00,0.00,0.00,17.57,0.02,0.00,0.00,0.00,0.06,0.01,0.00,0.01,0.00,0.00,0.00,0.00,19.61,7.21,0.42,75.26,74.02,314.35,241.21,416.51,351.45,402.69,269.26,328.75,265.88,369.19,282.59,364.85,351.45,
109.484,0,0.11,0.17,0.02,0.16,0.02,0.30,0.08,1.67,0.01,99.40,0.39,0.00,96.54,1.67,5.68,0.01,0.00,0.00,0.01,0.00,0.00,0.00,16.64,0.01,0.00,0.00,0.00,0.06,0.01,0.00,0.00,0.00,0.00,0.00,0.00,16.11,5.36,0.35,75.28,74.15,315.55,242.41,416.37,350.78,403.36,269.34,329.27,266.48,368.62,284.70,365.26,350.78,
109.562,0,0.11,0.17,0.02,0.16,0.02,0.34,0.07,1.34,0.01,99.32,0.46,0.00,96.29,1.34,5.47,0.00,0.00,0.00,0.01,0.00,0.00,0.00,19.20,0.01,0.00,0.00,0.00,0.05,0.00,0.00,0.00,0.00,0.00,0.00,0.00,16.15,5.72,1.84,75.35,73.93,317.43,244.06,416.88,350.65,403.61,269.90,329.69,268.84,369.94,285.75,368.17,350.65,
109.782,0,0.12,0.17,0.02,0.15,0.02,0.35,0.07,0.68,0.00,99.30,0.43,0.00,97.63,0.68,3.88,0.00,0.00,0.00,0.00,0.00,0.00,0.00,19.74,0.00,0.00,0.00,0.00,0.05,0.00,0.00,0.02,0.00,0.00,0.00,0.00,18.98,3.41,2.41,74.49,73.70,317.46,244.69,416.84,351.73,403.20,270.28,329.50,270.35,368.54,285.17,368.75,351.73,
109.848,0,0.12,0.18,0.02,0.15,0.02,0.28,0.07,1.49,0.01,99.45,0.33,0.00,98.05,1.49,3.20,0.00,0.00,0.01,0.01,0.00,0.00,0.00,14.37,0.00,0.00,0.00,0.00,0.09,0.00,0.00,0.02,0.00,0.00,0.00,0.00,19.80,2.41,1.74,74.47,75.09,316.79,245.55,416.34,352.80,403.70,271.70,328.61,271.03,367.42,285.80,367.39,352.80,
109.932,0,0.12,0.18,0.02,0.15,0.02,0.19,0.07,1.17,0.01,99.63,0.33,0.00,98.45,1.17,2.86,0.00,0.00,0.01,0.01,0.00,0.00,0.00,7.17,0.00,0.00,0.00,0.00,0.17,0.01,0.00,0.01,0.00,0.00,0.00,0.00,19.47,1.23,1.53,74.25,74.20,316.65,246.43,415.92,353.62,403.11,272.27,328.91,271.73,366.44,286.67,366.84,353.62,
110.007,0,0.12,0.18,0.02,0.15,0.02,0.20,0.07,1.25,0.01,99.60,0.33,0.00,98.53,1.25,2.85,0.00,0.00,0.00,0.01,0.01,0.00,0.00,8.19,0.00,0.00,0.00,0.00,0.29,0.01,0.00,16.97,0.00,0.00,0.00,0.00,19.28,0.99,1.36,74.81,72.91,316.08,248.32,414.63,354.87,401.64,273.94,328.73,273.26,365.38,288.31,365.70,354.87,
110.224,0,0.11,0.17,0.02,0.17,0.02,0.15,0.08,1.48,0.00,99.67,0.33,0.00,98.72,1.48,6.16,0.00,0.00,0.00,0.00,0.00,0.00,0.00,4.16,0.00,0.00,0.00,0.00,1.06,0.02,0.00,0.00,0.00,0.00,0.00,0.00,8.94,0.28,3.25,73.98,73.94,312.10,249.55,411.83,355.66,397.68,273.14,323.76,274.64,361.47,294.20,364.44,355.66,
110.439,0,0.09,0.14,0.02,0.26,0.02,0.16,0.13,3.65,0.00,99.49,0.33,0.00,98.62,6.15,14.12,0.00,0.06,0.01,0.00,0.00,0.00,0.00,3.65,0.00,0.00,0.00,0.00,1.09,0.03,0.00,0.00,0.00,0.01,0.00,0.00,-0.17,-0.66,1.37,73.03,73.88,306.84,257.54,405.36,361.36,392.87,279.54,319.01,281.29,355.15,305.04,356.43,361.36,
110.576,0,0.07,0.13,0.02,0.42,0.02,0.30,0.24,3.41,0.00,99.15,0.44,0.00,98.63,20.57,14.75,0.00,0.38,0.00,0.00,0.00,0.00,0.00,3.41,0.00,0.00,0.00,0.00,0.69,0.05,0.00,0.00,0.00,0.01,0.00,0.00,-1.12,0.62,2.29,70.79,74.25,304.77,260.36,404.62,365.91,391.10,282.17,316.88,284.24,354.45,308.81,356.10,365.91,
110.713,0,0.07,0.10,0.02,0.49,0.02,0.19,0.29,3.16,0.00,99.02,0.59,0.00,98.75,14.54,24.98,0.00,0.60,0.00,0.00,0.00,0.00,0.00,3.16,0.00,0.00,0.00,0.00,0.41,0.04,0.00,0.00,0.00,0.01,0.00,0.00,0.01,-0.13,2.66,70.59,72.39,303.50,258.54,406.51,368.24,390.30,280.79,317.94,283.07,354.31,308.08,356.77,368.24,
110.853,0,0.04,0.05,0.02,1.54,0.02,0.13,1.24,2.30,0.00,96.93,5.79,0.00,97.09,17.96,56.31,0.00,0.60,0.00,0.00,0.00,0.00,0.00,2.30,0.00,0.00,0.00,0.00,0.30,0.02,0.00,0.00,0.00,0.00,0.00,0.00,-0.11,-4.46,3.42,71.37,72.60,301.90,258.82,405.74,369.30,388.83,280.92,316.28,283.82,350.59,308.92,356.35,369.30,
110.920,0,0.03,0.05,0.02,1.85,0.02,0.16,1.57,2.02,0.00,96.30,5.97,0.00,97.57,23.14,56.99,0.00,0.47,0.00,0.00,0.00,0.00,0.00,2.02,0.00,0.00,0.00,0.00,0.25,0.01,0.00,0.00,0.00,0.00,0.00,0.00,1.32,-3.54,3.92,71.07,73.71,300.86,258.67,404.96,369.27,388.11,280.22,314.56,285.02,350.15,308.37,356.06,369.27,
111.095,0,0.02,0.04,0.01,3.90,0.02,0.28,3.97,1.55,0.00,92.06,9.57,0.00,98.71,39.31,63.84,0.00,0.38,0.00,0.00,0.00,0.00,0.00,1.55,0.00,0.00,0.00,0.00,0.44,0.01,0.00,0.00,0.00,0.00,0.00,0.00,2.66,-0.31,4.74,71.35,75.86,300.62,258.56,404.69,368.99,388.32,279.75,312.72,286.01,351.71,307.62,356.92,368.99,
111.249,0,0.03,0.06,0.01,2.26,0.02,0.42,2.00,1.94,0.00,95.48,2.37,0.00,98.23,41.03,45.11,0.00,0.42,0.01,0.00,0.00,0.00,0.00,1.94,0.01,0.00,0.00,0.00,0.55,0.00,0.00,0.00,0.00,0.00,0.00,0.00,0.69,1.91,5.14,71.49,75.38,302.08,258.77,405.41,368.32,388.92,279.44,313.81,285.83,354.11,308.15,358.50,368.32,
111.315,0,0.03,0.07,0.01,2.29,0.02,0.53,2.03,3.17,0.00,95.43,2.36,0.00,98.55,43.86,42.71,0.00,0.34,0.01,0.00,0.00,0.00,0.00,3.17,0.02,0.00,0.00,0.00,0.61,0.01,0.00,0.00,0.00,0.00,0.00,0.00,-0.05,0.91,5.10,71.06,74.26,303.06,258.54,406.03,367.77,389.24,279.11,315.23,285.15,354.32,308.08,359.16,367.77,
111.400,0,0.04,0.08,0.01,1.30,0.02,0.50,1.00,5.52,0.00,97.40,1.57,0.00,98.78,36.34,33.16,0.00,0.30,0.00,0.00,0.00,0.00,0.00,5.52,0.02,0.00,0.00,0.00,0.45,0.00,0.00,0.00,0.00,0.00,0.00,0.00,-0.68,-0.03,4.82,70.61,74.55,303.37,257.93,406.93,367.75,390.17,278.78,315.83,284.31,354.39,308.04,359.45,367.75,
111.612,0,0.06,0.11,0.02,0.54,0.02,0.28,0.33,5.46,0.00,98.93,0.62,0.00,98.71,19.49,23.43,0.00,0.16,0.00,0.00,0.00,0.00,0.00,5.46,0.01,0.00,0.00,0.00,0.32,0.01,0.00,0.00,0.00,0.00,0.00,0.00,3.09,0.30,4.13,70.96,75.80,303.74,258.34,406.65,367.72,391.24,280.07,315.58,284.73,354.66,306.66,358.77,367.72,
111.772,0,0.06,0.09,0.02,0.59,0.02,0.24,0.38,5.80,0.00,98.81,0.91,0.00,98.44,17.43,28.48,0.00,0.15,0.00,0.00,0.00,0.00,0.00,5.80,0.01,0.00,0.00,0.00,0.40,0.01,0.00,0.00,0.00,0.01,0.00,0.00,-0.38,1.26,4.53,71.05,73.94,304.12,258.42,406.90,367.42,390.42,279.45,316.64,284.38,355.53,307.98,359.48,367.42,
111.839,0,0.06,0.10,0.02,0.57,0.02,0.21,0.35,3.96,0.00,98.87,0.76,0.00,98.52,16.51,27.86,0.00,0.26,0.00,0.00,0.00,0.00,0.00,3.96,0.01,0.00,0.00,0.00,0.44,0.01,0.00,0.00,0.00,0.01,0.00,0.00,-0.08,1.02,4.70,71.04,73.48,304.32,258.24,407.00,367.27,390.25,279.07,316.96,284.33,355.53,307.64,359.79,367.27,
111.973,0,0.04,0.07,0.01,1.35,0.02,0.30,1.05,1.19,0.00,97.29,1.33,0.00,98.27,32.02,38.56,0.00,0.41,0.00,0.00,0.00,0.00,0.00,1.19,0.00,0.00,0.00,0.00,0.45,0.01,0.00,0.00,0.00,0.00,0.00,0.00,1.40,-1.79,4.75,71.09,74.43,304.58,257.93,408.13,367.91,391.40,279.27,317.14,284.37,354.55,307.29,360.53,367.91,
112.046,0,0.04,0.07,0.01,1.84,0.02,0.33,1.53,0.72,0.00,96.32,1.82,0.00,97.93,36.34,42.94,0.00,0.77,0.00,0.00,0.00,0.00,0.00,0.72,0.00,0.00,0.00,0.00,0.80,0.01,0.00,0.00,0.00,0.00,0.00,0.00,1.76,-2.71,4.76,71.25,73.55,304.04,257.69,407.93,368.22,390.62,279.16,317.23,284.07,353.67,307.09,360.10,368.22,
112.258,0,0.03,0.04,0.02,2.83,0.02,0.13,2.55,0.45,0.00,94.34,12.14,0.00,97.82,24.24,66.89,0.00,1.41,0.00,0.00,0.00,0.00,0.00,0.45,0.00,0.00,0.00,0.00,1.82,0.01,0.00,0.00,0.00,0.00,0.00,0.00,2.05,-2.99,4.76,71.25,73.88,303.33,257.42,407.38,368.13,390.15,278.95,316.44,283.91,352.87,306.79,359.49,368.13,
112.326,0,0.03,0.03,0.02,2.99,0.02,0.06,2.68,0.27,0.00,94.02,27.20,0.00,98.22,11.67,79.02,0.00,3.09,0.00,0.00,0.00,0.00,0.00,0.27,0.00,0.00,0.00,0.00,2.06,0.01,0.00,0.00,0.00,0.00,0.00,0.00,3.13,-1.96,5.18,71.70,74.03,302.62,257.24,407.77,368.99,389.82,279.51,315.93,284.08,353.29,306.67,359.84,368.99,
112.405,0,0.03,0.03,0.02,3.05,0.02,0.06,2.79,0.20,0.00,93.90,28.57,0.00,98.40,11.70,80.42,0.00,2.68,0.00,0.00,0.00,0.00,0.00,0.20,0.00,0.00,0.00,0.00,1.51,0.01,0.00,0.00,0.00,0.00,0.00,0.00,3.28,-1.42,5.06,71.74,74.08,302.61,257.06,407.78,368.83,389.92,279.49,315.96,283.83,353.61,306.42,359.71,368.83,
112.607,0,0.03,0.02,0.02,3.20,0.02,0.06,3.04,0.38,0.00,93.61,30.65,0.00,98.39,12.79,82.40,0.00,1.68,0.00,0.00,0.00,0.00,0.00,0.38,0.00,0.00,0.00,0.00,0.77,0.00,0.00,0.00,0.00,0.00,0.00,0.00,2.85,-1.42,4.92,71.80,73.94,302.62,257.07,407.82,368.92,389.95,279.43,316.14,283.72,353.64,306.61,359.57,368.92,
112.846,0,0.02,0.02,0.02,4.38,0.02,0.10,4.58,1.07,0.00,90.84,31.46,0.00,98.76,23.93,82.57,0.00,0.63,0.00,0.00,0.00,0.00,0.00,1.07,0.00,0.00,0.00,0.00,0.47,0.00,0.00,0.00,0.00,0.00,0.00,0.00,2.84,-0.12,4.60,71.83,73.53,302.83,257.19,407.70,368.80,389.98,279.62,316.56,283.56,354.47,306.53,359.26,368.80,
112.912,0,0.02,0.03,0.01,5.86,0.02,0.18,6.53,1.80,0.00,86.94,28.85,0.00,98.77,35.56,80.30,0.00,0.27,0.00,0.00,0.00,0.00,0.00,1.80,0.00,0.00,0.00,0.00,0.82,0.00,0.00,0.00,0.00,0.00,0.00,0.00,2.83,-0.09,4.42,71.84,73.11,302.93,257.25,407.66,368.83,389.92,279.64,316.91,283.47,354.54,306.52,359.07,368.83,
113.209,0,0.02,0.04,0.01,5.33,0.02,0.53,5.74,4.38,0.01,88.51,10.84,0.00,98.77,49.96,62.72,0.01,0.17,0.00,0.00,0.00,0.00,0.00,4.38,0.00,0.00,0.00,0.00,1.29,0.00,0.00,0.00,0.00,0.00,0.00,0.00,2.84,0.08,4.82,72.02,73.37,302.71,257.24,407.65,368.83,389.69,279.74,316.43,283.66,354.49,306.61,359.42,368.83,
113.279,0,0.02,0.04,0.01,7.69,0.02,0.78,9.07,4.61,0.01,81.86,13.30,-0.47,98.73,59.12,65.39,0.01,0.17,0.00,0.00,0.00,0.00,0.00,4.61,0.00,0.00,0.00,0.00,1.22,0.00,0.00,0.00,0.00,0.00,0.00,0.00,3.11,0.24,4.86,72.15,73.50,302.73,257.31,407.51,368.72,389.67,279.76,316.28,283.80,354.52,306.49,359.42,368.72,
113.357,0,0.02,0.04,0.01,6.44,0.02,0.57,7.32,6.33,0.01,85.37,17.53,0.00,98.74,51.18,67.74,0.01,0.14,0.00,0.00,0.00,0.00,0.00,6.33,0.00,0.00,0.00,0.00,1.01,0.00,0.00,0.00,0.00,0.01,0.00,0.00,3.87,-0.19,4.72,72.15,74.11,302.57,257.37,407.63,369.08,390.03,280.17,316.01,283.93,354.26,306.40,359.26,369.08,
113.572,0,0.03,0.04,0.02,2.38,0.02,0.17,2.13,7.06,0.01,95.24,16.31,0.00,98.78,22.09,65.93,0.01,0.07,0.00,0.00,0.00,0.00,0.00,7.06,0.00,0.00,0.00,0.00,0.83,0.00,0.00,0.00,0.00,0.00,0.00,0.00,3.82,0.02,4.54,72.04,74.08,302.64,257.39,407.47,368.89,390.07,280.22,316.08,283.80,354.34,306.33,359.01,368.89,
113.638,0,0.04,0.04,0.02,1.62,0.02,0.13,1.31,8.08,0.01,96.75,13.64,0.00,98.77,13.99,62.28,0.01,0.05,0.00,0.01,0.00,0.00,0.00,8.08,0.00,0.00,0.00,0.00,0.90,0.00,0.00,0.00,0.00,0.00,0.00,0.00,3.75,-0.07,4.56,72.01,73.71,302.57,257.31,407.52,368.95,389.88,280.17,316.25,283.66,354.28,306.32,359.00,368.95,
113.860,0,0.04,0.05,0.02,1.23,0.02,0.13,0.93,10.09,0.01,97.55,11.41,0.00,98.67,10.09,57.67,0.01,0.07,0.00,0.01,0.00,0.00,0.00,10.15,0.00,0.00,0.00,0.00,0.82,0.00,0.00,0.00,0.00,0.00,0.00,0.00,4.20,-0.46,4.44,72.02,73.89,302.58,257.34,407.53,369.07,390.05,280.29,316.24,283.72,354.07,306.20,358.88,369.07,
113.929,0,0.05,0.06,0.02,0.85,0.02,0.13,0.58,7.23,0.01,98.30,6.18,0.00,98.75,7.23,49.43,0.01,0.07,0.00,0.01,0.00,0.00,0.00,10.07,0.00,0.00,0.00,0.00,0.70,0.00,0.00,0.00,0.00,0.00,0.00,0.00,4.39,-0.14,4.46,72.06,73.79,302.66,257.32,407.45,368.88,389.98,280.29,316.28,283.68,354.25,306.02,358.90,368.88,
113.995,0,0.05,0.06,0.02,0.76,0.02,0.13,0.51,5.27,0.01,98.48,5.71,0.00,98.65,5.27,47.99,0.01,0.07,0.00,0.01,0.01,0.00,0.00,10.45,0.00,0.00,0.00,0.00,0.78,0.00,0.00,0.00,0.00,0.00,0.00,0.00,4.27,-0.55,4.49,72.13,73.71,302.63,257.30,407.50,368.88,389.95,280.34,316.31,283.61,354.03,306.09,358.93,368.88,
114.065,0,0.05,0.06,0.02,0.74,0.02,0.13,0.50,5.56,0.01,98.51,5.35,0.00,98.70,5.56,47.11,0.01,0.06,0.00,0.00,0.01,0.00,0.00,10.48,0.00,0.00,0.00,0.00,0.75,0.00,0.00,0.00,0.00,0.00,0.00,0.00,4.14,-0.35,4.57,72.18,73.86,302.54,257.28,407.50,368.96,389.92,280.22,316.15,283.69,354.09,306.16,358.98,368.96,
114.241,0,0.05,0.06,0.02,0.73,0.02,0.13,0.48,4.67,0.01,98.54,5.91,0.00,98.50,4.67,47.42,0.01,0.05,0.00,0.00,0.01,0.00,0.00,11.47,0.00,0.00,0.00,0.00,0.76,0.00,0.00,0.00,0.00,0.00,0.00,0.00,3.63,-1.09,4.24,72.25,73.68,302.52,257.38,407.28,368.89,389.92,280.28,316.31,283.49,353.55,306.38,358.47,368.89,
114.401,0,0.05,0.05,0.02,0.89,0.02,0.12,0.62,4.12,0.01,98.22,10.53,0.00,98.15,4.12,53.92,0.00,0.06,0.01,0.01,0.01,0.00,0.00,12.79,0.01,0.00,0.00,0.00,0.90,0.00,0.00,0.00,0.00,0.00,0.00,0.00,4.01,-2.14,3.98,72.16,73.58,302.30,257.34,407.25,369.19,389.91,280.42,316.39,283.35,352.83,306.29,358.03,369.19,
114.469,0,0.05,0.05,0.02,0.92,0.02,0.17,0.64,4.13,0.02,98.16,16.96,0.00,97.80,4.13,54.88,0.00,0.05,0.01,0.01,0.02,0.00,0.00,18.69,0.02,0.00,0.00,0.00,0.85,0.00,0.00,0.00,0.00,0.00,0.00,0.00,4.42,-3.02,3.83,72.18,73.20,301.94,257.36,406.98,369.53,389.51,280.42,316.37,283.36,352.02,306.20,357.51,369.53,
114.690,0,0.04,0.03,0.02,1.69,0.02,0.27,1.38,5.15,0.02,96.62,71.56,0.00,98.03,5.15,72.32,0.00,0.07,0.00,0.01,0.02,0.00,0.00,32.49,0.07,0.00,0.00,0.00,0.87,0.00,0.00,0.00,0.00,0.00,0.00,0.00,4.61,-2.46,3.93,72.24,72.71,301.46,257.06,406.49,369.31,388.72,280.05,316.07,283.11,351.87,305.80,357.12,369.31,
114.754,0,0.03,0.02,0.02,2.87,0.02,0.65,2.69,7.17,0.02,94.26,97.37,-4.78,97.92,7.17,86.60,0.01,0.10,0.01,0.00,0.02,0.00,0.00,51.69,0.11,0.00,0.00,0.00,0.75,0.00,0.00,0.00,0.00,0.00,0.00,0.00,4.46,-2.74,3.96,72.25,72.65,301.34,257.03,406.48,369.41,388.62,280.02,316.03,283.09,351.64,305.90,357.08,369.41,
114.819,0,0.03,0.02,0.02,2.62,0.02,0.63,2.40,5.92,0.02,94.76,97.04,-4.51,98.06,5.92,85.03,0.01,0.09,0.01,0.01,0.02,0.00,0.00,51.75,0.10,0.00,0.00,0.00,0.84,0.00,0.00,0.00,0.00,0.00,0.00,0.00,5.25,-2.38,4.06,72.36,73.04,301.37,257.08,406.47,369.42,388.75,280.17,315.78,283.33,351.84,305.61,357.22,369.42,
115.043,0,0.03,0.03,0.02,1.88,0.02,1.23,1.57,3.72,0.03,96.25,97.79,-8.09,98.01,3.72,76.91,0.01,0.07,0.01,0.01,0.03,0.00,0.00,63.61,0.08,0.00,0.00,0.00,0.99,0.00,0.00,0.00,0.00,0.00,0.00,0.00,4.53,-2.51,4.08,72.40,72.60,301.27,257.14,406.39,369.41,388.45,280.23,315.91,283.20,351.70,305.97,357.14,369.41,
115.109,0,0.04,0.03,0.02,1.51,0.02,1.30,1.20,3.21,0.03,96.98,96.31,-7.82,98.09,3.21,70.76,0.01,0.08,0.01,0.01,0.03,0.00,0.00,63.16,0.09,0.00,0.00,0.00,1.02,0.00,0.00,0.00,0.00,0.00,0.00,0.00,4.49,-2.30,4.18,72.37,72.58,301.41,257.12,406.42,369.23,388.45,280.15,315.94,283.21,351.89,305.91,357.34,369.23,
115.287,0,0.04,0.03,0.02,1.40,0.02,1.02,1.09,2.96,0.03,97.20,93.68,-6.04,98.04,2.96,68.73,0.01,0.08,0.01,0.01,0.03,0.00,0.00,58.15,0.09,0.00,0.00,0.00,1.05,0.00,0.00,0.00,0.00,0.00,0.00,0.00,4.75,-2.45,3.93,72.30,72.67,301.37,257.09,406.43,369.38,388.63,280.18,316.02,283.13,351.80,305.80,357.05,369.38,
115.354,0,0.04,0.04,0.02,1.15,0.02,1.11,0.85,2.01,0.03,97.70,91.44,-6.13,98.00,2.01,63.77,0.01,0.08,0.01,0.01,0.03,0.00,0.00,59.04,0.08,0.00,0.00,0.00,0.94,0.00,0.00,0.00,0.00,0.00,0.00,0.00,4.71,-2.55,3.87,72.25,72.45,301.39,257.19,406.35,369.38,388.53,280.30,316.14,283.13,351.72,305.86,356.93,369.38,
115.423,0,0.04,0.04,0.02,1.12,0.02,1.11,0.82,1.65,0.04,97.77,91.17,-6.07,97.95,1.65,63.27,0.01,0.07,0.01,0.01,0.04,0.00,0.00,59.11,0.08,0.00,0.00,0.00,0.83,0.00,0.00,0.00,0.00,0.00,0.00,0.00,4.70,-2.67,4.00,72.26,72.26,301.42,257.25,406.36,369.39,388.39,280.37,316.19,283.20,351.68,305.92,357.09,369.39,
115.562,0,0.04,0.04,0.02,1.21,0.02,1.11,0.91,1.52,0.03,97.58,93.20,-6.36,98.06,1.52,65.87,0.01,0.07,0.01,0.01,0.03,0.00,0.00,60.04,0.09,0.00,0.00,0.00,0.74,0.00,0.00,0.00,0.00,0.00,0.00,0.00,4.34,-2.39,4.02,72.24,72.38,301.45,257.15,406.46,369.30,388.50,280.23,316.17,283.09,351.89,306.00,357.18,369.30,
115.704,0,0.04,0.03,0.02,1.46,0.02,1.08,1.15,2.83,0.02,97.07,95.07,-6.60,98.22,2.83,70.30,0.01,0.07,0.01,0.00,0.02,0.00,0.00,59.87,0.09,0.00,0.00,0.00,0.84,0.00,0.00,0.00,0.00,0.00,0.00,0.00,4.66,-1.94,3.78,72.37,72.04,301.31,256.98,406.48,369.43,388.41,280.30,316.42,282.79,352.11,305.75,356.86,369.43,
115.770,0,0.04,0.04,0.02,1.18,0.02,0.54,0.87,3.50,0.03,97.63,74.45,-1.21,98.61,3.50,62.84,0.01,0.04,0.02,0.01,0.03,0.00,0.00,43.80,0.04,0.00,0.00,0.00,1.42,0.00,0.00,0.00,0.00,0.01,0.00,0.00,5.84,-0.71,4.03,72.45,75.13,301.39,256.60,405.90,368.05,389.46,279.62,314.42,283.15,352.51,304.61,357.04,368.05,
115.990,0,0.05,0.06,0.02,0.97,0.02,0.20,0.63,8.66,0.03,98.06,10.26,0.00,98.69,8.66,49.98,0.01,0.02,0.03,0.01,0.03,0.00,0.00,16.37,0.00,0.00,0.00,0.00,4.37,0.01,0.00,0.00,0.00,0.02,0.00,0.00,4.79,0.39,3.74,72.30,74.98,301.74,256.70,405.12,366.85,389.33,279.31,314.44,282.82,352.97,304.56,356.52,366.85,
116.057,0,0.05,0.05,0.02,0.98,0.02,0.13,0.65,9.02,0.03,98.05,6.17,0.00,98.78,9.02,50.35,0.01,0.02,0.02,0.01,0.03,0.00,0.00,9.11,0.00,0.00,0.00,0.00,3.43,0.01,0.00,0.01,0.00,0.01,0.00,0.00,3.78,-0.03,3.93,72.06,75.28,302.31,256.58,405.35,366.12,389.77,278.90,314.59,282.67,353.11,304.70,357.14,366.12,
116.206,0,0.09,0.12,0.03,0.35,0.02,0.13,0.17,1.35,0.11,99.29,0.52,0.00,98.77,6.89,20.19,0.01,0.01,0.07,0.01,0.11,0.00,0.00,1.35,0.00,0.00,0.00,0.00,6.29,0.01,0.00,67.66,0.01,0.01,0.00,0.00,6.17,-0.07,4.26,72.83,73.67,302.39,257.35,404.67,366.38,388.51,279.84,314.93,283.53,352.78,304.19,357.14,366.38,
116.415,0,0.39,0.18,0.02,0.18,0.03,0.22,0.08,5.37,0.02,99.22,37.57,-6.47,98.69,5.37,4.26,0.01,0.01,2.52,0.02,0.01,0.00,0.50,6.03,1.34,0.00,0.07,81.64,2.13,0.01,0.00,0.03,0.04,0.46,0.00,0.00,4.94,-0.39,3.65,72.08,72.65,301.33,256.14,405.87,368.01,388.46,279.09,315.87,282.08,352.71,304.48,356.48,368.01,
116.479,0,0.78,1.13,0.46,0.74,0.03,3.34,0.17,19.92,0.01,93.33,86.57,-36.36,98.74,19.92,6.37,0.01,0.23,3.31,0.01,0.01,0.00,68.34,13.33,96.60,0.00,63.95,93.32,1.99,0.01,0.04,0.01,0.15,18.36,0.00,0.00,7.35,-0.19,3.30,71.69,74.76,299.86,254.35,407.15,369.47,389.58,278.50,314.86,281.06,352.72,302.95,356.07,369.47,
116.561,0,0.70,2.80,0.38,0.93,0.04,42.71,0.21,27.69,0.01,32.29,93.66,-53.73,98.39,27.69,4.05,0.00,0.45,4.21,0.00,0.01,0.00,70.58,64.53,99.14,0.00,75.87,99.01,1.03,0.02,33.35,0.00,3.20,28.65,0.00,0.00,9.48,-1.43,3.25,72.04,75.41,299.19,254.27,407.14,370.53,389.59,278.62,314.25,281.55,351.63,302.30,355.65,370.53,
116.709,0,0.34,2.32,0.17,0.97,0.36,76.65,0.40,42.69,0.01,0.00,98.12,-44.52,98.51,42.69,2.12,0.00,2.72,6.84,0.00,0.01,0.00,47.20,89.39,99.87,0.01,84.61,99.74,0.45,0.08,99.59,0.00,20.92,38.90,0.00,0.00,10.69,-1.03,3.48,71.92,76.58,299.37,253.62,407.79,370.43,390.42,277.93,313.93,281.61,352.26,301.35,356.39,370.43,
116.857,0,0.25,34.74,0.10,2.12,0.52,85.46,1.12,63.33,0.02,0.00,99.64,-44.10,98.60,63.33,2.05,0.00,7.02,4.81,0.00,0.01,0.00,25.59,85.90,99.95,0.02,89.94,99.71,0.66,0.13,99.82,0.00,25.19,71.15,0.00,0.00,9.59,-0.74,3.27,71.71,72.65,300.74,254.17,407.02,368.73,388.96,278.36,316.36,280.77,352.81,301.38,356.32,368.73,
116.999,0,0.22,39.92,0.09,2.07,0.79,71.02,1.18,63.52,0.04,3.98,99.65,-34.84,98.14,63.52,2.14,0.00,7.69,3.59,0.00,0.00,0.00,46.36,72.34,99.89,0.04,95.77,98.88,1.16,0.48,100.00,0.00,29.55,76.33,0.00,0.00,9.44,-2.17,4.45,72.10,75.60,300.33,254.30,407.34,369.06,389.64,278.09,314.15,282.07,351.80,302.01,357.72,369.06,
117.075,0,0.16,11.50,0.06,1.49,3.81,38.23,1.32,62.53,0.02,36.77,99.62,-12.63,98.32,62.53,3.07,0.00,10.12,5.77,0.00,0.00,0.00,40.76,55.53,99.87,0.02,95.21,98.80,1.89,0.68,100.00,0.00,42.78,70.53,0.00,0.00,7.66,-1.66,3.69,72.25,74.30,299.77,254.93,406.58,369.39,388.82,279.07,314.56,281.63,351.51,303.23,356.12,369.39,
117.228,0,0.21,7.46,0.07,1.30,4.85,15.05,1.16,52.85,0.02,69.90,99.17,-3.12,98.78,52.85,4.42,0.00,14.96,3.12,0.00,0.00,0.00,41.74,43.44,99.83,0.02,93.89,97.95,6.04,1.07,100.00,0.00,46.39,68.91,0.00,0.00,11.34,0.04,3.46,72.19,76.36,299.54,253.81,406.94,369.54,389.98,278.15,313.69,281.56,352.57,300.79,356.05,369.54,
117.296,0,0.16,6.83,0.06,1.86,6.76,26.69,2.02,64.43,0.02,48.31,99.67,-4.28,98.68,64.43,5.93,0.00,15.24,5.39,0.00,0.00,0.00,40.96,48.46,99.82,0.02,92.77,98.41,6.20,1.28,100.00,0.00,48.39,69.77,0.00,0.00,9.31,-0.41,2.81,72.08,76.06,299.75,254.15,406.05,368.22,389.88,278.13,313.89,281.34,351.99,301.53,354.92,368.22,
117.376,0,0.15,6.01,0.06,2.21,8.19,25.04,2.55,69.17,0.01,49.96,99.77,-1.29,98.76,69.17,6.45,0.00,15.51,7.35,0.00,0.00,0.00,40.53,43.20,99.79,0.01,89.32,96.83,9.23,1.43,100.00,0.00,49.26,69.22,0.00,0.00,10.36,-0.13,3.24,72.67,75.56,300.20,255.02,405.98,368.67,389.59,279.33,314.07,281.93,352.34,301.73,355.60,368.67,
117.543,0,0.17,4.84,0.07,1.79,8.74,15.91,2.01,61.49,0.01,68.18,99.58,0.00,98.69,61.49,6.33,0.00,17.38,5.53,0.00,0.00,0.00,40.29,40.32,99.72,0.01,87.17,93.20,11.89,1.56,100.00,0.00,50.82,68.15,0.00,0.00,5.26,0.39,3.15,72.39,73.67,300.25,255.59,405.28,367.96,388.40,279.02,314.76,281.44,352.34,304.01,355.13,367.96,
117.622,0,0.23,5.52,0.09,1.38,6.23,10.63,1.41,54.33,0.01,78.74,99.26,0.00,98.66,54.33,5.75,0.00,15.13,5.95,0.00,0.00,0.00,38.37,35.30,99.51,0.01,79.93,94.67,15.10,2.94,99.99,0.00,47.33,66.86,0.00,0.00,7.74,0.50,3.12,72.24,74.20,300.22,254.49,406.33,368.28,389.19,278.73,315.02,280.78,352.92,302.39,355.63,368.28,
117.702,0,0.30,5.84,0.13,0.86,3.86,6.28,0.68,43.83,0.01,87.44,97.77,0.00,98.74,40.36,5.01,0.00,12.85,3.95,0.00,0.00,0.00,31.51,34.36,99.27,0.01,78.81,94.05,15.38,2.01,99.99,0.00,43.83,64.78,0.00,0.00,9.03,-0.21,3.47,72.63,75.57,300.46,254.98,406.15,368.27,389.67,279.01,314.15,281.83,352.50,302.21,356.10,368.27,
117.903,0,0.27,1.34,0.15,0.76,2.34,4.61,0.48,42.44,0.02,90.79,98.10,-0.35,98.66,42.44,2.09,0.00,4.76,3.92,0.00,0.01,0.00,12.23,22.86,98.74,0.02,82.33,94.03,16.53,2.46,99.98,0.00,39.23,46.54,0.00,0.00,9.45,0.51,3.19,71.95,75.25,300.43,253.89,406.86,368.24,390.02,278.19,314.81,280.75,353.28,301.23,356.11,368.24,
118.022,0,0.23,0.53,0.17,0.91,1.35,7.68,0.55,48.83,0.02,84.65,98.85,-6.66,98.79,48.83,1.95,0.00,1.22,3.01,0.00,0.00,0.00,0.00,24.89,98.90,0.02,76.01,87.42,18.75,3.33,99.98,0.00,34.69,34.53,0.00,0.00,8.75,0.01,2.77,72.13,75.85,300.92,254.68,405.39,366.73,390.07,278.49,314.26,281.00,352.51,301.46,355.14,366.73,
118.234,0,0.29,7.86,0.21,0.75,0.29,13.19,0.44,43.34,0.02,73.62,98.23,-23.08,98.66,43.34,2.75,0.00,0.59,2.53,0.00,0.00,0.00,0.00,32.74,98.59,0.02,55.92,83.77,8.60,3.01,99.96,0.00,21.03,51.15,0.00,0.00,8.66,-0.52,3.36,72.12,74.71,302.19,255.10,404.60,364.79,389.40,278.06,314.76,281.33,352.41,301.02,356.01,364.79,
118.304,0,0.37,10.77,0.25,0.43,0.17,10.65,0.26,31.65,0.01,78.45,95.58,-26.60,98.73,31.65,4.07,0.00,0.41,2.12,0.00,0.00,0.00,0.00,36.27,97.10,0.01,35.42,83.97,5.30,1.34,99.94,0.00,16.59,51.59,0.00,0.00,5.81,-0.22,3.28,72.11,72.67,302.42,255.85,404.38,364.90,388.48,278.50,315.86,281.28,352.63,302.66,355.86,364.90,
118.389,0,0.36,17.81,0.24,0.52,0.13,15.42,0.29,34.82,0.01,64.39,96.54,-31.72,98.72,34.82,3.73,0.00,0.33,1.38,0.00,0.00,0.00,0.00,40.18,97.20,0.01,39.31,84.62,3.53,1.14,99.94,0.00,14.38,55.45,0.00,0.00,5.94,-0.28,2.70,71.55,73.51,301.63,254.63,405.31,365.74,389.29,277.81,315.82,280.19,352.68,302.17,355.31,365.74,
118.456,0,0.42,13.25,0.26,0.60,0.08,23.49,0.28,34.51,0.01,53.02,96.45,-39.69,98.69,34.51,3.45,0.00,0.33,1.00,0.00,0.01,0.00,0.00,47.37,97.17,0.01,42.99,85.40,1.93,0.37,99.93,0.00,9.83,48.89,0.00,0.00,7.37,-0.38,3.19,71.35,75.94,301.75,253.81,405.87,365.15,390.50,276.90,314.65,280.43,352.91,301.02,356.27,365.15,
118.656,0,0.57,1.17,0.30,0.56,0.05,30.75,0.21,30.28,0.00,44.25,95.07,-47.62,98.57,30.28,1.93,0.00,0.25,0.84,0.00,0.00,0.00,0.00,55.37,96.84,0.00,44.88,95.01,0.74,0.14,99.89,0.00,6.38,22.01,0.00,0.00,8.40,-0.84,2.94,71.56,75.23,301.31,253.91,404.66,364.49,389.50,277.05,314.34,280.42,351.83,300.36,355.13,364.49,
118.763,0,0.62,1.66,0.31,0.49,0.04,33.44,0.19,29.17,0.01,41.56,94.57,-50.28,98.78,29.17,0.99,0.01,0.03,0.78,0.00,0.01,0.00,11.24,57.65,95.02,0.01,35.87,95.45,0.53,0.09,99.72,0.00,4.27,23.68,0.00,0.00,8.12,-0.05,3.15,71.33,75.25,300.76,253.96,403.79,363.98,388.65,276.70,313.51,280.82,351.58,300.38,354.67,363.98,
118.985,0,0.29,2.08,0.15,1.82,0.03,77.82,0.90,66.43,0.05,0.00,99.64,-58.90,98.72,66.43,0.67,0.05,0.01,1.37,0.01,0.02,0.00,6.06,62.63,90.91,0.01,38.39,83.96,0.41,0.04,97.00,0.00,2.38,24.38,0.00,0.00,6.19,0.28,2.13,71.34,74.17,300.08,254.79,402.69,364.04,387.82,277.65,313.73,280.91,350.95,301.78,352.60,364.04,
119.056,0,0.14,0.60,0.07,3.47,0.03,80.90,2.71,78.79,0.15,0.00,99.95,-54.92,98.74,93.27,0.72,0.15,0.00,0.94,0.01,0.01,0.00,1.70,47.35,78.79,0.01,19.20,70.96,0.48,0.06,94.50,0.00,1.82,12.12,0.00,0.00,5.83,0.19,2.26,71.53,74.14,299.79,255.06,402.40,364.07,387.44,277.60,313.40,281.60,350.60,302.21,352.45,364.07,
119.123,0,0.07,0.77,0.05,3.25,0.03,76.17,2.87,69.52,0.23,0.00,99.93,-43.67,98.66,94.41,1.02,0.23,0.00,0.32,0.01,0.00,0.00,1.47,44.11,69.52,0.01,8.34,30.84,0.82,0.07,89.16,0.00,1.30,14.18,0.00,0.00,5.89,0.52,2.90,71.87,73.40,300.45,255.88,402.51,364.76,387.10,278.26,313.79,281.91,351.15,302.70,353.56,364.76,
119.338,0,0.05,0.42,0.02,2.58,0.03,33.49,2.20,39.22,0.80,41.51,98.04,-24.90,98.76,84.83,3.98,0.80,0.02,0.16,0.00,0.00,0.00,0.13,28.16,39.22,0.01,1.73,8.94,2.86,0.15,57.18,0.00,0.87,8.80,0.00,0.00,5.20,0.13,2.62,72.09,73.39,300.47,255.64,402.78,364.75,387.41,278.20,314.09,281.38,351.08,302.86,353.37,364.75,
119.410,0,0.07,0.26,0.03,1.30,0.03,9.89,0.90,34.58,0.57,80.22,75.71,-17.23,98.79,59.20,7.84,0.57,0.04,0.16,0.00,0.00,0.00,0.00,24.15,34.58,0.01,2.31,11.85,3.95,0.21,48.28,0.00,0.77,4.96,0.00,0.00,5.28,0.01,2.57,72.18,73.59,300.50,255.61,402.81,364.69,387.57,278.20,314.05,281.36,351.04,302.80,353.35,364.69,
119.474,0,0.08,0.24,0.03,1.21,0.03,8.84,0.83,35.59,0.40,82.32,62.48,-17.05,98.76,56.18,8.72,0.40,0.04,0.16,0.00,0.00,0.00,0.00,24.43,35.59,0.01,2.03,12.81,4.21,0.25,43.51,0.00,0.71,4.37,0.00,0.00,5.15,-0.09,2.58,72.18,73.41,300.54,255.67,402.67,364.58,387.43,278.23,314.08,281.31,350.93,302.83,353.31,364.58,
119.545,0,0.08,0.24,0.04,1.10,0.03,5.61,0.72,34.42,0.24,88.79,37.45,-13.86,98.68,52.53,8.75,0.24,0.04,0.17,0.00,0.00,0.00,0.00,18.74,34.42,0.01,1.99,11.82,5.64,0.39,28.59,0.00,0.54,4.28,0.00,0.00,5.57,-0.43,2.51,72.18,73.66,300.47,255.58,402.73,364.64,387.59,278.26,313.99,281.31,350.73,302.65,353.22,364.64,
119.752,0,0.11,0.23,0.05,0.55,0.03,2.11,0.29,30.18,0.05,95.78,8.02,-6.44,98.71,32.80,6.54,0.05,0.07,0.21,0.00,0.00,0.00,0.22,17.34,30.18,0.01,0.99,6.21,7.92,0.46,19.81,0.00,0.56,3.62,0.00,0.00,5.43,-0.29,2.19,72.17,73.45,300.23,255.66,402.61,364.90,387.49,278.58,314.09,281.11,350.65,302.82,352.67,364.90,
119.977,0,0.17,0.20,0.07,0.27,0.03,1.12,0.11,12.99,0.20,97.77,1.77,-2.78,98.58,12.99,3.50,0.02,0.01,0.98,0.01,0.20,0.00,0.00,21.11,30.35,0.03,0.42,7.62,10.94,0.19,18.69,39.24,1.00,2.07,0.00,0.00,7.59,-0.81,2.58,72.89,74.30,300.20,256.11,401.72,364.75,387.24,279.24,312.97,281.44,349.86,302.04,352.67,364.75,
120.045,0,0.19,0.18,0.08,0.20,0.03,1.08,0.08,5.58,0.24,97.84,0.84,-1.85,98.46,5.58,2.32,0.02,0.00,0.92,0.07,0.24,0.01,0.00,27.55,27.58,0.05,0.28,5.59,11.60,0.14,17.70,10.86,1.34,0.69,0.00,0.00,7.97,-1.23,1.61,72.90,73.42,299.66,256.21,401.62,365.25,387.04,279.76,313.65,281.54,349.35,302.21,351.22,365.25,
120.186,0,0.22,0.18,0.08,0.19,0.03,1.55,0.07,4.59,0.11,96.91,1.40,-5.87,97.81,4.59,1.92,0.02,0.00,0.43,0.05,0.06,0.01,0.00,35.83,26.55,0.11,0.50,14.78,12.25,0.07,16.61,1.49,1.88,1.20,0.00,0.00,7.20,-3.00,1.75,72.48,74.20,299.25,256.07,401.46,365.34,387.09,279.69,312.91,281.17,348.00,302.50,351.07,365.34,
120.255,0,0.20,0.16,0.07,0.17,0.03,3.19,0.07,3.95,0.29,93.62,4.12,-8.72,97.17,3.95,1.02,0.06,0.01,0.54,0.08,0.12,0.03,0.00,50.22,26.82,0.29,0.41,9.06,11.52,0.08,21.92,0.43,2.49,0.31,0.00,0.00,8.05,-4.31,1.71,72.80,74.70,298.23,256.34,401.11,366.46,386.69,280.30,312.01,281.61,346.52,302.74,350.31,366.46,
120.321,0,0.19,0.18,0.06,0.18,0.03,2.21,0.07,3.70,0.28,95.58,2.84,-5.30,97.26,3.70,0.39,0.07,0.00,0.43,0.06,0.24,0.07,0.00,45.67,18.44,0.28,0.43,5.71,13.24,0.08,22.08,2.00,1.80,0.69,0.00,0.00,8.67,-4.16,1.58,72.76,75.45,297.45,256.20,401.16,366.94,386.77,280.20,311.35,282.31,346.22,302.79,349.80,366.94,
120.482,0,0.21,0.17,0.06,0.17,0.03,3.30,0.07,4.33,0.21,93.40,4.67,-10.53,96.52,4.33,0.21,0.08,0.01,0.57,0.07,0.14,0.33,0.00,51.47,21.88,0.21,0.28,15.50,9.75,0.10,25.15,0.97,1.66,0.12,0.00,0.00,8.43,-5.39,1.55,72.86,75.39,296.69,256.60,400.82,367.88,386.23,280.76,310.85,282.54,344.93,303.47,349.19,367.88,
120.549,0,0.20,0.18,0.07,0.16,0.03,2.56,0.06,3.41,0.17,94.89,2.67,-9.13,97.43,3.41,0.18,0.07,0.00,0.56,0.05,0.11,0.06,0.00,45.20,27.34,0.17,0.47,12.47,6.75,0.17,35.89,2.29,1.30,0.20,0.00,0.00,9.47,-3.82,1.68,73.24,75.39,295.78,257.03,399.56,368.08,385.04,281.19,309.68,283.10,344.78,303.30,348.29,368.08,
120.627,0,0.22,0.18,0.11,0.16,0.03,2.27,0.06,3.00,0.18,95.46,1.84,-9.11,96.72,3.00,0.24,0.07,0.00,0.30,0.04,0.11,0.02,0.00,38.94,39.69,0.18,0.63,8.28,7.36,0.17,40.83,3.73,1.09,0.00,0.00,0.00,8.95,-5.08,1.49,72.98,74.94,295.06,257.21,399.45,368.72,384.52,281.28,309.62,283.64,343.64,304.02,347.63,368.72,
120.868,0,0.18,0.18,0.07,0.16,0.03,0.69,0.06,2.39,0.24,98.62,4.23,0.00,96.29,2.39,0.19,0.04,0.00,0.33,0.03,0.24,0.12,0.00,22.01,23.92,0.14,0.43,2.09,7.64,0.30,52.11,2.40,0.68,0.00,0.00,0.00,10.51,-5.72,2.08,73.19,75.48,295.36,257.41,399.23,368.91,384.50,281.68,309.04,283.49,343.24,303.30,348.34,368.91,
120.939,0,0.18,0.19,0.05,0.16,0.03,0.72,0.06,1.98,0.20,98.56,2.83,0.00,96.73,1.98,0.15,0.04,0.00,0.19,0.04,0.20,0.08,0.00,25.35,17.16,0.16,0.25,2.29,8.67,0.23,47.34,2.92,0.46,0.00,0.00,0.00,8.57,-5.06,1.51,72.81,75.24,295.23,257.03,399.68,368.51,384.86,281.06,309.66,283.43,343.84,304.02,347.85,368.51,
121.003,0,0.19,0.19,0.07,0.16,0.03,0.76,0.06,2.13,0.28,98.47,3.46,0.00,96.80,2.13,0.17,0.06,0.00,0.21,0.05,0.28,0.07,0.00,23.94,24.19,0.24,0.30,2.83,9.39,0.21,49.77,1.91,0.39,0.04,0.00,0.00,9.94,-4.96,2.05,73.14,74.94,295.27,257.21,399.38,369.12,384.28,281.57,309.35,282.98,343.76,303.40,348.34,369.12,
121.070,0,0.22,0.19,0.10,0.17,0.03,0.98,0.06,2.14,0.39,98.04,3.21,-2.31,96.70,2.14,0.19,0.08,0.00,0.40,0.05,0.32,0.10,0.00,26.21,31.00,0.39,0.35,3.50,11.49,0.20,48.80,1.48,0.38,0.13,0.00,0.00,9.16,-5.11,1.74,73.06,75.14,295.18,257.04,399.46,368.96,384.56,281.49,309.43,282.67,343.67,303.63,347.98,368.96,
121.292,0,0.29,0.19,0.22,0.16,0.03,2.03,0.06,1.41,0.41,95.95,6.25,-11.37,97.06,1.41,0.20,0.07,0.00,0.42,0.04,0.15,0.05,0.00,31.30,58.23,0.41,0.48,9.40,9.60,0.24,46.93,0.89,0.40,0.31,0.00,0.00,9.65,-4.52,1.91,73.08,75.20,295.52,257.33,399.26,368.73,384.55,281.69,309.36,282.91,344.08,303.47,348.26,368.73,
121.360,0,0.22,0.19,0.11,0.16,0.03,1.33,0.06,1.27,0.34,97.35,1.66,-5.35,97.04,1.27,0.32,0.07,0.00,0.43,0.08,0.16,0.04,0.00,30.35,37.88,0.34,0.19,4.86,8.95,0.28,41.26,3.22,0.37,0.06,0.00,0.00,8.40,-4.55,1.45,72.71,75.02,295.54,257.01,399.50,368.04,384.85,281.08,309.86,283.02,344.22,303.81,347.85,368.04,
121.437,0,0.20,0.19,0.10,0.15,0.03,1.56,0.06,1.19,0.29,96.88,1.37,-5.91,97.47,1.19,0.32,0.07,0.00,0.46,0.08,0.29,0.03,0.00,34.08,36.25,0.29,0.16,3.21,5.93,0.24,38.91,7.02,0.37,0.05,0.00,0.00,8.48,-3.74,1.48,72.89,74.83,295.78,257.35,399.27,368.00,384.74,281.42,309.93,283.10,344.72,303.89,347.91,368.00,
121.694,0,0.23,0.19,0.18,0.14,0.03,1.87,0.06,0.57,0.56,96.26,5.33,-9.82,97.22,0.57,0.08,0.05,0.00,0.36,0.06,0.56,0.13,0.00,31.02,56.95,0.26,0.34,4.02,2.87,0.28,35.34,0.22,0.36,0.00,0.00,0.00,7.08,-4.24,1.34,72.71,74.53,295.89,256.96,399.50,367.70,384.85,281.06,310.32,282.20,344.61,304.07,347.91,367.70,
121.763,0,0.21,0.19,0.13,0.13,0.03,1.74,0.06,0.55,0.45,96.51,2.66,-8.36,97.66,0.55,0.15,0.05,0.00,0.32,0.04,0.45,0.04,0.00,32.76,47.98,0.16,0.34,4.07,2.00,0.18,33.35,0.02,0.33,0.06,0.00,0.00,8.00,-3.34,1.10,72.58,76.38,295.69,256.16,399.92,367.28,386.01,280.59,309.65,282.00,345.21,303.22,347.76,367.28,
121.831,0,0.23,0.19,0.21,0.13,0.03,3.10,0.06,0.60,0.38,93.81,8.96,-13.99,97.81,0.60,0.18,0.06,0.00,0.31,0.04,0.38,0.04,0.00,38.19,63.88,0.17,0.31,4.22,1.77,0.19,33.22,0.01,0.26,0.05,0.00,0.00,6.48,-2.99,0.93,72.63,75.03,295.03,256.26,399.56,367.76,384.92,280.59,309.90,281.73,344.96,304.04,347.06,367.76,
122.011,0,0.27,0.19,0.31,0.14,0.03,9.59,0.06,0.94,0.30,80.82,20.92,-23.60,97.36,0.94,0.35,0.08,0.01,0.33,0.03,0.30,0.06,0.00,56.27,75.85,0.25,0.25,6.57,1.55,0.21,49.74,0.01,0.21,0.11,0.00,0.00,6.13,-3.97,0.92,72.74,74.44,295.02,256.26,399.50,367.68,384.61,280.46,310.18,281.69,344.36,304.16,346.99,367.68,
122.077,0,0.26,0.19,0.38,0.16,0.02,13.44,0.07,5.30,0.37,73.11,41.67,-26.48,97.04,5.30,1.11,0.12,0.02,0.28,0.03,0.16,0.04,0.00,57.13,83.84,0.37,0.14,5.34,1.88,0.28,45.66,0.01,0.16,0.14,0.00,0.00,5.84,-4.55,0.85,72.57,73.16,295.11,256.13,399.70,367.80,384.16,280.26,311.01,281.44,344.22,304.19,347.05,367.80,
122.153,0,0.15,0.18,0.21,0.41,0.02,26.45,0.23,30.38,0.61,48.55,76.16,-29.38,97.13,30.38,3.66,0.18,0.05,0.26,0.03,0.09,0.04,0.00,54.65,77.41,0.61,0.08,2.96,2.29,0.36,45.32,0.01,0.14,0.33,0.00,0.00,4.84,-4.40,1.13,72.43,72.82,295.10,256.06,399.77,367.81,383.86,279.92,311.05,281.31,344.34,304.56,347.41,367.81,
122.218,0,0.13,0.18,0.18,0.59,0.02,37.29,0.36,39.77,0.95,37.71,87.27,-32.00,97.25,39.77,4.61,0.31,0.06,0.32,0.02,0.09,0.07,0.00,56.27,77.52,0.95,0.07,2.06,2.82,0.47,46.02,0.01,0.12,0.42,0.00,0.00,5.44,-4.17,0.93,72.34,72.94,295.07,255.99,399.90,367.91,384.07,280.02,311.14,281.37,344.52,304.32,347.23,367.91,
122.413,0,0.08,0.15,0.15,2.52,0.02,82.52,2.08,72.10,2.25,0.00,99.46,-46.73,97.67,72.10,14.49,0.64,0.18,0.19,0.01,0.14,0.06,0.00,67.72,86.08,2.25,0.11,6.87,5.14,0.77,44.28,0.00,0.08,0.89,0.00,0.00,5.01,-3.32,0.66,72.31,74.48,294.72,255.43,399.91,367.41,384.83,279.68,310.36,280.91,344.82,304.10,346.77,367.41,
122.547,0,0.11,0.13,0.22,1.99,0.02,75.93,1.53,58.10,1.98,0.00,98.78,-48.11,97.77,58.10,20.95,0.56,0.32,0.15,0.00,0.04,0.01,0.02,72.72,89.87,1.98,0.20,15.87,5.43,0.69,32.95,0.00,0.07,1.13,0.00,0.00,4.58,-3.10,0.77,72.45,74.60,295.09,255.81,399.85,367.21,384.98,279.85,310.39,281.27,345.09,304.47,347.05,367.21,
122.851,0,0.09,0.10,0.22,1.29,0.02,70.50,0.95,36.77,0.24,4.50,94.40,-45.13,98.09,36.77,31.40,0.11,0.05,0.13,0.00,0.03,0.00,0.00,91.72,82.41,0.24,0.13,4.23,2.45,0.19,12.30,0.01,0.05,1.50,0.00,0.00,5.91,-2.30,0.86,72.63,74.89,295.50,256.28,400.02,367.34,385.34,280.20,310.49,282.29,345.85,304.31,347.46,367.34,
123.097,0,0.12,0.17,0.13,0.57,0.02,61.29,0.36,31.69,0.24,13.71,89.89,-40.07,98.58,31.69,13.13,0.04,0.01,0.24,0.01,0.24,0.02,0.00,88.84,64.62,0.10,0.21,9.64,1.04,0.06,5.63,35.81,0.11,1.78,0.00,0.00,6.99,0.80,1.19,72.40,75.99,298.57,259.48,401.68,369.59,388.04,283.80,312.05,284.39,350.05,306.35,350.29,369.59,
123.173,0,0.13,0.21,0.04,0.23,0.02,16.42,0.11,14.03,0.08,67.17,44.70,-20.38,98.52,14.03,2.90,0.03,0.00,0.20,0.02,0.08,0.01,0.00,76.66,20.15,0.07,0.17,4.38,1.73,0.06,3.70,53.19,0.11,1.58,0.00,0.00,6.22,-0.99,0.68,72.56,73.96,299.41,260.59,400.80,368.63,387.32,284.51,313.36,285.01,349.00,307.01,349.64,368.63,
123.238,0,0.12,0.20,0.03,0.21,0.02,9.98,0.10,11.67,0.06,80.04,27.73,-15.57,98.64,11.67,2.72,0.03,0.00,0.20,0.02,0.05,0.00,0.00,69.74,14.70,0.06,0.18,1.75,2.40,0.06,2.97,52.12,0.12,1.03,0.00,0.00,5.25,-0.57,0.56,72.54,74.04,300.53,261.18,401.02,368.17,388.09,285.06,314.05,284.95,349.91,307.55,350.17,368.17,
123.305,0,0.12,0.20,0.03,0.22,0.02,7.69,0.10,12.09,0.09,84.61,20.89,-13.33,98.78,12.09,2.34,0.03,0.00,0.33,0.03,0.09,0.00,0.09,64.67,12.49,0.04,0.20,1.60,2.43,0.05,2.25,63.74,0.14,1.14,0.00,0.00,5.01,-0.01,0.90,72.23,74.17,302.08,261.37,401.97,367.81,389.21,285.05,315.04,284.87,351.48,307.53,351.83,367.81,
123.393,0,0.13,0.20,0.03,0.19,0.03,3.24,0.09,9.35,0.07,93.51,6.24,-8.08,98.46,9.35,1.51,0.03,0.00,0.73,0.02,0.07,0.00,0.23,50.27,10.68,0.04,0.28,6.27,2.12,0.04,2.77,65.34,0.25,1.09,0.00,0.00,4.36,1.21,0.93,71.97,74.14,303.27,261.44,402.56,366.93,390.05,284.72,315.92,285.12,353.09,307.58,352.77,366.93,
123.616,0,0.17,0.25,0.04,0.22,0.03,3.45,0.11,15.40,0.04,93.10,5.80,-13.27,97.77,15.40,1.04,0.02,0.00,0.76,0.03,0.04,0.00,3.19,43.25,19.33,0.02,0.78,25.01,1.10,0.03,2.33,68.12,0.28,2.77,0.00,0.00,4.26,3.09,0.96,72.23,73.66,304.79,262.31,403.68,367.43,391.09,285.93,317.44,285.38,355.51,308.28,354.17,367.43,
123.763,0,0.10,0.26,0.02,0.36,0.03,10.72,0.20,29.92,0.08,78.56,34.22,-16.80,98.43,29.92,1.34,0.03,0.00,1.09,0.04,0.08,0.00,2.62,55.28,15.18,0.02,0.47,13.35,0.37,0.02,2.74,78.14,0.44,3.57,0.00,0.00,3.99,1.30,0.64,71.88,74.02,305.31,261.96,404.39,367.33,392.09,285.64,318.08,284.90,355.09,308.12,354.39,367.33,
123.832,0,0.10,0.27,0.02,0.36,0.03,17.97,0.20,30.16,0.08,64.06,56.05,-20.07,98.41,30.16,1.31,0.02,0.00,1.22,0.05,0.08,0.00,2.84,66.20,15.73,0.02,0.44,11.24,0.22,0.02,3.69,74.79,0.54,3.82,0.00,0.00,4.04,1.38,0.80,71.88,74.13,305.48,261.98,404.47,367.18,392.18,285.64,318.06,284.98,355.26,308.09,354.69,367.18,
123.923,0,0.09,0.28,0.03,0.44,0.03,40.26,0.26,36.20,0.12,34.74,85.33,-27.45,97.94,36.20,1.33,0.04,0.00,1.24,0.06,0.12,0.00,3.61,79.04,24.53,0.02,0.38,8.38,0.17,0.01,2.79,67.83,0.38,4.09,0.00,0.00,3.36,2.69,0.81,71.38,75.16,306.07,261.29,405.18,366.19,393.32,285.30,318.17,284.14,356.70,307.73,355.39,366.19,
124.004,0,0.09,0.28,0.03,0.42,0.03,31.97,0.25,34.86,0.14,43.03,79.71,-24.11,98.33,34.86,1.40,0.05,0.00,0.95,0.06,0.14,0.00,2.60,75.50,18.64,0.02,0.28,5.66,0.19,0.01,2.24,66.81,0.36,4.17,0.00,0.00,4.60,1.61,1.08,71.65,74.18,305.68,261.48,405.69,367.81,392.76,285.44,318.57,284.83,356.09,307.86,355.73,367.81,
124.152,0,0.10,0.31,0.03,0.44,0.03,33.01,0.26,35.91,0.10,41.99,80.61,-26.39,98.28,35.91,1.27,0.08,0.00,0.83,0.07,0.10,0.00,1.37,75.16,19.47,0.02,0.18,13.90,0.20,0.01,1.74,51.63,0.34,4.90,0.00,0.00,4.05,1.78,1.04,71.71,73.98,305.65,261.43,405.91,367.90,392.76,285.63,318.79,284.59,356.29,308.14,355.78,367.90,
124.297,0,0.09,0.34,0.02,0.69,0.03,40.99,0.46,49.90,0.09,34.01,89.44,-29.64,98.20,49.90,1.21,0.09,0.00,0.74,0.07,0.09,0.00,0.44,70.03,18.66,0.01,0.17,22.19,0.17,0.01,1.54,57.52,0.30,5.74,0.00,0.00,3.85,2.00,1.04,71.83,73.97,305.63,261.47,405.90,367.87,392.74,285.72,318.78,284.56,356.40,308.25,355.78,367.87,
124.458,0,0.07,0.35,0.02,0.96,0.03,31.89,0.70,53.61,0.08,43.11,82.42,-25.83,97.98,58.95,2.01,0.08,0.00,0.72,0.04,0.03,0.00,0.34,53.61,23.37,0.01,0.13,16.50,0.15,0.02,1.12,62.03,0.29,6.19,0.00,0.00,4.11,2.59,0.95,71.94,73.76,306.08,261.61,406.04,367.82,392.98,285.69,319.23,284.70,357.04,308.15,355.97,367.82,
124.524,0,0.07,0.35,0.02,0.93,0.03,35.04,0.67,57.15,0.07,39.96,85.30,-25.76,98.24,58.06,1.82,0.07,0.00,0.75,0.04,0.06,0.00,0.23,57.15,22.76,0.01,0.17,12.21,0.13,0.02,1.10,77.38,0.24,6.28,0.00,0.00,4.91,1.90,0.74,71.64,74.36,306.94,261.33,406.87,367.51,394.25,285.70,319.90,284.40,357.50,307.56,356.57,367.51,
124.677,0,0.05,0.35,0.02,1.31,0.03,58.39,1.03,64.76,0.10,16.61,96.19,-30.20,98.38,68.75,1.56,0.10,0.00,0.70,0.03,0.06,0.00,0.12,64.76,26.17,0.02,0.19,5.61,0.12,0.01,1.09,77.73,0.20,6.22,0.00,0.00,4.60,1.47,0.46,71.56,74.02,307.29,261.71,406.56,367.24,394.26,285.91,320.26,284.49,357.28,307.75,356.27,367.24,
124.756,0,0.05,0.33,0.02,1.47,0.03,60.28,1.18,64.65,0.09,14.72,97.07,-30.73,98.43,72.26,1.56,0.09,0.00,0.58,0.03,0.05,0.00,0.14,64.65,22.23,0.01,0.18,8.30,0.13,0.01,0.92,68.18,0.19,5.59,0.00,0.00,4.78,1.32,0.17,71.43,74.20,306.51,261.30,406.89,368.21,394.30,285.52,320.10,284.45,356.98,307.77,355.69,368.21,
124.836,0,0.05,0.33,0.01,1.86,0.03,66.05,1.59,64.77,0.11,8.95,98.34,-32.59,98.40,79.38,1.61,0.11,0.00,0.55,0.05,0.04,0.00,0.26,64.77,17.93,0.01,0.13,13.24,0.16,0.01,0.76,65.96,0.18,5.50,0.00,0.00,4.78,1.39,0.60,71.68,73.49,306.77,261.79,406.75,368.26,393.75,286.00,320.27,284.80,357.05,308.08,356.25,368.26,
124.969,0,0.05,0.34,0.01,1.77,0.03,72.87,1.49,72.16,0.16,2.13,98.92,-34.62,98.15,77.38,1.97,0.16,0.00,0.83,0.05,0.09,0.00,0.65,72.16,18.99,0.02,0.14,12.21,0.15,0.01,0.59,73.82,0.16,5.80,0.00,0.00,5.48,2.15,0.00,71.52,74.38,307.34,261.69,406.67,367.46,394.78,286.15,320.42,284.39,357.79,307.42,355.82,367.46,
125.188,0,0.06,0.28,0.02,1.68,0.03,67.28,1.40,66.61,0.13,7.72,98.11,-34.78,98.42,75.90,1.91,0.13,0.00,1.25,0.05,0.05,0.00,0.48,66.61,24.04,0.01,0.17,18.89,0.15,0.01,0.42,91.11,0.20,4.03,0.00,0.00,4.28,1.35,0.59,72.12,73.31,306.99,261.85,406.32,367.56,393.57,285.80,320.26,284.68,356.93,308.02,356.13,367.56,
125.266,0,0.07,0.23,0.01,0.70,0.03,25.99,0.47,50.39,0.17,49.01,79.47,-20.70,98.41,50.39,0.85,0.14,0.00,1.27,0.17,0.11,0.00,0.00,59.79,9.21,0.02,0.08,8.16,0.17,0.02,0.29,62.55,0.24,2.20,0.00,0.00,4.19,1.38,0.46,71.86,72.99,307.05,261.20,406.96,367.67,393.82,285.22,320.85,284.06,357.30,307.67,356.35,367.67,
125.419,0,0.07,0.23,0.02,0.46,0.03,15.41,0.28,38.08,0.31,69.19,57.16,-16.11,98.38,38.08,0.68,0.10,0.00,0.28,0.20,0.31,0.00,0.00,58.84,6.99,0.01,0.10,1.70,0.21,0.02,0.19,32.34,0.22,1.90,0.00,0.00,4.68,1.45,0.67,71.40,75.29,305.52,259.33,408.71,369.25,394.97,284.28,319.69,283.04,357.45,307.14,356.67,369.25,
125.570,0,0.11,0.19,0.02,0.17,0.02,1.88,0.08,7.42,0.09,96.25,3.25,-3.04,98.67,7.42,1.86,0.06,0.01,0.07,0.08,0.09,0.00,0.00,43.67,4.44,0.00,0.11,0.44,0.34,0.03,0.12,0.06,0.15,0.62,0.00,0.00,3.25,0.47,1.45,71.42,73.58,305.21,259.54,408.15,369.07,393.25,283.88,319.68,283.30,356.39,307.79,357.12,369.07,
125.640,0,0.11,0.18,0.03,0.20,0.02,2.28,0.10,9.55,0.07,95.44,4.47,-4.78,98.61,9.55,4.31,0.04,0.02,0.12,0.05,0.07,0.00,0.00,45.67,6.43,0.00,0.11,1.02,0.43,0.04,0.11,0.03,0.14,0.62,0.00,0.00,2.53,0.68,1.52,70.70,74.11,305.39,258.52,409.02,368.66,393.99,282.93,319.88,282.38,357.03,307.38,357.73,368.66,
125.726,0,0.11,0.15,0.03,0.25,0.02,2.59,0.13,8.19,0.05,94.82,7.14,-7.58,98.57,8.19,12.31,0.03,0.12,0.33,0.02,0.05,0.00,0.00,49.10,14.07,0.00,0.12,2.28,0.56,0.05,0.15,0.01,0.14,0.45,0.00,0.00,3.74,0.85,1.67,70.49,75.65,305.58,257.90,409.51,368.18,395.01,282.77,319.36,282.07,357.47,306.44,358.26,368.18,
125.936,0,0.13,0.14,0.12,0.45,0.03,21.73,0.27,22.60,0.02,56.53,40.58,-28.41,98.53,22.60,14.67,0.01,0.53,0.53,0.01,0.02,0.01,0.00,65.99,59.58,0.00,0.36,8.34,0.32,0.06,0.40,0.00,0.13,0.67,0.00,0.00,4.26,0.96,1.33,70.16,75.21,305.54,257.15,409.26,367.52,394.85,281.89,319.64,281.26,357.41,305.38,357.72,367.52,
126.019,0,0.12,0.14,0.14,0.65,0.03,35.44,0.42,32.85,0.02,39.56,66.62,-33.44,98.46,32.85,15.26,0.01,0.53,0.50,0.00,0.02,0.00,0.00,67.06,69.08,0.01,0.66,8.95,0.24,0.06,0.61,0.01,0.15,0.56,0.00,0.00,4.69,1.20,1.22,70.33,75.09,305.19,257.17,409.11,367.84,394.60,282.09,319.51,281.27,357.31,305.31,357.35,367.84,
126.097,0,0.10,0.16,0.07,0.52,0.03,31.35,0.33,32.12,0.11,43.65,68.31,-27.77,98.21,32.12,10.30,0.01,0.10,0.53,0.02,0.11,0.01,0.00,70.77,45.67,0.01,0.19,2.95,0.39,0.06,0.68,14.81,0.20,0.64,0.00,0.00,6.57,1.98,0.94,71.24,76.51,305.71,258.49,409.16,368.48,395.73,284.19,319.24,282.48,358.08,305.72,357.32,368.48,
126.250,0,0.11,0.18,0.05,0.25,0.03,17.19,0.13,17.13,0.40,65.61,43.08,-19.86,98.77,17.13,3.65,0.02,0.03,1.56,0.08,0.40,0.02,0.00,72.74,27.63,0.02,0.10,0.66,0.31,0.04,1.12,0.75,0.33,0.37,0.00,0.00,5.34,0.08,1.16,70.69,75.30,306.02,258.05,409.51,368.24,395.36,283.07,320.07,282.10,357.25,305.74,357.86,368.24,
126.316,0,0.13,0.18,0.05,0.21,0.03,15.34,0.10,12.81,0.17,69.32,37.07,-19.25,98.76,12.81,2.50,0.01,0.01,1.10,0.14,0.17,0.01,0.00,73.94,26.27,0.01,0.05,1.24,0.36,0.04,1.06,0.00,0.30,0.39,0.00,0.00,4.81,0.12,1.45,70.55,74.82,305.74,257.85,409.56,368.37,394.84,282.76,320.03,282.00,357.15,305.91,358.09,368.37,
126.387,0,0.15,0.19,0.08,0.18,0.03,17.71,0.09,9.31,0.07,64.59,32.56,-22.49,98.63,9.31,1.52,0.01,0.02,0.62,0.04,0.07,0.00,0.00,74.96,40.55,0.01,0.19,2.35,0.32,0.04,1.07,0.00,0.31,0.29,0.00,0.00,5.04,0.62,0.90,70.13,75.18,305.52,257.37,408.93,367.72,394.91,282.00,319.73,281.44,357.05,305.13,357.03,367.72,
126.608,0,0.15,0.19,0.09,0.19,0.03,19.96,0.09,10.14,0.02,60.07,37.00,-24.02,98.40,10.14,2.62,0.01,0.02,0.18,0.01,0.02,0.00,0.00,76.57,43.12,0.01,0.35,2.55,0.36,0.04,0.89,0.00,0.33,0.47,0.00,0.00,3.98,1.42,0.90,70.39,74.67,305.13,257.69,408.18,367.58,394.08,282.06,319.41,281.54,356.96,305.70,356.49,367.58,
126.750,0,0.08,0.12,0.04,0.54,0.03,14.08,0.34,19.86,0.03,71.84,58.54,-20.59,98.48,19.86,23.82,0.01,0.12,0.18,0.00,0.03,0.00,0.00,73.81,23.57,0.00,0.05,1.25,0.37,0.03,0.68,0.00,0.27,1.00,0.00,0.00,1.99,1.14,1.18,70.85,73.88,305.08,258.38,407.88,367.75,393.34,282.35,319.47,282.00,356.60,307.05,356.63,367.75,
126.915,0,0.04,0.06,0.02,2.01,0.02,8.42,1.75,32.38,0.02,83.17,86.14,-17.45,98.62,32.38,50.56,0.00,0.32,0.14,0.00,0.02,0.00,0.00,65.51,9.51,0.00,0.02,0.80,0.32,0.02,0.35,0.00,0.13,1.30,0.00,0.00,2.62,0.64,1.09,70.95,73.66,305.02,258.18,407.90,367.76,393.27,282.26,319.61,281.82,356.29,306.63,356.49,367.76,
126.999,0,0.04,0.06,0.02,1.96,0.02,4.59,1.68,30.03,0.02,90.83,76.27,-13.52,98.57,30.03,51.99,0.00,0.35,0.14,0.00,0.02,0.00,0.00,55.87,9.25,0.00,0.02,0.66,0.41,0.03,0.23,0.00,0.12,1.31,0.00,0.00,3.20,0.85,0.88,71.01,73.36,304.81,257.98,408.03,368.10,393.20,282.27,319.85,281.61,356.39,306.36,356.22,368.10,
127.068,0,0.04,0.06,0.02,1.36,0.02,1.37,1.07,21.47,0.03,97.26,44.78,-4.95,98.59,21.47,49.51,0.00,0.25,0.15,0.01,0.03,0.00,0.00,41.22,2.99,0.00,0.01,0.08,0.65,0.03,0.15,0.01,0.11,0.76,0.00,0.00,3.96,0.76,1.25,71.17,73.22,304.92,257.95,408.03,368.02,392.98,282.15,319.76,281.86,356.37,305.98,356.69,368.02,
127.147,0,0.04,0.06,0.02,1.30,0.02,0.47,0.99,18.94,0.55,97.40,9.09,0.00,98.78,23.55,45.75,0.01,0.11,0.26,0.07,0.55,0.01,0.00,18.94,0.94,0.00,0.00,0.00,1.77,0.05,0.01,3.23,0.08,0.21,0.00,0.00,6.17,0.03,1.71,71.12,73.11,304.96,257.61,408.06,367.75,392.70,282.19,319.60,281.91,355.95,304.79,357.23,367.75,
127.226,0,0.03,0.04,0.02,1.99,0.02,0.42,1.75,20.47,2.90,96.02,23.78,0.00,98.57,24.79,58.37,0.01,0.09,0.18,0.26,2.90,0.23,0.00,20.47,0.25,0.01,0.00,0.00,2.18,0.05,0.00,0.00,0.05,0.04,0.00,0.00,5.20,-0.84,1.36,70.74,72.81,304.65,257.57,407.93,367.96,392.54,282.05,319.74,281.61,355.25,305.20,356.60,367.96,
127.391,0,0.02,0.03,0.02,5.08,0.02,0.36,5.00,13.06,1.17,89.83,37.70,0.00,98.75,35.16,74.02,0.01,0.11,0.05,1.17,0.24,0.02,0.00,13.06,0.02,0.01,0.00,0.00,5.02,0.06,0.00,0.00,0.02,0.00,0.00,0.00,4.66,-0.15,1.72,71.05,72.68,303.90,257.65,407.10,367.91,391.48,281.73,318.80,281.89,354.85,305.46,356.23,367.91,
127.479,0,0.02,0.02,0.02,11.99,0.02,0.27,13.11,7.88,0.07,73.79,65.22,0.00,98.68,41.78,91.93,0.02,0.82,0.02,0.03,0.07,0.01,0.00,7.88,0.00,0.01,0.00,0.00,9.23,0.07,0.00,0.00,0.01,0.01,0.00,0.00,3.40,-0.44,1.72,71.18,72.36,303.87,257.64,406.96,367.53,391.24,281.78,318.88,281.53,354.59,305.89,356.12,367.53,
127.548,0,0.02,0.02,0.02,14.05,0.02,0.27,13.89,5.43,0.03,71.90,74.22,0.00,98.75,44.37,90.94,0.02,0.85,0.01,0.03,0.02,0.00,0.00,5.43,0.00,0.01,0.00,0.00,15.55,0.05,0.00,0.00,0.00,0.02,0.00,0.00,3.66,0.16,1.99,71.46,72.83,303.43,257.86,406.14,367.40,390.68,281.53,317.86,282.09,354.29,305.84,355.82,367.40,
127.622,0,0.02,0.02,0.02,14.83,0.02,0.25,13.69,3.14,0.02,70.34,78.81,0.00,98.67,44.89,90.24,0.02,0.63,0.01,0.02,0.02,0.00,0.00,3.14,0.00,0.00,0.00,0.00,19.44,0.05,0.00,0.00,0.00,0.01,0.00,0.00,4.19,-0.45,1.53,70.71,72.90,304.03,257.00,406.79,366.67,391.61,281.08,318.71,280.97,354.59,304.79,355.91,366.67,
127.707,0,0.02,0.02,0.02,16.14,0.02,0.32,16.79,3.36,0.02,66.43,72.89,0.00,98.64,50.18,90.81,0.02,0.55,0.01,0.01,0.01,0.00,0.00,3.36,0.00,0.00,0.00,0.00,14.83,0.04,0.00,0.00,0.00,0.01,0.00,0.00,4.67,-0.59,1.14,70.67,73.44,303.26,256.62,405.93,366.33,391.29,280.72,317.84,280.57,353.71,304.18,354.66,366.33,
127.889,0,0.01,0.02,0.01,18.53,0.02,0.39,21.99,2.51,0.01,56.02,67.17,0.00,98.58,56.45,92.46,0.01,0.67,0.01,0.00,0.00,0.00,0.00,2.51,0.00,0.00,0.00,0.00,9.78,0.03,0.00,0.00,0.00,0.03,0.00,0.00,3.71,0.79,1.41,70.63,73.83,303.15,256.39,405.54,365.55,391.06,280.25,317.23,280.36,354.25,304.19,354.75,365.55,
128.020,0,0.02,0.02,0.02,10.69,0.02,0.17,12.13,1.64,0.01,75.74,61.29,0.00,98.74,38.65,92.91,0.01,0.89,0.01,0.00,0.00,0.00,0.00,1.64,0.00,0.00,0.00,0.00,6.14,0.03,0.00,0.00,0.00,0.04,0.00,0.00,4.20,0.18,1.97,70.99,73.18,302.96,257.05,404.97,365.77,390.04,280.72,316.86,281.23,353.48,304.50,354.98,365.77,
128.253,0,0.02,0.02,0.02,6.33,0.02,0.10,6.99,1.26,0.00,86.01,46.06,0.00,98.74,27.34,89.51,0.00,1.01,0.00,0.00,0.00,0.00,0.00,1.26,0.00,0.00,0.00,0.00,1.86,0.04,0.00,0.00,0.00,0.02,0.00,0.00,3.88,0.21,2.24,71.54,73.02,301.89,257.61,404.31,366.70,388.94,281.27,315.93,281.92,352.62,305.37,354.42,366.70,
128.330,0,0.02,0.02,0.02,4.33,0.02,0.08,4.37,1.29,0.00,91.25,35.48,0.00,98.68,20.70,84.24,0.00,0.99,0.00,0.00,0.00,0.00,0.00,1.29,0.00,0.00,0.00,0.00,1.65,0.04,0.00,0.00,0.00,0.02,0.00,0.00,3.50,0.45,2.10,71.46,73.19,301.85,257.57,404.34,366.73,389.10,281.20,315.92,281.82,352.76,305.51,354.26,366.73,
128.553,0,0.03,0.02,0.02,3.74,0.02,0.06,3.62,0.89,0.01,92.53,38.20,0.00,98.77,15.42,85.32,0.00,0.48,0.00,0.00,0.01,0.00,0.00,0.89,0.00,0.00,0.00,0.00,2.02,0.03,0.00,0.00,0.00,0.02,0.00,0.00,3.34,-0.06,1.80,71.51,73.38,301.95,257.89,404.02,366.69,389.26,281.29,315.89,282.01,352.37,305.69,353.81,366.69,
128.625,0,0.02,0.02,0.02,3.88,0.02,0.06,3.78,0.95,0.00,92.23,43.30,0.00,98.73,14.48,87.57,0.00,0.21,0.00,0.00,0.00,0.00,0.00,0.95,0.00,0.00,0.00,0.00,2.41,0.03,0.00,0.00,0.00,0.02,0.00,0.00,3.10,-0.22,1.69,71.50,73.53,302.04,257.81,404.11,366.55,389.49,281.33,315.97,281.80,352.37,305.72,353.76,366.55,
128.701,0,0.03,0.02,0.02,2.87,0.02,0.05,2.59,0.92,0.01,94.26,32.98,0.00,98.64,10.51,82.21,0.00,0.24,0.01,0.00,0.01,0.00,0.00,0.92,0.00,0.00,0.00,0.00,2.30,0.02,0.00,0.00,0.00,0.02,0.00,0.00,3.08,-0.56,1.08,71.56,73.30,302.16,257.84,404.15,366.51,389.81,281.80,316.51,281.34,352.29,305.71,353.15,366.51,
128.772,0,0.03,0.03,0.02,2.72,0.02,0.05,2.42,1.39,0.03,94.56,31.62,0.00,98.71,9.61,81.36,0.00,0.24,0.01,0.00,0.03,0.00,0.00,1.39,0.00,0.00,0.00,0.00,2.37,0.02,0.00,0.00,0.00,0.02,0.00,0.00,3.01,0.31,1.12,71.27,73.32,302.92,257.71,404.40,365.74,390.29,281.57,316.97,281.12,353.30,305.36,353.72,365.74,
128.921,0,0.04,0.03,0.02,1.90,0.02,0.06,1.52,1.36,0.05,96.21,18.64,0.00,98.77,7.54,72.09,0.01,0.23,0.01,0.01,0.05,0.00,0.00,1.36,0.00,0.00,0.00,0.00,2.91,0.01,0.00,0.00,0.00,0.01,0.00,0.00,3.19,0.07,1.07,71.27,73.59,302.77,257.69,404.42,365.89,390.38,281.69,316.80,281.12,353.09,305.36,353.59,365.89,
129.015,0,0.03,0.03,0.02,2.20,0.02,0.06,1.83,1.33,0.04,95.60,21.39,0.00,98.76,9.86,74.40,0.01,0.21,0.01,0.01,0.04,0.00,0.00,1.33,0.00,0.00,0.00,0.00,2.73,0.01,0.00,0.00,0.00,0.01,0.00,0.00,3.22,-0.10,1.11,71.25,73.56,303.03,257.74,404.53,365.76,390.54,281.71,316.99,281.16,353.18,305.33,353.81,365.76,
129.095,0,0.03,0.03,0.02,2.43,0.02,0.07,2.08,1.43,0.03,95.13,21.67,0.00,98.73,12.83,74.53,0.01,0.19,0.01,0.01,0.03,0.00,0.00,1.43,0.00,0.00,0.00,0.00,2.81,0.01,0.00,0.00,0.00,0.01,0.00,0.00,2.98,-0.23,1.14,71.26,73.41,302.96,257.72,404.47,365.77,390.39,281.59,316.98,281.15,353.03,305.40,353.78,365.77,
129.162,0,0.03,0.03,0.02,2.30,0.02,0.08,1.96,1.28,0.04,95.40,18.25,0.00,98.72,13.60,72.30,0.01,0.16,0.01,0.01,0.04,0.00,0.00,1.28,0.00,0.00,0.00,0.00,2.37,0.01,0.00,0.00,0.00,0.01,0.00,0.00,3.31,-0.26,1.09,71.28,73.47,302.96,257.68,404.49,365.77,390.45,281.68,316.98,281.10,353.03,305.25,353.73,365.77,
129.231,0,0.03,0.03,0.02,2.34,0.02,0.08,2.01,1.51,0.03,95.33,17.93,0.00,98.70,14.32,72.19,0.01,0.15,0.01,0.01,0.03,0.00,0.00,1.51,0.00,0.00,0.00,0.00,2.22,0.00,0.00,0.00,0.00,0.01,0.00,0.00,3.76,-0.35,1.09,71.37,73.51,303.02,257.74,404.44,365.85,390.48,281.59,316.97,281.30,352.98,305.08,353.74,365.85,
129.436,0,0.04,0.04,0.02,1.66,0.02,0.08,1.33,1.52,0.05,96.68,10.82,0.00,98.67,10.96,65.54,0.01,0.09,0.01,0.01,0.05,0.00,0.00,1.52,0.00,0.00,0.00,0.00,1.55,0.00,0.00,0.00,0.00,0.01,0.00,0.00,4.05,-0.48,0.84,71.63,73.46,303.03,257.75,404.52,366.04,390.65,281.71,317.19,281.22,352.97,305.00,353.50,366.04,
129.502,0,0.04,0.04,0.02,1.28,0.02,0.08,0.96,1.42,0.05,97.44,6.51,0.00,98.69,10.03,58.70,0.01,0.06,0.01,0.01,0.05,0.00,0.00,1.42,0.00,0.00,0.00,0.00,1.48,0.00,0.00,0.00,0.00,0.01,0.00,0.00,3.82,-0.40,0.79,71.65,73.45,303.12,257.74,404.51,365.86,390.70,281.72,317.25,281.11,353.05,305.03,353.48,365.86,
129.756,0,0.04,0.04,0.02,1.47,0.02,0.08,1.16,1.70,0.04,97.05,8.42,0.00,98.65,11.33,61.94,0.01,0.05,0.01,0.01,0.04,0.00,0.00,1.70,0.00,0.00,0.00,0.00,1.04,0.00,0.00,0.00,0.00,0.02,0.00,0.00,3.77,-0.53,0.75,71.60,73.61,303.15,257.81,404.46,365.83,390.79,281.76,317.18,281.16,352.96,305.09,353.43,365.83,
129.827,0,0.04,0.04,0.02,1.65,0.02,0.07,1.31,1.31,0.03,96.70,12.41,0.00,98.77,8.94,67.32,0.01,0.08,0.01,0.01,0.03,0.00,0.00,1.31,0.00,0.00,0.00,0.00,1.70,0.00,0.00,0.00,0.00,0.01,0.00,0.00,3.78,0.09,0.92,71.23,73.42,303.97,257.65,404.70,364.98,391.13,281.45,317.71,280.97,353.86,304.66,354.17,364.98,
129.904,0,0.04,0.04,0.02,1.60,0.02,0.06,1.24,0.95,0.03,96.80,12.32,0.00,98.78,8.35,66.54,0.01,0.07,0.01,0.01,0.03,0.00,0.00,0.95,0.00,0.00,0.00,0.00,2.37,0.01,0.00,0.02,0.00,0.01,0.00,0.00,4.07,-0.02,1.02,71.22,73.40,304.03,257.68,404.63,364.91,391.06,281.40,317.66,281.10,353.78,304.52,354.27,364.91,
129.971,0,0.04,0.04,0.02,1.59,0.02,0.07,1.25,1.18,0.05,96.82,11.30,0.00,98.68,9.20,65.82,0.01,0.06,0.01,0.01,0.05,0.00,0.00,1.18,0.00,0.00,0.00,0.00,1.87,0.01,0.00,0.01,0.00,0.01,0.00,0.00,2.56,0.41,0.92,70.86,72.69,304.82,257.63,404.59,363.78,391.13,281.06,318.44,280.57,354.41,304.64,354.54,363.78,
130.263,0,0.04,0.05,0.02,1.48,0.02,0.11,1.15,2.50,0.02,97.04,6.86,0.00,98.70,14.77,58.37,0.01,0.03,0.01,0.00,0.02,0.00,0.00,2.50,0.01,0.00,0.00,0.00,1.38,0.01,0.00,0.01,0.00,0.05,0.00,0.00,3.26,0.36,0.77,70.87,72.48,305.15,257.32,404.68,363.12,391.31,281.23,318.84,280.00,354.60,303.96,354.59,363.12,
130.329,0,0.05,0.06,0.02,1.03,0.02,0.15,0.75,5.32,0.02,97.93,3.77,0.00,98.73,15.02,47.69,0.01,0.03,0.01,0.00,0.02,0.00,0.00,5.32,0.01,0.00,0.00,0.00,0.66,0.01,0.00,0.02,0.00,0.04,0.00,0.00,3.55,0.22,0.88,70.92,72.96,305.12,257.21,404.78,363.17,391.53,281.08,318.57,280.10,354.55,303.81,354.74,363.17,
130.405,0,0.05,0.06,0.02,1.01,0.02,0.30,0.74,16.54,0.02,97.98,7.62,0.00,98.71,16.55,45.74,0.01,0.03,0.01,0.00,0.02,0.00,0.00,16.54,0.01,0.00,0.00,0.00,0.28,0.01,0.00,0.00,0.00,0.05,0.00,0.00,2.94,0.30,0.69,70.93,72.62,305.01,257.24,404.65,363.17,391.35,281.09,318.73,279.91,354.49,304.06,354.40,363.17,
130.626,0,0.05,0.07,0.02,0.86,0.02,0.42,0.61,17.82,0.01,98.27,6.22,0.00,98.76,17.82,39.72,0.01,0.04,0.01,0.00,0.01,0.00,0.00,19.84,0.00,0.00,0.00,0.00,0.24,0.01,0.00,0.00,0.00,0.05,0.00,0.00,2.68,0.12,0.79,70.91,72.61,305.22,257.36,404.63,363.08,391.39,280.90,318.78,280.11,354.48,304.16,354.62,363.08,
130.838,0,0.06,0.08,0.02,0.63,0.02,0.39,0.41,12.30,0.02,98.73,5.35,0.00,98.72,12.30,35.85,0.02,0.04,0.00,0.00,0.02,0.00,0.00,21.72,0.00,0.00,0.00,0.00,0.18,0.01,0.00,0.00,0.00,0.04,0.00,0.00,2.95,0.28,0.90,70.77,72.68,305.10,257.17,404.86,363.25,391.40,280.88,318.73,280.03,354.61,304.04,354.79,363.25,
130.905,0,0.06,0.08,0.02,0.51,0.02,0.26,0.31,7.42,0.02,98.98,3.56,0.00,98.78,7.42,34.12,0.02,0.05,0.00,0.01,0.01,0.00,0.00,18.17,0.00,0.00,0.00,0.00,0.16,0.01,0.00,0.00,0.00,0.03,0.00,0.00,2.86,0.04,0.87,70.78,72.76,305.16,257.20,404.77,363.12,391.46,280.82,318.70,280.04,354.46,304.04,354.74,363.12,
130.970,0,0.06,0.08,0.02,0.56,0.02,0.23,0.35,7.65,0.01,98.88,3.74,0.00,98.73,7.65,36.79,0.01,0.05,0.01,0.00,0.01,0.00,0.00,16.12,0.00,0.00,0.00,0.00,0.13,0.01,0.00,0.00,0.00,0.03,0.00,0.00,2.53,0.24,0.89,70.88,72.80,305.11,257.22,404.75,363.10,391.43,280.85,318.64,280.02,354.54,304.20,354.73,363.10,
131.206,0,0.06,0.07,0.02,0.67,0.02,0.20,0.44,8.17,0.01,98.66,5.04,0.00,98.78,8.17,41.73,0.01,0.07,0.01,0.00,0.01,0.00,0.00,15.06,0.00,0.00,0.00,0.00,0.14,0.01,0.00,0.00,0.00,0.03,0.00,0.00,2.84,-0.01,0.93,70.89,72.61,305.14,257.16,404.82,363.11,391.36,280.87,318.76,279.98,354.44,304.04,354.82,363.11,
131.280,0,0.04,0.05,0.02,1.13,0.02,0.20,0.85,13.21,0.01,97.74,10.04,0.00,98.67,13.21,52.29,0.01,0.18,0.00,0.00,0.01,0.00,0.00,13.75,0.00,0.00,0.00,0.00,0.17,0.01,0.00,0.00,0.00,0.04,0.00,0.00,2.64,-0.48,1.17,71.04,71.81,304.92,256.80,405.18,363.30,390.90,280.80,319.10,279.58,354.24,304.02,355.14,363.30,
131.496,0,0.04,0.04,0.02,1.79,0.02,0.17,1.50,9.84,0.00,96.42,14.15,0.00,98.76,17.90,61.05,0.00,0.63,0.00,0.00,0.00,0.00,0.00,9.84,0.00,0.00,0.00,0.00,0.18,0.01,0.00,0.00,0.00,0.02,0.00,0.00,3.61,-0.09,1.25,70.76,72.29,304.30,256.38,405.26,363.90,390.82,280.33,318.54,279.66,354.18,303.56,354.97,363.90,
131.649,0,0.04,0.04,0.02,1.56,0.02,0.12,1.26,6.69,0.00,96.88,11.20,0.00,98.57,13.74,60.87,0.00,0.74,0.00,0.00,0.00,0.00,0.00,6.69,0.00,0.00,0.00,0.00,0.24,0.02,0.00,0.00,0.00,0.01,0.00,0.00,4.52,-0.82,1.18,70.71,72.79,303.96,256.30,405.46,364.58,391.06,280.40,318.27,279.85,353.69,303.39,354.81,364.58,
131.718,0,0.03,0.04,0.02,2.21,0.02,0.11,1.93,3.87,0.00,95.58,15.21,0.00,98.37,16.59,68.08,0.00,1.01,0.01,0.00,0.00,0.00,0.00,3.87,0.00,0.00,0.00,0.00,0.69,0.03,0.00,0.00,0.00,0.01,0.00,0.00,5.20,-1.51,1.38,70.97,72.60,303.33,256.27,405.41,365.28,390.52,280.55,317.91,280.06,352.95,303.37,354.68,365.28,
131.863,0,0.02,0.03,0.02,4.39,0.02,0.13,4.41,2.12,0.00,91.17,25.98,0.00,98.55,26.50,78.19,0.00,1.48,0.00,0.00,0.00,0.00,0.00,2.12,0.00,0.00,0.00,0.00,1.84,0.02,0.00,0.00,0.00,0.01,0.00,0.00,3.22,-0.92,2.00,71.49,72.71,302.68,256.72,405.14,365.85,389.76,280.41,317.05,280.76,352.80,304.76,354.93,365.85,
132.013,0,0.02,0.02,0.01,11.02,0.02,0.25,12.44,1.37,0.00,75.12,46.35,0.00,98.55,45.21,85.37,0.00,2.54,0.01,0.00,0.00,0.00,0.00,1.37,0.00,0.00,0.00,0.00,6.14,0.04,0.00,0.00,0.00,0.01,0.00,0.00,3.33,-0.89,1.89,71.51,72.92,302.76,256.84,405.07,365.85,389.92,280.48,317.01,280.88,352.82,304.77,354.81,365.85,
132.093,0,0.02,0.02,0.01,10.31,0.02,0.22,11.34,1.41,0.00,77.31,48.53,0.00,98.57,41.96,86.03,0.00,2.63,0.01,0.00,0.00,0.00,0.00,1.41,0.00,0.00,0.00,0.00,6.57,0.04,0.00,0.00,0.00,0.01,0.00,0.00,3.37,-0.84,1.99,71.50,72.76,302.66,256.72,405.10,365.80,389.76,280.53,316.99,280.74,352.81,304.70,354.89,365.80,
132.155,0,0.02,0.02,0.02,9.76,0.02,0.20,9.63,1.31,0.01,80.48,53.75,0.00,98.59,39.40,84.30,0.01,2.52,0.00,0.00,0.00,0.00,0.00,1.31,0.00,0.00,0.00,0.00,10.90,0.04,0.00,0.00,0.00,0.01,0.00,0.00,3.13,-0.77,2.03,71.50,72.51,302.68,256.74,405.15,365.85,389.65,280.50,317.14,280.72,352.89,304.82,354.97,365.85,
132.232,0,0.02,0.02,0.02,9.94,0.02,0.21,10.33,1.46,0.00,79.33,50.90,0.00,98.55,41.18,84.87,0.00,2.06,0.00,0.00,0.00,0.00,0.00,1.46,0.00,0.00,0.00,0.00,8.91,0.03,0.00,0.00,0.00,0.01,0.00,0.00,3.87,-0.91,2.05,71.52,72.31,302.63,256.65,405.14,365.90,389.51,280.55,317.19,280.70,352.78,304.46,354.95,365.90,
132.611,0,0.02,0.03,0.01,8.01,0.02,0.25,9.10,3.62,0.01,81.80,34.11,0.00,98.36,40.81,81.52,0.01,2.42,0.01,0.00,0.01,0.01,0.00,3.62,0.00,0.00,0.00,0.00,2.57,0.01,0.00,0.00,0.00,0.01,0.00,0.00,3.95,-1.53,1.97,71.35,72.36,302.74,256.77,405.06,365.90,389.60,280.49,317.24,280.84,352.44,304.46,354.87,365.90,
132.677,0,0.02,0.03,0.01,5.41,0.02,0.27,5.88,8.82,0.01,88.23,35.46,0.00,98.52,34.61,77.06,0.01,1.79,0.01,0.01,0.01,0.00,0.00,8.82,0.00,0.00,0.00,0.00,0.56,0.01,0.00,0.00,0.00,0.01,0.00,0.00,4.17,-1.01,2.11,71.59,72.64,302.62,256.61,405.14,365.81,389.63,280.61,316.99,280.72,352.71,304.31,355.02,365.81,
132.747,0,0.02,0.03,0.01,4.66,0.02,0.46,4.92,23.01,0.01,90.15,63.24,-0.09,98.60,29.82,77.07,0.01,2.05,0.01,0.01,0.01,0.00,0.00,23.01,0.01,0.00,0.00,0.00,0.20,0.00,0.00,0.00,0.00,0.01,0.00,0.00,4.96,-0.74,1.90,71.81,72.93,302.80,256.68,405.04,365.72,389.93,280.72,316.99,280.82,352.91,303.95,354.83,365.72,
132.814,0,0.02,0.03,0.02,4.32,0.02,0.64,4.47,26.72,0.01,91.06,78.43,-2.44,98.68,26.72,77.47,0.01,2.32,0.01,0.01,0.01,0.00,0.00,31.92,0.01,0.00,0.00,0.00,0.18,0.00,0.00,0.00,0.00,0.01,0.00,0.00,4.30,-0.44,1.93,71.97,72.93,302.86,256.69,405.12,365.67,389.98,280.63,317.05,280.77,353.15,304.22,354.94,365.67,
133.044,0,0.02,0.02,0.02,5.06,0.02,1.10,5.40,23.94,0.01,89.21,95.10,-6.85,98.64,23.94,83.73,0.01,3.59,0.01,0.00,0.01,0.00,0.00,46.53,0.13,0.00,0.00,0.00,0.14,0.00,0.00,0.00,0.00,0.01,0.00,0.00,4.83,-0.58,1.51,71.80,73.41,302.87,256.87,404.87,365.66,390.33,280.92,316.92,280.83,352.97,304.07,354.35,365.66,
133.114,0,0.02,0.02,0.02,5.66,0.02,2.41,6.26,24.10,0.01,87.49,99.05,-12.54,98.53,24.10,88.40,0.00,2.53,0.01,0.00,0.01,0.00,0.00,62.74,0.45,0.00,0.00,0.00,0.10,0.00,0.00,0.00,0.00,0.02,0.00,0.00,2.63,-0.98,1.41,71.95,73.65,302.29,256.75,404.18,365.07,389.88,280.65,316.24,280.31,352.10,304.76,353.59,365.07,
133.185,0,0.02,0.02,0.02,4.59,0.02,4.82,4.85,20.80,0.02,90.30,99.67,-17.14,98.68,20.80,86.19,0.00,1.58,0.01,0.00,0.02,0.00,0.00,78.32,0.41,0.00,0.00,0.00,0.13,0.00,0.00,0.00,0.00,0.02,0.00,0.00,3.50,-0.42,1.51,71.74,73.26,302.93,256.52,404.31,364.50,390.01,280.16,316.74,280.25,352.81,303.95,354.11,364.50,
133.253,0,0.02,0.02,0.02,3.96,0.02,5.83,4.05,18.26,0.02,88.35,99.76,-18.39,98.66,18.26,84.54,0.00,1.24,0.01,0.00,0.02,0.00,0.00,83.72,0.33,0.00,0.00,0.00,0.12,0.00,0.00,0.00,0.00,0.02,0.00,0.00,3.88,-0.50,1.59,71.60,73.30,302.83,256.37,404.36,364.48,389.96,280.20,316.66,280.14,352.74,303.73,354.16,364.48,
133.475,0,0.11,0.05,0.04,1.69,0.02,26.26,1.40,20.39,0.03,48.74,99.17,-42.37,98.49,20.39,56.52,0.00,0.95,0.15,0.00,0.03,0.17,0.00,96.37,28.25,0.00,0.00,55.80,0.09,0.00,0.00,0.00,0.00,0.30,0.00,0.00,4.02,-1.12,1.40,71.71,73.92,302.84,256.70,403.91,364.08,390.16,280.90,316.24,280.18,352.15,303.80,353.72,364.08,
133.558,0,0.30,0.18,0.34,1.17,0.02,86.96,0.88,41.13,0.02,0.00,97.85,-68.21,98.33,41.13,24.68,0.00,0.87,0.17,0.00,0.02,0.12,0.05,99.28,99.73,0.00,0.21,71.94,0.08,0.01,0.00,0.00,0.00,5.10,0.00,0.00,3.80,-1.64,0.68,71.59,73.73,303.41,256.91,403.22,363.10,390.42,280.79,316.70,279.88,351.83,303.49,352.82,363.10,
133.627,0,0.44,0.23,0.34,1.01,0.02,87.59,0.74,40.35,0.02,0.00,97.74,-73.33,98.53,40.35,21.22,0.00,0.74,0.20,0.00,0.02,0.04,0.03,99.88,99.83,0.00,0.27,94.12,0.04,0.00,0.01,0.00,0.01,6.79,0.00,0.00,6.09,-0.98,0.24,71.24,73.32,304.37,256.41,403.41,362.04,391.02,280.74,317.72,279.18,352.82,301.77,352.93,362.04,
133.702,0,0.50,0.34,0.35,0.87,0.02,87.79,0.61,39.36,0.02,0.00,97.58,-73.86,98.39,39.36,17.75,0.00,0.67,0.21,0.00,0.02,0.03,0.02,99.98,99.85,0.00,0.34,97.33,0.02,0.00,0.07,0.00,0.02,9.44,0.00,0.00,3.86,-1.45,0.21,71.55,72.99,304.41,256.88,403.18,361.98,390.79,280.64,317.81,279.48,352.46,302.94,352.79,361.98,
133.871,0,0.62,0.60,0.40,0.52,0.02,84.36,0.32,30.53,0.07,0.00,95.21,-71.54,98.45,30.53,11.10,0.00,0.53,0.22,0.00,0.07,0.02,0.00,100.00,99.88,0.01,0.99,96.13,0.01,0.00,0.74,0.00,0.07,13.43,0.00,0.00,4.13,-1.24,0.03,71.01,74.30,305.73,256.78,403.51,360.61,392.38,280.72,318.09,279.04,353.39,302.29,353.40,360.61,
134.024,0,0.78,0.24,0.53,0.29,0.02,71.87,0.15,13.64,0.12,3.13,83.63,-66.66,98.51,13.64,9.97,0.00,0.22,0.25,0.00,0.12,0.00,0.02,100.00,99.63,0.01,2.32,92.08,0.00,0.00,1.33,0.00,0.08,4.40,0.00,0.00,3.41,-1.04,-0.11,71.01,72.55,306.43,257.14,403.63,360.29,391.96,281.17,319.44,278.84,353.95,302.63,353.69,360.29,
134.091,0,0.80,0.22,0.53,0.27,0.02,70.48,0.14,12.30,0.08,4.52,82.10,-66.30,98.55,12.30,9.99,0.00,0.15,0.27,0.00,0.08,0.00,0.00,99.99,99.29,0.00,2.12,92.58,0.00,0.00,3.19,0.00,0.14,3.90,0.00,0.00,3.91,-0.90,0.02,71.37,72.23,306.83,257.62,403.54,360.30,391.88,281.51,319.68,279.37,354.19,302.71,354.00,360.30,
134.157,0,0.88,0.23,0.55,0.23,0.03,66.93,0.11,8.33,0.06,8.07,76.92,-65.30,98.72,8.33,8.19,0.00,0.06,0.34,0.00,0.06,0.00,0.00,99.99,98.53,0.00,2.52,93.63,0.00,0.00,3.06,0.00,0.24,3.91,0.00,0.00,2.20,-0.27,0.08,71.41,73.32,306.87,257.97,403.34,360.04,392.31,281.60,319.02,279.60,354.46,303.58,353.98,360.04,
134.378,0,0.95,0.53,0.54,0.20,0.03,66.72,0.09,7.27,0.10,8.28,75.35,-64.15,98.63,7.27,4.92,0.00,0.02,1.67,0.00,0.10,0.00,0.00,99.97,97.90,0.00,6.72,95.38,0.00,0.00,3.42,0.00,0.73,11.27,0.00,0.00,0.84,0.63,-0.35,71.00,74.02,307.39,258.34,404.09,360.28,393.52,282.44,319.56,279.46,355.64,304.56,354.13,360.28,
134.451,0,0.90,4.33,0.52,0.30,0.03,67.35,0.11,8.96,0.08,7.65,77.76,-63.72,98.78,8.96,6.97,0.00,0.05,2.64,0.00,0.08,0.00,0.17,99.95,98.18,0.00,28.84,97.67,0.00,0.00,4.93,0.00,1.56,32.42,0.00,0.00,1.85,-0.03,-0.38,71.32,73.78,307.26,258.71,404.43,361.49,393.53,282.78,319.81,280.13,355.36,304.77,354.19,361.49,
134.519,0,0.84,13.34,0.48,0.37,0.05,68.46,0.12,10.65,0.08,6.54,79.99,-60.37,98.68,10.65,7.54,0.00,0.09,7.02,0.00,0.08,0.00,2.03,99.93,98.18,0.00,41.98,98.97,0.00,0.00,7.04,0.00,3.32,45.32,0.00,0.00,3.02,-0.44,-0.85,71.41,73.58,307.47,258.60,404.42,361.36,393.79,283.01,320.28,279.82,355.24,304.13,353.75,361.36,
134.597,0,0.35,8.09,0.19,0.23,4.62,60.47,0.13,36.45,0.11,14.53,96.93,-18.47,98.76,14.59,5.55,0.00,0.09,36.45,0.00,0.11,0.00,0.00,99.83,98.62,0.00,66.93,99.36,0.01,0.01,9.74,0.00,29.02,57.75,0.00,0.00,4.50,-0.11,-0.68,71.27,74.31,307.54,258.24,404.83,361.43,394.33,282.62,320.06,280.10,355.66,303.41,354.17,361.43,
134.895,0,0.02,0.08,0.01,0.43,99.67,84.04,1.92,87.34,0.02,0.00,99.88,9.93,98.78,77.74,7.57,0.00,0.27,75.96,0.01,0.02,0.00,6.29,99.31,98.80,0.00,95.44,99.60,0.09,0.01,15.88,0.00,87.34,55.49,0.00,0.00,3.21,-0.02,-1.04,71.00,74.84,307.31,258.23,404.92,361.21,394.74,282.54,319.93,280.33,355.66,304.03,353.68,361.21,
134.963,0,0.01,0.03,0.01,0.44,99.81,79.76,2.69,95.24,0.03,0.00,99.96,9.41,98.70,80.62,12.40,0.00,0.81,70.33,0.01,0.03,0.00,0.00,98.96,98.76,0.00,96.12,99.72,0.34,0.02,13.11,0.00,95.24,51.38,0.00,0.00,2.17,-0.35,-1.34,70.92,75.41,306.73,258.30,405.03,361.79,394.96,282.86,319.60,280.36,355.24,304.81,353.07,361.79,
135.203,0,0.01,0.02,0.01,0.41,99.07,71.46,2.34,96.33,0.03,0.00,99.97,10.04,98.66,78.76,10.83,0.00,0.79,39.62,0.00,0.03,0.00,0.00,97.91,98.95,0.00,97.73,99.98,2.62,0.03,5.44,0.00,96.33,51.05,0.00,0.00,3.62,0.50,-0.65,71.72,74.76,307.59,258.91,405.47,362.57,394.88,283.25,320.16,280.89,356.37,304.67,354.56,362.57,
135.272,0,0.01,0.03,0.01,0.50,97.56,75.71,2.92,93.81,0.02,0.00,99.95,8.72,98.66,83.80,11.44,0.00,0.60,27.33,0.00,0.02,0.00,0.00,98.61,99.16,0.00,94.83,99.92,2.19,0.03,9.94,0.00,93.81,51.96,0.00,0.00,2.12,-0.52,-1.17,71.45,74.61,307.79,258.26,405.82,361.98,395.37,282.93,320.83,279.56,356.07,304.62,354.22,361.98,
135.350,0,0.01,0.08,0.01,0.63,74.64,74.68,4.41,86.38,0.01,0.32,99.93,0.00,98.71,86.38,19.13,0.00,0.61,3.92,0.00,0.01,0.00,0.00,97.84,90.88,0.00,58.02,88.76,1.69,0.03,2.86,0.00,82.30,54.87,0.00,0.00,1.73,0.31,-1.01,71.98,74.25,307.66,258.72,405.70,362.48,394.96,283.16,320.78,280.08,356.42,305.24,354.30,362.48,
135.490,0,0.01,3.32,0.01,4.97,0.16,85.35,9.71,88.99,0.01,0.00,99.93,-26.14,98.73,88.99,36.64,0.00,0.81,0.16,0.00,0.01,0.00,0.00,95.18,27.93,0.00,2.29,1.76,0.97,0.04,0.26,0.00,16.64,47.47,0.00,0.00,0.44,-0.23,-0.78,71.52,74.50,307.01,258.33,406.21,363.07,394.88,283.22,320.47,279.55,356.02,305.87,354.48,363.07,
135.640,0,0.01,0.03,0.00,11.04,0.05,73.72,18.09,89.59,0.03,1.28,99.90,-28.57,98.74,89.59,53.55,0.00,0.51,0.26,0.01,0.03,0.00,0.00,89.80,0.24,0.00,0.01,0.02,1.26,0.10,0.08,0.00,7.11,0.00,0.00,0.00,1.86,-0.19,-1.24,71.86,73.30,307.24,258.21,406.78,363.59,394.89,283.74,321.73,279.20,356.48,305.38,354.40,363.59,
135.789,0,0.01,0.04,0.01,25.67,0.02,33.90,37.41,55.88,0.01,37.59,98.95,-25.86,98.41,94.06,72.53,0.01,0.90,0.06,0.01,0.01,0.00,0.00,55.88,0.14,0.00,0.00,0.04,1.14,0.15,0.00,0.00,0.25,1.36,0.00,0.00,1.27,-1.38,-0.77,71.40,73.83,306.82,257.57,407.23,363.73,394.95,283.15,321.24,278.88,355.77,305.36,354.90,363.73,
135.867,0,0.01,0.04,0.01,23.75,0.02,21.76,34.28,45.65,0.01,40.72,97.25,-22.05,98.56,92.06,71.44,0.01,0.66,0.07,0.01,0.01,0.00,0.00,45.65,0.13,0.00,0.00,0.02,1.33,0.22,0.00,0.00,0.09,1.42,0.00,0.00,2.61,-0.87,-0.60,71.09,73.94,306.99,256.92,408.10,363.97,395.42,282.83,321.60,278.57,356.58,304.55,355.62,363.97,
135.935,0,0.01,0.04,0.01,17.27,0.02,27.17,24.16,53.02,0.02,47.83,97.75,-23.48,98.69,87.26,64.51,0.01,0.61,0.11,0.01,0.02,0.00,0.00,53.02,0.17,0.00,0.01,0.01,0.97,0.17,0.00,0.00,0.08,1.10,0.00,0.00,3.64,-0.40,-0.56,70.97,73.10,306.81,256.15,408.70,364.22,395.16,282.45,322.20,277.96,357.07,303.75,355.91,364.22,
136.164,0,0.02,0.08,0.01,6.57,0.02,37.59,7.54,61.79,0.02,37.41,97.78,-24.54,98.67,78.64,40.58,0.01,0.50,0.12,0.01,0.02,0.00,0.00,61.79,0.12,0.00,0.00,0.00,0.93,0.11,0.00,0.00,0.06,1.08,0.00,0.00,3.23,-0.49,-1.01,71.31,73.39,306.36,256.47,408.47,364.85,395.22,282.80,321.98,278.12,356.70,304.31,355.05,364.85,
136.236,0,0.01,0.06,0.01,12.82,0.02,32.85,17.00,54.91,0.02,42.15,98.05,-24.11,98.61,87.16,53.99,0.01,0.67,0.13,0.02,0.02,0.00,0.00,54.91,0.08,0.00,0.00,0.00,0.98,0.13,0.00,0.00,0.06,1.94,0.00,0.00,3.33,-0.68,-1.10,71.69,73.74,305.82,256.89,408.06,365.52,394.98,283.10,321.38,278.67,356.11,304.76,354.46,365.52,
136.305,0,0.01,0.05,0.01,13.81,0.02,25.11,18.59,52.44,0.03,49.89,96.92,-22.49,98.67,83.81,59.68,0.01,0.87,0.11,0.02,0.03,0.01,0.00,52.44,0.07,0.00,0.00,0.00,1.00,0.18,0.00,0.00,0.07,1.46,0.00,0.00,3.80,-0.47,-1.16,71.70,73.64,306.16,256.99,408.29,365.57,395.25,283.24,321.74,278.77,356.52,304.62,354.68,365.57,
136.372,0,0.01,0.05,0.01,13.23,0.02,23.68,17.67,52.62,0.06,52.63,96.50,-22.16,98.61,82.00,60.00,0.02,0.87,0.12,0.03,0.06,0.01,0.00,52.62,0.08,0.00,0.00,0.00,1.05,0.20,0.00,0.00,0.07,1.23,0.00,0.00,4.21,-0.70,-1.47,71.62,73.79,306.35,256.92,408.41,365.42,395.64,283.52,322.02,278.50,356.56,304.36,354.47,365.42,
136.557,0,0.01,0.04,0.01,13.06,0.02,14.04,17.31,48.50,0.10,65.39,91.85,-19.16,98.59,74.98,66.42,0.02,0.81,0.13,0.07,0.10,0.01,0.00,48.50,0.12,0.00,0.00,0.00,1.41,0.25,0.00,0.00,0.06,0.69,0.00,0.00,4.50,-0.77,-1.52,71.56,73.89,306.33,256.87,408.38,365.43,395.71,283.46,321.98,278.50,356.50,304.19,354.39,365.43,
136.645,0,0.02,0.04,0.01,9.78,0.02,12.48,12.22,50.08,0.10,75.05,88.61,-18.25,98.59,68.78,62.97,0.02,0.67,0.20,0.07,0.10,0.01,0.00,50.08,0.16,0.00,0.00,0.01,1.48,0.26,0.00,0.00,0.07,1.03,0.00,0.00,4.33,-0.77,-1.59,71.48,73.87,306.37,257.00,408.54,365.63,395.82,283.74,322.13,278.54,356.59,304.44,354.40,365.63,
136.710,0,0.02,0.04,0.01,9.60,0.02,5.96,11.84,38.45,0.06,76.32,69.99,-13.46,98.70,65.42,65.29,0.02,0.87,0.16,0.06,0.05,0.01,0.00,38.45,0.09,0.00,0.00,0.00,1.74,0.23,0.00,0.00,0.06,0.88,0.00,0.00,1.89,0.34,-0.11,71.99,73.76,306.69,257.77,408.61,365.69,395.15,283.34,321.48,279.84,357.37,306.07,356.31,365.69,
137.003,0,0.01,0.04,0.01,12.33,0.02,3.69,15.69,32.89,0.03,68.61,73.53,-11.20,98.78,63.79,73.15,0.01,2.55,0.09,0.02,0.03,0.00,0.00,32.89,0.03,0.00,0.00,0.00,1.99,0.16,0.00,0.00,0.05,1.25,0.00,0.00,2.93,-0.01,-0.87,72.04,74.30,307.03,257.55,408.63,365.28,396.03,283.54,321.85,279.30,357.37,305.29,355.60,365.28,
137.080,0,0.01,0.04,0.01,16.20,0.02,3.13,21.75,20.89,0.02,56.50,53.41,-9.45,98.71,74.14,72.97,0.01,2.03,0.06,0.01,0.02,0.00,0.00,20.89,0.02,0.00,0.00,0.00,1.97,0.13,0.00,0.00,0.04,1.27,0.00,0.00,2.44,-0.32,-0.86,72.13,74.07,307.35,257.79,408.51,365.10,396.02,283.35,322.05,279.52,357.30,305.50,355.72,365.10,
137.158,0,0.01,0.04,0.01,16.97,0.02,2.70,23.07,15.61,0.01,53.87,48.13,-8.25,98.64,76.79,72.39,0.00,1.82,0.06,0.01,0.01,0.00,0.00,15.61,0.02,0.00,0.00,0.00,1.72,0.09,0.00,0.00,0.03,1.09,0.00,0.00,2.03,-0.57,-0.68,71.83,73.92,307.70,257.43,408.61,364.34,396.07,282.93,322.25,279.09,357.37,305.18,356.14,364.34,
137.232,0,0.01,0.04,0.01,16.66,0.02,3.76,22.87,21.34,0.02,54.25,60.68,-10.35,98.67,77.39,71.84,0.00,1.51,0.09,0.01,0.02,0.01,0.00,21.34,0.03,0.00,0.00,0.01,1.17,0.09,0.00,0.00,0.03,0.92,0.00,0.00,2.40,-0.47,-0.39,71.86,74.00,307.81,257.54,408.62,364.37,396.01,282.86,322.09,279.44,357.46,305.11,356.53,364.37,
137.427,0,0.01,0.03,0.01,19.90,0.02,6.17,28.17,24.34,0.02,46.83,78.71,-13.20,98.60,85.26,71.48,0.00,0.71,0.08,0.02,0.02,0.01,0.00,24.34,0.05,0.00,0.00,0.01,1.12,0.09,0.00,0.00,0.03,0.71,0.00,0.00,2.18,-0.71,-0.54,71.73,73.45,307.64,257.46,408.52,364.44,395.68,282.81,322.32,279.23,357.21,305.14,356.24,364.44,
137.510,0,0.01,0.03,0.01,26.89,0.02,7.97,39.02,29.04,0.02,35.98,87.75,-15.64,98.79,88.79,79.46,0.00,0.95,0.07,0.01,0.02,0.01,0.00,29.04,0.07,0.00,0.00,0.01,1.06,0.08,0.00,0.00,0.03,0.68,0.00,0.00,3.07,0.00,-0.67,71.67,74.12,307.66,257.49,408.51,364.48,396.10,283.00,322.07,279.35,357.63,304.83,356.10,364.48,
137.589,0,0.01,0.03,0.01,25.87,0.02,12.87,37.48,39.40,0.02,37.52,93.95,-19.03,98.76,88.06,78.63,0.01,0.96,0.07,0.01,0.02,0.00,0.00,39.40,0.08,0.00,0.00,0.01,1.03,0.07,0.00,0.00,0.04,0.69,0.00,0.00,2.97,-0.12,-0.71,71.66,73.80,307.68,257.46,408.62,364.57,396.02,283.01,322.31,279.26,357.63,304.87,356.12,364.57,
137.656,0,0.01,0.03,0.01,24.35,0.02,11.80,35.01,38.33,0.05,39.99,92.72,-18.35,98.75,86.66,77.35,0.01,1.08,0.08,0.01,0.05,0.00,0.00,38.33,0.08,0.00,0.00,0.00,1.25,0.07,0.00,0.00,0.04,0.59,0.00,0.00,3.31,-0.17,-0.89,71.67,73.96,307.67,257.36,408.64,364.49,396.20,283.19,322.36,279.05,357.61,304.66,355.92,364.49,
